{
  "type": "FeatureCollection",
  "metadata": {
    "schema_version": "0.2.0",
    "year": 2026,
    "month": 4,
    "wfo": "OUN",
    "start_utc": "2026-04-01T00:00:00Z",
    "end_utc": "2026-05-01T00:00:00Z",
    "generated_utc": "2026-05-27T21:21:32Z",
    "mode": "storm_data_prep",
    "public_release_status": "public-source-derived",
    "source": "https://mesonet.agron.iastate.edu/cgi-bin/request/gis/lsr.py?wfo=OUN&sts=2026-04-01T00%3A00%3A00Z&ets=2026-05-01T00%3A00%3A00Z&fmt=csv"
  },
  "features": [
    {
      "type": "Feature",
      "id": "iem-lsr-OUN-1",
      "properties": {
        "report_id": "iem-lsr-OUN-1",
        "report_type": "NON-TSTM WND GST",
        "event_category": "thunderstorm_wind",
        "valid_utc": "202604010752",
        "county_or_zone": "Wichita",
        "city": "1 NE Sheppard Afb",
        "state": "TX",
        "magnitude": 63.0,
        "magnitude_units": null,
        "source": "ASOS",
        "event_narrative": "ASOS station KSPS Wichita Falls. Wake low behind decaying storms."
      },
      "geometry": {
        "type": "Point",
        "coordinates": [
          -98.5,
          33.98
        ]
      }
    },
    {
      "type": "Feature",
      "id": "iem-lsr-OUN-2",
      "properties": {
        "report_id": "iem-lsr-OUN-2",
        "report_type": "HAIL",
        "event_category": "hail",
        "valid_utc": "202604012244",
        "county_or_zone": "Blaine",
        "city": "5 E Watonga",
        "state": "OK",
        "magnitude": 2.0,
        "magnitude_units": null,
        "source": "Public",
        "event_narrative": "Report from mPING: Hen Egg (2.00 in.)."
      },
      "geometry": {
        "type": "Point",
        "coordinates": [
          -98.32,
          35.84
        ]
      }
    },
    {
      "type": "Feature",
      "id": "iem-lsr-OUN-3",
      "properties": {
        "report_id": "iem-lsr-OUN-3",
        "report_type": "HAIL",
        "event_category": "hail",
        "valid_utc": "202604012247",
        "county_or_zone": "Blaine",
        "city": "6 E Watonga",
        "state": "OK",
        "magnitude": 2.5,
        "magnitude_units": null,
        "source": "Public",
        "event_narrative": "Report from mPING: Tennis Ball (2.50 in.)."
      },
      "geometry": {
        "type": "Point",
        "coordinates": [
          -98.31,
          35.84
        ]
      }
    },
    {
      "type": "Feature",
      "id": "iem-lsr-OUN-4",
      "properties": {
        "report_id": "iem-lsr-OUN-4",
        "report_type": "HAIL",
        "event_category": "hail",
        "valid_utc": "202604012250",
        "county_or_zone": "Blaine",
        "city": "5 E Watonga",
        "state": "OK",
        "magnitude": 3.5,
        "magnitude_units": null,
        "source": "Trained Spotter",
        "event_narrative": null
      },
      "geometry": {
        "type": "Point",
        "coordinates": [
          -98.32,
          35.85
        ]
      }
    },
    {
      "type": "Feature",
      "id": "iem-lsr-OUN-5",
      "properties": {
        "report_id": "iem-lsr-OUN-5",
        "report_type": "HAIL",
        "event_category": "hail",
        "valid_utc": "202604012257",
        "county_or_zone": "Logan",
        "city": "6 NW Mulhall",
        "state": "OK",
        "magnitude": 1.0,
        "magnitude_units": null,
        "source": "Public",
        "event_narrative": "Report from mPING: Quarter (1.00 in.)."
      },
      "geometry": {
        "type": "Point",
        "coordinates": [
          -97.49,
          36.12
        ]
      }
    },
    {
      "type": "Feature",
      "id": "iem-lsr-OUN-6",
      "properties": {
        "report_id": "iem-lsr-OUN-6",
        "report_type": "HAIL",
        "event_category": "hail",
        "valid_utc": "202604012303",
        "county_or_zone": "Blaine",
        "city": "3 E Watonga",
        "state": "OK",
        "magnitude": 1.75,
        "magnitude_units": null,
        "source": "Trained Spotter",
        "event_narrative": "Report from X with pictures."
      },
      "geometry": {
        "type": "Point",
        "coordinates": [
          -98.36,
          35.85
        ]
      }
    },
    {
      "type": "Feature",
      "id": "iem-lsr-OUN-7",
      "properties": {
        "report_id": "iem-lsr-OUN-7",
        "report_type": "TSTM WND GST",
        "event_category": "thunderstorm_wind",
        "valid_utc": "202604012315",
        "county_or_zone": "Harmon",
        "city": "3 W Gould",
        "state": "OK",
        "magnitude": 61.0,
        "magnitude_units": null,
        "source": "Mesonet",
        "event_narrative": null
      },
      "geometry": {
        "type": "Point",
        "coordinates": [
          -99.83,
          34.67
        ]
      }
    },
    {
      "type": "Feature",
      "id": "iem-lsr-OUN-8",
      "properties": {
        "report_id": "iem-lsr-OUN-8",
        "report_type": "TSTM WND DMG",
        "event_category": "thunderstorm_wind",
        "valid_utc": "202604012331",
        "county_or_zone": "Hardeman",
        "city": "1 E Quanah",
        "state": "TX",
        "magnitude": null,
        "magnitude_units": null,
        "source": "Broadcast Media",
        "event_narrative": "Power poles/lines down."
      },
      "geometry": {
        "type": "Point",
        "coordinates": [
          -99.72,
          34.3
        ]
      }
    },
    {
      "type": "Feature",
      "id": "iem-lsr-OUN-9",
      "properties": {
        "report_id": "iem-lsr-OUN-9",
        "report_type": "TSTM WND GST",
        "event_category": "thunderstorm_wind",
        "valid_utc": "202604012345",
        "county_or_zone": "Greer",
        "city": "2 NNW Hester",
        "state": "OK",
        "magnitude": 59.0,
        "magnitude_units": null,
        "source": "Mesonet",
        "event_narrative": null
      },
      "geometry": {
        "type": "Point",
        "coordinates": [
          -99.44,
          34.83
        ]
      }
    },
    {
      "type": "Feature",
      "id": "iem-lsr-OUN-10",
      "properties": {
        "report_id": "iem-lsr-OUN-10",
        "report_type": "TSTM WND GST",
        "event_category": "thunderstorm_wind",
        "valid_utc": "202604020000",
        "county_or_zone": "Jackson",
        "city": "3 WNW Headrick",
        "state": "OK",
        "magnitude": 60.0,
        "magnitude_units": null,
        "source": "Emergency Mngr",
        "event_narrative": null
      },
      "geometry": {
        "type": "Point",
        "coordinates": [
          -99.19,
          34.64
        ]
      }
    },
    {
      "type": "Feature",
      "id": "iem-lsr-OUN-11",
      "properties": {
        "report_id": "iem-lsr-OUN-11",
        "report_type": "HAIL",
        "event_category": "hail",
        "valid_utc": "202604020027",
        "county_or_zone": "Wilbarger",
        "city": "4 NW Vernon",
        "state": "TX",
        "magnitude": 1.0,
        "magnitude_units": null,
        "source": "Public",
        "event_narrative": "Delayed report. Report from mPING: Quarter (1.00 in.)."
      },
      "geometry": {
        "type": "Point",
        "coordinates": [
          -99.34,
          34.19
        ]
      }
    },
    {
      "type": "Feature",
      "id": "iem-lsr-OUN-12",
      "properties": {
        "report_id": "iem-lsr-OUN-12",
        "report_type": "TSTM WND GST",
        "event_category": "thunderstorm_wind",
        "valid_utc": "202604020035",
        "county_or_zone": "Custer",
        "city": "4 WSW Weatherford",
        "state": "OK",
        "magnitude": 67.0,
        "magnitude_units": null,
        "source": "Mesonet",
        "event_narrative": null
      },
      "geometry": {
        "type": "Point",
        "coordinates": [
          -98.77,
          35.51
        ]
      }
    },
    {
      "type": "Feature",
      "id": "iem-lsr-OUN-13",
      "properties": {
        "report_id": "iem-lsr-OUN-13",
        "report_type": "HAIL",
        "event_category": "hail",
        "valid_utc": "202604020040",
        "county_or_zone": "Custer",
        "city": "1 SW Weatherford",
        "state": "OK",
        "magnitude": 1.0,
        "magnitude_units": null,
        "source": "Public",
        "event_narrative": "Delayed report. Report from mPING: Quarter (1.00 in.)."
      },
      "geometry": {
        "type": "Point",
        "coordinates": [
          -98.71,
          35.52
        ]
      }
    },
    {
      "type": "Feature",
      "id": "iem-lsr-OUN-14",
      "properties": {
        "report_id": "iem-lsr-OUN-14",
        "report_type": "TSTM WND GST",
        "event_category": "thunderstorm_wind",
        "valid_utc": "202604020115",
        "county_or_zone": "Knox",
        "city": "3 NW Knox City",
        "state": "TX",
        "magnitude": 72.0,
        "magnitude_units": null,
        "source": "Mesonet",
        "event_narrative": null
      },
      "geometry": {
        "type": "Point",
        "coordinates": [
          -99.85,
          33.45
        ]
      }
    },
    {
      "type": "Feature",
      "id": "iem-lsr-OUN-15",
      "properties": {
        "report_id": "iem-lsr-OUN-15",
        "report_type": "TSTM WND GST",
        "event_category": "thunderstorm_wind",
        "valid_utc": "202604020120",
        "county_or_zone": "Knox",
        "city": "3 NW Knox City",
        "state": "TX",
        "magnitude": 72.0,
        "magnitude_units": null,
        "source": "Mesonet",
        "event_narrative": null
      },
      "geometry": {
        "type": "Point",
        "coordinates": [
          -99.85,
          33.45
        ]
      }
    },
    {
      "type": "Feature",
      "id": "iem-lsr-OUN-16",
      "properties": {
        "report_id": "iem-lsr-OUN-16",
        "report_type": "TSTM WND GST",
        "event_category": "thunderstorm_wind",
        "valid_utc": "202604020130",
        "county_or_zone": "Knox",
        "city": "3 NW Knox City",
        "state": "TX",
        "magnitude": 60.0,
        "magnitude_units": null,
        "source": "Mesonet",
        "event_narrative": null
      },
      "geometry": {
        "type": "Point",
        "coordinates": [
          -99.85,
          33.45
        ]
      }
    },
    {
      "type": "Feature",
      "id": "iem-lsr-OUN-17",
      "properties": {
        "report_id": "iem-lsr-OUN-17",
        "report_type": "TSTM WND GST",
        "event_category": "thunderstorm_wind",
        "valid_utc": "202604020130",
        "county_or_zone": "Knox",
        "city": "4 NNW Goree",
        "state": "TX",
        "magnitude": 60.0,
        "magnitude_units": null,
        "source": "Mesonet",
        "event_narrative": null
      },
      "geometry": {
        "type": "Point",
        "coordinates": [
          -99.55,
          33.52
        ]
      }
    },
    {
      "type": "Feature",
      "id": "iem-lsr-OUN-18",
      "properties": {
        "report_id": "iem-lsr-OUN-18",
        "report_type": "TSTM WND GST",
        "event_category": "thunderstorm_wind",
        "valid_utc": "202604020130",
        "county_or_zone": "Knox",
        "city": "6 NE Munday",
        "state": "TX",
        "magnitude": 60.0,
        "magnitude_units": null,
        "source": "Mesonet",
        "event_narrative": null
      },
      "geometry": {
        "type": "Point",
        "coordinates": [
          -99.55,
          33.51
        ]
      }
    },
    {
      "type": "Feature",
      "id": "iem-lsr-OUN-19",
      "properties": {
        "report_id": "iem-lsr-OUN-19",
        "report_type": "TSTM WND GST",
        "event_category": "thunderstorm_wind",
        "valid_utc": "202604020150",
        "county_or_zone": "Baylor",
        "city": "3 NW Seymour",
        "state": "TX",
        "magnitude": 69.0,
        "magnitude_units": null,
        "source": "Mesonet",
        "event_narrative": null
      },
      "geometry": {
        "type": "Point",
        "coordinates": [
          -99.3,
          33.62
        ]
      }
    },
    {
      "type": "Feature",
      "id": "iem-lsr-OUN-20",
      "properties": {
        "report_id": "iem-lsr-OUN-20",
        "report_type": "TSTM WND GST",
        "event_category": "thunderstorm_wind",
        "valid_utc": "202604020222",
        "county_or_zone": "Archer",
        "city": "1 S Mankins",
        "state": "TX",
        "magnitude": 62.0,
        "magnitude_units": null,
        "source": "Trained Spotter",
        "event_narrative": null
      },
      "geometry": {
        "type": "Point",
        "coordinates": [
          -98.8,
          33.77
        ]
      }
    },
    {
      "type": "Feature",
      "id": "iem-lsr-OUN-21",
      "properties": {
        "report_id": "iem-lsr-OUN-21",
        "report_type": "HAIL",
        "event_category": "hail",
        "valid_utc": "202604032032",
        "county_or_zone": "Kiowa",
        "city": "Mountain View",
        "state": "OK",
        "magnitude": 1.0,
        "magnitude_units": null,
        "source": "Public",
        "event_narrative": null
      },
      "geometry": {
        "type": "Point",
        "coordinates": [
          -98.75,
          35.1
        ]
      }
    },
    {
      "type": "Feature",
      "id": "iem-lsr-OUN-22",
      "properties": {
        "report_id": "iem-lsr-OUN-22",
        "report_type": "HAIL",
        "event_category": "hail",
        "valid_utc": "202604032048",
        "county_or_zone": "Kiowa",
        "city": "Mountain View",
        "state": "OK",
        "magnitude": 2.0,
        "magnitude_units": null,
        "source": "Public",
        "event_narrative": "Report from mPING: Hen Egg (2.00 in.)."
      },
      "geometry": {
        "type": "Point",
        "coordinates": [
          -98.75,
          35.1
        ]
      }
    },
    {
      "type": "Feature",
      "id": "iem-lsr-OUN-23",
      "properties": {
        "report_id": "iem-lsr-OUN-23",
        "report_type": "HAIL",
        "event_category": "hail",
        "valid_utc": "202604032338",
        "county_or_zone": "Kiowa",
        "city": "4 NE Hobart",
        "state": "OK",
        "magnitude": 1.0,
        "magnitude_units": null,
        "source": "Trained Spotter",
        "event_narrative": null
      },
      "geometry": {
        "type": "Point",
        "coordinates": [
          -99.05,
          35.07
        ]
      }
    },
    {
      "type": "Feature",
      "id": "iem-lsr-OUN-24",
      "properties": {
        "report_id": "iem-lsr-OUN-24",
        "report_type": "HAIL",
        "event_category": "hail",
        "valid_utc": "202604032351",
        "county_or_zone": "Jackson",
        "city": "3 W Altus",
        "state": "OK",
        "magnitude": 1.25,
        "magnitude_units": null,
        "source": "Trained Spotter",
        "event_narrative": null
      },
      "geometry": {
        "type": "Point",
        "coordinates": [
          -99.39,
          34.64
        ]
      }
    },
    {
      "type": "Feature",
      "id": "iem-lsr-OUN-25",
      "properties": {
        "report_id": "iem-lsr-OUN-25",
        "report_type": "HAIL",
        "event_category": "hail",
        "valid_utc": "202604040003",
        "county_or_zone": "Kiowa",
        "city": "1 E Gotebo",
        "state": "OK",
        "magnitude": 2.0,
        "magnitude_units": null,
        "source": "Trained Spotter",
        "event_narrative": null
      },
      "geometry": {
        "type": "Point",
        "coordinates": [
          -98.85,
          35.07
        ]
      }
    },
    {
      "type": "Feature",
      "id": "iem-lsr-OUN-26",
      "properties": {
        "report_id": "iem-lsr-OUN-26",
        "report_type": "HAIL",
        "event_category": "hail",
        "valid_utc": "202604040005",
        "county_or_zone": "Kiowa",
        "city": "Mountain View",
        "state": "OK",
        "magnitude": 1.75,
        "magnitude_units": null,
        "source": "Broadcast Media",
        "event_narrative": null
      },
      "geometry": {
        "type": "Point",
        "coordinates": [
          -98.75,
          35.1
        ]
      }
    },
    {
      "type": "Feature",
      "id": "iem-lsr-OUN-27",
      "properties": {
        "report_id": "iem-lsr-OUN-27",
        "report_type": "HAIL",
        "event_category": "hail",
        "valid_utc": "202604040006",
        "county_or_zone": "Kiowa",
        "city": "2 E Gotebo",
        "state": "OK",
        "magnitude": 1.5,
        "magnitude_units": null,
        "source": "Trained Spotter",
        "event_narrative": null
      },
      "geometry": {
        "type": "Point",
        "coordinates": [
          -98.84,
          35.07
        ]
      }
    },
    {
      "type": "Feature",
      "id": "iem-lsr-OUN-28",
      "properties": {
        "report_id": "iem-lsr-OUN-28",
        "report_type": "HAIL",
        "event_category": "hail",
        "valid_utc": "202604040013",
        "county_or_zone": "Kiowa",
        "city": "Mountain View",
        "state": "OK",
        "magnitude": 2.75,
        "magnitude_units": null,
        "source": "Broadcast Media",
        "event_narrative": null
      },
      "geometry": {
        "type": "Point",
        "coordinates": [
          -98.75,
          35.1
        ]
      }
    },
    {
      "type": "Feature",
      "id": "iem-lsr-OUN-29",
      "properties": {
        "report_id": "iem-lsr-OUN-29",
        "report_type": "HAIL",
        "event_category": "hail",
        "valid_utc": "202604040016",
        "county_or_zone": "Kiowa",
        "city": "2 E Gotebo",
        "state": "OK",
        "magnitude": 2.0,
        "magnitude_units": null,
        "source": "Trained Spotter",
        "event_narrative": null
      },
      "geometry": {
        "type": "Point",
        "coordinates": [
          -98.84,
          35.07
        ]
      }
    },
    {
      "type": "Feature",
      "id": "iem-lsr-OUN-30",
      "properties": {
        "report_id": "iem-lsr-OUN-30",
        "report_type": "TORNADO",
        "event_category": "tornado",
        "valid_utc": "202604040202",
        "county_or_zone": "Oklahoma",
        "city": "6 W Valley Brook",
        "state": "OK",
        "magnitude": null,
        "magnitude_units": null,
        "source": "NWS Storm Survey",
        "event_narrative": "Delayed report. A tornado developed just east of Will Rogers International Airport and moved southeast across adjacent neighborhoods. The most significant damage occurred on the campus of Oklahoma Ci"
      },
      "geometry": {
        "type": "Point",
        "coordinates": [
          -97.58,
          35.39
        ]
      }
    },
    {
      "type": "Feature",
      "id": "iem-lsr-OUN-31",
      "properties": {
        "report_id": "iem-lsr-OUN-31",
        "report_type": "TSTM WND GST",
        "event_category": "thunderstorm_wind",
        "valid_utc": "202604040203",
        "county_or_zone": "Oklahoma",
        "city": "7 WSW Valley Brook",
        "state": "OK",
        "magnitude": 63.0,
        "magnitude_units": null,
        "source": "ASOS",
        "event_narrative": null
      },
      "geometry": {
        "type": "Point",
        "coordinates": [
          -97.6,
          35.38
        ]
      }
    },
    {
      "type": "Feature",
      "id": "iem-lsr-OUN-32",
      "properties": {
        "report_id": "iem-lsr-OUN-32",
        "report_type": "TSTM WND DMG",
        "event_category": "thunderstorm_wind",
        "valid_utc": "202604040205",
        "county_or_zone": "Cleveland",
        "city": "3 W Moore",
        "state": "OK",
        "magnitude": null,
        "magnitude_units": null,
        "source": "Public",
        "event_narrative": "Downed trees."
      },
      "geometry": {
        "type": "Point",
        "coordinates": [
          -97.54,
          35.34
        ]
      }
    },
    {
      "type": "Feature",
      "id": "iem-lsr-OUN-33",
      "properties": {
        "report_id": "iem-lsr-OUN-33",
        "report_type": "TSTM WND DMG",
        "event_category": "thunderstorm_wind",
        "valid_utc": "202604040205",
        "county_or_zone": "Cleveland",
        "city": "5 WSW Moore",
        "state": "OK",
        "magnitude": null,
        "magnitude_units": null,
        "source": "Public",
        "event_narrative": "Delayed report. Social media image showing a large tree snapped in half. Time estimated by radar."
      },
      "geometry": {
        "type": "Point",
        "coordinates": [
          -97.57,
          35.32
        ]
      }
    },
    {
      "type": "Feature",
      "id": "iem-lsr-OUN-34",
      "properties": {
        "report_id": "iem-lsr-OUN-34",
        "report_type": "TSTM WND DMG",
        "event_category": "thunderstorm_wind",
        "valid_utc": "202604040207",
        "county_or_zone": "Oklahoma",
        "city": "4 SW Oklahoma City",
        "state": "OK",
        "magnitude": null,
        "magnitude_units": null,
        "source": "Emergency Mngr",
        "event_narrative": "Downed powerlines."
      },
      "geometry": {
        "type": "Point",
        "coordinates": [
          -97.55,
          35.43
        ]
      }
    },
    {
      "type": "Feature",
      "id": "iem-lsr-OUN-35",
      "properties": {
        "report_id": "iem-lsr-OUN-35",
        "report_type": "TSTM WND DMG",
        "event_category": "thunderstorm_wind",
        "valid_utc": "202604040208",
        "county_or_zone": "Cleveland",
        "city": "2 SSW Moore",
        "state": "OK",
        "magnitude": null,
        "magnitude_units": null,
        "source": "Public",
        "event_narrative": "Delayed report. Social media image of a large tree limb blown down. Time estimated by radar."
      },
      "geometry": {
        "type": "Point",
        "coordinates": [
          -97.5,
          35.32
        ]
      }
    },
    {
      "type": "Feature",
      "id": "iem-lsr-OUN-36",
      "properties": {
        "report_id": "iem-lsr-OUN-36",
        "report_type": "TSTM WND DMG",
        "event_category": "thunderstorm_wind",
        "valid_utc": "202604040212",
        "county_or_zone": "Oklahoma",
        "city": "2 SSW Nichols Hills",
        "state": "OK",
        "magnitude": null,
        "magnitude_units": null,
        "source": "Emergency Mngr",
        "event_narrative": "Downed powerlines."
      },
      "geometry": {
        "type": "Point",
        "coordinates": [
          -97.55,
          35.52
        ]
      }
    },
    {
      "type": "Feature",
      "id": "iem-lsr-OUN-37",
      "properties": {
        "report_id": "iem-lsr-OUN-37",
        "report_type": "TSTM WND DMG",
        "event_category": "thunderstorm_wind",
        "valid_utc": "202604040215",
        "county_or_zone": "Oklahoma",
        "city": "2 ENE Valley Brook",
        "state": "OK",
        "magnitude": null,
        "magnitude_units": null,
        "source": "Emergency Mngr",
        "event_narrative": "Downed powerlines."
      },
      "geometry": {
        "type": "Point",
        "coordinates": [
          -97.45,
          35.41
        ]
      }
    },
    {
      "type": "Feature",
      "id": "iem-lsr-OUN-38",
      "properties": {
        "report_id": "iem-lsr-OUN-38",
        "report_type": "TSTM WND DMG",
        "event_category": "thunderstorm_wind",
        "valid_utc": "202604040215",
        "county_or_zone": "Oklahoma",
        "city": "2 S Del City",
        "state": "OK",
        "magnitude": null,
        "magnitude_units": null,
        "source": "Emergency Mngr",
        "event_narrative": "Downed powerlines."
      },
      "geometry": {
        "type": "Point",
        "coordinates": [
          -97.44,
          35.42
        ]
      }
    },
    {
      "type": "Feature",
      "id": "iem-lsr-OUN-39",
      "properties": {
        "report_id": "iem-lsr-OUN-39",
        "report_type": "TSTM WND DMG",
        "event_category": "thunderstorm_wind",
        "valid_utc": "202604040220",
        "county_or_zone": "Cleveland",
        "city": "1 NW Norman",
        "state": "OK",
        "magnitude": null,
        "magnitude_units": null,
        "source": "Public",
        "event_narrative": "Delayed report. Social media image of a tree uprooted. Location is approximate and time is estimated by radar."
      },
      "geometry": {
        "type": "Point",
        "coordinates": [
          -97.45,
          35.23
        ]
      }
    },
    {
      "type": "Feature",
      "id": "iem-lsr-OUN-40",
      "properties": {
        "report_id": "iem-lsr-OUN-40",
        "report_type": "FLASH FLOOD",
        "event_category": "flooding",
        "valid_utc": "202604040220",
        "county_or_zone": "Oklahoma",
        "city": "3 SE Warr Acres",
        "state": "OK",
        "magnitude": null,
        "magnitude_units": null,
        "source": "Emergency Mngr",
        "event_narrative": "Delayed report. Shared image showing significant roadway flooding near the intersection of NW 23rd and Drexel Boulevard."
      },
      "geometry": {
        "type": "Point",
        "coordinates": [
          -97.57,
          35.49
        ]
      }
    },
    {
      "type": "Feature",
      "id": "iem-lsr-OUN-41",
      "properties": {
        "report_id": "iem-lsr-OUN-41",
        "report_type": "TSTM WND DMG",
        "event_category": "thunderstorm_wind",
        "valid_utc": "202604040223",
        "county_or_zone": "Cleveland",
        "city": "2 E Norman",
        "state": "OK",
        "magnitude": null,
        "magnitude_units": null,
        "source": "NWS Employee",
        "event_narrative": "Delayed report. Trees blown down. Time estimated by radar."
      },
      "geometry": {
        "type": "Point",
        "coordinates": [
          -97.4,
          35.23
        ]
      }
    },
    {
      "type": "Feature",
      "id": "iem-lsr-OUN-42",
      "properties": {
        "report_id": "iem-lsr-OUN-42",
        "report_type": "TSTM WND GST",
        "event_category": "thunderstorm_wind",
        "valid_utc": "202604040225",
        "county_or_zone": "Cleveland",
        "city": "3 SW Tinker Air Force B",
        "state": "OK",
        "magnitude": 80.0,
        "magnitude_units": null,
        "source": "Trained Spotter",
        "event_narrative": null
      },
      "geometry": {
        "type": "Point",
        "coordinates": [
          -97.42,
          35.38
        ]
      }
    },
    {
      "type": "Feature",
      "id": "iem-lsr-OUN-43",
      "properties": {
        "report_id": "iem-lsr-OUN-43",
        "report_type": "TSTM WND DMG",
        "event_category": "thunderstorm_wind",
        "valid_utc": "202604040225",
        "county_or_zone": "Oklahoma",
        "city": "2 WSW Tinker Air Force",
        "state": "OK",
        "magnitude": null,
        "magnitude_units": null,
        "source": "Public",
        "event_narrative": "Damaged powerlines."
      },
      "geometry": {
        "type": "Point",
        "coordinates": [
          -97.42,
          35.41
        ]
      }
    },
    {
      "type": "Feature",
      "id": "iem-lsr-OUN-44",
      "properties": {
        "report_id": "iem-lsr-OUN-44",
        "report_type": "TSTM WND DMG",
        "event_category": "thunderstorm_wind",
        "valid_utc": "202604040227",
        "county_or_zone": "Oklahoma",
        "city": "1 NE Midwest City",
        "state": "OK",
        "magnitude": null,
        "magnitude_units": null,
        "source": "Public",
        "event_narrative": "Delayed report. Social media report of trees down near Reno Avenue and Woodside Drive. Time estimated by radar."
      },
      "geometry": {
        "type": "Point",
        "coordinates": [
          -97.38,
          35.46
        ]
      }
    },
    {
      "type": "Feature",
      "id": "iem-lsr-OUN-45",
      "properties": {
        "report_id": "iem-lsr-OUN-45",
        "report_type": "FLASH FLOOD",
        "event_category": "flooding",
        "valid_utc": "202604040230",
        "county_or_zone": "Oklahoma",
        "city": "3 W Oklahoma City",
        "state": "OK",
        "magnitude": null,
        "magnitude_units": null,
        "source": "Emergency Mngr",
        "event_narrative": "Delayed report. A swift water rescue occurred near the intersection of NW 5th St and Miller Ave. Time is estimated."
      },
      "geometry": {
        "type": "Point",
        "coordinates": [
          -97.56,
          35.47
        ]
      }
    },
    {
      "type": "Feature",
      "id": "iem-lsr-OUN-46",
      "properties": {
        "report_id": "iem-lsr-OUN-46",
        "report_type": "TORNADO",
        "event_category": "tornado",
        "valid_utc": "202604040241",
        "county_or_zone": "Pottawatomie",
        "city": "1 W Dale",
        "state": "OK",
        "magnitude": null,
        "magnitude_units": null,
        "source": "NWS Storm Survey",
        "event_narrative": "Delayed report. A tornado damaged trees and powerlines. Time estimated by radar."
      },
      "geometry": {
        "type": "Point",
        "coordinates": [
          -97.06,
          35.39
        ]
      }
    },
    {
      "type": "Feature",
      "id": "iem-lsr-OUN-47",
      "properties": {
        "report_id": "iem-lsr-OUN-47",
        "report_type": "TSTM WND DMG",
        "event_category": "thunderstorm_wind",
        "valid_utc": "202604040243",
        "county_or_zone": "Oklahoma",
        "city": "3 S Harrah",
        "state": "OK",
        "magnitude": null,
        "magnitude_units": null,
        "source": "Public",
        "event_narrative": "Delayed report. Social media report of a tree blown down along South Harrah Road. Time estimated by radar."
      },
      "geometry": {
        "type": "Point",
        "coordinates": [
          -97.16,
          35.44
        ]
      }
    },
    {
      "type": "Feature",
      "id": "iem-lsr-OUN-48",
      "properties": {
        "report_id": "iem-lsr-OUN-48",
        "report_type": "TSTM WND GST",
        "event_category": "thunderstorm_wind",
        "valid_utc": "202604040250",
        "county_or_zone": "Pottawatomie",
        "city": "4 NW Shawnee",
        "state": "OK",
        "magnitude": 75.0,
        "magnitude_units": null,
        "source": "NWS Employee",
        "event_narrative": "Estimated 70 to 75 mph winds."
      },
      "geometry": {
        "type": "Point",
        "coordinates": [
          -96.97,
          35.38
        ]
      }
    },
    {
      "type": "Feature",
      "id": "iem-lsr-OUN-49",
      "properties": {
        "report_id": "iem-lsr-OUN-49",
        "report_type": "TORNADO",
        "event_category": "tornado",
        "valid_utc": "202604040256",
        "county_or_zone": "Pottawatomie",
        "city": "3 WSW Aydelotte",
        "state": "OK",
        "magnitude": null,
        "magnitude_units": null,
        "source": "NWS Storm Survey",
        "event_narrative": "Delayed report. A tornado produced mainly sporadic tree damage along a southeast path. The most significant damage occurred near Oklahoma Highway 18 and Westech Road_ where a gas station awning was s"
      },
      "geometry": {
        "type": "Point",
        "coordinates": [
          -96.96,
          35.43
        ]
      }
    },
    {
      "type": "Feature",
      "id": "iem-lsr-OUN-50",
      "properties": {
        "report_id": "iem-lsr-OUN-50",
        "report_type": "TSTM WND GST",
        "event_category": "thunderstorm_wind",
        "valid_utc": "202604040300",
        "county_or_zone": "Pottawatomie",
        "city": "3 NNW Shawnee",
        "state": "OK",
        "magnitude": 62.0,
        "magnitude_units": null,
        "source": "Mesonet",
        "event_narrative": null
      },
      "geometry": {
        "type": "Point",
        "coordinates": [
          -96.95,
          35.37
        ]
      }
    },
    {
      "type": "Feature",
      "id": "iem-lsr-OUN-51",
      "properties": {
        "report_id": "iem-lsr-OUN-51",
        "report_type": "TORNADO",
        "event_category": "tornado",
        "valid_utc": "202604040307",
        "county_or_zone": "Seminole",
        "city": "5 WNW Little",
        "state": "OK",
        "magnitude": null,
        "magnitude_units": null,
        "source": "NWS Storm Survey",
        "event_narrative": "Corrects previous tornado report from 5 WNW Little. A tornado damaged trees and powerlines. Time estimated by radar."
      },
      "geometry": {
        "type": "Point",
        "coordinates": [
          -96.74,
          35.38
        ]
      }
    },
    {
      "type": "Feature",
      "id": "iem-lsr-OUN-52",
      "properties": {
        "report_id": "iem-lsr-OUN-52",
        "report_type": "TORNADO",
        "event_category": "tornado",
        "valid_utc": "202604040309",
        "county_or_zone": "Seminole",
        "city": "5 WNW Little",
        "state": "OK",
        "magnitude": null,
        "magnitude_units": null,
        "source": "NWS Employee",
        "event_narrative": "Tornado debris signature on KTLX radar."
      },
      "geometry": {
        "type": "Point",
        "coordinates": [
          -96.74,
          35.38
        ]
      }
    },
    {
      "type": "Feature",
      "id": "iem-lsr-OUN-53",
      "properties": {
        "report_id": "iem-lsr-OUN-53",
        "report_type": "TSTM WND GST",
        "event_category": "thunderstorm_wind",
        "valid_utc": "202604040312",
        "county_or_zone": "Seminole",
        "city": "3 N Little",
        "state": "OK",
        "magnitude": 81.0,
        "magnitude_units": null,
        "source": "Trained Spotter",
        "event_narrative": null
      },
      "geometry": {
        "type": "Point",
        "coordinates": [
          -96.67,
          35.38
        ]
      }
    },
    {
      "type": "Feature",
      "id": "iem-lsr-OUN-54",
      "properties": {
        "report_id": "iem-lsr-OUN-54",
        "report_type": "FLASH FLOOD",
        "event_category": "flooding",
        "valid_utc": "202604040430",
        "county_or_zone": "Comanche",
        "city": "1 SW Lawton",
        "state": "OK",
        "magnitude": null,
        "magnitude_units": null,
        "source": "Public",
        "event_narrative": "Social media video showing street flooding along Numu Creek. At least one vehicle was stalled in floodwaters. Time estimated."
      },
      "geometry": {
        "type": "Point",
        "coordinates": [
          -98.4,
          34.6
        ]
      }
    },
    {
      "type": "Feature",
      "id": "iem-lsr-OUN-55",
      "properties": {
        "report_id": "iem-lsr-OUN-55",
        "report_type": "TSTM WND GST",
        "event_category": "thunderstorm_wind",
        "valid_utc": "202604040440",
        "county_or_zone": "Hardeman",
        "city": "3 WNW Goodlett",
        "state": "TX",
        "magnitude": 86.0,
        "magnitude_units": null,
        "source": "Mesonet",
        "event_narrative": null
      },
      "geometry": {
        "type": "Point",
        "coordinates": [
          -99.94,
          34.35
        ]
      }
    },
    {
      "type": "Feature",
      "id": "iem-lsr-OUN-56",
      "properties": {
        "report_id": "iem-lsr-OUN-56",
        "report_type": "TSTM WND DMG",
        "event_category": "thunderstorm_wind",
        "valid_utc": "202604040450",
        "county_or_zone": "Hardeman",
        "city": "Quanah",
        "state": "TX",
        "magnitude": null,
        "magnitude_units": null,
        "source": "Broadcast Media",
        "event_narrative": "30x30 metal carport blown into the street by the county hospital."
      },
      "geometry": {
        "type": "Point",
        "coordinates": [
          -99.74,
          34.3
        ]
      }
    },
    {
      "type": "Feature",
      "id": "iem-lsr-OUN-57",
      "properties": {
        "report_id": "iem-lsr-OUN-57",
        "report_type": "TSTM WND DMG",
        "event_category": "thunderstorm_wind",
        "valid_utc": "202604040450",
        "county_or_zone": "Hardeman",
        "city": "Quanah",
        "state": "TX",
        "magnitude": null,
        "magnitude_units": null,
        "source": "Broadcast Media",
        "event_narrative": "Corrects previous tstm wnd dmg report from Quanah. Shared images of a center irrigation pivot overturned and 30x30 metal carport blown into the street in Quanah."
      },
      "geometry": {
        "type": "Point",
        "coordinates": [
          -99.74,
          34.3
        ]
      }
    },
    {
      "type": "Feature",
      "id": "iem-lsr-OUN-58",
      "properties": {
        "report_id": "iem-lsr-OUN-58",
        "report_type": "FLASH FLOOD",
        "event_category": "flooding",
        "valid_utc": "202604040500",
        "county_or_zone": "Comanche",
        "city": "1 S Lawton",
        "state": "OK",
        "magnitude": null,
        "magnitude_units": null,
        "source": "Public",
        "event_narrative": "Social media video of significant street flooding near SW 5th and I Avenue in Lawton."
      },
      "geometry": {
        "type": "Point",
        "coordinates": [
          -98.4,
          34.6
        ]
      }
    },
    {
      "type": "Feature",
      "id": "iem-lsr-OUN-59",
      "properties": {
        "report_id": "iem-lsr-OUN-59",
        "report_type": "TSTM WND GST",
        "event_category": "thunderstorm_wind",
        "valid_utc": "202604040726",
        "county_or_zone": "Wichita",
        "city": "1 NNE Sheppard Afb",
        "state": "TX",
        "magnitude": 58.0,
        "magnitude_units": null,
        "source": "ASOS",
        "event_narrative": null
      },
      "geometry": {
        "type": "Point",
        "coordinates": [
          -98.5,
          33.99
        ]
      }
    },
    {
      "type": "Feature",
      "id": "iem-lsr-OUN-60",
      "properties": {
        "report_id": "iem-lsr-OUN-60",
        "report_type": "HAIL",
        "event_category": "hail",
        "valid_utc": "202604142143",
        "county_or_zone": "Tillman",
        "city": "Grandfield",
        "state": "OK",
        "magnitude": 1.0,
        "magnitude_units": null,
        "source": "Trained Spotter",
        "event_narrative": "Quarter sized hail reported in Grandfield."
      },
      "geometry": {
        "type": "Point",
        "coordinates": [
          -98.68,
          34.23
        ]
      }
    },
    {
      "type": "Feature",
      "id": "iem-lsr-OUN-61",
      "properties": {
        "report_id": "iem-lsr-OUN-61",
        "report_type": "HAIL",
        "event_category": "hail",
        "valid_utc": "202604142219",
        "county_or_zone": "Foard",
        "city": "6 SW Thalia",
        "state": "TX",
        "magnitude": 1.5,
        "magnitude_units": null,
        "source": "Storm Chaser",
        "event_narrative": null
      },
      "geometry": {
        "type": "Point",
        "coordinates": [
          -99.61,
          33.93
        ]
      }
    },
    {
      "type": "Feature",
      "id": "iem-lsr-OUN-62",
      "properties": {
        "report_id": "iem-lsr-OUN-62",
        "report_type": "HAIL",
        "event_category": "hail",
        "valid_utc": "202604142225",
        "county_or_zone": "Beckham",
        "city": "1 WNW Elk City",
        "state": "OK",
        "magnitude": 1.0,
        "magnitude_units": null,
        "source": "Public",
        "event_narrative": null
      },
      "geometry": {
        "type": "Point",
        "coordinates": [
          -99.43,
          35.42
        ]
      }
    },
    {
      "type": "Feature",
      "id": "iem-lsr-OUN-63",
      "properties": {
        "report_id": "iem-lsr-OUN-63",
        "report_type": "TSTM WND DMG",
        "event_category": "thunderstorm_wind",
        "valid_utc": "202604142233",
        "county_or_zone": "Beckham",
        "city": "1 WNW Elk City",
        "state": "OK",
        "magnitude": null,
        "magnitude_units": null,
        "source": "Public",
        "event_narrative": "Structural damage. Time is estimated."
      },
      "geometry": {
        "type": "Point",
        "coordinates": [
          -99.43,
          35.42
        ]
      }
    },
    {
      "type": "Feature",
      "id": "iem-lsr-OUN-64",
      "properties": {
        "report_id": "iem-lsr-OUN-64",
        "report_type": "TSTM WND GST",
        "event_category": "thunderstorm_wind",
        "valid_utc": "202604142234",
        "county_or_zone": "Beckham",
        "city": "2 NE Elk City",
        "state": "OK",
        "magnitude": 84.0,
        "magnitude_units": null,
        "source": "AWOS",
        "event_narrative": null
      },
      "geometry": {
        "type": "Point",
        "coordinates": [
          -99.39,
          35.43
        ]
      }
    },
    {
      "type": "Feature",
      "id": "iem-lsr-OUN-65",
      "properties": {
        "report_id": "iem-lsr-OUN-65",
        "report_type": "HAIL",
        "event_category": "hail",
        "valid_utc": "202604142239",
        "county_or_zone": "Beckham",
        "city": "1 NW Elk City",
        "state": "OK",
        "magnitude": 1.25,
        "magnitude_units": null,
        "source": "Public",
        "event_narrative": null
      },
      "geometry": {
        "type": "Point",
        "coordinates": [
          -99.43,
          35.42
        ]
      }
    },
    {
      "type": "Feature",
      "id": "iem-lsr-OUN-66",
      "properties": {
        "report_id": "iem-lsr-OUN-66",
        "report_type": "HAIL",
        "event_category": "hail",
        "valid_utc": "202604142245",
        "county_or_zone": "Beckham",
        "city": "Elk City",
        "state": "OK",
        "magnitude": 0.75,
        "magnitude_units": null,
        "source": "Public",
        "event_narrative": "Covering the ground."
      },
      "geometry": {
        "type": "Point",
        "coordinates": [
          -99.42,
          35.41
        ]
      }
    },
    {
      "type": "Feature",
      "id": "iem-lsr-OUN-67",
      "properties": {
        "report_id": "iem-lsr-OUN-67",
        "report_type": "HAIL",
        "event_category": "hail",
        "valid_utc": "202604142246",
        "county_or_zone": "Beckham",
        "city": "4 NE Elk City",
        "state": "OK",
        "magnitude": 1.0,
        "magnitude_units": null,
        "source": "Public",
        "event_narrative": "Report from mPING: Quarter (1.00 in.)."
      },
      "geometry": {
        "type": "Point",
        "coordinates": [
          -99.37,
          35.45
        ]
      }
    },
    {
      "type": "Feature",
      "id": "iem-lsr-OUN-68",
      "properties": {
        "report_id": "iem-lsr-OUN-68",
        "report_type": "TSTM WND GST",
        "event_category": "thunderstorm_wind",
        "valid_utc": "202604142319",
        "county_or_zone": "Jackson",
        "city": "1 WNW Blair",
        "state": "OK",
        "magnitude": 62.0,
        "magnitude_units": null,
        "source": "Broadcast Media",
        "event_narrative": "KFOR chaser."
      },
      "geometry": {
        "type": "Point",
        "coordinates": [
          -99.35,
          34.78
        ]
      }
    },
    {
      "type": "Feature",
      "id": "iem-lsr-OUN-69",
      "properties": {
        "report_id": "iem-lsr-OUN-69",
        "report_type": "TSTM WND DMG",
        "event_category": "thunderstorm_wind",
        "valid_utc": "202604142335",
        "county_or_zone": "Jackson",
        "city": "1 E Warren",
        "state": "OK",
        "magnitude": null,
        "magnitude_units": null,
        "source": "Storm Chaser",
        "event_narrative": "Damage to a home. Radar estimated time."
      },
      "geometry": {
        "type": "Point",
        "coordinates": [
          -99.2,
          34.78
        ]
      }
    },
    {
      "type": "Feature",
      "id": "iem-lsr-OUN-70",
      "properties": {
        "report_id": "iem-lsr-OUN-70",
        "report_type": "TSTM WND GST",
        "event_category": "thunderstorm_wind",
        "valid_utc": "202604142352",
        "county_or_zone": "Kiowa",
        "city": "3 SE Hobart",
        "state": "OK",
        "magnitude": 70.0,
        "magnitude_units": null,
        "source": "ASOS",
        "event_narrative": null
      },
      "geometry": {
        "type": "Point",
        "coordinates": [
          -99.06,
          35.0
        ]
      }
    },
    {
      "type": "Feature",
      "id": "iem-lsr-OUN-71",
      "properties": {
        "report_id": "iem-lsr-OUN-71",
        "report_type": "TSTM WND GST",
        "event_category": "thunderstorm_wind",
        "valid_utc": "202604142354",
        "county_or_zone": "Kiowa",
        "city": "3 SE Hobart",
        "state": "OK",
        "magnitude": 58.0,
        "magnitude_units": null,
        "source": "ASOS",
        "event_narrative": null
      },
      "geometry": {
        "type": "Point",
        "coordinates": [
          -99.06,
          35.0
        ]
      }
    },
    {
      "type": "Feature",
      "id": "iem-lsr-OUN-72",
      "properties": {
        "report_id": "iem-lsr-OUN-72",
        "report_type": "TSTM WND GST",
        "event_category": "thunderstorm_wind",
        "valid_utc": "202604142355",
        "county_or_zone": "Kiowa",
        "city": "4 SE Hobart",
        "state": "OK",
        "magnitude": 61.0,
        "magnitude_units": null,
        "source": "Mesonet",
        "event_narrative": null
      },
      "geometry": {
        "type": "Point",
        "coordinates": [
          -99.05,
          34.99
        ]
      }
    },
    {
      "type": "Feature",
      "id": "iem-lsr-OUN-73",
      "properties": {
        "report_id": "iem-lsr-OUN-73",
        "report_type": "TSTM WND GST",
        "event_category": "thunderstorm_wind",
        "valid_utc": "202604150030",
        "county_or_zone": "Tillman",
        "city": "4 S Tipton",
        "state": "OK",
        "magnitude": 58.0,
        "magnitude_units": null,
        "source": "Mesonet",
        "event_narrative": null
      },
      "geometry": {
        "type": "Point",
        "coordinates": [
          -99.14,
          34.45
        ]
      }
    },
    {
      "type": "Feature",
      "id": "iem-lsr-OUN-74",
      "properties": {
        "report_id": "iem-lsr-OUN-74",
        "report_type": "TSTM WND DMG",
        "event_category": "thunderstorm_wind",
        "valid_utc": "202604150110",
        "county_or_zone": "Comanche",
        "city": "3 SE Cache",
        "state": "OK",
        "magnitude": null,
        "magnitude_units": null,
        "source": "Fire Dept/Rescue",
        "event_narrative": "Delayed report. Three power poles snapped along Lee Boulevard. Time estimated by radar."
      },
      "geometry": {
        "type": "Point",
        "coordinates": [
          -98.59,
          34.59
        ]
      }
    },
    {
      "type": "Feature",
      "id": "iem-lsr-OUN-75",
      "properties": {
        "report_id": "iem-lsr-OUN-75",
        "report_type": "TSTM WND GST",
        "event_category": "thunderstorm_wind",
        "valid_utc": "202604150605",
        "county_or_zone": "Grady",
        "city": "2 ESE Chickasha",
        "state": "OK",
        "magnitude": 62.0,
        "magnitude_units": null,
        "source": "Mesonet",
        "event_narrative": "Delayed report. Chickasha (CHIC) Mesonet."
      },
      "geometry": {
        "type": "Point",
        "coordinates": [
          -97.91,
          35.03
        ]
      }
    },
    {
      "type": "Feature",
      "id": "iem-lsr-OUN-76",
      "properties": {
        "report_id": "iem-lsr-OUN-76",
        "report_type": "HAIL",
        "event_category": "hail",
        "valid_utc": "202604151356",
        "county_or_zone": "Marshall",
        "city": "3 SW Woodville",
        "state": "OK",
        "magnitude": 1.0,
        "magnitude_units": null,
        "source": "Public",
        "event_narrative": "Report from mPING: Quarter (1.00 in.)."
      },
      "geometry": {
        "type": "Point",
        "coordinates": [
          -96.69,
          33.94
        ]
      }
    },
    {
      "type": "Feature",
      "id": "iem-lsr-OUN-77",
      "properties": {
        "report_id": "iem-lsr-OUN-77",
        "report_type": "HAIL",
        "event_category": "hail",
        "valid_utc": "202604152042",
        "county_or_zone": "Wichita",
        "city": "Wichita Falls",
        "state": "TX",
        "magnitude": 1.0,
        "magnitude_units": null,
        "source": "Amateur Radio",
        "event_narrative": "Wichita County Skywarn reports Quarters in downtown Wichita Falls."
      },
      "geometry": {
        "type": "Point",
        "coordinates": [
          -98.49,
          33.91
        ]
      }
    },
    {
      "type": "Feature",
      "id": "iem-lsr-OUN-78",
      "properties": {
        "report_id": "iem-lsr-OUN-78",
        "report_type": "HAIL",
        "event_category": "hail",
        "valid_utc": "202604152125",
        "county_or_zone": "Clay",
        "city": "6 SW Jolly",
        "state": "TX",
        "magnitude": 1.0,
        "magnitude_units": null,
        "source": "Fire Dept/Rescue",
        "event_narrative": "Additional reports of Quarter sized hail and 3 inch tree limbs down at 1954 and Pocahontas."
      },
      "geometry": {
        "type": "Point",
        "coordinates": [
          -98.42,
          33.81
        ]
      }
    },
    {
      "type": "Feature",
      "id": "iem-lsr-OUN-79",
      "properties": {
        "report_id": "iem-lsr-OUN-79",
        "report_type": "HAIL",
        "event_category": "hail",
        "valid_utc": "202604152126",
        "county_or_zone": "Clay",
        "city": "6 SW Jolly",
        "state": "TX",
        "magnitude": 0.88,
        "magnitude_units": null,
        "source": "Fire Dept/Rescue",
        "event_narrative": "Nickels at 1954 & Pocahontas."
      },
      "geometry": {
        "type": "Point",
        "coordinates": [
          -98.41,
          33.8
        ]
      }
    },
    {
      "type": "Feature",
      "id": "iem-lsr-OUN-80",
      "properties": {
        "report_id": "iem-lsr-OUN-80",
        "report_type": "HAIL",
        "event_category": "hail",
        "valid_utc": "202604152129",
        "county_or_zone": "Clay",
        "city": "6 NW Lake Arrowhead",
        "state": "TX",
        "magnitude": 1.0,
        "magnitude_units": null,
        "source": "Public",
        "event_narrative": "Report from mPING: Quarter (1.00 in.)."
      },
      "geometry": {
        "type": "Point",
        "coordinates": [
          -98.42,
          33.79
        ]
      }
    },
    {
      "type": "Feature",
      "id": "iem-lsr-OUN-81",
      "properties": {
        "report_id": "iem-lsr-OUN-81",
        "report_type": "HAIL",
        "event_category": "hail",
        "valid_utc": "202604152307",
        "county_or_zone": "Carter",
        "city": "1 NNW Ardmore",
        "state": "OK",
        "magnitude": 0.88,
        "magnitude_units": null,
        "source": "Emergency Mngr",
        "event_narrative": null
      },
      "geometry": {
        "type": "Point",
        "coordinates": [
          -97.14,
          34.19
        ]
      }
    },
    {
      "type": "Feature",
      "id": "iem-lsr-OUN-82",
      "properties": {
        "report_id": "iem-lsr-OUN-82",
        "report_type": "HAIL",
        "event_category": "hail",
        "valid_utc": "202604152310",
        "county_or_zone": "Carter",
        "city": "Ardmore",
        "state": "OK",
        "magnitude": 2.0,
        "magnitude_units": null,
        "source": "Public",
        "event_narrative": "X Post with Picture."
      },
      "geometry": {
        "type": "Point",
        "coordinates": [
          -97.14,
          34.17
        ]
      }
    },
    {
      "type": "Feature",
      "id": "iem-lsr-OUN-83",
      "properties": {
        "report_id": "iem-lsr-OUN-83",
        "report_type": "HAIL",
        "event_category": "hail",
        "valid_utc": "202604152324",
        "county_or_zone": "Payne",
        "city": "6 NW Perkins",
        "state": "OK",
        "magnitude": 0.88,
        "magnitude_units": null,
        "source": "Broadcast Media",
        "event_narrative": null
      },
      "geometry": {
        "type": "Point",
        "coordinates": [
          -97.1,
          36.03
        ]
      }
    },
    {
      "type": "Feature",
      "id": "iem-lsr-OUN-84",
      "properties": {
        "report_id": "iem-lsr-OUN-84",
        "report_type": "HAIL",
        "event_category": "hail",
        "valid_utc": "202604152327",
        "county_or_zone": "Payne",
        "city": "4 S Stillwater",
        "state": "OK",
        "magnitude": 1.25,
        "magnitude_units": null,
        "source": "Broadcast Media",
        "event_narrative": null
      },
      "geometry": {
        "type": "Point",
        "coordinates": [
          -97.06,
          36.06
        ]
      }
    },
    {
      "type": "Feature",
      "id": "iem-lsr-OUN-85",
      "properties": {
        "report_id": "iem-lsr-OUN-85",
        "report_type": "HAIL",
        "event_category": "hail",
        "valid_utc": "202604152344",
        "county_or_zone": "Carter",
        "city": "Ardmore",
        "state": "OK",
        "magnitude": 1.0,
        "magnitude_units": null,
        "source": "Emergency Mngr",
        "event_narrative": null
      },
      "geometry": {
        "type": "Point",
        "coordinates": [
          -97.14,
          34.17
        ]
      }
    },
    {
      "type": "Feature",
      "id": "iem-lsr-OUN-86",
      "properties": {
        "report_id": "iem-lsr-OUN-86",
        "report_type": "HAIL",
        "event_category": "hail",
        "valid_utc": "202604152348",
        "county_or_zone": "Carter",
        "city": "2 NE Ardmore",
        "state": "OK",
        "magnitude": 1.0,
        "magnitude_units": null,
        "source": "Public",
        "event_narrative": "Report from mPING: Quarter (1.00 in.)."
      },
      "geometry": {
        "type": "Point",
        "coordinates": [
          -97.12,
          34.2
        ]
      }
    },
    {
      "type": "Feature",
      "id": "iem-lsr-OUN-87",
      "properties": {
        "report_id": "iem-lsr-OUN-87",
        "report_type": "TSTM WND DMG",
        "event_category": "thunderstorm_wind",
        "valid_utc": "202604160004",
        "county_or_zone": "Jefferson",
        "city": "Terral",
        "state": "OK",
        "magnitude": null,
        "magnitude_units": null,
        "source": "Public",
        "event_narrative": "Picture of large tree branches down on side of bridge."
      },
      "geometry": {
        "type": "Point",
        "coordinates": [
          -97.94,
          33.89
        ]
      }
    },
    {
      "type": "Feature",
      "id": "iem-lsr-OUN-88",
      "properties": {
        "report_id": "iem-lsr-OUN-88",
        "report_type": "FLASH FLOOD",
        "event_category": "flooding",
        "valid_utc": "202604160012",
        "county_or_zone": "Carter",
        "city": "Ardmore",
        "state": "OK",
        "magnitude": null,
        "magnitude_units": null,
        "source": "Broadcast Media",
        "event_narrative": "Report of foot deep water at the Broadway and Wheeler intersection."
      },
      "geometry": {
        "type": "Point",
        "coordinates": [
          -97.14,
          34.17
        ]
      }
    },
    {
      "type": "Feature",
      "id": "iem-lsr-OUN-89",
      "properties": {
        "report_id": "iem-lsr-OUN-89",
        "report_type": "TSTM WND DMG",
        "event_category": "thunderstorm_wind",
        "valid_utc": "202604160114",
        "county_or_zone": "Atoka",
        "city": "Atoka",
        "state": "OK",
        "magnitude": null,
        "magnitude_units": null,
        "source": "Emergency Mngr",
        "event_narrative": "NWSChat report of a few trees down through Atoka."
      },
      "geometry": {
        "type": "Point",
        "coordinates": [
          -96.13,
          34.38
        ]
      }
    },
    {
      "type": "Feature",
      "id": "iem-lsr-OUN-90",
      "properties": {
        "report_id": "iem-lsr-OUN-90",
        "report_type": "HAIL",
        "event_category": "hail",
        "valid_utc": "202604160225",
        "county_or_zone": "Kay",
        "city": "3 WSW Ponca City",
        "state": "OK",
        "magnitude": 1.0,
        "magnitude_units": null,
        "source": "Storm Chaser",
        "event_narrative": "Near US highway 60 and OK highway 156."
      },
      "geometry": {
        "type": "Point",
        "coordinates": [
          -97.14,
          36.69
        ]
      }
    },
    {
      "type": "Feature",
      "id": "iem-lsr-OUN-91",
      "properties": {
        "report_id": "iem-lsr-OUN-91",
        "report_type": "HAIL",
        "event_category": "hail",
        "valid_utc": "202604171900",
        "county_or_zone": "Roger Mills",
        "city": "Cheyenne",
        "state": "OK",
        "magnitude": 0.88,
        "magnitude_units": null,
        "source": "Emergency Mngr",
        "event_narrative": "Time estimated by radar."
      },
      "geometry": {
        "type": "Point",
        "coordinates": [
          -99.67,
          35.61
        ]
      }
    },
    {
      "type": "Feature",
      "id": "iem-lsr-OUN-92",
      "properties": {
        "report_id": "iem-lsr-OUN-92",
        "report_type": "HAIL",
        "event_category": "hail",
        "valid_utc": "202604171940",
        "county_or_zone": "Woodward",
        "city": "1 E Mooreland",
        "state": "OK",
        "magnitude": 0.75,
        "magnitude_units": null,
        "source": "Public",
        "event_narrative": "Report from mPING: Dime (0.75 in.)."
      },
      "geometry": {
        "type": "Point",
        "coordinates": [
          -99.19,
          36.44
        ]
      }
    },
    {
      "type": "Feature",
      "id": "iem-lsr-OUN-93",
      "properties": {
        "report_id": "iem-lsr-OUN-93",
        "report_type": "HAIL",
        "event_category": "hail",
        "valid_utc": "202604171941",
        "county_or_zone": "Woodward",
        "city": "1 E Mooreland",
        "state": "OK",
        "magnitude": 0.75,
        "magnitude_units": null,
        "source": "Public",
        "event_narrative": "Report from mPING: Dime (0.75 in.)."
      },
      "geometry": {
        "type": "Point",
        "coordinates": [
          -99.19,
          36.43
        ]
      }
    },
    {
      "type": "Feature",
      "id": "iem-lsr-OUN-94",
      "properties": {
        "report_id": "iem-lsr-OUN-94",
        "report_type": "HAIL",
        "event_category": "hail",
        "valid_utc": "202604172100",
        "county_or_zone": "Alfalfa",
        "city": "Cherokee",
        "state": "OK",
        "magnitude": 1.25,
        "magnitude_units": null,
        "source": "Broadcast Media",
        "event_narrative": "Time estimated by radar."
      },
      "geometry": {
        "type": "Point",
        "coordinates": [
          -98.35,
          36.75
        ]
      }
    },
    {
      "type": "Feature",
      "id": "iem-lsr-OUN-95",
      "properties": {
        "report_id": "iem-lsr-OUN-95",
        "report_type": "HAIL",
        "event_category": "hail",
        "valid_utc": "202604172133",
        "county_or_zone": "Alfalfa",
        "city": "4 NE Carmen",
        "state": "OK",
        "magnitude": 1.0,
        "magnitude_units": null,
        "source": "Public",
        "event_narrative": "Report from mPING: Quarter (1.00 in.)."
      },
      "geometry": {
        "type": "Point",
        "coordinates": [
          -98.4,
          36.61
        ]
      }
    },
    {
      "type": "Feature",
      "id": "iem-lsr-OUN-96",
      "properties": {
        "report_id": "iem-lsr-OUN-96",
        "report_type": "HAIL",
        "event_category": "hail",
        "valid_utc": "202604172135",
        "county_or_zone": "Alfalfa",
        "city": "5 ESE Lambert",
        "state": "OK",
        "magnitude": 1.0,
        "magnitude_units": null,
        "source": "Broadcast Media",
        "event_narrative": null
      },
      "geometry": {
        "type": "Point",
        "coordinates": [
          -98.34,
          36.67
        ]
      }
    },
    {
      "type": "Feature",
      "id": "iem-lsr-OUN-97",
      "properties": {
        "report_id": "iem-lsr-OUN-97",
        "report_type": "HAIL",
        "event_category": "hail",
        "valid_utc": "202604172140",
        "county_or_zone": "Alfalfa",
        "city": "6 W Jet",
        "state": "OK",
        "magnitude": 1.75,
        "magnitude_units": null,
        "source": "Broadcast Media",
        "event_narrative": null
      },
      "geometry": {
        "type": "Point",
        "coordinates": [
          -98.29,
          36.67
        ]
      }
    },
    {
      "type": "Feature",
      "id": "iem-lsr-OUN-98",
      "properties": {
        "report_id": "iem-lsr-OUN-98",
        "report_type": "HAIL",
        "event_category": "hail",
        "valid_utc": "202604172142",
        "county_or_zone": "Alfalfa",
        "city": "7 E Lambert",
        "state": "OK",
        "magnitude": 2.0,
        "magnitude_units": null,
        "source": "Broadcast Media",
        "event_narrative": null
      },
      "geometry": {
        "type": "Point",
        "coordinates": [
          -98.31,
          36.67
        ]
      }
    },
    {
      "type": "Feature",
      "id": "iem-lsr-OUN-99",
      "properties": {
        "report_id": "iem-lsr-OUN-99",
        "report_type": "HAIL",
        "event_category": "hail",
        "valid_utc": "202604172142",
        "county_or_zone": "Alfalfa",
        "city": "4 W Jet",
        "state": "OK",
        "magnitude": 3.0,
        "magnitude_units": null,
        "source": "Public",
        "event_narrative": "Corrects previous time from 4 W Jet. estimated size looks to be closer to 3.25 inches."
      },
      "geometry": {
        "type": "Point",
        "coordinates": [
          -98.25,
          36.67
        ]
      }
    },
    {
      "type": "Feature",
      "id": "iem-lsr-OUN-100",
      "properties": {
        "report_id": "iem-lsr-OUN-100",
        "report_type": "HAIL",
        "event_category": "hail",
        "valid_utc": "202604172144",
        "county_or_zone": "Alfalfa",
        "city": "4 NE Carmen",
        "state": "OK",
        "magnitude": 1.0,
        "magnitude_units": null,
        "source": "Public",
        "event_narrative": "Report from mPING: Quarter (1.00 in.)."
      },
      "geometry": {
        "type": "Point",
        "coordinates": [
          -98.4,
          36.61
        ]
      }
    },
    {
      "type": "Feature",
      "id": "iem-lsr-OUN-101",
      "properties": {
        "report_id": "iem-lsr-OUN-101",
        "report_type": "HAIL",
        "event_category": "hail",
        "valid_utc": "202604172145",
        "county_or_zone": "Woods",
        "city": "2 WSW Dacoma",
        "state": "OK",
        "magnitude": 2.0,
        "magnitude_units": null,
        "source": "Broadcast Media",
        "event_narrative": null
      },
      "geometry": {
        "type": "Point",
        "coordinates": [
          -98.59,
          36.65
        ]
      }
    },
    {
      "type": "Feature",
      "id": "iem-lsr-OUN-102",
      "properties": {
        "report_id": "iem-lsr-OUN-102",
        "report_type": "HAIL",
        "event_category": "hail",
        "valid_utc": "202604172147",
        "county_or_zone": "Major",
        "city": "9 N Chester",
        "state": "OK",
        "magnitude": 1.0,
        "magnitude_units": null,
        "source": "Broadcast Media",
        "event_narrative": null
      },
      "geometry": {
        "type": "Point",
        "coordinates": [
          -98.91,
          36.35
        ]
      }
    },
    {
      "type": "Feature",
      "id": "iem-lsr-OUN-103",
      "properties": {
        "report_id": "iem-lsr-OUN-103",
        "report_type": "HAIL",
        "event_category": "hail",
        "valid_utc": "202604172147",
        "county_or_zone": "Major",
        "city": "6 N Chester",
        "state": "OK",
        "magnitude": 1.75,
        "magnitude_units": null,
        "source": "Other Federal",
        "event_narrative": "NSSL employee."
      },
      "geometry": {
        "type": "Point",
        "coordinates": [
          -98.93,
          36.3
        ]
      }
    },
    {
      "type": "Feature",
      "id": "iem-lsr-OUN-104",
      "properties": {
        "report_id": "iem-lsr-OUN-104",
        "report_type": "HAIL",
        "event_category": "hail",
        "valid_utc": "202604172151",
        "county_or_zone": "Major",
        "city": "9 N Chester",
        "state": "OK",
        "magnitude": 1.5,
        "magnitude_units": null,
        "source": "Public",
        "event_narrative": "Report from mPING: Ping Pong Ball (1.50 in.)."
      },
      "geometry": {
        "type": "Point",
        "coordinates": [
          -98.91,
          36.35
        ]
      }
    },
    {
      "type": "Feature",
      "id": "iem-lsr-OUN-105",
      "properties": {
        "report_id": "iem-lsr-OUN-105",
        "report_type": "HAIL",
        "event_category": "hail",
        "valid_utc": "202604172152",
        "county_or_zone": "Alfalfa",
        "city": "Cherokee",
        "state": "OK",
        "magnitude": 2.75,
        "magnitude_units": null,
        "source": "Storm Chaser",
        "event_narrative": null
      },
      "geometry": {
        "type": "Point",
        "coordinates": [
          -98.36,
          36.76
        ]
      }
    },
    {
      "type": "Feature",
      "id": "iem-lsr-OUN-106",
      "properties": {
        "report_id": "iem-lsr-OUN-106",
        "report_type": "HAIL",
        "event_category": "hail",
        "valid_utc": "202604172153",
        "county_or_zone": "Alfalfa",
        "city": "4 ENE Great Salt Plains",
        "state": "OK",
        "magnitude": 2.0,
        "magnitude_units": null,
        "source": "CO-OP Observer",
        "event_narrative": null
      },
      "geometry": {
        "type": "Point",
        "coordinates": [
          -98.13,
          36.75
        ]
      }
    },
    {
      "type": "Feature",
      "id": "iem-lsr-OUN-107",
      "properties": {
        "report_id": "iem-lsr-OUN-107",
        "report_type": "HAIL",
        "event_category": "hail",
        "valid_utc": "202604172153",
        "county_or_zone": "Alfalfa",
        "city": "1 E Lambert",
        "state": "OK",
        "magnitude": 2.5,
        "magnitude_units": null,
        "source": "Public",
        "event_narrative": null
      },
      "geometry": {
        "type": "Point",
        "coordinates": [
          -98.41,
          36.69
        ]
      }
    },
    {
      "type": "Feature",
      "id": "iem-lsr-OUN-108",
      "properties": {
        "report_id": "iem-lsr-OUN-108",
        "report_type": "HAIL",
        "event_category": "hail",
        "valid_utc": "202604172158",
        "county_or_zone": "Grant",
        "city": "Nash",
        "state": "OK",
        "magnitude": 1.75,
        "magnitude_units": null,
        "source": "Broadcast Media",
        "event_narrative": null
      },
      "geometry": {
        "type": "Point",
        "coordinates": [
          -98.05,
          36.67
        ]
      }
    },
    {
      "type": "Feature",
      "id": "iem-lsr-OUN-109",
      "properties": {
        "report_id": "iem-lsr-OUN-109",
        "report_type": "HAIL",
        "event_category": "hail",
        "valid_utc": "202604172202",
        "county_or_zone": "Major",
        "city": "13 N Orion",
        "state": "OK",
        "magnitude": 1.0,
        "magnitude_units": null,
        "source": "Public",
        "event_narrative": "Report from mPING: Quarter (1.00 in.)."
      },
      "geometry": {
        "type": "Point",
        "coordinates": [
          -98.73,
          36.4
        ]
      }
    },
    {
      "type": "Feature",
      "id": "iem-lsr-OUN-110",
      "properties": {
        "report_id": "iem-lsr-OUN-110",
        "report_type": "HAIL",
        "event_category": "hail",
        "valid_utc": "202604172203",
        "county_or_zone": "Major",
        "city": "13 N Orion",
        "state": "OK",
        "magnitude": 1.5,
        "magnitude_units": null,
        "source": "Public",
        "event_narrative": "Report from mPING: Ping Pong Ball (1.50 in.)."
      },
      "geometry": {
        "type": "Point",
        "coordinates": [
          -98.73,
          36.4
        ]
      }
    },
    {
      "type": "Feature",
      "id": "iem-lsr-OUN-111",
      "properties": {
        "report_id": "iem-lsr-OUN-111",
        "report_type": "HAIL",
        "event_category": "hail",
        "valid_utc": "202604172209",
        "county_or_zone": "Alfalfa",
        "city": "4 W Jet",
        "state": "OK",
        "magnitude": 3.0,
        "magnitude_units": null,
        "source": "Public",
        "event_narrative": "estimated size looks to be closer to 3.25 inches."
      },
      "geometry": {
        "type": "Point",
        "coordinates": [
          -98.25,
          36.67
        ]
      }
    },
    {
      "type": "Feature",
      "id": "iem-lsr-OUN-112",
      "properties": {
        "report_id": "iem-lsr-OUN-112",
        "report_type": "HAIL",
        "event_category": "hail",
        "valid_utc": "202604172224",
        "county_or_zone": "Grant",
        "city": "2 S Medford",
        "state": "OK",
        "magnitude": 1.25,
        "magnitude_units": null,
        "source": "Public",
        "event_narrative": "Facebook report with picture. Time based on radar."
      },
      "geometry": {
        "type": "Point",
        "coordinates": [
          -97.73,
          36.78
        ]
      }
    },
    {
      "type": "Feature",
      "id": "iem-lsr-OUN-113",
      "properties": {
        "report_id": "iem-lsr-OUN-113",
        "report_type": "HAIL",
        "event_category": "hail",
        "valid_utc": "202604172229",
        "county_or_zone": "Alfalfa",
        "city": "4 E Aline",
        "state": "OK",
        "magnitude": 1.75,
        "magnitude_units": null,
        "source": "CO-OP Observer",
        "event_narrative": null
      },
      "geometry": {
        "type": "Point",
        "coordinates": [
          -98.38,
          36.51
        ]
      }
    },
    {
      "type": "Feature",
      "id": "iem-lsr-OUN-114",
      "properties": {
        "report_id": "iem-lsr-OUN-114",
        "report_type": "HAIL",
        "event_category": "hail",
        "valid_utc": "202604172230",
        "county_or_zone": "Alfalfa",
        "city": "1 SSE Helena",
        "state": "OK",
        "magnitude": 1.25,
        "magnitude_units": null,
        "source": "CO-OP Observer",
        "event_narrative": null
      },
      "geometry": {
        "type": "Point",
        "coordinates": [
          -98.26,
          36.53
        ]
      }
    },
    {
      "type": "Feature",
      "id": "iem-lsr-OUN-115",
      "properties": {
        "report_id": "iem-lsr-OUN-115",
        "report_type": "HAIL",
        "event_category": "hail",
        "valid_utc": "202604172242",
        "county_or_zone": "Alfalfa",
        "city": "Goltry",
        "state": "OK",
        "magnitude": 1.0,
        "magnitude_units": null,
        "source": "Public",
        "event_narrative": "Report from mPING: Quarter (1.00 in.)."
      },
      "geometry": {
        "type": "Point",
        "coordinates": [
          -98.15,
          36.54
        ]
      }
    },
    {
      "type": "Feature",
      "id": "iem-lsr-OUN-116",
      "properties": {
        "report_id": "iem-lsr-OUN-116",
        "report_type": "HAIL",
        "event_category": "hail",
        "valid_utc": "202604172251",
        "county_or_zone": "Grant",
        "city": "2 NNW Hillsdale",
        "state": "OK",
        "magnitude": 1.25,
        "magnitude_units": null,
        "source": "Amateur Radio",
        "event_narrative": "Social media image showing a ruler measurement."
      },
      "geometry": {
        "type": "Point",
        "coordinates": [
          -98.02,
          36.59
        ]
      }
    },
    {
      "type": "Feature",
      "id": "iem-lsr-OUN-117",
      "properties": {
        "report_id": "iem-lsr-OUN-117",
        "report_type": "HAIL",
        "event_category": "hail",
        "valid_utc": "202604172309",
        "county_or_zone": "Grant",
        "city": "Pond Creek",
        "state": "OK",
        "magnitude": 1.0,
        "magnitude_units": null,
        "source": "Emergency Mngr",
        "event_narrative": null
      },
      "geometry": {
        "type": "Point",
        "coordinates": [
          -97.8,
          36.67
        ]
      }
    },
    {
      "type": "Feature",
      "id": "iem-lsr-OUN-118",
      "properties": {
        "report_id": "iem-lsr-OUN-118",
        "report_type": "HAIL",
        "event_category": "hail",
        "valid_utc": "202604172309",
        "county_or_zone": "Grant",
        "city": "Pond Creek",
        "state": "OK",
        "magnitude": 1.75,
        "magnitude_units": null,
        "source": "Amateur Radio",
        "event_narrative": "Corrects previous hail report from Pond Creek. Social media image showing a ruler measurement."
      },
      "geometry": {
        "type": "Point",
        "coordinates": [
          -97.8,
          36.67
        ]
      }
    },
    {
      "type": "Feature",
      "id": "iem-lsr-OUN-119",
      "properties": {
        "report_id": "iem-lsr-OUN-119",
        "report_type": "HAIL",
        "event_category": "hail",
        "valid_utc": "202604172310",
        "county_or_zone": "Grant",
        "city": "Pond Creek",
        "state": "OK",
        "magnitude": 1.75,
        "magnitude_units": null,
        "source": "Emergency Mngr",
        "event_narrative": null
      },
      "geometry": {
        "type": "Point",
        "coordinates": [
          -97.8,
          36.67
        ]
      }
    },
    {
      "type": "Feature",
      "id": "iem-lsr-OUN-120",
      "properties": {
        "report_id": "iem-lsr-OUN-120",
        "report_type": "HAIL",
        "event_category": "hail",
        "valid_utc": "202604172312",
        "county_or_zone": "Grant",
        "city": "3 E Pond Creek",
        "state": "OK",
        "magnitude": 1.75,
        "magnitude_units": null,
        "source": "Broadcast Media",
        "event_narrative": null
      },
      "geometry": {
        "type": "Point",
        "coordinates": [
          -97.75,
          36.67
        ]
      }
    },
    {
      "type": "Feature",
      "id": "iem-lsr-OUN-121",
      "properties": {
        "report_id": "iem-lsr-OUN-121",
        "report_type": "HAIL",
        "event_category": "hail",
        "valid_utc": "202604172322",
        "county_or_zone": "Garfield",
        "city": "1 N North Enid",
        "state": "OK",
        "magnitude": 2.5,
        "magnitude_units": null,
        "source": "Emergency Mngr",
        "event_narrative": null
      },
      "geometry": {
        "type": "Point",
        "coordinates": [
          -97.87,
          36.44
        ]
      }
    },
    {
      "type": "Feature",
      "id": "iem-lsr-OUN-122",
      "properties": {
        "report_id": "iem-lsr-OUN-122",
        "report_type": "HAIL",
        "event_category": "hail",
        "valid_utc": "202604172323",
        "county_or_zone": "Garfield",
        "city": "2 N North Enid",
        "state": "OK",
        "magnitude": 1.5,
        "magnitude_units": null,
        "source": "Emergency Mngr",
        "event_narrative": null
      },
      "geometry": {
        "type": "Point",
        "coordinates": [
          -97.87,
          36.46
        ]
      }
    },
    {
      "type": "Feature",
      "id": "iem-lsr-OUN-123",
      "properties": {
        "report_id": "iem-lsr-OUN-123",
        "report_type": "HAIL",
        "event_category": "hail",
        "valid_utc": "202604172324",
        "county_or_zone": "Grant",
        "city": "3 SE Jefferson",
        "state": "OK",
        "magnitude": 2.0,
        "magnitude_units": null,
        "source": "CO-OP Observer",
        "event_narrative": null
      },
      "geometry": {
        "type": "Point",
        "coordinates": [
          -97.75,
          36.69
        ]
      }
    },
    {
      "type": "Feature",
      "id": "iem-lsr-OUN-124",
      "properties": {
        "report_id": "iem-lsr-OUN-124",
        "report_type": "HAIL",
        "event_category": "hail",
        "valid_utc": "202604172325",
        "county_or_zone": "Grant",
        "city": "Lamont",
        "state": "OK",
        "magnitude": 3.25,
        "magnitude_units": null,
        "source": "Trained Spotter",
        "event_narrative": "Social media image showing a ruler measurement. Time estimated by radar."
      },
      "geometry": {
        "type": "Point",
        "coordinates": [
          -97.56,
          36.69
        ]
      }
    },
    {
      "type": "Feature",
      "id": "iem-lsr-OUN-125",
      "properties": {
        "report_id": "iem-lsr-OUN-125",
        "report_type": "HAIL",
        "event_category": "hail",
        "valid_utc": "202604172327",
        "county_or_zone": "Garfield",
        "city": "Kremlin",
        "state": "OK",
        "magnitude": 1.75,
        "magnitude_units": null,
        "source": "Public",
        "event_narrative": null
      },
      "geometry": {
        "type": "Point",
        "coordinates": [
          -97.83,
          36.55
        ]
      }
    },
    {
      "type": "Feature",
      "id": "iem-lsr-OUN-126",
      "properties": {
        "report_id": "iem-lsr-OUN-126",
        "report_type": "HAIL",
        "event_category": "hail",
        "valid_utc": "202604172329",
        "county_or_zone": "Grant",
        "city": "Lamont",
        "state": "OK",
        "magnitude": 1.25,
        "magnitude_units": null,
        "source": "Emergency Mngr",
        "event_narrative": null
      },
      "geometry": {
        "type": "Point",
        "coordinates": [
          -97.56,
          36.69
        ]
      }
    },
    {
      "type": "Feature",
      "id": "iem-lsr-OUN-127",
      "properties": {
        "report_id": "iem-lsr-OUN-127",
        "report_type": "HAIL",
        "event_category": "hail",
        "valid_utc": "202604172330",
        "county_or_zone": "Grant",
        "city": "Lamont",
        "state": "OK",
        "magnitude": 2.75,
        "magnitude_units": null,
        "source": "Public",
        "event_narrative": null
      },
      "geometry": {
        "type": "Point",
        "coordinates": [
          -97.56,
          36.69
        ]
      }
    },
    {
      "type": "Feature",
      "id": "iem-lsr-OUN-128",
      "properties": {
        "report_id": "iem-lsr-OUN-128",
        "report_type": "HAIL",
        "event_category": "hail",
        "valid_utc": "202604172337",
        "county_or_zone": "Grant",
        "city": "Lamont",
        "state": "OK",
        "magnitude": 3.0,
        "magnitude_units": null,
        "source": "Fire Dept/Rescue",
        "event_narrative": null
      },
      "geometry": {
        "type": "Point",
        "coordinates": [
          -97.56,
          36.69
        ]
      }
    },
    {
      "type": "Feature",
      "id": "iem-lsr-OUN-129",
      "properties": {
        "report_id": "iem-lsr-OUN-129",
        "report_type": "HAIL",
        "event_category": "hail",
        "valid_utc": "202604172346",
        "county_or_zone": "Kay",
        "city": "2 WNW Tonkawa",
        "state": "OK",
        "magnitude": 1.0,
        "magnitude_units": null,
        "source": "Emergency Mngr",
        "event_narrative": null
      },
      "geometry": {
        "type": "Point",
        "coordinates": [
          -97.35,
          36.7
        ]
      }
    },
    {
      "type": "Feature",
      "id": "iem-lsr-OUN-130",
      "properties": {
        "report_id": "iem-lsr-OUN-130",
        "report_type": "HAIL",
        "event_category": "hail",
        "valid_utc": "202604172348",
        "county_or_zone": "Kay",
        "city": "Blackwell",
        "state": "OK",
        "magnitude": 1.0,
        "magnitude_units": null,
        "source": "Emergency Mngr",
        "event_narrative": null
      },
      "geometry": {
        "type": "Point",
        "coordinates": [
          -97.28,
          36.8
        ]
      }
    },
    {
      "type": "Feature",
      "id": "iem-lsr-OUN-131",
      "properties": {
        "report_id": "iem-lsr-OUN-131",
        "report_type": "HAIL",
        "event_category": "hail",
        "valid_utc": "202604172352",
        "county_or_zone": "Kay",
        "city": "3 W Blackwell",
        "state": "OK",
        "magnitude": 1.0,
        "magnitude_units": null,
        "source": "Public",
        "event_narrative": "Report from mPING: Quarter (1.00 in.)."
      },
      "geometry": {
        "type": "Point",
        "coordinates": [
          -97.34,
          36.81
        ]
      }
    },
    {
      "type": "Feature",
      "id": "iem-lsr-OUN-132",
      "properties": {
        "report_id": "iem-lsr-OUN-132",
        "report_type": "TORNADO",
        "event_category": "tornado",
        "valid_utc": "202604172355",
        "county_or_zone": "Kay",
        "city": "3 WSW Ponca City",
        "state": "OK",
        "magnitude": null,
        "magnitude_units": null,
        "source": "Broadcast Media",
        "event_narrative": null
      },
      "geometry": {
        "type": "Point",
        "coordinates": [
          -97.14,
          36.69
        ]
      }
    },
    {
      "type": "Feature",
      "id": "iem-lsr-OUN-133",
      "properties": {
        "report_id": "iem-lsr-OUN-133",
        "report_type": "HAIL",
        "event_category": "hail",
        "valid_utc": "202604180001",
        "county_or_zone": "Kay",
        "city": "3 N Tonkawa",
        "state": "OK",
        "magnitude": 2.0,
        "magnitude_units": null,
        "source": "Storm Chaser",
        "event_narrative": null
      },
      "geometry": {
        "type": "Point",
        "coordinates": [
          -97.31,
          36.73
        ]
      }
    },
    {
      "type": "Feature",
      "id": "iem-lsr-OUN-134",
      "properties": {
        "report_id": "iem-lsr-OUN-134",
        "report_type": "TSTM WND DMG",
        "event_category": "thunderstorm_wind",
        "valid_utc": "202604180005",
        "county_or_zone": "Kay",
        "city": "Ponca City",
        "state": "OK",
        "magnitude": null,
        "magnitude_units": null,
        "source": "Emergency Mngr",
        "event_narrative": "Several trees as well as power lines down and roads blocked."
      },
      "geometry": {
        "type": "Point",
        "coordinates": [
          -97.08,
          36.7
        ]
      }
    },
    {
      "type": "Feature",
      "id": "iem-lsr-OUN-135",
      "properties": {
        "report_id": "iem-lsr-OUN-135",
        "report_type": "HAIL",
        "event_category": "hail",
        "valid_utc": "202604180006",
        "county_or_zone": "Kay",
        "city": "1 SW Kildare",
        "state": "OK",
        "magnitude": 1.75,
        "magnitude_units": null,
        "source": "Trained Spotter",
        "event_narrative": "Spotter Network report. Time estimated by radar."
      },
      "geometry": {
        "type": "Point",
        "coordinates": [
          -97.07,
          36.8
        ]
      }
    },
    {
      "type": "Feature",
      "id": "iem-lsr-OUN-136",
      "properties": {
        "report_id": "iem-lsr-OUN-136",
        "report_type": "HAIL",
        "event_category": "hail",
        "valid_utc": "202604180006",
        "county_or_zone": "Kay",
        "city": "3 W Kildare",
        "state": "OK",
        "magnitude": 2.0,
        "magnitude_units": null,
        "source": "Trained Spotter",
        "event_narrative": "Spotter Network report. Time estimated by radar."
      },
      "geometry": {
        "type": "Point",
        "coordinates": [
          -97.11,
          36.81
        ]
      }
    },
    {
      "type": "Feature",
      "id": "iem-lsr-OUN-137",
      "properties": {
        "report_id": "iem-lsr-OUN-137",
        "report_type": "HAIL",
        "event_category": "hail",
        "valid_utc": "202604180023",
        "county_or_zone": "Blaine",
        "city": "1 SW Okeene",
        "state": "OK",
        "magnitude": 1.75,
        "magnitude_units": null,
        "source": "Fire Dept/Rescue",
        "event_narrative": null
      },
      "geometry": {
        "type": "Point",
        "coordinates": [
          -98.33,
          36.11
        ]
      }
    },
    {
      "type": "Feature",
      "id": "iem-lsr-OUN-138",
      "properties": {
        "report_id": "iem-lsr-OUN-138",
        "report_type": "HAIL",
        "event_category": "hail",
        "valid_utc": "202604180025",
        "county_or_zone": "Blaine",
        "city": "Okeene",
        "state": "OK",
        "magnitude": 1.25,
        "magnitude_units": null,
        "source": "Emergency Mngr",
        "event_narrative": null
      },
      "geometry": {
        "type": "Point",
        "coordinates": [
          -98.32,
          36.12
        ]
      }
    },
    {
      "type": "Feature",
      "id": "iem-lsr-OUN-139",
      "properties": {
        "report_id": "iem-lsr-OUN-139",
        "report_type": "HAIL",
        "event_category": "hail",
        "valid_utc": "202604180027",
        "county_or_zone": "Blaine",
        "city": "Okeene",
        "state": "OK",
        "magnitude": 1.75,
        "magnitude_units": null,
        "source": "Emergency Mngr",
        "event_narrative": null
      },
      "geometry": {
        "type": "Point",
        "coordinates": [
          -98.32,
          36.12
        ]
      }
    },
    {
      "type": "Feature",
      "id": "iem-lsr-OUN-140",
      "properties": {
        "report_id": "iem-lsr-OUN-140",
        "report_type": "HAIL",
        "event_category": "hail",
        "valid_utc": "202604180103",
        "county_or_zone": "Dewey",
        "city": "6 S Taloga",
        "state": "OK",
        "magnitude": 1.25,
        "magnitude_units": null,
        "source": "Trained Spotter",
        "event_narrative": "Spotter Network report. Time estimated by radar."
      },
      "geometry": {
        "type": "Point",
        "coordinates": [
          -98.97,
          35.95
        ]
      }
    },
    {
      "type": "Feature",
      "id": "iem-lsr-OUN-141",
      "properties": {
        "report_id": "iem-lsr-OUN-141",
        "report_type": "HAIL",
        "event_category": "hail",
        "valid_utc": "202604180115",
        "county_or_zone": "Logan",
        "city": "Marshall",
        "state": "OK",
        "magnitude": 1.5,
        "magnitude_units": null,
        "source": "Emergency Mngr",
        "event_narrative": null
      },
      "geometry": {
        "type": "Point",
        "coordinates": [
          -97.63,
          36.16
        ]
      }
    },
    {
      "type": "Feature",
      "id": "iem-lsr-OUN-142",
      "properties": {
        "report_id": "iem-lsr-OUN-142",
        "report_type": "HAIL",
        "event_category": "hail",
        "valid_utc": "202604180116",
        "county_or_zone": "Logan",
        "city": "Marshall",
        "state": "OK",
        "magnitude": 2.5,
        "magnitude_units": null,
        "source": "Trained Spotter",
        "event_narrative": null
      },
      "geometry": {
        "type": "Point",
        "coordinates": [
          -97.63,
          36.16
        ]
      }
    },
    {
      "type": "Feature",
      "id": "iem-lsr-OUN-143",
      "properties": {
        "report_id": "iem-lsr-OUN-143",
        "report_type": "HAIL",
        "event_category": "hail",
        "valid_utc": "202604180118",
        "county_or_zone": "Roger Mills",
        "city": "Cheyenne",
        "state": "OK",
        "magnitude": 1.0,
        "magnitude_units": null,
        "source": "Emergency Mngr",
        "event_narrative": null
      },
      "geometry": {
        "type": "Point",
        "coordinates": [
          -99.67,
          35.61
        ]
      }
    },
    {
      "type": "Feature",
      "id": "iem-lsr-OUN-144",
      "properties": {
        "report_id": "iem-lsr-OUN-144",
        "report_type": "TSTM WND DMG",
        "event_category": "thunderstorm_wind",
        "valid_utc": "202604180126",
        "county_or_zone": "Payne",
        "city": "3 SE Orlando",
        "state": "OK",
        "magnitude": null,
        "magnitude_units": null,
        "source": "Public",
        "event_narrative": "Semi was blown over on the I-35 bridge near Orlando. Time estimated from radar. Twitter report with video."
      },
      "geometry": {
        "type": "Point",
        "coordinates": [
          -97.35,
          36.12
        ]
      }
    },
    {
      "type": "Feature",
      "id": "iem-lsr-OUN-145",
      "properties": {
        "report_id": "iem-lsr-OUN-145",
        "report_type": "TSTM WND GST",
        "event_category": "thunderstorm_wind",
        "valid_utc": "202604180215",
        "county_or_zone": "Logan",
        "city": "4 NE Lovell",
        "state": "OK",
        "magnitude": 61.0,
        "magnitude_units": null,
        "source": "Public",
        "event_narrative": "Corrects previous tstm wnd gst report from 4 NE Lovell. OK mesonet."
      },
      "geometry": {
        "type": "Point",
        "coordinates": [
          -97.6,
          36.1
        ]
      }
    },
    {
      "type": "Feature",
      "id": "iem-lsr-OUN-146",
      "properties": {
        "report_id": "iem-lsr-OUN-146",
        "report_type": "TSTM WND DMG",
        "event_category": "thunderstorm_wind",
        "valid_utc": "202604180220",
        "county_or_zone": "Payne",
        "city": "3 E Mulhall",
        "state": "OK",
        "magnitude": null,
        "magnitude_units": null,
        "source": "Broadcast Media",
        "event_narrative": "Semi overturned on I-35."
      },
      "geometry": {
        "type": "Point",
        "coordinates": [
          -97.35,
          36.06
        ]
      }
    },
    {
      "type": "Feature",
      "id": "iem-lsr-OUN-147",
      "properties": {
        "report_id": "iem-lsr-OUN-147",
        "report_type": "TSTM WND GST",
        "event_category": "thunderstorm_wind",
        "valid_utc": "202604180223",
        "county_or_zone": "Logan",
        "city": "4 NE Lovell",
        "state": "OK",
        "magnitude": 61.0,
        "magnitude_units": null,
        "source": "Public",
        "event_narrative": "OK mesonet."
      },
      "geometry": {
        "type": "Point",
        "coordinates": [
          -97.6,
          36.1
        ]
      }
    },
    {
      "type": "Feature",
      "id": "iem-lsr-OUN-148",
      "properties": {
        "report_id": "iem-lsr-OUN-148",
        "report_type": "TSTM WND GST",
        "event_category": "thunderstorm_wind",
        "valid_utc": "202604180255",
        "county_or_zone": "Kiowa",
        "city": "3 SE Hobart",
        "state": "OK",
        "magnitude": 60.0,
        "magnitude_units": null,
        "source": "ASOS",
        "event_narrative": null
      },
      "geometry": {
        "type": "Point",
        "coordinates": [
          -99.06,
          35.0
        ]
      }
    },
    {
      "type": "Feature",
      "id": "iem-lsr-OUN-149",
      "properties": {
        "report_id": "iem-lsr-OUN-149",
        "report_type": "TSTM WND GST",
        "event_category": "thunderstorm_wind",
        "valid_utc": "202604180335",
        "county_or_zone": "Jackson",
        "city": "3 S Altus",
        "state": "OK",
        "magnitude": 59.0,
        "magnitude_units": null,
        "source": "Mesonet",
        "event_narrative": null
      },
      "geometry": {
        "type": "Point",
        "coordinates": [
          -99.33,
          34.6
        ]
      }
    },
    {
      "type": "Feature",
      "id": "iem-lsr-OUN-150",
      "properties": {
        "report_id": "iem-lsr-OUN-150",
        "report_type": "TSTM WND GST",
        "event_category": "thunderstorm_wind",
        "valid_utc": "202604180400",
        "county_or_zone": "Hardeman",
        "city": "3 W Goodlett",
        "state": "TX",
        "magnitude": 58.0,
        "magnitude_units": null,
        "source": "Mesonet",
        "event_narrative": null
      },
      "geometry": {
        "type": "Point",
        "coordinates": [
          -99.94,
          34.34
        ]
      }
    },
    {
      "type": "Feature",
      "id": "iem-lsr-OUN-151",
      "properties": {
        "report_id": "iem-lsr-OUN-151",
        "report_type": "TSTM WND GST",
        "event_category": "thunderstorm_wind",
        "valid_utc": "202604180415",
        "county_or_zone": "Tillman",
        "city": "4 S Tipton",
        "state": "OK",
        "magnitude": 59.0,
        "magnitude_units": null,
        "source": "Mesonet",
        "event_narrative": null
      },
      "geometry": {
        "type": "Point",
        "coordinates": [
          -99.14,
          34.45
        ]
      }
    },
    {
      "type": "Feature",
      "id": "iem-lsr-OUN-152",
      "properties": {
        "report_id": "iem-lsr-OUN-152",
        "report_type": "HAIL",
        "event_category": "hail",
        "valid_utc": "202604180422",
        "county_or_zone": "Jackson",
        "city": "1 WNW Altus Air Force B",
        "state": "OK",
        "magnitude": 0.88,
        "magnitude_units": null,
        "source": "Trained Spotter",
        "event_narrative": "Spotter Network."
      },
      "geometry": {
        "type": "Point",
        "coordinates": [
          -99.3,
          34.66
        ]
      }
    },
    {
      "type": "Feature",
      "id": "iem-lsr-OUN-153",
      "properties": {
        "report_id": "iem-lsr-OUN-153",
        "report_type": "TSTM WND GST",
        "event_category": "thunderstorm_wind",
        "valid_utc": "202604180428",
        "county_or_zone": "Tillman",
        "city": "4 SSE Frederick",
        "state": "OK",
        "magnitude": 63.0,
        "magnitude_units": null,
        "source": "ASOS",
        "event_narrative": "KFDR."
      },
      "geometry": {
        "type": "Point",
        "coordinates": [
          -98.98,
          34.34
        ]
      }
    },
    {
      "type": "Feature",
      "id": "iem-lsr-OUN-154",
      "properties": {
        "report_id": "iem-lsr-OUN-154",
        "report_type": "TSTM WND GST",
        "event_category": "thunderstorm_wind",
        "valid_utc": "202604180435",
        "county_or_zone": "Hardeman",
        "city": "3 W Goodlett",
        "state": "TX",
        "magnitude": 59.0,
        "magnitude_units": null,
        "source": "Mesonet",
        "event_narrative": null
      },
      "geometry": {
        "type": "Point",
        "coordinates": [
          -99.94,
          34.34
        ]
      }
    },
    {
      "type": "Feature",
      "id": "iem-lsr-OUN-155",
      "properties": {
        "report_id": "iem-lsr-OUN-155",
        "report_type": "NON-TSTM WND GST",
        "event_category": "thunderstorm_wind",
        "valid_utc": "202604180440",
        "county_or_zone": "Foard",
        "city": "Comanche Springs",
        "state": "TX",
        "magnitude": 58.0,
        "magnitude_units": null,
        "source": "Mesonet",
        "event_narrative": null
      },
      "geometry": {
        "type": "Point",
        "coordinates": [
          -99.96,
          33.99
        ]
      }
    },
    {
      "type": "Feature",
      "id": "iem-lsr-OUN-156",
      "properties": {
        "report_id": "iem-lsr-OUN-156",
        "report_type": "HAIL",
        "event_category": "hail",
        "valid_utc": "202604180446",
        "county_or_zone": "Comanche",
        "city": "3 S Lake Ellsworth",
        "state": "OK",
        "magnitude": 1.0,
        "magnitude_units": null,
        "source": "Public",
        "event_narrative": "Report from mPING: Quarter (1.00 in.)."
      },
      "geometry": {
        "type": "Point",
        "coordinates": [
          -98.35,
          34.79
        ]
      }
    },
    {
      "type": "Feature",
      "id": "iem-lsr-OUN-157",
      "properties": {
        "report_id": "iem-lsr-OUN-157",
        "report_type": "TSTM WND GST",
        "event_category": "thunderstorm_wind",
        "valid_utc": "202604180450",
        "county_or_zone": "Cotton",
        "city": "4 NW Walters",
        "state": "OK",
        "magnitude": 65.0,
        "magnitude_units": null,
        "source": "Mesonet",
        "event_narrative": null
      },
      "geometry": {
        "type": "Point",
        "coordinates": [
          -98.36,
          34.4
        ]
      }
    },
    {
      "type": "Feature",
      "id": "iem-lsr-OUN-158",
      "properties": {
        "report_id": "iem-lsr-OUN-158",
        "report_type": "NON-TSTM WND GST",
        "event_category": "thunderstorm_wind",
        "valid_utc": "202604180453",
        "county_or_zone": "Foard",
        "city": "Comanche Springs",
        "state": "TX",
        "magnitude": 59.0,
        "magnitude_units": null,
        "source": "Mesonet",
        "event_narrative": "Comanche Springs (COMA) Mesonet."
      },
      "geometry": {
        "type": "Point",
        "coordinates": [
          -99.96,
          33.99
        ]
      }
    },
    {
      "type": "Feature",
      "id": "iem-lsr-OUN-159",
      "properties": {
        "report_id": "iem-lsr-OUN-159",
        "report_type": "TSTM WND DMG",
        "event_category": "thunderstorm_wind",
        "valid_utc": "202604180454",
        "county_or_zone": "Garvin",
        "city": "5.5 S Maysville",
        "state": "OK",
        "magnitude": null,
        "magnitude_units": null,
        "source": "Public",
        "event_narrative": "200 pound well house lid blown off (Facebook report). Time estimated from radar."
      },
      "geometry": {
        "type": "Point",
        "coordinates": [
          -97.41,
          34.74
        ]
      }
    },
    {
      "type": "Feature",
      "id": "iem-lsr-OUN-160",
      "properties": {
        "report_id": "iem-lsr-OUN-160",
        "report_type": "TSTM WND GST",
        "event_category": "thunderstorm_wind",
        "valid_utc": "202604180455",
        "county_or_zone": "Cotton",
        "city": "4 NW Walters",
        "state": "OK",
        "magnitude": 63.0,
        "magnitude_units": null,
        "source": "Mesonet",
        "event_narrative": "Walters (WAL2) Mesonet."
      },
      "geometry": {
        "type": "Point",
        "coordinates": [
          -98.35,
          34.4
        ]
      }
    },
    {
      "type": "Feature",
      "id": "iem-lsr-OUN-161",
      "properties": {
        "report_id": "iem-lsr-OUN-161",
        "report_type": "NON-TSTM WND GST",
        "event_category": "thunderstorm_wind",
        "valid_utc": "202604180457",
        "county_or_zone": "Washita",
        "city": "2 W Burns Flat",
        "state": "OK",
        "magnitude": 59.0,
        "magnitude_units": null,
        "source": "ASOS",
        "event_narrative": "KCSM."
      },
      "geometry": {
        "type": "Point",
        "coordinates": [
          -99.2,
          35.36
        ]
      }
    },
    {
      "type": "Feature",
      "id": "iem-lsr-OUN-162",
      "properties": {
        "report_id": "iem-lsr-OUN-162",
        "report_type": "TSTM WND GST",
        "event_category": "thunderstorm_wind",
        "valid_utc": "202604180500",
        "county_or_zone": "Comanche",
        "city": "4 SSW Lawton",
        "state": "OK",
        "magnitude": 63.0,
        "magnitude_units": null,
        "source": "ASOS",
        "event_narrative": "KLAW."
      },
      "geometry": {
        "type": "Point",
        "coordinates": [
          -98.42,
          34.56
        ]
      }
    },
    {
      "type": "Feature",
      "id": "iem-lsr-OUN-163",
      "properties": {
        "report_id": "iem-lsr-OUN-163",
        "report_type": "TSTM WND DMG",
        "event_category": "thunderstorm_wind",
        "valid_utc": "202604180524",
        "county_or_zone": "Wichita",
        "city": "2 WNW Iowa Park",
        "state": "TX",
        "magnitude": null,
        "magnitude_units": null,
        "source": "Emergency Mngr",
        "event_narrative": "Two semi-trailers blown over on Hwy 287 near Iowa Park between 12AM and 12:30AM. Time based on radar."
      },
      "geometry": {
        "type": "Point",
        "coordinates": [
          -98.7,
          33.96
        ]
      }
    },
    {
      "type": "Feature",
      "id": "iem-lsr-OUN-164",
      "properties": {
        "report_id": "iem-lsr-OUN-164",
        "report_type": "TSTM WND DMG",
        "event_category": "thunderstorm_wind",
        "valid_utc": "202604180524",
        "county_or_zone": "Wichita",
        "city": "5 E Iowa Park",
        "state": "TX",
        "magnitude": null,
        "magnitude_units": null,
        "source": "Trained Spotter",
        "event_narrative": "Large tree down. Twitter report with video. Time estimated from radar."
      },
      "geometry": {
        "type": "Point",
        "coordinates": [
          -98.6,
          33.92
        ]
      }
    },
    {
      "type": "Feature",
      "id": "iem-lsr-OUN-165",
      "properties": {
        "report_id": "iem-lsr-OUN-165",
        "report_type": "TSTM WND GST",
        "event_category": "thunderstorm_wind",
        "valid_utc": "202604180539",
        "county_or_zone": "Wichita",
        "city": "1 ENE Sheppard Afb",
        "state": "TX",
        "magnitude": 59.0,
        "magnitude_units": null,
        "source": "ASOS",
        "event_narrative": "KSPS."
      },
      "geometry": {
        "type": "Point",
        "coordinates": [
          -98.49,
          33.98
        ]
      }
    },
    {
      "type": "Feature",
      "id": "iem-lsr-OUN-166",
      "properties": {
        "report_id": "iem-lsr-OUN-166",
        "report_type": "TSTM WND GST",
        "event_category": "thunderstorm_wind",
        "valid_utc": "202604180635",
        "county_or_zone": "Marshall",
        "city": "4 NNW Lebanon",
        "state": "OK",
        "magnitude": 63.0,
        "magnitude_units": null,
        "source": "Mesonet",
        "event_narrative": "Madill (MADI) Mesonet."
      },
      "geometry": {
        "type": "Point",
        "coordinates": [
          -96.94,
          34.04
        ]
      }
    },
    {
      "type": "Feature",
      "id": "iem-lsr-OUN-167",
      "properties": {
        "report_id": "iem-lsr-OUN-167",
        "report_type": "HAIL",
        "event_category": "hail",
        "valid_utc": "202604180935",
        "county_or_zone": "Bryan",
        "city": "Bennington",
        "state": "OK",
        "magnitude": 1.75,
        "magnitude_units": null,
        "source": "Public",
        "event_narrative": "Relayed from WFO TSA."
      },
      "geometry": {
        "type": "Point",
        "coordinates": [
          -96.04,
          34.0
        ]
      }
    },
    {
      "type": "Feature",
      "id": "iem-lsr-OUN-168",
      "properties": {
        "report_id": "iem-lsr-OUN-168",
        "report_type": "HAIL",
        "event_category": "hail",
        "valid_utc": "202604232315",
        "county_or_zone": "Grant",
        "city": "3 S Renfrow",
        "state": "OK",
        "magnitude": 2.5,
        "magnitude_units": null,
        "source": "Broadcast Media",
        "event_narrative": null
      },
      "geometry": {
        "type": "Point",
        "coordinates": [
          -97.66,
          36.88
        ]
      }
    },
    {
      "type": "Feature",
      "id": "iem-lsr-OUN-169",
      "properties": {
        "report_id": "iem-lsr-OUN-169",
        "report_type": "HAIL",
        "event_category": "hail",
        "valid_utc": "202604232320",
        "county_or_zone": "Grant",
        "city": "5 NW Deer Creek",
        "state": "OK",
        "magnitude": 2.75,
        "magnitude_units": null,
        "source": "Broadcast Media",
        "event_narrative": null
      },
      "geometry": {
        "type": "Point",
        "coordinates": [
          -97.58,
          36.86
        ]
      }
    },
    {
      "type": "Feature",
      "id": "iem-lsr-OUN-170",
      "properties": {
        "report_id": "iem-lsr-OUN-170",
        "report_type": "HAIL",
        "event_category": "hail",
        "valid_utc": "202604232322",
        "county_or_zone": "Grant",
        "city": "5 S Renfrow",
        "state": "OK",
        "magnitude": 2.0,
        "magnitude_units": null,
        "source": "Public",
        "event_narrative": "Report from mPING: Hen Egg (2.00 in.)."
      },
      "geometry": {
        "type": "Point",
        "coordinates": [
          -97.65,
          36.85
        ]
      }
    },
    {
      "type": "Feature",
      "id": "iem-lsr-OUN-171",
      "properties": {
        "report_id": "iem-lsr-OUN-171",
        "report_type": "HAIL",
        "event_category": "hail",
        "valid_utc": "202604232338",
        "county_or_zone": "Kay",
        "city": "6 W Braman",
        "state": "OK",
        "magnitude": 1.75,
        "magnitude_units": null,
        "source": "Public",
        "event_narrative": "Report from mPING: Golf Ball (1.75 in.)."
      },
      "geometry": {
        "type": "Point",
        "coordinates": [
          -97.45,
          36.9
        ]
      }
    },
    {
      "type": "Feature",
      "id": "iem-lsr-OUN-172",
      "properties": {
        "report_id": "iem-lsr-OUN-172",
        "report_type": "TORNADO",
        "event_category": "tornado",
        "valid_utc": "202604232342",
        "county_or_zone": "Grant",
        "city": "6 ESE Renfrow",
        "state": "OK",
        "magnitude": null,
        "magnitude_units": null,
        "source": "Broadcast Media",
        "event_narrative": "tornado is ongoing at 6:46 pm."
      },
      "geometry": {
        "type": "Point",
        "coordinates": [
          -97.56,
          36.89
        ]
      }
    },
    {
      "type": "Feature",
      "id": "iem-lsr-OUN-173",
      "properties": {
        "report_id": "iem-lsr-OUN-173",
        "report_type": "TORNADO",
        "event_category": "tornado",
        "valid_utc": "202604232342",
        "county_or_zone": "Grant",
        "city": "6 ESE Renfrow",
        "state": "OK",
        "magnitude": null,
        "magnitude_units": null,
        "source": "Broadcast Media",
        "event_narrative": "Tornado is ongoing at 6:46 pm."
      },
      "geometry": {
        "type": "Point",
        "coordinates": [
          -97.56,
          36.89
        ]
      }
    },
    {
      "type": "Feature",
      "id": "iem-lsr-OUN-174",
      "properties": {
        "report_id": "iem-lsr-OUN-174",
        "report_type": "HAIL",
        "event_category": "hail",
        "valid_utc": "202604232356",
        "county_or_zone": "Kay",
        "city": "6 W Braman",
        "state": "OK",
        "magnitude": 3.0,
        "magnitude_units": null,
        "source": "Broadcast Media",
        "event_narrative": null
      },
      "geometry": {
        "type": "Point",
        "coordinates": [
          -97.44,
          36.92
        ]
      }
    },
    {
      "type": "Feature",
      "id": "iem-lsr-OUN-175",
      "properties": {
        "report_id": "iem-lsr-OUN-175",
        "report_type": "TORNADO",
        "event_category": "tornado",
        "valid_utc": "202604240004",
        "county_or_zone": "Kay",
        "city": "4 NNE Nardin",
        "state": "OK",
        "magnitude": null,
        "magnitude_units": null,
        "source": "Broadcast Media",
        "event_narrative": null
      },
      "geometry": {
        "type": "Point",
        "coordinates": [
          -97.41,
          36.86
        ]
      }
    },
    {
      "type": "Feature",
      "id": "iem-lsr-OUN-176",
      "properties": {
        "report_id": "iem-lsr-OUN-176",
        "report_type": "TORNADO",
        "event_category": "tornado",
        "valid_utc": "202604240004",
        "county_or_zone": "Kay",
        "city": "5 WSW Braman",
        "state": "OK",
        "magnitude": null,
        "magnitude_units": null,
        "source": "Broadcast Media",
        "event_narrative": null
      },
      "geometry": {
        "type": "Point",
        "coordinates": [
          -97.41,
          36.86
        ]
      }
    },
    {
      "type": "Feature",
      "id": "iem-lsr-OUN-177",
      "properties": {
        "report_id": "iem-lsr-OUN-177",
        "report_type": "TORNADO",
        "event_category": "tornado",
        "valid_utc": "202604240004",
        "county_or_zone": "Kay",
        "city": "5 wsw of Braman",
        "state": "OK",
        "magnitude": null,
        "magnitude_units": null,
        "source": "Broadcast Media",
        "event_narrative": "Corrects previous tornado report from 4 NNE Nardin."
      },
      "geometry": {
        "type": "Point",
        "coordinates": [
          -97.41,
          36.86
        ]
      }
    },
    {
      "type": "Feature",
      "id": "iem-lsr-OUN-178",
      "properties": {
        "report_id": "iem-lsr-OUN-178",
        "report_type": "TORNADO",
        "event_category": "tornado",
        "valid_utc": "202604240007",
        "county_or_zone": "Kay",
        "city": "4 SW Braman",
        "state": "OK",
        "magnitude": null,
        "magnitude_units": null,
        "source": "Broadcast Media",
        "event_narrative": "Tornado as well as a satellite tornado."
      },
      "geometry": {
        "type": "Point",
        "coordinates": [
          -97.39,
          36.88
        ]
      }
    },
    {
      "type": "Feature",
      "id": "iem-lsr-OUN-179",
      "properties": {
        "report_id": "iem-lsr-OUN-179",
        "report_type": "TORNADO",
        "event_category": "tornado",
        "valid_utc": "202604240007",
        "county_or_zone": "Kay",
        "city": "4 WSW Braman",
        "state": "OK",
        "magnitude": null,
        "magnitude_units": null,
        "source": "Broadcast Media",
        "event_narrative": "Corrects previous tornado report from 4 SW Braman. Tornado as well as a satellite tornado."
      },
      "geometry": {
        "type": "Point",
        "coordinates": [
          -97.39,
          36.88
        ]
      }
    },
    {
      "type": "Feature",
      "id": "iem-lsr-OUN-180",
      "properties": {
        "report_id": "iem-lsr-OUN-180",
        "report_type": "TORNADO",
        "event_category": "tornado",
        "valid_utc": "202604240007",
        "county_or_zone": "Kay",
        "city": "4 WSW Braman",
        "state": "OK",
        "magnitude": null,
        "magnitude_units": null,
        "source": "Broadcast Media",
        "event_narrative": "Tornado as well as a satellite tornado."
      },
      "geometry": {
        "type": "Point",
        "coordinates": [
          -97.39,
          36.88
        ]
      }
    },
    {
      "type": "Feature",
      "id": "iem-lsr-OUN-181",
      "properties": {
        "report_id": "iem-lsr-OUN-181",
        "report_type": "HAIL",
        "event_category": "hail",
        "valid_utc": "202604240015",
        "county_or_zone": "Kay",
        "city": "4 W Braman",
        "state": "OK",
        "magnitude": 3.75,
        "magnitude_units": null,
        "source": "Public",
        "event_narrative": "Report from mPING: Grapefruit- (3.75 in.)."
      },
      "geometry": {
        "type": "Point",
        "coordinates": [
          -97.41,
          36.93
        ]
      }
    },
    {
      "type": "Feature",
      "id": "iem-lsr-OUN-182",
      "properties": {
        "report_id": "iem-lsr-OUN-182",
        "report_type": "HAIL",
        "event_category": "hail",
        "valid_utc": "202604240048",
        "county_or_zone": "Grant",
        "city": "Pond Creek",
        "state": "OK",
        "magnitude": 1.0,
        "magnitude_units": null,
        "source": "Emergency Mngr",
        "event_narrative": null
      },
      "geometry": {
        "type": "Point",
        "coordinates": [
          -97.8,
          36.67
        ]
      }
    },
    {
      "type": "Feature",
      "id": "iem-lsr-OUN-183",
      "properties": {
        "report_id": "iem-lsr-OUN-183",
        "report_type": "TSTM WND GST",
        "event_category": "thunderstorm_wind",
        "valid_utc": "202604240111",
        "county_or_zone": "Garfield",
        "city": "Vance Air Force Base",
        "state": "OK",
        "magnitude": 107.0,
        "magnitude_units": null,
        "source": "AWOS",
        "event_narrative": null
      },
      "geometry": {
        "type": "Point",
        "coordinates": [
          -97.88,
          36.36
        ]
      }
    },
    {
      "type": "Feature",
      "id": "iem-lsr-OUN-184",
      "properties": {
        "report_id": "iem-lsr-OUN-184",
        "report_type": "TORNADO",
        "event_category": "tornado",
        "valid_utc": "202604240111",
        "county_or_zone": "Garfield",
        "city": "2 SW Vance Air Force Ba",
        "state": "OK",
        "magnitude": null,
        "magnitude_units": null,
        "source": "Broadcast Media",
        "event_narrative": null
      },
      "geometry": {
        "type": "Point",
        "coordinates": [
          -97.92,
          36.33
        ]
      }
    },
    {
      "type": "Feature",
      "id": "iem-lsr-OUN-185",
      "properties": {
        "report_id": "iem-lsr-OUN-185",
        "report_type": "TORNADO",
        "event_category": "tornado",
        "valid_utc": "202604240112",
        "county_or_zone": "Kay",
        "city": "Newkirk",
        "state": "OK",
        "magnitude": null,
        "magnitude_units": null,
        "source": "Broadcast Media",
        "event_narrative": "Brief tornado."
      },
      "geometry": {
        "type": "Point",
        "coordinates": [
          -97.06,
          36.88
        ]
      }
    },
    {
      "type": "Feature",
      "id": "iem-lsr-OUN-186",
      "properties": {
        "report_id": "iem-lsr-OUN-186",
        "report_type": "HAIL",
        "event_category": "hail",
        "valid_utc": "202604240117",
        "county_or_zone": "Grant",
        "city": "6 N Hunter",
        "state": "OK",
        "magnitude": 1.25,
        "magnitude_units": null,
        "source": "Public",
        "event_narrative": "Report from mPING: Half Dollar (1.25 in.)."
      },
      "geometry": {
        "type": "Point",
        "coordinates": [
          -97.68,
          36.66
        ]
      }
    },
    {
      "type": "Feature",
      "id": "iem-lsr-OUN-187",
      "properties": {
        "report_id": "iem-lsr-OUN-187",
        "report_type": "HAIL",
        "event_category": "hail",
        "valid_utc": "202604240132",
        "county_or_zone": "Comanche",
        "city": "5 W Lawton",
        "state": "OK",
        "magnitude": 1.0,
        "magnitude_units": null,
        "source": "Public",
        "event_narrative": "Report from mPING: Quarter (1.00 in.)."
      },
      "geometry": {
        "type": "Point",
        "coordinates": [
          -98.49,
          34.61
        ]
      }
    },
    {
      "type": "Feature",
      "id": "iem-lsr-OUN-188",
      "properties": {
        "report_id": "iem-lsr-OUN-188",
        "report_type": "HAIL",
        "event_category": "hail",
        "valid_utc": "202604240133",
        "county_or_zone": "Grant",
        "city": "Lamont",
        "state": "OK",
        "magnitude": 1.0,
        "magnitude_units": null,
        "source": "Emergency Mngr",
        "event_narrative": null
      },
      "geometry": {
        "type": "Point",
        "coordinates": [
          -97.56,
          36.69
        ]
      }
    },
    {
      "type": "Feature",
      "id": "iem-lsr-OUN-189",
      "properties": {
        "report_id": "iem-lsr-OUN-189",
        "report_type": "HAIL",
        "event_category": "hail",
        "valid_utc": "202604240134",
        "county_or_zone": "Comanche",
        "city": "Lawton",
        "state": "OK",
        "magnitude": 1.0,
        "magnitude_units": null,
        "source": "Public",
        "event_narrative": null
      },
      "geometry": {
        "type": "Point",
        "coordinates": [
          -98.39,
          34.61
        ]
      }
    },
    {
      "type": "Feature",
      "id": "iem-lsr-OUN-190",
      "properties": {
        "report_id": "iem-lsr-OUN-190",
        "report_type": "HAIL",
        "event_category": "hail",
        "valid_utc": "202604240137",
        "county_or_zone": "Comanche",
        "city": "3 NE Lawton",
        "state": "OK",
        "magnitude": 1.0,
        "magnitude_units": null,
        "source": "Public",
        "event_narrative": "Report from mPING: Quarter (1.00 in.)."
      },
      "geometry": {
        "type": "Point",
        "coordinates": [
          -98.35,
          34.63
        ]
      }
    },
    {
      "type": "Feature",
      "id": "iem-lsr-OUN-191",
      "properties": {
        "report_id": "iem-lsr-OUN-191",
        "report_type": "HAIL",
        "event_category": "hail",
        "valid_utc": "202604240235",
        "county_or_zone": "Garfield",
        "city": "1 E Douglas",
        "state": "OK",
        "magnitude": 2.75,
        "magnitude_units": null,
        "source": "Emergency Mngr",
        "event_narrative": null
      },
      "geometry": {
        "type": "Point",
        "coordinates": [
          -97.65,
          36.26
        ]
      }
    },
    {
      "type": "Feature",
      "id": "iem-lsr-OUN-192",
      "properties": {
        "report_id": "iem-lsr-OUN-192",
        "report_type": "TSTM WND GST",
        "event_category": "thunderstorm_wind",
        "valid_utc": "202604240235",
        "county_or_zone": "Garfield",
        "city": "1 E Douglas",
        "state": "OK",
        "magnitude": 65.0,
        "magnitude_units": null,
        "source": "Emergency Mngr",
        "event_narrative": null
      },
      "geometry": {
        "type": "Point",
        "coordinates": [
          -97.65,
          36.26
        ]
      }
    },
    {
      "type": "Feature",
      "id": "iem-lsr-OUN-193",
      "properties": {
        "report_id": "iem-lsr-OUN-193",
        "report_type": "HAIL",
        "event_category": "hail",
        "valid_utc": "202604240320",
        "county_or_zone": "Noble",
        "city": "5 N Orlando",
        "state": "OK",
        "magnitude": 1.75,
        "magnitude_units": null,
        "source": "Public",
        "event_narrative": "Report from mPING: Golf Ball (1.75 in.)."
      },
      "geometry": {
        "type": "Point",
        "coordinates": [
          -97.37,
          36.22
        ]
      }
    },
    {
      "type": "Feature",
      "id": "iem-lsr-OUN-194",
      "properties": {
        "report_id": "iem-lsr-OUN-194",
        "report_type": "HAIL",
        "event_category": "hail",
        "valid_utc": "202604240402",
        "county_or_zone": "Noble",
        "city": "4 SW Morrison",
        "state": "OK",
        "magnitude": 1.75,
        "magnitude_units": null,
        "source": "Public",
        "event_narrative": "Report from mPING: Golf Ball (1.75 in.)."
      },
      "geometry": {
        "type": "Point",
        "coordinates": [
          -97.07,
          36.25
        ]
      }
    },
    {
      "type": "Feature",
      "id": "iem-lsr-OUN-195",
      "properties": {
        "report_id": "iem-lsr-OUN-195",
        "report_type": "HAIL",
        "event_category": "hail",
        "valid_utc": "202604240451",
        "county_or_zone": "Payne",
        "city": "5 SW Morrison",
        "state": "OK",
        "magnitude": 1.0,
        "magnitude_units": null,
        "source": "Trained Spotter",
        "event_narrative": null
      },
      "geometry": {
        "type": "Point",
        "coordinates": [
          -97.08,
          36.24
        ]
      }
    },
    {
      "type": "Feature",
      "id": "iem-lsr-OUN-196",
      "properties": {
        "report_id": "iem-lsr-OUN-196",
        "report_type": "HAIL",
        "event_category": "hail",
        "valid_utc": "202604241924",
        "county_or_zone": "Seminole",
        "city": "Konawa",
        "state": "OK",
        "magnitude": 1.0,
        "magnitude_units": null,
        "source": "Public",
        "event_narrative": "Report from mPING: Quarter (1.00 in.)."
      },
      "geometry": {
        "type": "Point",
        "coordinates": [
          -96.76,
          34.96
        ]
      }
    },
    {
      "type": "Feature",
      "id": "iem-lsr-OUN-197",
      "properties": {
        "report_id": "iem-lsr-OUN-197",
        "report_type": "HAIL",
        "event_category": "hail",
        "valid_utc": "202604241926",
        "county_or_zone": "Cleveland",
        "city": "6 N Rosedale",
        "state": "OK",
        "magnitude": 1.0,
        "magnitude_units": null,
        "source": "Public",
        "event_narrative": "Report from mPING: Quarter (1.00 in.)."
      },
      "geometry": {
        "type": "Point",
        "coordinates": [
          -97.19,
          35.0
        ]
      }
    },
    {
      "type": "Feature",
      "id": "iem-lsr-OUN-198",
      "properties": {
        "report_id": "iem-lsr-OUN-198",
        "report_type": "HAIL",
        "event_category": "hail",
        "valid_utc": "202604241938",
        "county_or_zone": "Seminole",
        "city": "Konawa",
        "state": "OK",
        "magnitude": 1.75,
        "magnitude_units": null,
        "source": "Public",
        "event_narrative": "Report from mPING: Golf Ball (1.75 in.)."
      },
      "geometry": {
        "type": "Point",
        "coordinates": [
          -96.75,
          34.96
        ]
      }
    },
    {
      "type": "Feature",
      "id": "iem-lsr-OUN-199",
      "properties": {
        "report_id": "iem-lsr-OUN-199",
        "report_type": "HAIL",
        "event_category": "hail",
        "valid_utc": "202604241938",
        "county_or_zone": "Seminole",
        "city": "Konawa",
        "state": "OK",
        "magnitude": 2.5,
        "magnitude_units": null,
        "source": "Storm Chaser",
        "event_narrative": "."
      },
      "geometry": {
        "type": "Point",
        "coordinates": [
          -96.75,
          34.96
        ]
      }
    },
    {
      "type": "Feature",
      "id": "iem-lsr-OUN-200",
      "properties": {
        "report_id": "iem-lsr-OUN-200",
        "report_type": "HAIL",
        "event_category": "hail",
        "valid_utc": "202604241942",
        "county_or_zone": "Seminole",
        "city": "1 S Konawa",
        "state": "OK",
        "magnitude": 2.25,
        "magnitude_units": null,
        "source": "Public",
        "event_narrative": "Report from mPING: Hen Egg+ (2.25 in.)."
      },
      "geometry": {
        "type": "Point",
        "coordinates": [
          -96.75,
          34.95
        ]
      }
    },
    {
      "type": "Feature",
      "id": "iem-lsr-OUN-201",
      "properties": {
        "report_id": "iem-lsr-OUN-201",
        "report_type": "HAIL",
        "event_category": "hail",
        "valid_utc": "202604241945",
        "county_or_zone": "Garvin",
        "city": "6 W Antioch",
        "state": "OK",
        "magnitude": 1.75,
        "magnitude_units": null,
        "source": "Public",
        "event_narrative": "Social Media."
      },
      "geometry": {
        "type": "Point",
        "coordinates": [
          -97.52,
          34.72
        ]
      }
    },
    {
      "type": "Feature",
      "id": "iem-lsr-OUN-202",
      "properties": {
        "report_id": "iem-lsr-OUN-202",
        "report_type": "HAIL",
        "event_category": "hail",
        "valid_utc": "202604241954",
        "county_or_zone": "Seminole",
        "city": "4 E Konawa",
        "state": "OK",
        "magnitude": 1.5,
        "magnitude_units": null,
        "source": "Public",
        "event_narrative": "Report from mPING: Ping Pong Ball (1.50 in.)."
      },
      "geometry": {
        "type": "Point",
        "coordinates": [
          -96.68,
          34.94
        ]
      }
    },
    {
      "type": "Feature",
      "id": "iem-lsr-OUN-203",
      "properties": {
        "report_id": "iem-lsr-OUN-203",
        "report_type": "HAIL",
        "event_category": "hail",
        "valid_utc": "202604242008",
        "county_or_zone": "Pontotoc",
        "city": "8 NNE Vanoss",
        "state": "OK",
        "magnitude": 1.25,
        "magnitude_units": null,
        "source": "Emergency Mngr",
        "event_narrative": null
      },
      "geometry": {
        "type": "Point",
        "coordinates": [
          -96.84,
          34.87
        ]
      }
    },
    {
      "type": "Feature",
      "id": "iem-lsr-OUN-204",
      "properties": {
        "report_id": "iem-lsr-OUN-204",
        "report_type": "HAIL",
        "event_category": "hail",
        "valid_utc": "202604242015",
        "county_or_zone": "Pontotoc",
        "city": "8 NNE Vanoss",
        "state": "OK",
        "magnitude": 1.75,
        "magnitude_units": null,
        "source": "Emergency Mngr",
        "event_narrative": null
      },
      "geometry": {
        "type": "Point",
        "coordinates": [
          -96.84,
          34.87
        ]
      }
    },
    {
      "type": "Feature",
      "id": "iem-lsr-OUN-205",
      "properties": {
        "report_id": "iem-lsr-OUN-205",
        "report_type": "HAIL",
        "event_category": "hail",
        "valid_utc": "202604242017",
        "county_or_zone": "Garvin",
        "city": "3 S Antioch",
        "state": "OK",
        "magnitude": 1.25,
        "magnitude_units": null,
        "source": "Public",
        "event_narrative": "Report from mPING: Half Dollar (1.25 in.)."
      },
      "geometry": {
        "type": "Point",
        "coordinates": [
          -97.41,
          34.68
        ]
      }
    },
    {
      "type": "Feature",
      "id": "iem-lsr-OUN-206",
      "properties": {
        "report_id": "iem-lsr-OUN-206",
        "report_type": "HAIL",
        "event_category": "hail",
        "valid_utc": "202604242030",
        "county_or_zone": "Garvin",
        "city": "Elmore City",
        "state": "OK",
        "magnitude": 1.5,
        "magnitude_units": null,
        "source": "Storm Chaser",
        "event_narrative": null
      },
      "geometry": {
        "type": "Point",
        "coordinates": [
          -97.4,
          34.62
        ]
      }
    },
    {
      "type": "Feature",
      "id": "iem-lsr-OUN-207",
      "properties": {
        "report_id": "iem-lsr-OUN-207",
        "report_type": "HAIL",
        "event_category": "hail",
        "valid_utc": "202604242040",
        "county_or_zone": "Pontotoc",
        "city": "2 NNW Ada",
        "state": "OK",
        "magnitude": 1.0,
        "magnitude_units": null,
        "source": "Tribal Leader",
        "event_narrative": null
      },
      "geometry": {
        "type": "Point",
        "coordinates": [
          -96.67,
          34.8
        ]
      }
    },
    {
      "type": "Feature",
      "id": "iem-lsr-OUN-208",
      "properties": {
        "report_id": "iem-lsr-OUN-208",
        "report_type": "HAIL",
        "event_category": "hail",
        "valid_utc": "202604242045",
        "county_or_zone": "Pontotoc",
        "city": "6 WNW Ada",
        "state": "OK",
        "magnitude": 1.0,
        "magnitude_units": null,
        "source": "Emergency Mngr",
        "event_narrative": null
      },
      "geometry": {
        "type": "Point",
        "coordinates": [
          -96.76,
          34.81
        ]
      }
    },
    {
      "type": "Feature",
      "id": "iem-lsr-OUN-209",
      "properties": {
        "report_id": "iem-lsr-OUN-209",
        "report_type": "TSTM WND DMG",
        "event_category": "thunderstorm_wind",
        "valid_utc": "202604242045",
        "county_or_zone": "Pontotoc",
        "city": "4 SW Allen",
        "state": "OK",
        "magnitude": null,
        "magnitude_units": null,
        "source": "Emergency Mngr",
        "event_narrative": "Wind damage from 8 miles ESE of Francis to 8 miles SW of Allen. Debris in roadway as well as trees down along the path."
      },
      "geometry": {
        "type": "Point",
        "coordinates": [
          -96.46,
          34.83
        ]
      }
    },
    {
      "type": "Feature",
      "id": "iem-lsr-OUN-210",
      "properties": {
        "report_id": "iem-lsr-OUN-210",
        "report_type": "HAIL",
        "event_category": "hail",
        "valid_utc": "202604242051",
        "county_or_zone": "Pontotoc",
        "city": "1 NE Ada",
        "state": "OK",
        "magnitude": 1.0,
        "magnitude_units": null,
        "source": "Emergency Mngr",
        "event_narrative": null
      },
      "geometry": {
        "type": "Point",
        "coordinates": [
          -96.65,
          34.79
        ]
      }
    },
    {
      "type": "Feature",
      "id": "iem-lsr-OUN-211",
      "properties": {
        "report_id": "iem-lsr-OUN-211",
        "report_type": "HAIL",
        "event_category": "hail",
        "valid_utc": "202604242055",
        "county_or_zone": "Pontotoc",
        "city": "Ada",
        "state": "OK",
        "magnitude": 1.75,
        "magnitude_units": null,
        "source": "Public",
        "event_narrative": null
      },
      "geometry": {
        "type": "Point",
        "coordinates": [
          -96.66,
          34.78
        ]
      }
    },
    {
      "type": "Feature",
      "id": "iem-lsr-OUN-212",
      "properties": {
        "report_id": "iem-lsr-OUN-212",
        "report_type": "HAIL",
        "event_category": "hail",
        "valid_utc": "202604242103",
        "county_or_zone": "Pontotoc",
        "city": "1 SSE Ada",
        "state": "OK",
        "magnitude": 1.75,
        "magnitude_units": null,
        "source": "Public",
        "event_narrative": null
      },
      "geometry": {
        "type": "Point",
        "coordinates": [
          -96.65,
          34.76
        ]
      }
    },
    {
      "type": "Feature",
      "id": "iem-lsr-OUN-213",
      "properties": {
        "report_id": "iem-lsr-OUN-213",
        "report_type": "HAIL",
        "event_category": "hail",
        "valid_utc": "202604242131",
        "county_or_zone": "Murray",
        "city": "4 W Sulphur",
        "state": "OK",
        "magnitude": 2.5,
        "magnitude_units": null,
        "source": "Emergency Mngr",
        "event_narrative": null
      },
      "geometry": {
        "type": "Point",
        "coordinates": [
          -97.04,
          34.52
        ]
      }
    },
    {
      "type": "Feature",
      "id": "iem-lsr-OUN-214",
      "properties": {
        "report_id": "iem-lsr-OUN-214",
        "report_type": "HAIL",
        "event_category": "hail",
        "valid_utc": "202604242137",
        "county_or_zone": "Murray",
        "city": "2 NW Sulphur",
        "state": "OK",
        "magnitude": 2.5,
        "magnitude_units": null,
        "source": "Public",
        "event_narrative": null
      },
      "geometry": {
        "type": "Point",
        "coordinates": [
          -97.0,
          34.53
        ]
      }
    },
    {
      "type": "Feature",
      "id": "iem-lsr-OUN-215",
      "properties": {
        "report_id": "iem-lsr-OUN-215",
        "report_type": "HAIL",
        "event_category": "hail",
        "valid_utc": "202604242144",
        "county_or_zone": "Murray",
        "city": "1 SSE Scullin",
        "state": "OK",
        "magnitude": 1.0,
        "magnitude_units": null,
        "source": "Emergency Mngr",
        "event_narrative": null
      },
      "geometry": {
        "type": "Point",
        "coordinates": [
          -96.86,
          34.51
        ]
      }
    },
    {
      "type": "Feature",
      "id": "iem-lsr-OUN-216",
      "properties": {
        "report_id": "iem-lsr-OUN-216",
        "report_type": "HAIL",
        "event_category": "hail",
        "valid_utc": "202604242147",
        "county_or_zone": "Murray",
        "city": "2 NW Scullin",
        "state": "OK",
        "magnitude": 1.0,
        "magnitude_units": null,
        "source": "Public",
        "event_narrative": "Report from mPING: Quarter (1.00 in.)."
      },
      "geometry": {
        "type": "Point",
        "coordinates": [
          -96.89,
          34.54
        ]
      }
    },
    {
      "type": "Feature",
      "id": "iem-lsr-OUN-217",
      "properties": {
        "report_id": "iem-lsr-OUN-217",
        "report_type": "HAIL",
        "event_category": "hail",
        "valid_utc": "202604242216",
        "county_or_zone": "Johnston",
        "city": "Connerville",
        "state": "OK",
        "magnitude": 1.0,
        "magnitude_units": null,
        "source": "Emergency Mngr",
        "event_narrative": null
      },
      "geometry": {
        "type": "Point",
        "coordinates": [
          -96.63,
          34.45
        ]
      }
    },
    {
      "type": "Feature",
      "id": "iem-lsr-OUN-218",
      "properties": {
        "report_id": "iem-lsr-OUN-218",
        "report_type": "HAIL",
        "event_category": "hail",
        "valid_utc": "202604242246",
        "county_or_zone": "Johnston",
        "city": "1 S Wapanucka",
        "state": "OK",
        "magnitude": 1.5,
        "magnitude_units": null,
        "source": "Public",
        "event_narrative": "Report from mPING: Ping Pong Ball (1.50 in.)."
      },
      "geometry": {
        "type": "Point",
        "coordinates": [
          -96.42,
          34.36
        ]
      }
    },
    {
      "type": "Feature",
      "id": "iem-lsr-OUN-219",
      "properties": {
        "report_id": "iem-lsr-OUN-219",
        "report_type": "HAIL",
        "event_category": "hail",
        "valid_utc": "202604242247",
        "county_or_zone": "Johnston",
        "city": "Bromide",
        "state": "OK",
        "magnitude": 1.0,
        "magnitude_units": null,
        "source": "Emergency Mngr",
        "event_narrative": null
      },
      "geometry": {
        "type": "Point",
        "coordinates": [
          -96.5,
          34.42
        ]
      }
    },
    {
      "type": "Feature",
      "id": "iem-lsr-OUN-220",
      "properties": {
        "report_id": "iem-lsr-OUN-220",
        "report_type": "HAIL",
        "event_category": "hail",
        "valid_utc": "202604242250",
        "county_or_zone": "Atoka",
        "city": "Daisy",
        "state": "OK",
        "magnitude": 1.75,
        "magnitude_units": null,
        "source": "Emergency Mngr",
        "event_narrative": null
      },
      "geometry": {
        "type": "Point",
        "coordinates": [
          -95.74,
          34.54
        ]
      }
    },
    {
      "type": "Feature",
      "id": "iem-lsr-OUN-221",
      "properties": {
        "report_id": "iem-lsr-OUN-221",
        "report_type": "HAIL",
        "event_category": "hail",
        "valid_utc": "202604242251",
        "county_or_zone": "Johnston",
        "city": "Wapanucka",
        "state": "OK",
        "magnitude": 2.5,
        "magnitude_units": null,
        "source": "Public",
        "event_narrative": "Report from mPING: Tennis Ball (2.50 in.)."
      },
      "geometry": {
        "type": "Point",
        "coordinates": [
          -96.42,
          34.37
        ]
      }
    },
    {
      "type": "Feature",
      "id": "iem-lsr-OUN-222",
      "properties": {
        "report_id": "iem-lsr-OUN-222",
        "report_type": "HAIL",
        "event_category": "hail",
        "valid_utc": "202604242254",
        "county_or_zone": "Johnston",
        "city": "Wapanucka",
        "state": "OK",
        "magnitude": 1.5,
        "magnitude_units": null,
        "source": "Emergency Mngr",
        "event_narrative": null
      },
      "geometry": {
        "type": "Point",
        "coordinates": [
          -96.43,
          34.37
        ]
      }
    },
    {
      "type": "Feature",
      "id": "iem-lsr-OUN-223",
      "properties": {
        "report_id": "iem-lsr-OUN-223",
        "report_type": "HAIL",
        "event_category": "hail",
        "valid_utc": "202604242255",
        "county_or_zone": "Johnston",
        "city": "Tishomingo",
        "state": "OK",
        "magnitude": 1.0,
        "magnitude_units": null,
        "source": "Emergency Mngr",
        "event_narrative": null
      },
      "geometry": {
        "type": "Point",
        "coordinates": [
          -96.68,
          34.23
        ]
      }
    },
    {
      "type": "Feature",
      "id": "iem-lsr-OUN-224",
      "properties": {
        "report_id": "iem-lsr-OUN-224",
        "report_type": "HAIL",
        "event_category": "hail",
        "valid_utc": "202604242314",
        "county_or_zone": "Johnston",
        "city": "Tishomingo",
        "state": "OK",
        "magnitude": 1.75,
        "magnitude_units": null,
        "source": "Emergency Mngr",
        "event_narrative": null
      },
      "geometry": {
        "type": "Point",
        "coordinates": [
          -96.68,
          34.23
        ]
      }
    },
    {
      "type": "Feature",
      "id": "iem-lsr-OUN-225",
      "properties": {
        "report_id": "iem-lsr-OUN-225",
        "report_type": "HAIL",
        "event_category": "hail",
        "valid_utc": "202604242325",
        "county_or_zone": "Johnston",
        "city": "2 SSE Milburn",
        "state": "OK",
        "magnitude": 2.75,
        "magnitude_units": null,
        "source": "Emergency Mngr",
        "event_narrative": null
      },
      "geometry": {
        "type": "Point",
        "coordinates": [
          -96.54,
          34.21
        ]
      }
    },
    {
      "type": "Feature",
      "id": "iem-lsr-OUN-226",
      "properties": {
        "report_id": "iem-lsr-OUN-226",
        "report_type": "HAIL",
        "event_category": "hail",
        "valid_utc": "202604242329",
        "county_or_zone": "Atoka",
        "city": "4 NNW Bentley",
        "state": "OK",
        "magnitude": 1.75,
        "magnitude_units": null,
        "source": "Storm Chaser",
        "event_narrative": null
      },
      "geometry": {
        "type": "Point",
        "coordinates": [
          -96.11,
          34.26
        ]
      }
    },
    {
      "type": "Feature",
      "id": "iem-lsr-OUN-227",
      "properties": {
        "report_id": "iem-lsr-OUN-227",
        "report_type": "HAIL",
        "event_category": "hail",
        "valid_utc": "202604242330",
        "county_or_zone": "Bryan",
        "city": "2 S Kenefic",
        "state": "OK",
        "magnitude": 1.75,
        "magnitude_units": null,
        "source": "Public",
        "event_narrative": "Report from mPING: Golf Ball (1.75 in.)."
      },
      "geometry": {
        "type": "Point",
        "coordinates": [
          -96.37,
          34.12
        ]
      }
    },
    {
      "type": "Feature",
      "id": "iem-lsr-OUN-228",
      "properties": {
        "report_id": "iem-lsr-OUN-228",
        "report_type": "HAIL",
        "event_category": "hail",
        "valid_utc": "202604242331",
        "county_or_zone": "Johnston",
        "city": "1 E Nida",
        "state": "OK",
        "magnitude": 2.5,
        "magnitude_units": null,
        "source": "Trained Spotter",
        "event_narrative": null
      },
      "geometry": {
        "type": "Point",
        "coordinates": [
          -96.48,
          34.14
        ]
      }
    },
    {
      "type": "Feature",
      "id": "iem-lsr-OUN-229",
      "properties": {
        "report_id": "iem-lsr-OUN-229",
        "report_type": "HAIL",
        "event_category": "hail",
        "valid_utc": "202604242333",
        "county_or_zone": "Atoka",
        "city": "Bentley",
        "state": "OK",
        "magnitude": 1.5,
        "magnitude_units": null,
        "source": "Emergency Mngr",
        "event_narrative": null
      },
      "geometry": {
        "type": "Point",
        "coordinates": [
          -96.08,
          34.22
        ]
      }
    },
    {
      "type": "Feature",
      "id": "iem-lsr-OUN-230",
      "properties": {
        "report_id": "iem-lsr-OUN-230",
        "report_type": "HAIL",
        "event_category": "hail",
        "valid_utc": "202604242335",
        "county_or_zone": "Johnston",
        "city": "4 NW Kenefic",
        "state": "OK",
        "magnitude": 1.0,
        "magnitude_units": null,
        "source": "Public",
        "event_narrative": "Report from mPING: Quarter (1.00 in.)."
      },
      "geometry": {
        "type": "Point",
        "coordinates": [
          -96.41,
          34.18
        ]
      }
    },
    {
      "type": "Feature",
      "id": "iem-lsr-OUN-231",
      "properties": {
        "report_id": "iem-lsr-OUN-231",
        "report_type": "HAIL",
        "event_category": "hail",
        "valid_utc": "202604242341",
        "county_or_zone": "Atoka",
        "city": "2 W Kenefic",
        "state": "OK",
        "magnitude": 1.25,
        "magnitude_units": null,
        "source": "Public",
        "event_narrative": "Report from mPING: Half Dollar (1.25 in.)."
      },
      "geometry": {
        "type": "Point",
        "coordinates": [
          -96.39,
          34.16
        ]
      }
    },
    {
      "type": "Feature",
      "id": "iem-lsr-OUN-232",
      "properties": {
        "report_id": "iem-lsr-OUN-232",
        "report_type": "HAIL",
        "event_category": "hail",
        "valid_utc": "202604242350",
        "county_or_zone": "Bryan",
        "city": "2 N Armstrong",
        "state": "OK",
        "magnitude": 1.0,
        "magnitude_units": null,
        "source": "Trained Spotter",
        "event_narrative": null
      },
      "geometry": {
        "type": "Point",
        "coordinates": [
          -96.34,
          34.08
        ]
      }
    },
    {
      "type": "Feature",
      "id": "iem-lsr-OUN-233",
      "properties": {
        "report_id": "iem-lsr-OUN-233",
        "report_type": "HAIL",
        "event_category": "hail",
        "valid_utc": "202604242352",
        "county_or_zone": "Bryan",
        "city": "3 NNE Armstrong",
        "state": "OK",
        "magnitude": 1.0,
        "magnitude_units": null,
        "source": "Emergency Mngr",
        "event_narrative": null
      },
      "geometry": {
        "type": "Point",
        "coordinates": [
          -96.32,
          34.09
        ]
      }
    },
    {
      "type": "Feature",
      "id": "iem-lsr-OUN-234",
      "properties": {
        "report_id": "iem-lsr-OUN-234",
        "report_type": "HAIL",
        "event_category": "hail",
        "valid_utc": "202604250055",
        "county_or_zone": "Comanche",
        "city": "Geronimo",
        "state": "OK",
        "magnitude": 1.75,
        "magnitude_units": null,
        "source": "Trained Spotter",
        "event_narrative": null
      },
      "geometry": {
        "type": "Point",
        "coordinates": [
          -98.38,
          34.48
        ]
      }
    },
    {
      "type": "Feature",
      "id": "iem-lsr-OUN-235",
      "properties": {
        "report_id": "iem-lsr-OUN-235",
        "report_type": "HAIL",
        "event_category": "hail",
        "valid_utc": "202604250055",
        "county_or_zone": "Comanche",
        "city": "Geronimo",
        "state": "OK",
        "magnitude": 2.5,
        "magnitude_units": null,
        "source": "Emergency Mngr",
        "event_narrative": null
      },
      "geometry": {
        "type": "Point",
        "coordinates": [
          -98.38,
          34.48
        ]
      }
    },
    {
      "type": "Feature",
      "id": "iem-lsr-OUN-236",
      "properties": {
        "report_id": "iem-lsr-OUN-236",
        "report_type": "HAIL",
        "event_category": "hail",
        "valid_utc": "202604252225",
        "county_or_zone": "Wichita",
        "city": "2 WSW Wichita Falls",
        "state": "TX",
        "magnitude": 1.0,
        "magnitude_units": null,
        "source": "Amateur Radio",
        "event_narrative": null
      },
      "geometry": {
        "type": "Point",
        "coordinates": [
          -98.52,
          33.9
        ]
      }
    },
    {
      "type": "Feature",
      "id": "iem-lsr-OUN-237",
      "properties": {
        "report_id": "iem-lsr-OUN-237",
        "report_type": "HAIL",
        "event_category": "hail",
        "valid_utc": "202604252230",
        "county_or_zone": "Wichita",
        "city": "4 NNW Lakeside City",
        "state": "TX",
        "magnitude": 1.0,
        "magnitude_units": null,
        "source": "Broadcast Media",
        "event_narrative": null
      },
      "geometry": {
        "type": "Point",
        "coordinates": [
          -98.58,
          33.87
        ]
      }
    },
    {
      "type": "Feature",
      "id": "iem-lsr-OUN-238",
      "properties": {
        "report_id": "iem-lsr-OUN-238",
        "report_type": "HAIL",
        "event_category": "hail",
        "valid_utc": "202604252242",
        "county_or_zone": "Archer",
        "city": "5 SE Holliday",
        "state": "TX",
        "magnitude": 2.0,
        "magnitude_units": null,
        "source": "Trained Spotter",
        "event_narrative": null
      },
      "geometry": {
        "type": "Point",
        "coordinates": [
          -98.62,
          33.77
        ]
      }
    },
    {
      "type": "Feature",
      "id": "iem-lsr-OUN-239",
      "properties": {
        "report_id": "iem-lsr-OUN-239",
        "report_type": "HAIL",
        "event_category": "hail",
        "valid_utc": "202604252248",
        "county_or_zone": "Wichita",
        "city": "2 NW Lakeside City",
        "state": "TX",
        "magnitude": 1.0,
        "magnitude_units": null,
        "source": "Public",
        "event_narrative": "Report from mPING: Quarter (1.00 in.)."
      },
      "geometry": {
        "type": "Point",
        "coordinates": [
          -98.58,
          33.85
        ]
      }
    },
    {
      "type": "Feature",
      "id": "iem-lsr-OUN-240",
      "properties": {
        "report_id": "iem-lsr-OUN-240",
        "report_type": "FLASH FLOOD",
        "event_category": "flooding",
        "valid_utc": "202604252249",
        "county_or_zone": "Wichita",
        "city": "4 NW Lakeside City",
        "state": "TX",
        "magnitude": null,
        "magnitude_units": null,
        "source": "Public",
        "event_narrative": "Report from mPING: Street/road flooding; Street/road closed; Vehicles stranded."
      },
      "geometry": {
        "type": "Point",
        "coordinates": [
          -98.59,
          33.87
        ]
      }
    },
    {
      "type": "Feature",
      "id": "iem-lsr-OUN-241",
      "properties": {
        "report_id": "iem-lsr-OUN-241",
        "report_type": "HAIL",
        "event_category": "hail",
        "valid_utc": "202604252250",
        "county_or_zone": "Archer",
        "city": "6 SSW Lakeside City",
        "state": "TX",
        "magnitude": 3.0,
        "magnitude_units": null,
        "source": "Storm Chaser",
        "event_narrative": null
      },
      "geometry": {
        "type": "Point",
        "coordinates": [
          -98.6,
          33.75
        ]
      }
    },
    {
      "type": "Feature",
      "id": "iem-lsr-OUN-242",
      "properties": {
        "report_id": "iem-lsr-OUN-242",
        "report_type": "HAIL",
        "event_category": "hail",
        "valid_utc": "202604252252",
        "county_or_zone": "Pontotoc",
        "city": "5 N Vanoss",
        "state": "OK",
        "magnitude": 1.75,
        "magnitude_units": null,
        "source": "Broadcast Media",
        "event_narrative": null
      },
      "geometry": {
        "type": "Point",
        "coordinates": [
          -96.86,
          34.84
        ]
      }
    },
    {
      "type": "Feature",
      "id": "iem-lsr-OUN-243",
      "properties": {
        "report_id": "iem-lsr-OUN-243",
        "report_type": "HAIL",
        "event_category": "hail",
        "valid_utc": "202604252254",
        "county_or_zone": "Wichita",
        "city": "4 NE Lakeside City",
        "state": "TX",
        "magnitude": 1.0,
        "magnitude_units": null,
        "source": "Public",
        "event_narrative": "Report from mPING: Quarter (1.00 in.)."
      },
      "geometry": {
        "type": "Point",
        "coordinates": [
          -98.49,
          33.86
        ]
      }
    },
    {
      "type": "Feature",
      "id": "iem-lsr-OUN-244",
      "properties": {
        "report_id": "iem-lsr-OUN-244",
        "report_type": "HAIL",
        "event_category": "hail",
        "valid_utc": "202604252256",
        "county_or_zone": "Archer",
        "city": "1 E Lakeside City",
        "state": "TX",
        "magnitude": 1.5,
        "magnitude_units": null,
        "source": "Amateur Radio",
        "event_narrative": null
      },
      "geometry": {
        "type": "Point",
        "coordinates": [
          -98.53,
          33.83
        ]
      }
    },
    {
      "type": "Feature",
      "id": "iem-lsr-OUN-245",
      "properties": {
        "report_id": "iem-lsr-OUN-245",
        "report_type": "TORNADO",
        "event_category": "tornado",
        "valid_utc": "202604252302",
        "county_or_zone": "Archer",
        "city": "8 N Archer City",
        "state": "TX",
        "magnitude": null,
        "magnitude_units": null,
        "source": "Broadcast Media",
        "event_narrative": null
      },
      "geometry": {
        "type": "Point",
        "coordinates": [
          -98.61,
          33.71
        ]
      }
    },
    {
      "type": "Feature",
      "id": "iem-lsr-OUN-246",
      "properties": {
        "report_id": "iem-lsr-OUN-246",
        "report_type": "HAIL",
        "event_category": "hail",
        "valid_utc": "202604252304",
        "county_or_zone": "Wichita",
        "city": "1 NE Lakeside City",
        "state": "TX",
        "magnitude": 1.75,
        "magnitude_units": null,
        "source": "Public",
        "event_narrative": "Report from mPING: Golf Ball (1.75 in.)."
      },
      "geometry": {
        "type": "Point",
        "coordinates": [
          -98.53,
          33.84
        ]
      }
    },
    {
      "type": "Feature",
      "id": "iem-lsr-OUN-247",
      "properties": {
        "report_id": "iem-lsr-OUN-247",
        "report_type": "HAIL",
        "event_category": "hail",
        "valid_utc": "202604252305",
        "county_or_zone": "Stephens",
        "city": "3 S Corum",
        "state": "OK",
        "magnitude": 1.0,
        "magnitude_units": null,
        "source": "Public",
        "event_narrative": "Report from mPING: Quarter (1.00 in.)."
      },
      "geometry": {
        "type": "Point",
        "coordinates": [
          -98.1,
          34.33
        ]
      }
    },
    {
      "type": "Feature",
      "id": "iem-lsr-OUN-248",
      "properties": {
        "report_id": "iem-lsr-OUN-248",
        "report_type": "HAIL",
        "event_category": "hail",
        "valid_utc": "202604252306",
        "county_or_zone": "Wichita",
        "city": "3 ENE Lakeside City",
        "state": "TX",
        "magnitude": 1.5,
        "magnitude_units": null,
        "source": "Trained Spotter",
        "event_narrative": "Time estimated."
      },
      "geometry": {
        "type": "Point",
        "coordinates": [
          -98.5,
          33.85
        ]
      }
    },
    {
      "type": "Feature",
      "id": "iem-lsr-OUN-249",
      "properties": {
        "report_id": "iem-lsr-OUN-249",
        "report_type": "HAIL",
        "event_category": "hail",
        "valid_utc": "202604252312",
        "county_or_zone": "Stephens",
        "city": "1 N Duncan",
        "state": "OK",
        "magnitude": 1.0,
        "magnitude_units": null,
        "source": "Public",
        "event_narrative": "Report from mPING: Quarter (1.00 in.)."
      },
      "geometry": {
        "type": "Point",
        "coordinates": [
          -97.96,
          34.52
        ]
      }
    },
    {
      "type": "Feature",
      "id": "iem-lsr-OUN-250",
      "properties": {
        "report_id": "iem-lsr-OUN-250",
        "report_type": "HAIL",
        "event_category": "hail",
        "valid_utc": "202604252312",
        "county_or_zone": "Stephens",
        "city": "1 NNE Duncan",
        "state": "OK",
        "magnitude": 1.0,
        "magnitude_units": null,
        "source": "Emergency Mngr",
        "event_narrative": null
      },
      "geometry": {
        "type": "Point",
        "coordinates": [
          -97.95,
          34.52
        ]
      }
    },
    {
      "type": "Feature",
      "id": "iem-lsr-OUN-251",
      "properties": {
        "report_id": "iem-lsr-OUN-251",
        "report_type": "HAIL",
        "event_category": "hail",
        "valid_utc": "202604252313",
        "county_or_zone": "Stephens",
        "city": "2 S Comanche",
        "state": "OK",
        "magnitude": 1.0,
        "magnitude_units": null,
        "source": "Public",
        "event_narrative": "Report from mPING: Quarter (1.00 in.)."
      },
      "geometry": {
        "type": "Point",
        "coordinates": [
          -97.98,
          34.34
        ]
      }
    },
    {
      "type": "Feature",
      "id": "iem-lsr-OUN-252",
      "properties": {
        "report_id": "iem-lsr-OUN-252",
        "report_type": "HAIL",
        "event_category": "hail",
        "valid_utc": "202604252313",
        "county_or_zone": "Stephens",
        "city": "1 N Duncan",
        "state": "OK",
        "magnitude": 1.25,
        "magnitude_units": null,
        "source": "Public",
        "event_narrative": "Report from mPING: Half Dollar (1.25 in.)."
      },
      "geometry": {
        "type": "Point",
        "coordinates": [
          -97.96,
          34.52
        ]
      }
    },
    {
      "type": "Feature",
      "id": "iem-lsr-OUN-253",
      "properties": {
        "report_id": "iem-lsr-OUN-253",
        "report_type": "HAIL",
        "event_category": "hail",
        "valid_utc": "202604252317",
        "county_or_zone": "Archer",
        "city": "1 S Lakeside City",
        "state": "TX",
        "magnitude": 2.0,
        "magnitude_units": null,
        "source": "Public",
        "event_narrative": "Report from mPING: Hen Egg (2.00 in.)."
      },
      "geometry": {
        "type": "Point",
        "coordinates": [
          -98.55,
          33.81
        ]
      }
    },
    {
      "type": "Feature",
      "id": "iem-lsr-OUN-254",
      "properties": {
        "report_id": "iem-lsr-OUN-254",
        "report_type": "HAIL",
        "event_category": "hail",
        "valid_utc": "202604252318",
        "county_or_zone": "Clay",
        "city": "6 NW Lake Arrowhead",
        "state": "TX",
        "magnitude": 1.0,
        "magnitude_units": null,
        "source": "Public",
        "event_narrative": "Report from mPING: Quarter (1.00 in.)."
      },
      "geometry": {
        "type": "Point",
        "coordinates": [
          -98.42,
          33.79
        ]
      }
    },
    {
      "type": "Feature",
      "id": "iem-lsr-OUN-255",
      "properties": {
        "report_id": "iem-lsr-OUN-255",
        "report_type": "HAIL",
        "event_category": "hail",
        "valid_utc": "202604252318",
        "county_or_zone": "Clay",
        "city": "6 NW Lake Arrowhead",
        "state": "TX",
        "magnitude": 1.75,
        "magnitude_units": null,
        "source": "Public",
        "event_narrative": "Report from mPING: Golf Ball (1.75 in.)."
      },
      "geometry": {
        "type": "Point",
        "coordinates": [
          -98.42,
          33.79
        ]
      }
    },
    {
      "type": "Feature",
      "id": "iem-lsr-OUN-256",
      "properties": {
        "report_id": "iem-lsr-OUN-256",
        "report_type": "TORNADO",
        "event_category": "tornado",
        "valid_utc": "202604252318",
        "county_or_zone": "Archer",
        "city": "2 NW Scotland",
        "state": "TX",
        "magnitude": null,
        "magnitude_units": null,
        "source": "Storm Chaser",
        "event_narrative": "Social media report with image."
      },
      "geometry": {
        "type": "Point",
        "coordinates": [
          -98.5,
          33.68
        ]
      }
    },
    {
      "type": "Feature",
      "id": "iem-lsr-OUN-257",
      "properties": {
        "report_id": "iem-lsr-OUN-257",
        "report_type": "HAIL",
        "event_category": "hail",
        "valid_utc": "202604252333",
        "county_or_zone": "Pontotoc",
        "city": "1 E Ada",
        "state": "OK",
        "magnitude": 1.0,
        "magnitude_units": null,
        "source": "Public",
        "event_narrative": "Report from mPING: Quarter (1.00 in.)."
      },
      "geometry": {
        "type": "Point",
        "coordinates": [
          -96.63,
          34.78
        ]
      }
    },
    {
      "type": "Feature",
      "id": "iem-lsr-OUN-258",
      "properties": {
        "report_id": "iem-lsr-OUN-258",
        "report_type": "TORNADO",
        "event_category": "tornado",
        "valid_utc": "202604252346",
        "county_or_zone": "Clay",
        "city": "4 NE Windthorst",
        "state": "TX",
        "magnitude": null,
        "magnitude_units": null,
        "source": "Broadcast Media",
        "event_narrative": null
      },
      "geometry": {
        "type": "Point",
        "coordinates": [
          -98.39,
          33.62
        ]
      }
    },
    {
      "type": "Feature",
      "id": "iem-lsr-OUN-259",
      "properties": {
        "report_id": "iem-lsr-OUN-259",
        "report_type": "HAIL",
        "event_category": "hail",
        "valid_utc": "202604252348",
        "county_or_zone": "Pontotoc",
        "city": "1 W Ada",
        "state": "OK",
        "magnitude": 1.0,
        "magnitude_units": null,
        "source": "Public",
        "event_narrative": "Report from mPING: Quarter (1.00 in.)."
      },
      "geometry": {
        "type": "Point",
        "coordinates": [
          -96.67,
          34.78
        ]
      }
    },
    {
      "type": "Feature",
      "id": "iem-lsr-OUN-260",
      "properties": {
        "report_id": "iem-lsr-OUN-260",
        "report_type": "FLASH FLOOD",
        "event_category": "flooding",
        "valid_utc": "202604252352",
        "county_or_zone": "Pontotoc",
        "city": "2 W Ada",
        "state": "OK",
        "magnitude": null,
        "magnitude_units": null,
        "source": "Public",
        "event_narrative": "Report from mPING: Street/road flooding; Street/road closed; Vehicles stranded."
      },
      "geometry": {
        "type": "Point",
        "coordinates": [
          -96.69,
          34.77
        ]
      }
    },
    {
      "type": "Feature",
      "id": "iem-lsr-OUN-261",
      "properties": {
        "report_id": "iem-lsr-OUN-261",
        "report_type": "TORNADO",
        "event_category": "tornado",
        "valid_utc": "202604252353",
        "county_or_zone": "Clay",
        "city": "5 NE Windthorst",
        "state": "TX",
        "magnitude": null,
        "magnitude_units": null,
        "source": "Broadcast Media",
        "event_narrative": null
      },
      "geometry": {
        "type": "Point",
        "coordinates": [
          -98.36,
          33.62
        ]
      }
    },
    {
      "type": "Feature",
      "id": "iem-lsr-OUN-262",
      "properties": {
        "report_id": "iem-lsr-OUN-262",
        "report_type": "HAIL",
        "event_category": "hail",
        "valid_utc": "202604260019",
        "county_or_zone": "Stephens",
        "city": "7 W Foster",
        "state": "OK",
        "magnitude": 1.0,
        "magnitude_units": null,
        "source": "Public",
        "event_narrative": "Report from mPING: Quarter (1.00 in.)."
      },
      "geometry": {
        "type": "Point",
        "coordinates": [
          -97.6,
          34.65
        ]
      }
    },
    {
      "type": "Feature",
      "id": "iem-lsr-OUN-263",
      "properties": {
        "report_id": "iem-lsr-OUN-263",
        "report_type": "TORNADO",
        "event_category": "tornado",
        "valid_utc": "202604260019",
        "county_or_zone": "Clay",
        "city": "2 NNE Shannon",
        "state": "TX",
        "magnitude": null,
        "magnitude_units": null,
        "source": "Law Enforcement",
        "event_narrative": "Two tornadoes on the ground."
      },
      "geometry": {
        "type": "Point",
        "coordinates": [
          -98.24,
          33.5
        ]
      }
    },
    {
      "type": "Feature",
      "id": "iem-lsr-OUN-264",
      "properties": {
        "report_id": "iem-lsr-OUN-264",
        "report_type": "HAIL",
        "event_category": "hail",
        "valid_utc": "202604260021",
        "county_or_zone": "Garvin",
        "city": "8 NW Foster",
        "state": "OK",
        "magnitude": 1.0,
        "magnitude_units": null,
        "source": "Public",
        "event_narrative": "Report from mPING: Quarter (1.00 in.)."
      },
      "geometry": {
        "type": "Point",
        "coordinates": [
          -97.6,
          34.68
        ]
      }
    },
    {
      "type": "Feature",
      "id": "iem-lsr-OUN-265",
      "properties": {
        "report_id": "iem-lsr-OUN-265",
        "report_type": "FLASH FLOOD",
        "event_category": "flooding",
        "valid_utc": "202604260022",
        "county_or_zone": "Stephens",
        "city": "8 SE Cox City",
        "state": "OK",
        "magnitude": null,
        "magnitude_units": null,
        "source": "Public",
        "event_narrative": "Report from mPING: Street/road flooding; Street/road closed; Vehicles stranded."
      },
      "geometry": {
        "type": "Point",
        "coordinates": [
          -97.63,
          34.64
        ]
      }
    },
    {
      "type": "Feature",
      "id": "iem-lsr-OUN-266",
      "properties": {
        "report_id": "iem-lsr-OUN-266",
        "report_type": "TORNADO",
        "event_category": "tornado",
        "valid_utc": "202604260035",
        "county_or_zone": "Garvin",
        "city": "5 E Pauls Valley",
        "state": "OK",
        "magnitude": null,
        "magnitude_units": null,
        "source": "Storm Chaser",
        "event_narrative": "Social media report with image."
      },
      "geometry": {
        "type": "Point",
        "coordinates": [
          -97.13,
          34.73
        ]
      }
    },
    {
      "type": "Feature",
      "id": "iem-lsr-OUN-267",
      "properties": {
        "report_id": "iem-lsr-OUN-267",
        "report_type": "TORNADO",
        "event_category": "tornado",
        "valid_utc": "202604260049",
        "county_or_zone": "Pontotoc",
        "city": "4 ENE Hickory",
        "state": "OK",
        "magnitude": null,
        "magnitude_units": null,
        "source": "Broadcast Media",
        "event_narrative": null
      },
      "geometry": {
        "type": "Point",
        "coordinates": [
          -96.8,
          34.57
        ]
      }
    },
    {
      "type": "Feature",
      "id": "iem-lsr-OUN-268",
      "properties": {
        "report_id": "iem-lsr-OUN-268",
        "report_type": "TORNADO",
        "event_category": "tornado",
        "valid_utc": "202604260050",
        "county_or_zone": "Johnston",
        "city": "3 WNW Ravia",
        "state": "OK",
        "magnitude": null,
        "magnitude_units": null,
        "source": "Storm Chaser",
        "event_narrative": "Social media report with image."
      },
      "geometry": {
        "type": "Point",
        "coordinates": [
          -96.8,
          34.26
        ]
      }
    },
    {
      "type": "Feature",
      "id": "iem-lsr-OUN-269",
      "properties": {
        "report_id": "iem-lsr-OUN-269",
        "report_type": "TORNADO",
        "event_category": "tornado",
        "valid_utc": "202604260050",
        "county_or_zone": "Pontotoc",
        "city": "5 E Hickory",
        "state": "OK",
        "magnitude": null,
        "magnitude_units": null,
        "source": "Storm Chaser",
        "event_narrative": "Corrects previous report from 3WNW of Ravia. Social media report with image."
      },
      "geometry": {
        "type": "Point",
        "coordinates": [
          -96.77,
          34.55
        ]
      }
    },
    {
      "type": "Feature",
      "id": "iem-lsr-OUN-270",
      "properties": {
        "report_id": "iem-lsr-OUN-270",
        "report_type": "TORNADO",
        "event_category": "tornado",
        "valid_utc": "202604260053",
        "county_or_zone": "Garvin",
        "city": "5 E Pauls Valley",
        "state": "OK",
        "magnitude": null,
        "magnitude_units": null,
        "source": "Storm Chaser",
        "event_narrative": null
      },
      "geometry": {
        "type": "Point",
        "coordinates": [
          -97.14,
          34.73
        ]
      }
    },
    {
      "type": "Feature",
      "id": "iem-lsr-OUN-271",
      "properties": {
        "report_id": "iem-lsr-OUN-271",
        "report_type": "TORNADO",
        "event_category": "tornado",
        "valid_utc": "202604260100",
        "county_or_zone": "Johnston",
        "city": "5 ESE Reagan",
        "state": "OK",
        "magnitude": null,
        "magnitude_units": null,
        "source": "Storm Chaser",
        "event_narrative": "Social media report."
      },
      "geometry": {
        "type": "Point",
        "coordinates": [
          -96.63,
          34.33
        ]
      }
    },
    {
      "type": "Feature",
      "id": "iem-lsr-OUN-272",
      "properties": {
        "report_id": "iem-lsr-OUN-272",
        "report_type": "HAIL",
        "event_category": "hail",
        "valid_utc": "202604260106",
        "county_or_zone": "Garvin",
        "city": "2 E Elmore City",
        "state": "OK",
        "magnitude": 1.0,
        "magnitude_units": null,
        "source": "Public",
        "event_narrative": "Report from mPING: Quarter (1.00 in.)."
      },
      "geometry": {
        "type": "Point",
        "coordinates": [
          -97.37,
          34.62
        ]
      }
    },
    {
      "type": "Feature",
      "id": "iem-lsr-OUN-273",
      "properties": {
        "report_id": "iem-lsr-OUN-273",
        "report_type": "TORNADO",
        "event_category": "tornado",
        "valid_utc": "202604260114",
        "county_or_zone": "Johnston",
        "city": "4 SSE Mill Creek",
        "state": "OK",
        "magnitude": null,
        "magnitude_units": null,
        "source": "Trained Spotter",
        "event_narrative": null
      },
      "geometry": {
        "type": "Point",
        "coordinates": [
          -96.8,
          34.35
        ]
      }
    },
    {
      "type": "Feature",
      "id": "iem-lsr-OUN-274",
      "properties": {
        "report_id": "iem-lsr-OUN-274",
        "report_type": "HAIL",
        "event_category": "hail",
        "valid_utc": "202604260127",
        "county_or_zone": "Johnston",
        "city": "5 E Reagan",
        "state": "OK",
        "magnitude": 1.25,
        "magnitude_units": null,
        "source": "Trained Spotter",
        "event_narrative": null
      },
      "geometry": {
        "type": "Point",
        "coordinates": [
          -96.63,
          34.35
        ]
      }
    },
    {
      "type": "Feature",
      "id": "iem-lsr-OUN-275",
      "properties": {
        "report_id": "iem-lsr-OUN-275",
        "report_type": "HAIL",
        "event_category": "hail",
        "valid_utc": "202604260128",
        "county_or_zone": "Johnston",
        "city": "4 E Reagan",
        "state": "OK",
        "magnitude": 1.0,
        "magnitude_units": null,
        "source": "Public",
        "event_narrative": "Report from mPING: Quarter (1.00 in.)."
      },
      "geometry": {
        "type": "Point",
        "coordinates": [
          -96.65,
          34.35
        ]
      }
    },
    {
      "type": "Feature",
      "id": "iem-lsr-OUN-276",
      "properties": {
        "report_id": "iem-lsr-OUN-276",
        "report_type": "HAIL",
        "event_category": "hail",
        "valid_utc": "202604260133",
        "county_or_zone": "Johnston",
        "city": "1 NW Reagan",
        "state": "OK",
        "magnitude": 1.0,
        "magnitude_units": null,
        "source": "Public",
        "event_narrative": "Report from mPING: Quarter (1.00 in.)."
      },
      "geometry": {
        "type": "Point",
        "coordinates": [
          -96.73,
          34.36
        ]
      }
    },
    {
      "type": "Feature",
      "id": "iem-lsr-OUN-277",
      "properties": {
        "report_id": "iem-lsr-OUN-277",
        "report_type": "HAIL",
        "event_category": "hail",
        "valid_utc": "202604260222",
        "county_or_zone": "Johnston",
        "city": "Coleman",
        "state": "OK",
        "magnitude": 1.0,
        "magnitude_units": null,
        "source": "Emergency Mngr",
        "event_narrative": null
      },
      "geometry": {
        "type": "Point",
        "coordinates": [
          -96.42,
          34.27
        ]
      }
    },
    {
      "type": "Feature",
      "id": "iem-lsr-OUN-278",
      "properties": {
        "report_id": "iem-lsr-OUN-278",
        "report_type": "HAIL",
        "event_category": "hail",
        "valid_utc": "202604262208",
        "county_or_zone": "Wichita",
        "city": "2 NNW Iowa Park",
        "state": "TX",
        "magnitude": 1.0,
        "magnitude_units": null,
        "source": "Storm Chaser",
        "event_narrative": null
      },
      "geometry": {
        "type": "Point",
        "coordinates": [
          -98.69,
          33.98
        ]
      }
    },
    {
      "type": "Feature",
      "id": "iem-lsr-OUN-279",
      "properties": {
        "report_id": "iem-lsr-OUN-279",
        "report_type": "HAIL",
        "event_category": "hail",
        "valid_utc": "202604262211",
        "county_or_zone": "Wichita",
        "city": "1 WNW Iowa Park",
        "state": "TX",
        "magnitude": 1.5,
        "magnitude_units": null,
        "source": "Storm Chaser",
        "event_narrative": null
      },
      "geometry": {
        "type": "Point",
        "coordinates": [
          -98.68,
          33.96
        ]
      }
    },
    {
      "type": "Feature",
      "id": "iem-lsr-OUN-280",
      "properties": {
        "report_id": "iem-lsr-OUN-280",
        "report_type": "HAIL",
        "event_category": "hail",
        "valid_utc": "202604262211",
        "county_or_zone": "Wichita",
        "city": "2 NNW Iowa Park",
        "state": "TX",
        "magnitude": 1.75,
        "magnitude_units": null,
        "source": "Storm Chaser",
        "event_narrative": null
      },
      "geometry": {
        "type": "Point",
        "coordinates": [
          -98.69,
          33.98
        ]
      }
    },
    {
      "type": "Feature",
      "id": "iem-lsr-OUN-281",
      "properties": {
        "report_id": "iem-lsr-OUN-281",
        "report_type": "HAIL",
        "event_category": "hail",
        "valid_utc": "202604262219",
        "county_or_zone": "Wichita",
        "city": "2 NNW Iowa Park",
        "state": "TX",
        "magnitude": 3.0,
        "magnitude_units": null,
        "source": "Storm Chaser",
        "event_narrative": null
      },
      "geometry": {
        "type": "Point",
        "coordinates": [
          -98.69,
          33.98
        ]
      }
    },
    {
      "type": "Feature",
      "id": "iem-lsr-OUN-282",
      "properties": {
        "report_id": "iem-lsr-OUN-282",
        "report_type": "HAIL",
        "event_category": "hail",
        "valid_utc": "202604262235",
        "county_or_zone": "Wichita",
        "city": "3 N Pleasant Valley",
        "state": "TX",
        "magnitude": 1.0,
        "magnitude_units": null,
        "source": "Public",
        "event_narrative": "Report from mPING: Quarter (1.00 in.)."
      },
      "geometry": {
        "type": "Point",
        "coordinates": [
          -98.6,
          33.98
        ]
      }
    },
    {
      "type": "Feature",
      "id": "iem-lsr-OUN-283",
      "properties": {
        "report_id": "iem-lsr-OUN-283",
        "report_type": "HAIL",
        "event_category": "hail",
        "valid_utc": "202604262246",
        "county_or_zone": "Wichita",
        "city": "1 W Sheppard Afb",
        "state": "TX",
        "magnitude": 1.0,
        "magnitude_units": null,
        "source": "Public",
        "event_narrative": "Report from mPING: Quarter (1.00 in.)."
      },
      "geometry": {
        "type": "Point",
        "coordinates": [
          -98.52,
          33.98
        ]
      }
    },
    {
      "type": "Feature",
      "id": "iem-lsr-OUN-284",
      "properties": {
        "report_id": "iem-lsr-OUN-284",
        "report_type": "HAIL",
        "event_category": "hail",
        "valid_utc": "202604262246",
        "county_or_zone": "Wichita",
        "city": "1 W Sheppard Afb",
        "state": "TX",
        "magnitude": 1.75,
        "magnitude_units": null,
        "source": "Amateur Radio",
        "event_narrative": null
      },
      "geometry": {
        "type": "Point",
        "coordinates": [
          -98.53,
          33.98
        ]
      }
    },
    {
      "type": "Feature",
      "id": "iem-lsr-OUN-285",
      "properties": {
        "report_id": "iem-lsr-OUN-285",
        "report_type": "HAIL",
        "event_category": "hail",
        "valid_utc": "202604262253",
        "county_or_zone": "Cotton",
        "city": "6 WNW Walters",
        "state": "OK",
        "magnitude": 1.0,
        "magnitude_units": null,
        "source": "Storm Chaser",
        "event_narrative": null
      },
      "geometry": {
        "type": "Point",
        "coordinates": [
          -98.41,
          34.39
        ]
      }
    },
    {
      "type": "Feature",
      "id": "iem-lsr-OUN-286",
      "properties": {
        "report_id": "iem-lsr-OUN-286",
        "report_type": "HAIL",
        "event_category": "hail",
        "valid_utc": "202604262300",
        "county_or_zone": "Wichita",
        "city": "1 S Burkburnett",
        "state": "TX",
        "magnitude": 1.75,
        "magnitude_units": null,
        "source": "Emergency Mngr",
        "event_narrative": "Photo of large hail on the south side of Burkburnett."
      },
      "geometry": {
        "type": "Point",
        "coordinates": [
          -98.57,
          34.08
        ]
      }
    },
    {
      "type": "Feature",
      "id": "iem-lsr-OUN-287",
      "properties": {
        "report_id": "iem-lsr-OUN-287",
        "report_type": "HAIL",
        "event_category": "hail",
        "valid_utc": "202604262302",
        "county_or_zone": "Cotton",
        "city": "1 SE Devol",
        "state": "OK",
        "magnitude": 1.0,
        "magnitude_units": null,
        "source": "Public",
        "event_narrative": "Report from mPING: Quarter (1.00 in.)."
      },
      "geometry": {
        "type": "Point",
        "coordinates": [
          -98.58,
          34.18
        ]
      }
    },
    {
      "type": "Feature",
      "id": "iem-lsr-OUN-288",
      "properties": {
        "report_id": "iem-lsr-OUN-288",
        "report_type": "HAIL",
        "event_category": "hail",
        "valid_utc": "202604262308",
        "county_or_zone": "Wichita",
        "city": "1 SE Burkburnett",
        "state": "TX",
        "magnitude": 1.0,
        "magnitude_units": null,
        "source": "Public",
        "event_narrative": "Report from mPING: Quarter (1.00 in.)."
      },
      "geometry": {
        "type": "Point",
        "coordinates": [
          -98.56,
          34.07
        ]
      }
    },
    {
      "type": "Feature",
      "id": "iem-lsr-OUN-289",
      "properties": {
        "report_id": "iem-lsr-OUN-289",
        "report_type": "HAIL",
        "event_category": "hail",
        "valid_utc": "202604262313",
        "county_or_zone": "Comanche",
        "city": "6 N Hulen",
        "state": "OK",
        "magnitude": 1.75,
        "magnitude_units": null,
        "source": "Amateur Radio",
        "event_narrative": null
      },
      "geometry": {
        "type": "Point",
        "coordinates": [
          -98.21,
          34.59
        ]
      }
    },
    {
      "type": "Feature",
      "id": "iem-lsr-OUN-290",
      "properties": {
        "report_id": "iem-lsr-OUN-290",
        "report_type": "HAIL",
        "event_category": "hail",
        "valid_utc": "202604262314",
        "county_or_zone": "Comanche",
        "city": "4 E Lawton",
        "state": "OK",
        "magnitude": 1.0,
        "magnitude_units": null,
        "source": "Public",
        "event_narrative": "Report from mPING: Quarter (1.00 in.)."
      },
      "geometry": {
        "type": "Point",
        "coordinates": [
          -98.33,
          34.59
        ]
      }
    },
    {
      "type": "Feature",
      "id": "iem-lsr-OUN-291",
      "properties": {
        "report_id": "iem-lsr-OUN-291",
        "report_type": "HAIL",
        "event_category": "hail",
        "valid_utc": "202604262316",
        "county_or_zone": "Comanche",
        "city": "6 ENE Lawton",
        "state": "OK",
        "magnitude": 2.75,
        "magnitude_units": null,
        "source": "Trained Spotter",
        "event_narrative": null
      },
      "geometry": {
        "type": "Point",
        "coordinates": [
          -98.3,
          34.62
        ]
      }
    },
    {
      "type": "Feature",
      "id": "iem-lsr-OUN-292",
      "properties": {
        "report_id": "iem-lsr-OUN-292",
        "report_type": "HAIL",
        "event_category": "hail",
        "valid_utc": "202604262326",
        "county_or_zone": "Comanche",
        "city": "6 NW Central High",
        "state": "OK",
        "magnitude": 2.75,
        "magnitude_units": null,
        "source": "Amateur Radio",
        "event_narrative": null
      },
      "geometry": {
        "type": "Point",
        "coordinates": [
          -98.17,
          34.66
        ]
      }
    },
    {
      "type": "Feature",
      "id": "iem-lsr-OUN-293",
      "properties": {
        "report_id": "iem-lsr-OUN-293",
        "report_type": "HAIL",
        "event_category": "hail",
        "valid_utc": "202604262346",
        "county_or_zone": "Grady",
        "city": "Rush Springs",
        "state": "OK",
        "magnitude": 1.0,
        "magnitude_units": null,
        "source": "Trained Spotter",
        "event_narrative": "Report from mPING: Quarter (1.00 in.)."
      },
      "geometry": {
        "type": "Point",
        "coordinates": [
          -97.96,
          34.78
        ]
      }
    },
    {
      "type": "Feature",
      "id": "iem-lsr-OUN-294",
      "properties": {
        "report_id": "iem-lsr-OUN-294",
        "report_type": "HAIL",
        "event_category": "hail",
        "valid_utc": "202604270011",
        "county_or_zone": "Clay",
        "city": "5 N Dean",
        "state": "TX",
        "magnitude": 2.25,
        "magnitude_units": null,
        "source": "Public",
        "event_narrative": "Report from mPING: Hen Egg+ (2.25 in.)."
      },
      "geometry": {
        "type": "Point",
        "coordinates": [
          -98.36,
          34.02
        ]
      }
    },
    {
      "type": "Feature",
      "id": "iem-lsr-OUN-295",
      "properties": {
        "report_id": "iem-lsr-OUN-295",
        "report_type": "HAIL",
        "event_category": "hail",
        "valid_utc": "202604270015",
        "county_or_zone": "Clay",
        "city": "4 N Dean",
        "state": "TX",
        "magnitude": 1.75,
        "magnitude_units": null,
        "source": "Public",
        "event_narrative": "Report from mPING: Golf Ball (1.75 in.)."
      },
      "geometry": {
        "type": "Point",
        "coordinates": [
          -98.35,
          34.01
        ]
      }
    },
    {
      "type": "Feature",
      "id": "iem-lsr-OUN-296",
      "properties": {
        "report_id": "iem-lsr-OUN-296",
        "report_type": "HAIL",
        "event_category": "hail",
        "valid_utc": "202604270052",
        "county_or_zone": "Clay",
        "city": "1 NE Byers",
        "state": "TX",
        "magnitude": 1.0,
        "magnitude_units": null,
        "source": "Public",
        "event_narrative": "Report from mPING: Quarter (1.00 in.)."
      },
      "geometry": {
        "type": "Point",
        "coordinates": [
          -98.19,
          34.08
        ]
      }
    },
    {
      "type": "Feature",
      "id": "iem-lsr-OUN-297",
      "properties": {
        "report_id": "iem-lsr-OUN-297",
        "report_type": "HAIL",
        "event_category": "hail",
        "valid_utc": "202604281429",
        "county_or_zone": "Love",
        "city": "Leon",
        "state": "OK",
        "magnitude": 1.0,
        "magnitude_units": null,
        "source": "Emergency Mngr",
        "event_narrative": null
      },
      "geometry": {
        "type": "Point",
        "coordinates": [
          -97.43,
          33.88
        ]
      }
    },
    {
      "type": "Feature",
      "id": "iem-lsr-OUN-298",
      "properties": {
        "report_id": "iem-lsr-OUN-298",
        "report_type": "TSTM WND DMG",
        "event_category": "thunderstorm_wind",
        "valid_utc": "202604281453",
        "county_or_zone": "Murray",
        "city": "Davis",
        "state": "OK",
        "magnitude": null,
        "magnitude_units": null,
        "source": "Emergency Mngr",
        "event_narrative": "Limbs down and fence damage."
      },
      "geometry": {
        "type": "Point",
        "coordinates": [
          -97.12,
          34.5
        ]
      }
    },
    {
      "type": "Feature",
      "id": "iem-lsr-OUN-299",
      "properties": {
        "report_id": "iem-lsr-OUN-299",
        "report_type": "HAIL",
        "event_category": "hail",
        "valid_utc": "202604281500",
        "county_or_zone": "Cleveland",
        "city": "3 WNW Pink",
        "state": "OK",
        "magnitude": 1.0,
        "magnitude_units": null,
        "source": "Emergency Mngr",
        "event_narrative": null
      },
      "geometry": {
        "type": "Point",
        "coordinates": [
          -97.18,
          35.28
        ]
      }
    },
    {
      "type": "Feature",
      "id": "iem-lsr-OUN-300",
      "properties": {
        "report_id": "iem-lsr-OUN-300",
        "report_type": "HAIL",
        "event_category": "hail",
        "valid_utc": "202604281508",
        "county_or_zone": "Cleveland",
        "city": "1 S Stella",
        "state": "OK",
        "magnitude": 1.0,
        "magnitude_units": null,
        "source": "NWS Employee",
        "event_narrative": null
      },
      "geometry": {
        "type": "Point",
        "coordinates": [
          -97.21,
          35.3
        ]
      }
    },
    {
      "type": "Feature",
      "id": "iem-lsr-OUN-301",
      "properties": {
        "report_id": "iem-lsr-OUN-301",
        "report_type": "HAIL",
        "event_category": "hail",
        "valid_utc": "202604281516",
        "county_or_zone": "Pottawatomie",
        "city": "Dale",
        "state": "OK",
        "magnitude": 1.0,
        "magnitude_units": null,
        "source": "Emergency Mngr",
        "event_narrative": null
      },
      "geometry": {
        "type": "Point",
        "coordinates": [
          -97.05,
          35.39
        ]
      }
    },
    {
      "type": "Feature",
      "id": "iem-lsr-OUN-302",
      "properties": {
        "report_id": "iem-lsr-OUN-302",
        "report_type": "HAIL",
        "event_category": "hail",
        "valid_utc": "202604281518",
        "county_or_zone": "Pottawatomie",
        "city": "1 SW Dale",
        "state": "OK",
        "magnitude": 1.5,
        "magnitude_units": null,
        "source": "Broadcast Media",
        "event_narrative": null
      },
      "geometry": {
        "type": "Point",
        "coordinates": [
          -97.06,
          35.38
        ]
      }
    },
    {
      "type": "Feature",
      "id": "iem-lsr-OUN-303",
      "properties": {
        "report_id": "iem-lsr-OUN-303",
        "report_type": "HAIL",
        "event_category": "hail",
        "valid_utc": "202604281519",
        "county_or_zone": "Pottawatomie",
        "city": "1 W Dale",
        "state": "OK",
        "magnitude": 1.0,
        "magnitude_units": null,
        "source": "Public",
        "event_narrative": "Report from mPING: Quarter (1.00 in.)."
      },
      "geometry": {
        "type": "Point",
        "coordinates": [
          -97.06,
          35.39
        ]
      }
    },
    {
      "type": "Feature",
      "id": "iem-lsr-OUN-304",
      "properties": {
        "report_id": "iem-lsr-OUN-304",
        "report_type": "HAIL",
        "event_category": "hail",
        "valid_utc": "202604281524",
        "county_or_zone": "Pottawatomie",
        "city": "4 W Aydelotte",
        "state": "OK",
        "magnitude": 1.0,
        "magnitude_units": null,
        "source": "Emergency Mngr",
        "event_narrative": null
      },
      "geometry": {
        "type": "Point",
        "coordinates": [
          -96.98,
          35.45
        ]
      }
    },
    {
      "type": "Feature",
      "id": "iem-lsr-OUN-305",
      "properties": {
        "report_id": "iem-lsr-OUN-305",
        "report_type": "HAIL",
        "event_category": "hail",
        "valid_utc": "202604281828",
        "county_or_zone": "Archer",
        "city": "6 NW Scotland",
        "state": "TX",
        "magnitude": 1.0,
        "magnitude_units": null,
        "source": "Public",
        "event_narrative": "Report from mPING: Quarter (1.00 in.)."
      },
      "geometry": {
        "type": "Point",
        "coordinates": [
          -98.55,
          33.71
        ]
      }
    },
    {
      "type": "Feature",
      "id": "iem-lsr-OUN-306",
      "properties": {
        "report_id": "iem-lsr-OUN-306",
        "report_type": "HAIL",
        "event_category": "hail",
        "valid_utc": "202604281833",
        "county_or_zone": "Archer",
        "city": "6 NW Scotland",
        "state": "TX",
        "magnitude": 1.75,
        "magnitude_units": null,
        "source": "Public",
        "event_narrative": "Report from mPING: Golf Ball (1.75 in.)."
      },
      "geometry": {
        "type": "Point",
        "coordinates": [
          -98.55,
          33.71
        ]
      }
    },
    {
      "type": "Feature",
      "id": "iem-lsr-OUN-307",
      "properties": {
        "report_id": "iem-lsr-OUN-307",
        "report_type": "HAIL",
        "event_category": "hail",
        "valid_utc": "202604281835",
        "county_or_zone": "Archer",
        "city": "5 N Archer City",
        "state": "TX",
        "magnitude": 0.88,
        "magnitude_units": null,
        "source": "Amateur Radio",
        "event_narrative": null
      },
      "geometry": {
        "type": "Point",
        "coordinates": [
          -98.63,
          33.67
        ]
      }
    },
    {
      "type": "Feature",
      "id": "iem-lsr-OUN-308",
      "properties": {
        "report_id": "iem-lsr-OUN-308",
        "report_type": "HAIL",
        "event_category": "hail",
        "valid_utc": "202604281903",
        "county_or_zone": "Clay",
        "city": "2 SSW Lake Arrowhead",
        "state": "TX",
        "magnitude": 1.5,
        "magnitude_units": null,
        "source": "Emergency Mngr",
        "event_narrative": "Also reported large tree limb downed."
      },
      "geometry": {
        "type": "Point",
        "coordinates": [
          -98.38,
          33.68
        ]
      }
    },
    {
      "type": "Feature",
      "id": "iem-lsr-OUN-309",
      "properties": {
        "report_id": "iem-lsr-OUN-309",
        "report_type": "HAIL",
        "event_category": "hail",
        "valid_utc": "202604281918",
        "county_or_zone": "Murray",
        "city": "1 W Davis",
        "state": "OK",
        "magnitude": 1.0,
        "magnitude_units": null,
        "source": "Emergency Mngr",
        "event_narrative": null
      },
      "geometry": {
        "type": "Point",
        "coordinates": [
          -97.13,
          34.5
        ]
      }
    },
    {
      "type": "Feature",
      "id": "iem-lsr-OUN-310",
      "properties": {
        "report_id": "iem-lsr-OUN-310",
        "report_type": "HAIL",
        "event_category": "hail",
        "valid_utc": "202604281918",
        "county_or_zone": "Clay",
        "city": "3 W Bluegrove",
        "state": "TX",
        "magnitude": 2.5,
        "magnitude_units": null,
        "source": "Amateur Radio",
        "event_narrative": "Along highway 172 east of Scotland in Clay county."
      },
      "geometry": {
        "type": "Point",
        "coordinates": [
          -98.28,
          33.68
        ]
      }
    },
    {
      "type": "Feature",
      "id": "iem-lsr-OUN-311",
      "properties": {
        "report_id": "iem-lsr-OUN-311",
        "report_type": "HAIL",
        "event_category": "hail",
        "valid_utc": "202604281919",
        "county_or_zone": "Clay",
        "city": "4 SW Bluegrove",
        "state": "TX",
        "magnitude": 1.75,
        "magnitude_units": null,
        "source": "Amateur Radio",
        "event_narrative": null
      },
      "geometry": {
        "type": "Point",
        "coordinates": [
          -98.29,
          33.64
        ]
      }
    },
    {
      "type": "Feature",
      "id": "iem-lsr-OUN-312",
      "properties": {
        "report_id": "iem-lsr-OUN-312",
        "report_type": "HAIL",
        "event_category": "hail",
        "valid_utc": "202604281920",
        "county_or_zone": "Clay",
        "city": "5 S Henrietta",
        "state": "TX",
        "magnitude": 1.75,
        "magnitude_units": null,
        "source": "Public",
        "event_narrative": "Report from mPING: Golf Ball (1.75 in.)."
      },
      "geometry": {
        "type": "Point",
        "coordinates": [
          -98.17,
          33.74
        ]
      }
    },
    {
      "type": "Feature",
      "id": "iem-lsr-OUN-313",
      "properties": {
        "report_id": "iem-lsr-OUN-313",
        "report_type": "HAIL",
        "event_category": "hail",
        "valid_utc": "202604281922",
        "county_or_zone": "Garvin",
        "city": "7 WSW Stratford",
        "state": "OK",
        "magnitude": 2.5,
        "magnitude_units": null,
        "source": "Trained Spotter",
        "event_narrative": null
      },
      "geometry": {
        "type": "Point",
        "coordinates": [
          -97.07,
          34.74
        ]
      }
    },
    {
      "type": "Feature",
      "id": "iem-lsr-OUN-314",
      "properties": {
        "report_id": "iem-lsr-OUN-314",
        "report_type": "HAIL",
        "event_category": "hail",
        "valid_utc": "202604281926",
        "county_or_zone": "Garvin",
        "city": "Stratford",
        "state": "OK",
        "magnitude": 1.5,
        "magnitude_units": null,
        "source": "Emergency Mngr",
        "event_narrative": null
      },
      "geometry": {
        "type": "Point",
        "coordinates": [
          -96.96,
          34.79
        ]
      }
    },
    {
      "type": "Feature",
      "id": "iem-lsr-OUN-315",
      "properties": {
        "report_id": "iem-lsr-OUN-315",
        "report_type": "HAIL",
        "event_category": "hail",
        "valid_utc": "202604281927",
        "county_or_zone": "Garvin",
        "city": "Stratford",
        "state": "OK",
        "magnitude": 1.0,
        "magnitude_units": null,
        "source": "Public",
        "event_narrative": "Report from mPING: Quarter (1.00 in.)."
      },
      "geometry": {
        "type": "Point",
        "coordinates": [
          -96.96,
          34.8
        ]
      }
    },
    {
      "type": "Feature",
      "id": "iem-lsr-OUN-316",
      "properties": {
        "report_id": "iem-lsr-OUN-316",
        "report_type": "HAIL",
        "event_category": "hail",
        "valid_utc": "202604281928",
        "county_or_zone": "Murray",
        "city": "2 W Sulphur",
        "state": "OK",
        "magnitude": 1.75,
        "magnitude_units": null,
        "source": "Broadcast Media",
        "event_narrative": null
      },
      "geometry": {
        "type": "Point",
        "coordinates": [
          -97.01,
          34.51
        ]
      }
    },
    {
      "type": "Feature",
      "id": "iem-lsr-OUN-317",
      "properties": {
        "report_id": "iem-lsr-OUN-317",
        "report_type": "HAIL",
        "event_category": "hail",
        "valid_utc": "202604281932",
        "county_or_zone": "Clay",
        "city": "5 S Henrietta",
        "state": "TX",
        "magnitude": 1.75,
        "magnitude_units": null,
        "source": "Public",
        "event_narrative": "Report from mPING: Golf Ball (1.75 in.)."
      },
      "geometry": {
        "type": "Point",
        "coordinates": [
          -98.17,
          33.74
        ]
      }
    },
    {
      "type": "Feature",
      "id": "iem-lsr-OUN-318",
      "properties": {
        "report_id": "iem-lsr-OUN-318",
        "report_type": "HAIL",
        "event_category": "hail",
        "valid_utc": "202604281945",
        "county_or_zone": "Pontotoc",
        "city": "Byng",
        "state": "OK",
        "magnitude": 1.0,
        "magnitude_units": null,
        "source": "Public",
        "event_narrative": "Report from mPING: Quarter (1.00 in.)."
      },
      "geometry": {
        "type": "Point",
        "coordinates": [
          -96.66,
          34.87
        ]
      }
    },
    {
      "type": "Feature",
      "id": "iem-lsr-OUN-319",
      "properties": {
        "report_id": "iem-lsr-OUN-319",
        "report_type": "TORNADO",
        "event_category": "tornado",
        "valid_utc": "202604281949",
        "county_or_zone": "Clay",
        "city": "Vashti",
        "state": "TX",
        "magnitude": null,
        "magnitude_units": null,
        "source": "Trained Spotter",
        "event_narrative": null
      },
      "geometry": {
        "type": "Point",
        "coordinates": [
          -98.04,
          33.55
        ]
      }
    },
    {
      "type": "Feature",
      "id": "iem-lsr-OUN-320",
      "properties": {
        "report_id": "iem-lsr-OUN-320",
        "report_type": "TSTM WND DMG",
        "event_category": "thunderstorm_wind",
        "valid_utc": "202604282010",
        "county_or_zone": "Johnston",
        "city": "6 SW Bromide",
        "state": "OK",
        "magnitude": null,
        "magnitude_units": null,
        "source": "Emergency Mngr",
        "event_narrative": "14 power poles down along highway 7_ east of highway 377."
      },
      "geometry": {
        "type": "Point",
        "coordinates": [
          -96.58,
          34.36
        ]
      }
    },
    {
      "type": "Feature",
      "id": "iem-lsr-OUN-321",
      "properties": {
        "report_id": "iem-lsr-OUN-321",
        "report_type": "HAIL",
        "event_category": "hail",
        "valid_utc": "202604282013",
        "county_or_zone": "Hughes",
        "city": "1 E Holdenville",
        "state": "OK",
        "magnitude": 1.0,
        "magnitude_units": null,
        "source": "Emergency Mngr",
        "event_narrative": null
      },
      "geometry": {
        "type": "Point",
        "coordinates": [
          -96.38,
          35.09
        ]
      }
    },
    {
      "type": "Feature",
      "id": "iem-lsr-OUN-322",
      "properties": {
        "report_id": "iem-lsr-OUN-322",
        "report_type": "TSTM WND DMG",
        "event_category": "thunderstorm_wind",
        "valid_utc": "202604282015",
        "county_or_zone": "Johnston",
        "city": "5 E Reagan",
        "state": "OK",
        "magnitude": null,
        "magnitude_units": null,
        "source": "Emergency Mngr",
        "event_narrative": "Trees down and on a house at this location."
      },
      "geometry": {
        "type": "Point",
        "coordinates": [
          -96.64,
          34.36
        ]
      }
    },
    {
      "type": "Feature",
      "id": "iem-lsr-OUN-323",
      "properties": {
        "report_id": "iem-lsr-OUN-323",
        "report_type": "TSTM WND DMG",
        "event_category": "thunderstorm_wind",
        "valid_utc": "202604282015",
        "county_or_zone": "Johnston",
        "city": "6 SW Bromide",
        "state": "OK",
        "magnitude": null,
        "magnitude_units": null,
        "source": "Emergency Mngr",
        "event_narrative": "Lots of tree damage and powerlines down along a stretch from Hwy 377 east along Hwy 7 and Wylie road."
      },
      "geometry": {
        "type": "Point",
        "coordinates": [
          -96.58,
          34.36
        ]
      }
    },
    {
      "type": "Feature",
      "id": "iem-lsr-OUN-324",
      "properties": {
        "report_id": "iem-lsr-OUN-324",
        "report_type": "TSTM WND DMG",
        "event_category": "thunderstorm_wind",
        "valid_utc": "202604282020",
        "county_or_zone": "Johnston",
        "city": "4 NW Fillmore",
        "state": "OK",
        "magnitude": null,
        "magnitude_units": null,
        "source": "Emergency Mngr",
        "event_narrative": "A large metal outbuilding was destroyed and a home received damage to exterior siding. Time estimated by radar."
      },
      "geometry": {
        "type": "Point",
        "coordinates": [
          -96.55,
          34.3
        ]
      }
    },
    {
      "type": "Feature",
      "id": "iem-lsr-OUN-325",
      "properties": {
        "report_id": "iem-lsr-OUN-325",
        "report_type": "TSTM WND DMG",
        "event_category": "thunderstorm_wind",
        "valid_utc": "202604282026",
        "county_or_zone": "Johnston",
        "city": "2 NNW Coleman",
        "state": "OK",
        "magnitude": null,
        "magnitude_units": null,
        "source": "Emergency Mngr",
        "event_narrative": "Structural damage to a home. Time estimated from radar."
      },
      "geometry": {
        "type": "Point",
        "coordinates": [
          -96.43,
          34.29
        ]
      }
    },
    {
      "type": "Feature",
      "id": "iem-lsr-OUN-326",
      "properties": {
        "report_id": "iem-lsr-OUN-326",
        "report_type": "TSTM WND GST",
        "event_category": "thunderstorm_wind",
        "valid_utc": "202604282029",
        "county_or_zone": "Johnston",
        "city": "5 SW Bromide",
        "state": "OK",
        "magnitude": 70.0,
        "magnitude_units": null,
        "source": "Emergency Mngr",
        "event_narrative": null
      },
      "geometry": {
        "type": "Point",
        "coordinates": [
          -96.55,
          34.36
        ]
      }
    },
    {
      "type": "Feature",
      "id": "iem-lsr-OUN-327",
      "properties": {
        "report_id": "iem-lsr-OUN-327",
        "report_type": "TSTM WND DMG",
        "event_category": "thunderstorm_wind",
        "valid_utc": "202604282030",
        "county_or_zone": "Johnston",
        "city": "Wapanucka",
        "state": "OK",
        "magnitude": null,
        "magnitude_units": null,
        "source": "Emergency Mngr",
        "event_narrative": "A power pole was blown onto a building at Wapanucka High School. Time estimated by radar."
      },
      "geometry": {
        "type": "Point",
        "coordinates": [
          -96.42,
          34.37
        ]
      }
    },
    {
      "type": "Feature",
      "id": "iem-lsr-OUN-328",
      "properties": {
        "report_id": "iem-lsr-OUN-328",
        "report_type": "HAIL",
        "event_category": "hail",
        "valid_utc": "202604282038",
        "county_or_zone": "Carter",
        "city": "4 SE Ardmore",
        "state": "OK",
        "magnitude": 1.0,
        "magnitude_units": null,
        "source": "Public",
        "event_narrative": "Report from mPING: Quarter (1.00 in.)."
      },
      "geometry": {
        "type": "Point",
        "coordinates": [
          -97.07,
          34.14
        ]
      }
    },
    {
      "type": "Feature",
      "id": "iem-lsr-OUN-329",
      "properties": {
        "report_id": "iem-lsr-OUN-329",
        "report_type": "TSTM WND DMG",
        "event_category": "thunderstorm_wind",
        "valid_utc": "202604282040",
        "county_or_zone": "Atoka",
        "city": "5 S Boggy Depot State P",
        "state": "OK",
        "magnitude": null,
        "magnitude_units": null,
        "source": "Emergency Mngr",
        "event_narrative": "Tree fell onto a house. Time estimated from radar."
      },
      "geometry": {
        "type": "Point",
        "coordinates": [
          -96.3,
          34.25
        ]
      }
    },
    {
      "type": "Feature",
      "id": "iem-lsr-OUN-330",
      "properties": {
        "report_id": "iem-lsr-OUN-330",
        "report_type": "TSTM WND DMG",
        "event_category": "thunderstorm_wind",
        "valid_utc": "202604282046",
        "county_or_zone": "Atoka",
        "city": "1 N Caney",
        "state": "OK",
        "magnitude": null,
        "magnitude_units": null,
        "source": "Emergency Mngr",
        "event_narrative": "Tree fell on a house."
      },
      "geometry": {
        "type": "Point",
        "coordinates": [
          -96.21,
          34.25
        ]
      }
    }
  ]
}