{
  "type": "FeatureCollection",
  "name": "land_zones",
  "crs": {
    "type": "name",
    "properties": {
      "name": "urn:ogc:def:crs:OGC:1.3:CRS84"
    }
  },
  "features": [
    {
      "type": "Feature",
      "properties": {
        "STATE": "IL",
        "ZONE": "067",
        "CWA": "ILX",
        "NAME": "Jasper",
        "STATE_ZONE": "IL067",
        "TIME_ZONE": "C"
      },
      "geometry": {
        "type": "Polygon",
        "coordinates": [
          [
            [
              -87.94559478799994,
              38.850811005000025
            ],
            [
              -88.17769622899993,
              38.84691238400006
            ],
            [
              -88.25859832799995,
              38.847511292000036
            ],
            [
              -88.36129760699998,
              38.851913452000076
            ],
            [
              -88.36279296899994,
              39.004112244000055
            ],
            [
              -88.36079406699997,
              39.07271194500004
            ],
            [
              -88.36069488499999,
              39.171012878000056
            ],
            [
              -88.15509796099997,
              39.17151260400004
            ],
            [
              -87.950798035,
              39.174911499000075
            ],
            [
              -87.94669341999997,
              39.06841278100006
            ],
            [
              -87.94479370099998,
              38.91601181000004
            ],
            [
              -87.94559478799994,
              38.850811005000025
            ]
          ]
        ]
      }
    },
    {
      "type": "Feature",
      "properties": {
        "STATE": "IL",
        "ZONE": "073",
        "CWA": "ILX",
        "NAME": "Lawrence",
        "STATE_ZONE": "IL073",
        "TIME_ZONE": "C"
      },
      "geometry": {
        "type": "Polygon",
        "coordinates": [
          [
            [
              -87.65169525099998,
              38.56821060200008
            ],
            [
              -87.91209411599993,
              38.57061386100003
            ],
            [
              -87.90999603299997,
              38.575412750000055
            ],
            [
              -87.90969848599997,
              38.590911865000066
            ],
            [
              -87.90789794899996,
              38.85031127900004
            ],
            [
              -87.77369689899996,
              38.84911346400003
            ],
            [
              -87.67949676499995,
              38.85211181600005
            ],
            [
              -87.54949951199995,
              38.852413177000074
            ],
            [
              -87.53839874299996,
              38.85381317100007
            ],
            [
              -87.52669525099998,
              38.85031127900004
            ],
            [
              -87.52629852299998,
              38.83741378800005
            ],
            [
              -87.52169799799998,
              38.82771301300005
            ],
            [
              -87.52709960899995,
              38.81841278100006
            ],
            [
              -87.51919555699999,
              38.81051254300007
            ],
            [
              -87.51059722899998,
              38.798412323000036
            ],
            [
              -87.50129699699994,
              38.79161071800007
            ],
            [
              -87.49539947499994,
              38.78381347700008
            ],
            [
              -87.49799346899994,
              38.77701187100007
            ],
            [
              -87.50449371299999,
              38.773811340000066
            ],
            [
              -87.51289367699997,
              38.77311325100004
            ],
            [
              -87.51429748499999,
              38.770111084000064
            ],
            [
              -87.51109314099995,
              38.76741027800006
            ],
            [
              -87.50249481199995,
              38.769210815000065
            ],
            [
              -87.49739837599998,
              38.76731109600007
            ],
            [
              -87.49829864499998,
              38.759613037000065
            ],
            [
              -87.50359344499998,
              38.74931335400004
            ],
            [
              -87.49609374999994,
              38.741012573000035
            ],
            [
              -87.49749755899995,
              38.73851394700006
            ],
            [
              -87.50539398199999,
              38.73451232900004
            ],
            [
              -87.50809478799994,
              38.72661209100005
            ],
            [
              -87.51669311499995,
              38.71631240800008
            ],
            [
              -87.51899719199997,
              38.711612701000035
            ],
            [
              -87.51929473899997,
              38.698413849000076
            ],
            [
              -87.52199554399994,
              38.69331359900008
            ],
            [
              -87.53119659499998,
              38.684013367000034
            ],
            [
              -87.54549407999997,
              38.677612305000025
            ],
            [
              -87.57939910999994,
              38.67251205400004
            ],
            [
              -87.59369659399994,
              38.66741180400004
            ],
            [
              -87.60019683799999,
              38.66241073600003
            ],
            [
              -87.60499572799995,
              38.64741134600007
            ],
            [
              -87.61959838999996,
              38.640113831000065
            ],
            [
              -87.62069702099996,
              38.63581085200008
            ],
            [
              -87.61579894999994,
              38.62701034500003
            ],
            [
              -87.61660003699996,
              38.622711182000046
            ],
            [
              -87.62239837699997,
              38.61801147500006
            ],
            [
              -87.62069702099996,
              38.61221313500005
            ],
            [
              -87.62729644799998,
              38.60661315900006
            ],
            [
              -87.62339782699996,
              38.596210480000025
            ],
            [
              -87.61289977999996,
              38.59481048600003
            ],
            [
              -87.61109924299996,
              38.592113495000035
            ],
            [
              -87.61249542199994,
              38.588813782000045
            ],
            [
              -87.62209320199997,
              38.58621215800008
            ],
            [
              -87.63479614299996,
              38.59261322000003
            ],
            [
              -87.63739776599994,
              38.59261322000003
            ],
            [
              -87.63979339599996,
              38.59041214000007
            ],
            [
              -87.64019775399998,
              38.585113525000054
            ],
            [
              -87.638298035,
              38.57861328100006
            ],
            [
              -87.63929748499999,
              38.57471084600007
            ],
            [
              -87.65169525099998,
              38.56821060200008
            ]
          ]
        ]
      }
    },
    {
      "type": "Feature",
      "properties": {
        "STATE": "IL",
        "ZONE": "042",
        "CWA": "ILX",
        "NAME": "Logan",
        "STATE_ZONE": "IL042",
        "TIME_ZONE": "C"
      },
      "geometry": {
        "type": "Polygon",
        "coordinates": [
          [
            [
              -89.148796082,
              40.282012939000026
            ],
            [
              -89.143295288,
              39.917911530000026
            ],
            [
              -89.29229736299999,
              39.91701126100003
            ],
            [
              -89.40499877899998,
              39.91821289100005
            ],
            [
              -89.40489959799999,
              39.932811737000065
            ],
            [
              -89.48339843899998,
              39.93351364100005
            ],
            [
              -89.48479461699998,
              39.976711273000035
            ],
            [
              -89.57849883999995,
              39.97611236600005
            ],
            [
              -89.57919311499995,
              40.091812134000065
            ],
            [
              -89.60109710699999,
              40.09231185900006
            ],
            [
              -89.60379791299994,
              40.218112946000076
            ],
            [
              -89.60119628899997,
              40.21821212800006
            ],
            [
              -89.60299682599998,
              40.32001113900003
            ],
            [
              -89.26389312699996,
              40.32521057100007
            ],
            [
              -89.26269532299995,
              40.28121216000005
            ],
            [
              -89.148796082,
              40.282012939000026
            ]
          ]
        ]
      }
    },
    {
      "type": "Feature",
      "properties": {
        "STATE": "IL",
        "ZONE": "038",
        "CWA": "ILX",
        "NAME": "McLean",
        "STATE_ZONE": "IL038",
        "TIME_ZONE": "C"
      },
      "geometry": {
        "type": "Polygon",
        "coordinates": [
          [
            [
              -88.45939636299994,
              40.617313385000045
            ],
            [
              -88.45969390999994,
              40.28151321400003
            ],
            [
              -88.97799682599998,
              40.28321075400004
            ],
            [
              -89.26269532299995,
              40.28121216000005
            ],
            [
              -89.26909637499995,
              40.59431076000004
            ],
            [
              -89.13379669199998,
              40.596714020000036
            ],
            [
              -89.13419341999997,
              40.61011123700007
            ],
            [
              -89.12939453099995,
              40.61161041300005
            ],
            [
              -89.10139465299994,
              40.61231231700003
            ],
            [
              -89.10159301899995,
              40.62501144400005
            ],
            [
              -89.08279418899997,
              40.62681198100006
            ],
            [
              -89.04399871799995,
              40.62741088900003
            ],
            [
              -89.04449462899998,
              40.66381073000008
            ],
            [
              -88.98479461699998,
              40.66561126700003
            ],
            [
              -88.98669433599997,
              40.75241088900003
            ],
            [
              -88.58429718099995,
              40.75751113900003
            ],
            [
              -88.58239746099997,
              40.67071151700003
            ],
            [
              -88.57629394599996,
              40.67051315300006
            ],
            [
              -88.57519531299994,
              40.664211273000035
            ],
            [
              -88.57439422599998,
              40.61651229900008
            ],
            [
              -88.45939636299994,
              40.617313385000045
            ]
          ]
        ]
      }
    },
    {
      "type": "Feature",
      "properties": {
        "STATE": "IL",
        "ZONE": "053",
        "CWA": "ILX",
        "NAME": "Macon",
        "STATE_ZONE": "IL053",
        "TIME_ZONE": "C"
      },
      "geometry": {
        "type": "Polygon",
        "coordinates": [
          [
            [
              -88.74609374999994,
              40.054710388000046
            ],
            [
              -88.74589538599997,
              39.79201126100003
            ],
            [
              -88.75869751,
              39.79091262800006
            ],
            [
              -88.75779724099993,
              39.739810944000055
            ],
            [
              -88.81289672899999,
              39.73961257900004
            ],
            [
              -88.81089782699996,
              39.65291214000007
            ],
            [
              -89.13909912099996,
              39.655212402000075
            ],
            [
              -89.14169311499995,
              39.797710419000055
            ],
            [
              -89.14279937699996,
              39.80131149300007
            ],
            [
              -89.156799316,
              39.80341339100005
            ],
            [
              -89.18799591099997,
              39.81761169400005
            ],
            [
              -89.20809936499995,
              39.81381225600006
            ],
            [
              -89.21049499499998,
              39.81121063200004
            ],
            [
              -89.21759796099997,
              39.81321334800003
            ],
            [
              -89.21779632599998,
              39.91701126100003
            ],
            [
              -89.143295288,
              39.917911530000026
            ],
            [
              -89.14469909699994,
              40.04871368400006
            ],
            [
              -89.02839660599994,
              40.04981231700003
            ],
            [
              -88.80359649699994,
              40.05521392800006
            ],
            [
              -88.74609374999994,
              40.054710388000046
            ]
          ]
        ]
      }
    },
    {
      "type": "Feature",
      "properties": {
        "STATE": "IL",
        "ZONE": "030",
        "CWA": "ILX",
        "NAME": "Marshall",
        "STATE_ZONE": "IL030",
        "TIME_ZONE": "C"
      },
      "geometry": {
        "type": "Polygon",
        "coordinates": [
          [
            [
              -89.63859558099995,
              41.14851379400005
            ],
            [
              -89.32999420199997,
              41.147911072000056
            ],
            [
              -89.33300018299997,
              41.13861084000007
            ],
            [
              -89.33349609399994,
              41.12441253700007
            ],
            [
              -89.33589935299995,
              41.117313385000045
            ],
            [
              -89.34109497099996,
              41.11211395300006
            ],
            [
              -89.35129547099996,
              41.10871124300007
            ],
            [
              -89.35799407999997,
              41.10401153600003
            ],
            [
              -89.04759979199997,
              41.10431289700006
            ],
            [
              -89.04759979199997,
              40.92591095000006
            ],
            [
              -89.16999816899994,
              40.926712036000026
            ],
            [
              -89.47259521599995,
              40.92121124300007
            ],
            [
              -89.46519470299995,
              40.92561340300006
            ],
            [
              -89.45449829099994,
              40.93751144400005
            ],
            [
              -89.45529937799995,
              40.94551086400003
            ],
            [
              -89.44789886499996,
              40.960010529000044
            ],
            [
              -89.44829559299995,
              40.97271347000003
            ],
            [
              -89.63879394499997,
              40.97381210300006
            ],
            [
              -89.63859558099995,
              41.14851379400005
            ]
          ]
        ]
      }
    },
    {
      "type": "Feature",
      "properties": {
        "STATE": "IL",
        "ZONE": "041",
        "CWA": "ILX",
        "NAME": "Mason",
        "STATE_ZONE": "IL041",
        "TIME_ZONE": "C"
      },
      "geometry": {
        "type": "Polygon",
        "coordinates": [
          [
            [
              -89.60299682599998,
              40.32001113900003
            ],
            [
              -89.60119628899997,
              40.21821212800006
            ],
            [
              -89.60379791299994,
              40.218112946000076
            ],
            [
              -89.60260009799998,
              40.121913910000046
            ],
            [
              -89.60579681399997,
              40.12321090700004
            ],
            [
              -89.60649871899994,
              40.12641143800005
            ],
            [
              -89.61009979199997,
              40.12801361100003
            ],
            [
              -89.61329650999994,
              40.13361358600008
            ],
            [
              -89.62059783899997,
              40.137912750000055
            ],
            [
              -89.62209320099998,
              40.14141082800006
            ],
            [
              -89.62739562999997,
              40.145412445000034
            ],
            [
              -89.62829589799998,
              40.14871215800008
            ],
            [
              -89.63129424999994,
              40.14871215900007
            ],
            [
              -89.63369751099998,
              40.15241241500007
            ],
            [
              -89.63710021999998,
              40.15241241500007
            ],
            [
              -89.638694763,
              40.15471267700008
            ],
            [
              -89.64519500699998,
              40.15381240800008
            ],
            [
              -89.64969634999994,
              40.15741348300003
            ],
            [
              -89.65119934099994,
              40.155513763000044
            ],
            [
              -89.66069793699995,
              40.156711578000056
            ],
            [
              -89.66629791299994,
              40.16031265300006
            ],
            [
              -89.66919707699998,
              40.159610746000055
            ],
            [
              -89.67129516599994,
              40.15421295200008
            ],
            [
              -89.67839813199998,
              40.15501403800005
            ],
            [
              -89.68129730199996,
              40.15291214000007
            ],
            [
              -89.68439483599997,
              40.15381240800008
            ],
            [
              -89.68699645999999,
              40.14651107800006
            ],
            [
              -89.69449615499997,
              40.14131164600008
            ],
            [
              -89.70449829199998,
              40.14171218900003
            ],
            [
              -89.70749664299996,
              40.14311218300003
            ],
            [
              -89.70819854699994,
              40.14621353100006
            ],
            [
              -89.71119689899996,
              40.14621353100006
            ],
            [
              -89.71229553199998,
              40.143310547000056
            ],
            [
              -89.71839904899997,
              40.14101028400006
            ],
            [
              -89.72419738799994,
              40.14261245700004
            ],
            [
              -89.72749328599997,
              40.14191055300006
            ],
            [
              -89.73069763199999,
              40.13641357400007
            ],
            [
              -89.73409271199995,
              40.137012482000046
            ],
            [
              -89.73569488499999,
              40.13231277500006
            ],
            [
              -89.75039672899999,
              40.12711334200003
            ],
            [
              -89.76859283399995,
              40.12881088300003
            ],
            [
              -89.77349853499999,
              40.131210327000076
            ],
            [
              -89.77949523899997,
              40.12771225000006
            ],
            [
              -89.78679656999998,
              40.12971115100004
            ],
            [
              -89.79129791299994,
              40.128211975000056
            ],
            [
              -89.79299926799996,
              40.12481308000008
            ],
            [
              -89.79509735199997,
              40.12411117600004
            ],
            [
              -89.79739379899996,
              40.12531280500008
            ],
            [
              -89.80649566699998,
              40.124511719000054
            ],
            [
              -89.81229400599995,
              40.12181091300005
            ],
            [
              -89.81729888899997,
              40.124912262000066
            ],
            [
              -89.82309722899998,
              40.12241363500004
            ],
            [
              -89.82689666699997,
              40.125411987000064
            ],
            [
              -89.83229827899999,
              40.123912811000025
            ],
            [
              -89.83739471399997,
              40.12891387900004
            ],
            [
              -89.84089660599994,
              40.130012512000064
            ],
            [
              -89.84269714499999,
              40.126712799000074
            ],
            [
              -89.85409545899995,
              40.130210876000035
            ],
            [
              -89.86409759499998,
              40.12801361100003
            ],
            [
              -89.86729431199996,
              40.12921142600004
            ],
            [
              -89.87039947499994,
              40.13621139500003
            ],
            [
              -89.87439727799995,
              40.136711121000076
            ],
            [
              -89.87729644799998,
              40.13411331200007
            ],
            [
              -89.88479614299996,
              40.134811401000036
            ],
            [
              -89.88479614299996,
              40.128513336000026
            ],
            [
              -89.89179992699997,
              40.13051223800005
            ],
            [
              -89.89809417799995,
              40.12811279300007
            ],
            [
              -89.90859985399999,
              40.13771057100007
            ],
            [
              -89.90689849899996,
              40.13271331800007
            ],
            [
              -89.91019439699994,
              40.13201141400003
            ],
            [
              -89.91669464099994,
              40.13421249400005
            ],
            [
              -89.92199706999997,
              40.13831329300007
            ],
            [
              -89.92429351799996,
              40.13611221300005
            ],
            [
              -89.92559814499998,
              40.13911056500007
            ],
            [
              -89.92889404299996,
              40.139411927000026
            ],
            [
              -89.93159484899996,
              40.13751220700004
            ],
            [
              -89.94129943799999,
              40.13621139500003
            ],
            [
              -89.93739318799999,
              40.13361358600008
            ],
            [
              -89.93939971899994,
              40.13201141400003
            ],
            [
              -89.94319915899996,
              40.13311386100003
            ],
            [
              -89.94589996299999,
              40.13071060200008
            ],
            [
              -89.94849395799997,
              40.13191223100006
            ],
            [
              -89.94939422699997,
              40.134811401000036
            ],
            [
              -89.95199584999995,
              40.13311386100003
            ],
            [
              -89.95569610599995,
              40.13691330000006
            ],
            [
              -89.95839691199996,
              40.13491058300008
            ],
            [
              -89.96339416499995,
              40.14191055300006
            ],
            [
              -89.96679687499994,
              40.14291381800007
            ],
            [
              -89.97010040399994,
              40.14131164600008
            ],
            [
              -89.97049713099995,
              40.137912750000055
            ],
            [
              -89.97449493399995,
              40.13511276200006
            ],
            [
              -89.97159576399997,
              40.13341140700004
            ],
            [
              -89.97619628899997,
              40.12981033300008
            ],
            [
              -89.97379302999997,
              40.12791061400003
            ],
            [
              -89.97799682599998,
              40.12551116900005
            ],
            [
              -89.98579406699997,
              40.12891387900004
            ],
            [
              -89.98529815699999,
              40.12371063200004
            ],
            [
              -89.98819732699997,
              40.12311172500006
            ],
            [
              -89.98829650899995,
              40.117313385000045
            ],
            [
              -89.98320007299998,
              40.11521148700007
            ],
            [
              -89.98509979199997,
              40.112411499000075
            ],
            [
              -89.99299621699998,
              40.110912323000036
            ],
            [
              -89.99379730199996,
              40.108512878000056
            ],
            [
              -89.99669647299999,
              40.11041259800004
            ],
            [
              -90.00019836399997,
              40.107013702000074
            ],
            [
              -89.99959564199997,
              40.10341262800006
            ],
            [
              -90.00249481199995,
              40.10321044900007
            ],
            [
              -90.00329589799998,
              40.10831069900007
            ],
            [
              -90.00589752199994,
              40.10791397100007
            ],
            [
              -90.00749969599997,
              40.102813721000075
            ],
            [
              -90.01049804699994,
              40.10351181000004
            ],
            [
              -90.01239776599994,
              40.100914001000035
            ],
            [
              -90.01529693599997,
              40.10351181000004
            ],
            [
              -90.01779937699996,
              40.10201263400006
            ],
            [
              -90.01989746099997,
              40.10491180400004
            ],
            [
              -90.02949523999996,
              40.104812622000054
            ],
            [
              -90.031799316,
              40.106010437000066
            ],
            [
              -90.03119659399994,
              40.10951232900004
            ],
            [
              -90.03419494599996,
              40.10791397100007
            ],
            [
              -90.03789520299995,
              40.10231399500003
            ],
            [
              -90.03899383499999,
              40.107013702000074
            ],
            [
              -90.04119872999996,
              40.10951232900004
            ],
            [
              -90.04349517799994,
              40.10901260400004
            ],
            [
              -90.05130004899996,
              40.102813721000075
            ],
            [
              -90.05229949999995,
              40.098213196000074
            ],
            [
              -90.05579376199995,
              40.099712372000056
            ],
            [
              -90.05959320099998,
              40.09891128500004
            ],
            [
              -90.06299591099997,
              40.100811005000025
            ],
            [
              -90.06539916999998,
              40.09891128500004
            ],
            [
              -90.06649780299995,
              40.09281158400006
            ],
            [
              -90.07059478899998,
              40.09331131000005
            ],
            [
              -90.07009887699996,
              40.09061050400004
            ],
            [
              -90.07149505599995,
              40.08931350700004
            ],
            [
              -90.07339477599999,
              40.09011077900004
            ],
            [
              -90.07649993899997,
              40.088710785000046
            ],
            [
              -90.08029937699996,
              40.08101272600004
            ],
            [
              -90.08869934099994,
              40.08431243900003
            ],
            [
              -90.08889770499997,
              40.081710815000065
            ],
            [
              -90.09389495799996,
              40.07791137700008
            ],
            [
              -90.09659576399997,
              40.07811355600006
            ],
            [
              -90.09389495799996,
              40.08121109000007
            ],
            [
              -90.09629821799996,
              40.08131027200005
            ],
            [
              -90.10029602099996,
              40.07801055900006
            ],
            [
              -90.10419464099994,
              40.080013275000056
            ],
            [
              -90.10769653399996,
              40.078411102000075
            ],
            [
              -90.11459350599995,
              40.08131027200005
            ],
            [
              -90.11969757099996,
              40.077812195000035
            ],
            [
              -90.12529754599996,
              40.077110291000054
            ],
            [
              -90.12949371299999,
              40.07361221300005
            ],
            [
              -90.13079833999996,
              40.069713593000074
            ],
            [
              -90.13349914599996,
              40.068611145000034
            ],
            [
              -90.13289642299998,
              40.065711975000056
            ],
            [
              -90.13469695999999,
              40.06251144400005
            ],
            [
              -90.13879394499997,
              40.06391143800005
            ],
            [
              -90.138694763,
              40.06631088300003
            ],
            [
              -90.14249420199997,
              40.06461334200003
            ],
            [
              -90.14830017099996,
              40.06731033300008
            ],
            [
              -90.15439605799997,
              40.06591033900003
            ],
            [
              -90.15709686299994,
              40.061412811000025
            ],
            [
              -90.15909576399997,
              40.06371307400008
            ],
            [
              -90.16119384899997,
              40.06121063200004
            ],
            [
              -90.16809844999995,
              40.060112
            ],
            [
              -90.17139434899997,
              40.06151199300007
            ],
            [
              -90.17459869399994,
              40.06001281700003
            ],
            [
              -90.18009948699995,
              40.06391143800005
            ],
            [
              -90.18419647199994,
              40.06301116900005
            ],
            [
              -90.18889617899998,
              40.06461334200003
            ],
            [
              -90.18709564199997,
              40.06171035800003
            ],
            [
              -90.19229888899997,
              40.05921173100006
            ],
            [
              -90.19259643599997,
              40.056613922000054
            ],
            [
              -90.19529724099993,
              40.05391311600005
            ],
            [
              -90.19929504399994,
              40.05341339100005
            ],
            [
              -90.20699310299995,
              40.05551147500006
            ],
            [
              -90.20589446999998,
              40.05841064500004
            ],
            [
              -90.20879363999995,
              40.05921173100006
            ],
            [
              -90.20989990199996,
              40.05611038200004
            ],
            [
              -90.21199798599997,
              40.05521392800006
            ],
            [
              -90.21159362899994,
              40.059013367000034
            ],
            [
              -90.22760009799998,
              40.05441284200003
            ],
            [
              -90.22919464099994,
              40.05751037600004
            ],
            [
              -90.23690033099996,
              40.059013367000034
            ],
            [
              -90.25239563099996,
              40.05671310400004
            ],
            [
              -90.26019287099996,
              40.059013367000034
            ],
            [
              -90.26029968299997,
              40.06161117600004
            ],
            [
              -90.269699098,
              40.06121063200004
            ],
            [
              -90.27019500699998,
              40.05761337300004
            ],
            [
              -90.27389526399998,
              40.05461120600006
            ],
            [
              -90.27829742399996,
              40.05711364700005
            ],
            [
              -90.28619384799998,
              40.056812286000024
            ],
            [
              -90.28849792499994,
              40.06031036400003
            ],
            [
              -90.28719329799998,
              40.06301116900005
            ],
            [
              -90.29299926799996,
              40.06381225600006
            ],
            [
              -90.29089355499997,
              40.06641387900004
            ],
            [
              -90.29109954799998,
              40.06981277500006
            ],
            [
              -90.29759979199997,
              40.07601165800003
            ],
            [
              -90.30359649699994,
              40.07661056500007
            ],
            [
              -90.30449676499995,
              40.081111908000025
            ],
            [
              -90.30099487299998,
              40.08311080900006
            ],
            [
              -90.30259704599996,
              40.09251403800005
            ],
            [
              -90.30539703399995,
              40.09331131000005
            ],
            [
              -90.31239318899998,
              40.10441207900004
            ],
            [
              -90.31449890099998,
              40.11551284800004
            ],
            [
              -90.336799623,
              40.12221145600006
            ],
            [
              -90.34230041499995,
              40.117012024000076
            ],
            [
              -90.34919738799994,
              40.11831283600003
            ],
            [
              -90.35139465299994,
              40.12091064500004
            ],
            [
              -90.35369872999996,
              40.120311737000065
            ],
            [
              -90.35499572799995,
              40.12331390400004
            ],
            [
              -90.34669494599996,
              40.12711334200003
            ],
            [
              -90.33519744899996,
              40.13721084600007
            ],
            [
              -90.32299804699994,
              40.13971328700006
            ],
            [
              -90.30759429899996,
              40.13991165200008
            ],
            [
              -90.26809692399996,
              40.154613495000035
            ],
            [
              -90.25729370099998,
              40.15481185900006
            ],
            [
              -90.22579956199996,
              40.150012970000034
            ],
            [
              -90.21609497099996,
              40.150413513000046
            ],
            [
              -90.20959472699997,
              40.15311050400004
            ],
            [
              -90.20269775399998,
              40.160713196000074
            ],
            [
              -90.20149993899997,
              40.180610657000045
            ],
            [
              -90.19559478799994,
              40.19041061400003
            ],
            [
              -90.18079376199995,
              40.19601059000007
            ],
            [
              -90.17440032999997,
              40.202613831000065
            ],
            [
              -90.17059326199995,
              40.211612701000035
            ],
            [
              -90.16349792499994,
              40.21661377000004
            ],
            [
              -90.15249633799993,
              40.221012115000065
            ],
            [
              -90.13689422599998,
              40.22291183500005
            ],
            [
              -90.124099732,
              40.22971344000007
            ],
            [
              -90.11759948799994,
              40.237712860000045
            ],
            [
              -90.10799408099996,
              40.25991058300008
            ],
            [
              -90.10379791299994,
              40.263813019000054
            ],
            [
              -90.09669494599996,
              40.26671218900003
            ],
            [
              -90.07019805899995,
              40.29371261600005
            ],
            [
              -90.06789398199999,
              40.304111481000064
            ],
            [
              -90.06869506799995,
              40.31391143800005
            ],
            [
              -90.06509399399994,
              40.31921386700003
            ],
            [
              -90.053092957,
              40.32791137700008
            ],
            [
              -90.04999542199994,
              40.338813782000045
            ],
            [
              -90.05279540999999,
              40.347511292000036
            ],
            [
              -90.05169677699996,
              40.35221099900008
            ],
            [
              -90.04479980499997,
              40.36741256700003
            ],
            [
              -90.04109954799998,
              40.372112274000074
            ],
            [
              -90.03299713099995,
              40.377811432000044
            ],
            [
              -90.02179717999996,
              40.380012512000064
            ],
            [
              -89.99579620399999,
              40.39021301300005
            ],
            [
              -89.98489379899996,
              40.39221191400003
            ],
            [
              -89.98199462899998,
              40.39411163300008
            ],
            [
              -89.97539520299995,
              40.404510498000036
            ],
            [
              -89.95520019499997,
              40.42021179200003
            ],
            [
              -89.93939971899994,
              40.43011093100006
            ],
            [
              -89.92549896199995,
              40.43571090700004
            ],
            [
              -89.81199645999999,
              40.434413910000046
            ],
            [
              -89.71809387199994,
              40.43561172500006
            ],
            [
              -89.71489715599995,
              40.31911087000003
            ],
            [
              -89.60299682599998,
              40.32001113900003
            ]
          ]
        ]
      }
    },
    {
      "type": "Feature",
      "properties": {
        "STATE": "IL",
        "ZONE": "048",
        "CWA": "ILX",
        "NAME": "Menard",
        "STATE_ZONE": "IL048",
        "TIME_ZONE": "C"
      },
      "geometry": {
        "type": "Polygon",
        "coordinates": [
          [
            [
              -89.60260009799998,
              40.121913910000046
            ],
            [
              -89.60109710699999,
              40.09231185900006
            ],
            [
              -89.57919311499995,
              40.091812134000065
            ],
            [
              -89.57849883999995,
              39.97611236600005
            ],
            [
              -89.69809722899998,
              39.97531127900004
            ],
            [
              -89.69770050099999,
              39.93901062000003
            ],
            [
              -89.70189666699997,
              39.93821334800003
            ],
            [
              -89.70199584999995,
              39.917510986000025
            ],
            [
              -89.76929473899997,
              39.915313721000075
            ],
            [
              -89.76969909699994,
              39.90241241500007
            ],
            [
              -89.99449920799998,
              39.90181350700004
            ],
            [
              -89.99479675299995,
              40.10451126100003
            ],
            [
              -89.99299621699998,
              40.110912323000036
            ],
            [
              -89.98509979199997,
              40.112411499000075
            ],
            [
              -89.98320007299998,
              40.11521148700007
            ],
            [
              -89.98829650899995,
              40.117313385000045
            ],
            [
              -89.98819732699997,
              40.12311172500006
            ],
            [
              -89.98529815699999,
              40.12371063200004
            ],
            [
              -89.98579406699997,
              40.12891387900004
            ],
            [
              -89.97799682599998,
              40.12551116900005
            ],
            [
              -89.97379302999997,
              40.12791061400003
            ],
            [
              -89.97619628899997,
              40.12981033300008
            ],
            [
              -89.97159576399997,
              40.13341140700004
            ],
            [
              -89.97449493399995,
              40.13511276200006
            ],
            [
              -89.97049713099995,
              40.137912750000055
            ],
            [
              -89.97010040399994,
              40.14131164600008
            ],
            [
              -89.96679687499994,
              40.14291381800007
            ],
            [
              -89.96339416499995,
              40.14191055300006
            ],
            [
              -89.95839691199996,
              40.13491058300008
            ],
            [
              -89.95569610599995,
              40.13691330000006
            ],
            [
              -89.95199584999995,
              40.13311386100003
            ],
            [
              -89.94939422699997,
              40.134811401000036
            ],
            [
              -89.94849395799997,
              40.13191223100006
            ],
            [
              -89.94589996299999,
              40.13071060200008
            ],
            [
              -89.94319915899996,
              40.13311386100003
            ],
            [
              -89.93939971899994,
              40.13201141400003
            ],
            [
              -89.93739318799999,
              40.13361358600008
            ],
            [
              -89.94129943799999,
              40.13621139500003
            ],
            [
              -89.93159484899996,
              40.13751220700004
            ],
            [
              -89.92889404299996,
              40.139411927000026
            ],
            [
              -89.92559814499998,
              40.13911056500007
            ],
            [
              -89.92429351799996,
              40.13611221300005
            ],
            [
              -89.92199706999997,
              40.13831329300007
            ],
            [
              -89.91669464099994,
              40.13421249400005
            ],
            [
              -89.91019439699994,
              40.13201141400003
            ],
            [
              -89.90689849899996,
              40.13271331800007
            ],
            [
              -89.90859985399999,
              40.13771057100007
            ],
            [
              -89.89809417799995,
              40.12811279300007
            ],
            [
              -89.89179992699997,
              40.13051223800005
            ],
            [
              -89.88479614299996,
              40.128513336000026
            ],
            [
              -89.88479614299996,
              40.134811401000036
            ],
            [
              -89.87729644799998,
              40.13411331200007
            ],
            [
              -89.87439727799995,
              40.136711121000076
            ],
            [
              -89.87039947499994,
              40.13621139500003
            ],
            [
              -89.86729431199996,
              40.12921142600004
            ],
            [
              -89.86409759499998,
              40.12801361100003
            ],
            [
              -89.85409545899995,
              40.130210876000035
            ],
            [
              -89.84269714499999,
              40.126712799000074
            ],
            [
              -89.84089660599994,
              40.130012512000064
            ],
            [
              -89.83739471399997,
              40.12891387900004
            ],
            [
              -89.83229827899999,
              40.123912811000025
            ],
            [
              -89.82689666699997,
              40.125411987000064
            ],
            [
              -89.82309722899998,
              40.12241363500004
            ],
            [
              -89.81729888899997,
              40.124912262000066
            ],
            [
              -89.81229400599995,
              40.12181091300005
            ],
            [
              -89.80649566699998,
              40.124511719000054
            ],
            [
              -89.79739379899996,
              40.12531280500008
            ],
            [
              -89.79509735199997,
              40.12411117600004
            ],
            [
              -89.79299926799996,
              40.12481308000008
            ],
            [
              -89.79129791299994,
              40.128211975000056
            ],
            [
              -89.78679656999998,
              40.12971115100004
            ],
            [
              -89.77949523899997,
              40.12771225000006
            ],
            [
              -89.77349853499999,
              40.131210327000076
            ],
            [
              -89.76859283399995,
              40.12881088300003
            ],
            [
              -89.75039672899999,
              40.12711334200003
            ],
            [
              -89.73569488499999,
              40.13231277500006
            ],
            [
              -89.73409271199995,
              40.137012482000046
            ],
            [
              -89.73069763199999,
              40.13641357400007
            ],
            [
              -89.72749328599997,
              40.14191055300006
            ],
            [
              -89.72419738799994,
              40.14261245700004
            ],
            [
              -89.71839904899997,
              40.14101028400006
            ],
            [
              -89.71229553199998,
              40.143310547000056
            ],
            [
              -89.71119689899996,
              40.14621353100006
            ],
            [
              -89.70819854699994,
              40.14621353100006
            ],
            [
              -89.70749664299996,
              40.14311218300003
            ],
            [
              -89.70449829199998,
              40.14171218900003
            ],
            [
              -89.69449615499997,
              40.14131164600008
            ],
            [
              -89.68699645999999,
              40.14651107800006
            ],
            [
              -89.68439483599997,
              40.15381240800008
            ],
            [
              -89.68129730199996,
              40.15291214000007
            ],
            [
              -89.67839813199998,
              40.15501403800005
            ],
            [
              -89.67129516599994,
              40.15421295200008
            ],
            [
              -89.66919707699998,
              40.159610746000055
            ],
            [
              -89.66629791299994,
              40.16031265300006
            ],
            [
              -89.66069793699995,
              40.156711578000056
            ],
            [
              -89.65119934099994,
              40.155513763000044
            ],
            [
              -89.64969634999994,
              40.15741348300003
            ],
            [
              -89.64519500699998,
              40.15381240800008
            ],
            [
              -89.638694763,
              40.15471267700008
            ],
            [
              -89.63710021999998,
              40.15241241500007
            ],
            [
              -89.63369751099998,
              40.15241241500007
            ],
            [
              -89.63129424999994,
              40.14871215900007
            ],
            [
              -89.62829589799998,
              40.14871215800008
            ],
            [
              -89.62739562999997,
              40.145412445000034
            ],
            [
              -89.62209320099998,
              40.14141082800006
            ],
            [
              -89.62059783899997,
              40.137912750000055
            ],
            [
              -89.61329650999994,
              40.13361358600008
            ],
            [
              -89.61009979199997,
              40.12801361100003
            ],
            [
              -89.60649871899994,
              40.12641143800005
            ],
            [
              -89.60579681399997,
              40.12321090700004
            ],
            [
              -89.60260009799998,
              40.121913910000046
            ]
          ]
        ]
      }
    },
    {
      "type": "Feature",
      "properties": {
        "STATE": "IL",
        "ZONE": "050",
        "CWA": "ILX",
        "NAME": "Morgan",
        "STATE_ZONE": "IL050",
        "TIME_ZONE": "C"
      },
      "geometry": {
        "type": "Polygon",
        "coordinates": [
          [
            [
              -89.99449920799998,
              39.87371063200004
            ],
            [
              -89.99379730199996,
              39.78531265300006
            ],
            [
              -89.98549652099996,
              39.78541183500005
            ],
            [
              -89.98489379899996,
              39.718112946000076
            ],
            [
              -89.92399597199994,
              39.55861282300003
            ],
            [
              -89.92619323699995,
              39.522613525000054
            ],
            [
              -90.30179595899995,
              39.52021026600005
            ],
            [
              -90.30069732699997,
              39.63651275600006
            ],
            [
              -90.33799743699996,
              39.636711121000076
            ],
            [
              -90.33889770499997,
              39.66561126700003
            ],
            [
              -90.37289428699995,
              39.66611099200003
            ],
            [
              -90.37129974399994,
              39.75001144400005
            ],
            [
              -90.37239837599998,
              39.75341033900003
            ],
            [
              -90.48329925499996,
              39.75391387900004
            ],
            [
              -90.48309326199995,
              39.789211273000035
            ],
            [
              -90.59859466599994,
              39.79001236000005
            ],
            [
              -90.59719848599997,
              39.79481124900008
            ],
            [
              -90.58599853499999,
              39.805610657000045
            ],
            [
              -90.57669830299994,
              39.818813324000075
            ],
            [
              -90.56789398199999,
              39.82611084000007
            ],
            [
              -90.56579589799998,
              39.830513
            ],
            [
              -90.58239746099997,
              39.85461044300007
            ],
            [
              -90.58609771699997,
              39.871410370000035
            ],
            [
              -90.58309936499995,
              39.87681198100006
            ],
            [
              -90.18319702099996,
              39.87281036400003
            ],
            [
              -89.99449920799998,
              39.87371063200004
            ]
          ]
        ]
      }
    },
    {
      "type": "Feature",
      "properties": {
        "STATE": "IL",
        "ZONE": "054",
        "CWA": "ILX",
        "NAME": "Moultrie",
        "STATE_ZONE": "IL054",
        "TIME_ZONE": "C"
      },
      "geometry": {
        "type": "Polygon",
        "coordinates": [
          [
            [
              -88.47339630099998,
              39.79171371500007
            ],
            [
              -88.47049713099995,
              39.447311401000036
            ],
            [
              -88.57679748499999,
              39.44751358000008
            ],
            [
              -88.58429718099995,
              39.44861221300005
            ],
            [
              -88.58449554399994,
              39.47681045500008
            ],
            [
              -88.60309600799997,
              39.47701263400006
            ],
            [
              -88.60339355499997,
              39.49031066900005
            ],
            [
              -88.62220001199995,
              39.49191284200003
            ],
            [
              -88.62259674099994,
              39.50591278100006
            ],
            [
              -88.64159393299997,
              39.50641250600006
            ],
            [
              -88.64169311499995,
              39.520812988000046
            ],
            [
              -88.71679687499994,
              39.52131271400003
            ],
            [
              -88.71779632599998,
              39.579311371000074
            ],
            [
              -88.80939483599997,
              39.58121109000007
            ],
            [
              -88.81289672899999,
              39.73961257900004
            ],
            [
              -88.75779724099993,
              39.739810944000055
            ],
            [
              -88.75869751,
              39.79091262800006
            ],
            [
              -88.75009918199999,
              39.79211044300007
            ],
            [
              -88.47339630099998,
              39.79171371500007
            ]
          ]
        ]
      }
    },
    {
      "type": "Feature",
      "properties": {
        "STATE": "IL",
        "ZONE": "029",
        "CWA": "ILX",
        "NAME": "Peoria",
        "STATE_ZONE": "IL029",
        "TIME_ZONE": "C"
      },
      "geometry": {
        "type": "Polygon",
        "coordinates": [
          [
            [
              -89.98549652099996,
              40.97441101100003
            ],
            [
              -89.44829559299995,
              40.97271347000003
            ],
            [
              -89.44789886499996,
              40.960010529000044
            ],
            [
              -89.45529937799995,
              40.94551086400003
            ],
            [
              -89.45409393299997,
              40.94021225000006
            ],
            [
              -89.455795288,
              40.935112
            ],
            [
              -89.46519470299995,
              40.92561340300006
            ],
            [
              -89.47259521599995,
              40.92121124300007
            ],
            [
              -89.47489929199998,
              40.913311005000025
            ],
            [
              -89.48889923099995,
              40.898212433000026
            ],
            [
              -89.50009918199999,
              40.87461090100004
            ],
            [
              -89.52499389599996,
              40.84881210300006
            ],
            [
              -89.52509307899999,
              40.843112946000076
            ],
            [
              -89.527893066,
              40.836311340000066
            ],
            [
              -89.54290008499999,
              40.81721115100004
            ],
            [
              -89.55349731399997,
              40.80971145600006
            ],
            [
              -89.56189727799995,
              40.794410706000065
            ],
            [
              -89.56389617899998,
              40.78401184100005
            ],
            [
              -89.55569457999997,
              40.76471328700006
            ],
            [
              -89.55539703399995,
              40.74831390400004
            ],
            [
              -89.55059814499998,
              40.73871231100003
            ],
            [
              -89.54699706999997,
              40.71911239600007
            ],
            [
              -89.55509948699995,
              40.70311355600006
            ],
            [
              -89.59169769299996,
              40.685211182000046
            ],
            [
              -89.61539459199997,
              40.664413452000076
            ],
            [
              -89.61629486099997,
              40.65731048600003
            ],
            [
              -89.61159515399999,
              40.65421295200008
            ],
            [
              -89.61029815699999,
              40.651210785000046
            ],
            [
              -89.61149597199994,
              40.647911072000056
            ],
            [
              -89.62129974499999,
              40.635513306000064
            ],
            [
              -89.65799713099995,
              40.60201263400006
            ],
            [
              -89.65999603299997,
              40.59651184100005
            ],
            [
              -89.65879821799996,
              40.58921051000004
            ],
            [
              -89.65399932899999,
              40.57821273800005
            ],
            [
              -89.65469360399999,
              40.57271194500004
            ],
            [
              -89.65799713099995,
              40.56741333000008
            ],
            [
              -89.67609405499996,
              40.55371093700006
            ],
            [
              -89.68299865699998,
              40.55291366600005
            ],
            [
              -89.69189453099995,
              40.56051254300007
            ],
            [
              -89.69899749799998,
              40.56161117600004
            ],
            [
              -89.71029663099995,
              40.556613922000054
            ],
            [
              -89.73959350599995,
              40.55111312900004
            ],
            [
              -89.77549743699996,
              40.55271148700007
            ],
            [
              -89.81159973099994,
              40.541412354000045
            ],
            [
              -89.87259674099994,
              40.51331329300007
            ],
            [
              -89.87199401899994,
              40.58041381800007
            ],
            [
              -89.87439727799995,
              40.580913544000055
            ],
            [
              -89.87389373799994,
              40.62441253700007
            ],
            [
              -89.98909759499998,
              40.626113892000035
            ],
            [
              -89.98619842599999,
              40.71171188400007
            ],
            [
              -89.98549652099996,
              40.97441101100003
            ]
          ]
        ]
      }
    },
    {
      "type": "Feature",
      "properties": {
        "STATE": "IL",
        "ZONE": "044",
        "CWA": "ILX",
        "NAME": "Piatt",
        "STATE_ZONE": "IL044",
        "TIME_ZONE": "C"
      },
      "geometry": {
        "type": "Polygon",
        "coordinates": [
          [
            [
              -88.45969390999994,
              40.28151321400003
            ],
            [
              -88.45959472699997,
              40.23791122400007
            ],
            [
              -88.46279907299999,
              40.21851348900003
            ],
            [
              -88.46269988999995,
              39.79171371500007
            ],
            [
              -88.74589538599997,
              39.79201126100003
            ],
            [
              -88.74569702199994,
              40.09861373900003
            ],
            [
              -88.68959808299996,
              40.098411560000045
            ],
            [
              -88.68840026899994,
              40.14221191400003
            ],
            [
              -88.57509663099995,
              40.28151252600003
            ],
            [
              -88.45969390999994,
              40.28151321400003
            ]
          ]
        ]
      }
    },
    {
      "type": "Feature",
      "properties": {
        "STATE": "IL",
        "ZONE": "072",
        "CWA": "ILX",
        "NAME": "Richland",
        "STATE_ZONE": "IL072",
        "TIME_ZONE": "C"
      },
      "geometry": {
        "type": "Polygon",
        "coordinates": [
          [
            [
              -87.90789794899996,
              38.85031127900004
            ],
            [
              -87.90969848599997,
              38.590911865000066
            ],
            [
              -87.90999603299997,
              38.575412750000055
            ],
            [
              -87.91209411599993,
              38.57061386100003
            ],
            [
              -88.14719390899995,
              38.568813324000075
            ],
            [
              -88.14799499499998,
              38.59691238400006
            ],
            [
              -88.22209930399998,
              38.598411560000045
            ],
            [
              -88.24969482399996,
              38.601512909000064
            ],
            [
              -88.25429534899996,
              38.60591125500008
            ],
            [
              -88.26659393299997,
              38.61191177400008
            ],
            [
              -88.27119445799997,
              38.61221313500005
            ],
            [
              -88.26949310299995,
              38.618110657000045
            ],
            [
              -88.27349853499999,
              38.61881256100003
            ],
            [
              -88.27759552099997,
              38.61581039400005
            ],
            [
              -88.27839660599994,
              38.61791229200003
            ],
            [
              -88.28019714399994,
              38.61671066300005
            ],
            [
              -88.28269958499999,
              38.61771392800006
            ],
            [
              -88.28579711899994,
              38.62011337300004
            ],
            [
              -88.28169250499997,
              38.62431335400004
            ],
            [
              -88.28409576499996,
              38.626113892000035
            ],
            [
              -88.28739929199998,
              38.624813080000024
            ],
            [
              -88.29199981699998,
              38.62681198100006
            ],
            [
              -88.28899383499999,
              38.629310608000026
            ],
            [
              -88.29719543499994,
              38.63471221900005
            ],
            [
              -88.29349517799994,
              38.64081192000003
            ],
            [
              -88.27309417699996,
              38.65771102900004
            ],
            [
              -88.27619934099994,
              38.65951156600005
            ],
            [
              -88.27259826799997,
              38.66361236600005
            ],
            [
              -88.27629852299998,
              38.668811798000036
            ],
            [
              -88.27909851199996,
              38.669712067000034
            ],
            [
              -88.27799987799995,
              38.675212860000045
            ],
            [
              -88.28399658199999,
              38.681613922000054
            ],
            [
              -88.28219604499998,
              38.684013367000034
            ],
            [
              -88.28429412799994,
              38.688613892000035
            ],
            [
              -88.28209686299994,
              38.69021225000006
            ],
            [
              -88.28489685099998,
              38.69441223100006
            ],
            [
              -88.28199768099995,
              38.69571304300007
            ],
            [
              -88.28589630099998,
              38.704311371000074
            ],
            [
              -88.28279876699997,
              38.71571350100004
            ],
            [
              -88.28619384799998,
              38.717010498000036
            ],
            [
              -88.28349304199998,
              38.724311829000044
            ],
            [
              -88.28569793699995,
              38.727611542000034
            ],
            [
              -88.28309631299999,
              38.72901153600003
            ],
            [
              -88.28269958499999,
              38.731113434000065
            ],
            [
              -88.25779724199998,
              38.73081207300004
            ],
            [
              -88.25859832799995,
              38.847511292000036
            ],
            [
              -88.14929962199994,
              38.847110748000034
            ],
            [
              -88.05219268899998,
              38.84961319000007
            ],
            [
              -87.90789794899996,
              38.85031127900004
            ]
          ]
        ]
      }
    },
    {
      "type": "Feature",
      "properties": {
        "STATE": "IL",
        "ZONE": "051",
        "CWA": "ILX",
        "NAME": "Sangamon",
        "STATE_ZONE": "IL051",
        "TIME_ZONE": "C"
      },
      "geometry": {
        "type": "Polygon",
        "coordinates": [
          [
            [
              -89.21779632599998,
              39.91701126100003
            ],
            [
              -89.21759796099997,
              39.81321334800003
            ],
            [
              -89.22570037799994,
              39.81471252400007
            ],
            [
              -89.23219299299996,
              39.813510895000036
            ],
            [
              -89.23389434799998,
              39.814411163000045
            ],
            [
              -89.23219299299996,
              39.81611251800007
            ],
            [
              -89.23519897499995,
              39.81761169400005
            ],
            [
              -89.23719787599998,
              39.821212769000056
            ],
            [
              -89.24839782699996,
              39.82561111500007
            ],
            [
              -89.25139617899998,
              39.82311248800005
            ],
            [
              -89.25719451899994,
              39.810211182000046
            ],
            [
              -89.26109313999996,
              39.80511093100006
            ],
            [
              -89.26299285999994,
              39.80431366000005
            ],
            [
              -89.26509857199994,
              39.805713654000044
            ],
            [
              -89.26999664299996,
              39.80391311600005
            ],
            [
              -89.27559661899994,
              39.79971313500005
            ],
            [
              -89.27969360399999,
              39.799312592000035
            ],
            [
              -89.28599548299997,
              39.79341125500008
            ],
            [
              -89.29769897499995,
              39.788112640000065
            ],
            [
              -89.30289459299996,
              39.77611160300006
            ],
            [
              -89.31279754599996,
              39.771411896000075
            ],
            [
              -89.32180023199999,
              39.771713257000044
            ],
            [
              -89.32729339699995,
              39.76981353800005
            ],
            [
              -89.32869720499997,
              39.76821136500007
            ],
            [
              -89.32569885299995,
              39.766811371000074
            ],
            [
              -89.32799529999994,
              39.76451110800008
            ],
            [
              -89.34559631299999,
              39.76731109600007
            ],
            [
              -89.35449981799997,
              39.77151107800006
            ],
            [
              -89.35799407999997,
              39.77021408100006
            ],
            [
              -89.35989379899996,
              39.767513275000056
            ],
            [
              -89.35949706999997,
              39.76141357400007
            ],
            [
              -89.36269378699996,
              39.756313324000075
            ],
            [
              -89.36759948699995,
              39.757110596000075
            ],
            [
              -89.37030029299996,
              39.75581359900008
            ],
            [
              -89.37369537399996,
              39.75841140700004
            ],
            [
              -89.38579559299995,
              39.75241088900003
            ],
            [
              -89.38929748499999,
              39.747112274000074
            ],
            [
              -89.39699554399994,
              39.742210388000046
            ],
            [
              -89.40969848599997,
              39.74381256100003
            ],
            [
              -89.41969299299996,
              39.75231170700005
            ],
            [
              -89.41799926799996,
              39.75751113900003
            ],
            [
              -89.41919708299997,
              39.760513306000064
            ],
            [
              -89.42440032999997,
              39.76181030300006
            ],
            [
              -89.42499542299998,
              39.68381118800005
            ],
            [
              -89.47879791299994,
              39.684013367000034
            ],
            [
              -89.47939300499996,
              39.64081192000003
            ],
            [
              -89.53509521499996,
              39.64111328100006
            ],
            [
              -89.53379821799996,
              39.52461242700008
            ],
            [
              -89.92619323699995,
              39.522613525000054
            ],
            [
              -89.92399597199994,
              39.55861282300003
            ],
            [
              -89.98489379899996,
              39.718112946000076
            ],
            [
              -89.98549652099996,
              39.78541183500005
            ],
            [
              -89.99379730199996,
              39.78531265300006
            ],
            [
              -89.99449920799998,
              39.90181350700004
            ],
            [
              -89.76969909699994,
              39.90241241500007
            ],
            [
              -89.76929473899997,
              39.915313721000075
            ],
            [
              -89.70489501999998,
              39.91671371500007
            ],
            [
              -89.70199584999995,
              39.917510986000025
            ],
            [
              -89.70189666699997,
              39.93821334800003
            ],
            [
              -89.69770050099999,
              39.93901062000003
            ],
            [
              -89.69809722899998,
              39.97531127900004
            ],
            [
              -89.48479461699998,
              39.976711273000035
            ],
            [
              -89.48339843899998,
              39.93351364100005
            ],
            [
              -89.40489959799999,
              39.932811737000065
            ],
            [
              -89.40499877899998,
              39.91821289100005
            ],
            [
              -89.21779632599998,
              39.91701126100003
            ]
          ]
        ]
      }
    },
    {
      "type": "Feature",
      "properties": {
        "STATE": "IL",
        "ZONE": "040",
        "CWA": "ILX",
        "NAME": "Schuyler",
        "STATE_ZONE": "IL040",
        "TIME_ZONE": "C"
      },
      "geometry": {
        "type": "Polygon",
        "coordinates": [
          [
            [
              -90.45029449499998,
              40.27671051000004
            ],
            [
              -90.45149993999996,
              40.18891143800005
            ],
            [
              -90.336296082,
              40.187713623000036
            ],
            [
              -90.20019531299994,
              40.183712006000064
            ],
            [
              -90.20269775399998,
              40.173912048000034
            ],
            [
              -90.20269775399998,
              40.160713196000074
            ],
            [
              -90.20679473899997,
              40.155212402000075
            ],
            [
              -90.21609497099996,
              40.150413513000046
            ],
            [
              -90.23509979299996,
              40.150611877000074
            ],
            [
              -90.25729370099998,
              40.15481185900006
            ],
            [
              -90.26809692399996,
              40.154613495000035
            ],
            [
              -90.30759429899996,
              40.13991165200008
            ],
            [
              -90.32299804699994,
              40.13971328700006
            ],
            [
              -90.33519744899996,
              40.13721084600007
            ],
            [
              -90.34669494599996,
              40.12711334200003
            ],
            [
              -90.35499572799995,
              40.12331390400004
            ],
            [
              -90.36239623999995,
              40.125213623000036
            ],
            [
              -90.37239837599998,
              40.122612
            ],
            [
              -90.38039398299998,
              40.112712860000045
            ],
            [
              -90.38559722899998,
              40.10101318400007
            ],
            [
              -90.39229583699995,
              40.09341049200003
            ],
            [
              -90.39339447099997,
              40.08991241500007
            ],
            [
              -90.39139556899994,
              40.08381271400003
            ],
            [
              -90.39389800999999,
              40.07821273800005
            ],
            [
              -90.42799377399996,
              40.06101226800007
            ],
            [
              -90.42939758299997,
              40.05851364100005
            ],
            [
              -90.42969512899998,
              40.03881073000008
            ],
            [
              -90.43339538599997,
              40.025012970000034
            ],
            [
              -90.43719482399996,
              40.019611359000066
            ],
            [
              -90.45599365199996,
              40.01001358000008
            ],
            [
              -90.50539398199999,
              39.996612549000076
            ],
            [
              -90.51279449499998,
              39.99181366000005
            ],
            [
              -90.51599883999995,
              39.984611511000026
            ],
            [
              -90.52529907199994,
              39.98761367800006
            ],
            [
              -90.52709960899995,
              39.98691177400008
            ],
            [
              -90.52429962199994,
              39.98421096800007
            ],
            [
              -90.52759552099997,
              39.98251342800006
            ],
            [
              -90.52969360399999,
              39.98471069300007
            ],
            [
              -90.53369903599997,
              39.982810974000074
            ],
            [
              -90.53689575199996,
              39.98391342200006
            ],
            [
              -90.54380035399998,
              39.98051071200007
            ],
            [
              -90.54989623999995,
              39.98331069900007
            ],
            [
              -90.56729888899997,
              39.98381042500006
            ],
            [
              -90.58559417699996,
              39.97881317100007
            ],
            [
              -90.60729980499997,
              39.98251342800006
            ],
            [
              -90.60260009799998,
              40.00421142600004
            ],
            [
              -90.61739349399994,
              40.01261138900003
            ],
            [
              -90.61889648399995,
              40.01521301300005
            ],
            [
              -90.61709594699994,
              40.02001190200008
            ],
            [
              -90.61429595899995,
              40.020412445000034
            ],
            [
              -90.61190032999997,
              40.018413544000055
            ],
            [
              -90.60769653299997,
              40.020812988000046
            ],
            [
              -90.60579681499996,
              40.02521133400006
            ],
            [
              -90.60669708299997,
              40.028713226000036
            ],
            [
              -90.61139678999996,
              40.03251266500007
            ],
            [
              -90.61649322499994,
              40.027214050000055
            ],
            [
              -90.63059997599998,
              40.024112701000035
            ],
            [
              -90.63419341999997,
              40.02921295200008
            ],
            [
              -90.64499664299996,
              40.03031158400006
            ],
            [
              -90.65409851099997,
              40.03431320200008
            ],
            [
              -90.65239715599995,
              40.03981399500003
            ],
            [
              -90.65950012199994,
              40.04201126100003
            ],
            [
              -90.66049957399997,
              40.04571151700003
            ],
            [
              -90.66519927999997,
              40.04681396500007
            ],
            [
              -90.66849517799994,
              40.04501342800006
            ],
            [
              -90.67350006199996,
              40.04501342800006
            ],
            [
              -90.67779540999999,
              40.05221176100008
            ],
            [
              -90.67609405499996,
              40.05641174300007
            ],
            [
              -90.67739868199999,
              40.059413910000046
            ],
            [
              -90.67529296899994,
              40.062011719000054
            ],
            [
              -90.67630004999995,
              40.06731033300008
            ],
            [
              -90.67179870599995,
              40.077510834000066
            ],
            [
              -90.67219543499994,
              40.080013275000056
            ],
            [
              -90.69499969499998,
              40.07951355000006
            ],
            [
              -90.70289611899994,
              40.08281326300005
            ],
            [
              -90.70520019499997,
              40.08471298200004
            ],
            [
              -90.70479583699995,
              40.087512970000034
            ],
            [
              -90.70849609399994,
              40.08991241500007
            ],
            [
              -90.70869445799997,
              40.09281158400006
            ],
            [
              -90.70039367699997,
              40.094211578000056
            ],
            [
              -90.69649505599995,
              40.102413177000074
            ],
            [
              -90.70529937699996,
              40.10401153600003
            ],
            [
              -90.79629516599994,
              40.10581207300004
            ],
            [
              -90.91359710699999,
              40.10441207900004
            ],
            [
              -90.90989685099998,
              40.28441238400006
            ],
            [
              -90.67789459199997,
              40.27861404400005
            ],
            [
              -90.45029449499998,
              40.27671051000004
            ]
          ]
        ]
      }
    },
    {
      "type": "Feature",
      "properties": {
        "STATE": "IL",
        "ZONE": "049",
        "CWA": "ILX",
        "NAME": "Scott",
        "STATE_ZONE": "IL049",
        "TIME_ZONE": "C"
      },
      "geometry": {
        "type": "Polygon",
        "coordinates": [
          [
            [
              -90.30179595899995,
              39.52021026600005
            ],
            [
              -90.58049774199998,
              39.521713257000044
            ],
            [
              -90.58129882799994,
              39.526313782000045
            ],
            [
              -90.57219695999999,
              39.540210724000076
            ],
            [
              -90.57699584999995,
              39.56061172500006
            ],
            [
              -90.59259796099997,
              39.59771347000003
            ],
            [
              -90.59809875499997,
              39.60471344000007
            ],
            [
              -90.60489654599996,
              39.619712830000026
            ],
            [
              -90.60859679099997,
              39.63981243600006
            ],
            [
              -90.629096985,
              39.669712067000034
            ],
            [
              -90.63409423799999,
              39.67421340900006
            ],
            [
              -90.64449310299995,
              39.69311142000004
            ],
            [
              -90.64609527599998,
              39.70141220100004
            ],
            [
              -90.64009857299999,
              39.71831131000005
            ],
            [
              -90.62839508099995,
              39.72951126100003
            ],
            [
              -90.60839843799994,
              39.76281356800007
            ],
            [
              -90.60630035399998,
              39.768413544000055
            ],
            [
              -90.60689544699994,
              39.77641296400003
            ],
            [
              -90.59859466599994,
              39.79001236000005
            ],
            [
              -90.48309326199995,
              39.789211273000035
            ],
            [
              -90.48329925499996,
              39.75391387900004
            ],
            [
              -90.37239837599998,
              39.75341033900003
            ],
            [
              -90.37129974399994,
              39.75001144400005
            ],
            [
              -90.37289428699995,
              39.66611099200003
            ],
            [
              -90.33889770499997,
              39.66561126700003
            ],
            [
              -90.33799743699996,
              39.636711121000076
            ],
            [
              -90.30069732699997,
              39.63651275600006
            ],
            [
              -90.30179595899995,
              39.52021026600005
            ]
          ]
        ]
      }
    },
    {
      "type": "Feature",
      "properties": {
        "STATE": "IL",
        "ZONE": "061",
        "CWA": "ILX",
        "NAME": "Shelby",
        "STATE_ZONE": "IL061",
        "TIME_ZONE": "C"
      },
      "geometry": {
        "type": "Polygon",
        "coordinates": [
          [
            [
              -88.81089782699996,
              39.65291214000007
            ],
            [
              -88.80939483599997,
              39.58121109000007
            ],
            [
              -88.71779632599998,
              39.579311371000074
            ],
            [
              -88.71679687499994,
              39.52131271400003
            ],
            [
              -88.64169311499995,
              39.520812988000046
            ],
            [
              -88.64159393299997,
              39.50641250600006
            ],
            [
              -88.62259674099994,
              39.50591278100006
            ],
            [
              -88.62220001199995,
              39.49191284200003
            ],
            [
              -88.60339355499997,
              39.49031066900005
            ],
            [
              -88.60309600799997,
              39.47701263400006
            ],
            [
              -88.58449554399994,
              39.47681045500008
            ],
            [
              -88.58429718099995,
              39.44861221300005
            ],
            [
              -88.57679748499999,
              39.44751358000008
            ],
            [
              -88.47049713099995,
              39.447311401000036
            ],
            [
              -88.47099304199998,
              39.21491241500007
            ],
            [
              -89.01029968299997,
              39.21571350100004
            ],
            [
              -89.13969421399997,
              39.21741104100005
            ],
            [
              -89.13969421399997,
              39.34881210300006
            ],
            [
              -89.02539825399998,
              39.34611129800004
            ],
            [
              -89.02499389599996,
              39.43021392800006
            ],
            [
              -89.02610015999994,
              39.43951034500003
            ],
            [
              -89.02409362799995,
              39.52431106600005
            ],
            [
              -89.02569580099998,
              39.65381240800008
            ],
            [
              -88.81089782699996,
              39.65291214000007
            ]
          ]
        ]
      }
    },
    {
      "type": "Feature",
      "properties": {
        "STATE": "IL",
        "ZONE": "028",
        "CWA": "ILX",
        "NAME": "Stark",
        "STATE_ZONE": "IL028",
        "TIME_ZONE": "C"
      },
      "geometry": {
        "type": "Polygon",
        "coordinates": [
          [
            [
              -89.63889312699996,
              41.23391342200006
            ],
            [
              -89.63879394499997,
              40.97381210300006
            ],
            [
              -89.98549652099996,
              40.97441101100003
            ],
            [
              -89.98459625199996,
              41.14941406200006
            ],
            [
              -89.868598938,
              41.14931106600005
            ],
            [
              -89.86779785199997,
              41.234413147000055
            ],
            [
              -89.63889312699996,
              41.23391342200006
            ]
          ]
        ]
      }
    },
    {
      "type": "Feature",
      "properties": {
        "STATE": "IL",
        "ZONE": "037",
        "CWA": "ILX",
        "NAME": "Tazewell",
        "STATE_ZONE": "IL037",
        "TIME_ZONE": "C"
      },
      "geometry": {
        "type": "Polygon",
        "coordinates": [
          [
            [
              -89.26989746099997,
              40.61611175500008
            ],
            [
              -89.26389312699996,
              40.32521057100007
            ],
            [
              -89.71489715599995,
              40.31911087000003
            ],
            [
              -89.71809387199994,
              40.43561172500006
            ],
            [
              -89.81199645999999,
              40.434413910000046
            ],
            [
              -89.92199706999997,
              40.43621063200004
            ],
            [
              -89.90849304199998,
              40.44531250000006
            ],
            [
              -89.90269470299995,
              40.45951080300006
            ],
            [
              -89.89429473899997,
              40.469512939000026
            ],
            [
              -89.88909912199995,
              40.47311401400003
            ],
            [
              -89.88239288299997,
              40.505012512000064
            ],
            [
              -89.87259674099994,
              40.51331329300007
            ],
            [
              -89.81159973099994,
              40.541412354000045
            ],
            [
              -89.77549743699996,
              40.55271148700007
            ],
            [
              -89.73959350599995,
              40.55111312900004
            ],
            [
              -89.71029663099995,
              40.556613922000054
            ],
            [
              -89.69899749799998,
              40.56161117600004
            ],
            [
              -89.69189453099995,
              40.56051254300007
            ],
            [
              -89.68299865699998,
              40.55291366600005
            ],
            [
              -89.67869567899999,
              40.55281066900005
            ],
            [
              -89.65799713099995,
              40.56741333000008
            ],
            [
              -89.65469360399999,
              40.57271194500004
            ],
            [
              -89.65399932899999,
              40.57821273800005
            ],
            [
              -89.65879821799996,
              40.58921051000004
            ],
            [
              -89.65999603299997,
              40.59651184100005
            ],
            [
              -89.65799713099995,
              40.60201263400006
            ],
            [
              -89.62129974499999,
              40.635513306000064
            ],
            [
              -89.61149597199994,
              40.647911072000056
            ],
            [
              -89.61029815699999,
              40.651210785000046
            ],
            [
              -89.61159515399999,
              40.65421295200008
            ],
            [
              -89.61629486099997,
              40.65731048600003
            ],
            [
              -89.61539459199997,
              40.664413452000076
            ],
            [
              -89.59169769299996,
              40.685211182000046
            ],
            [
              -89.55509948699995,
              40.70311355600006
            ],
            [
              -89.54699706999997,
              40.71911239600007
            ],
            [
              -89.55059814499998,
              40.73871231100003
            ],
            [
              -89.55539703399995,
              40.74831390400004
            ],
            [
              -89.33049774199998,
              40.74841308600003
            ],
            [
              -89.33009338499994,
              40.688613892000035
            ],
            [
              -89.32659912099996,
              40.61581039400005
            ],
            [
              -89.26989746099997,
              40.61611175500008
            ]
          ]
        ]
      }
    },
    {
      "type": "Feature",
      "properties": {
        "STATE": "IL",
        "ZONE": "046",
        "CWA": "ILX",
        "NAME": "Vermilion",
        "STATE_ZONE": "IL046",
        "TIME_ZONE": "C"
      },
      "geometry": {
        "type": "Polygon",
        "coordinates": [
          [
            [
              -87.52659606899994,
              40.49191284200003
            ],
            [
              -87.53159332299998,
              40.143611908000025
            ],
            [
              -87.53319549599996,
              39.88311386100003
            ],
            [
              -87.58159637499995,
              39.88231277500006
            ],
            [
              -87.55749511799996,
              39.86871337900004
            ],
            [
              -87.61759948699995,
              39.86851120000006
            ],
            [
              -87.61549377399996,
              39.88161087000003
            ],
            [
              -87.93739318799999,
              39.87971115100004
            ],
            [
              -87.94229888899997,
              40.225612640000065
            ],
            [
              -87.92899322499994,
              40.226913452000076
            ],
            [
              -87.93239593499999,
              40.41391372700008
            ],
            [
              -87.93549346899994,
              40.486110687000064
            ],
            [
              -87.65279388399995,
              40.48851394700006
            ],
            [
              -87.52659606899994,
              40.49191284200003
            ]
          ]
        ]
      }
    },
    {
      "type": "Feature",
      "properties": {
        "STATE": "IL",
        "ZONE": "031",
        "CWA": "ILX",
        "NAME": "Woodford",
        "STATE_ZONE": "IL031",
        "TIME_ZONE": "C"
      },
      "geometry": {
        "type": "Polygon",
        "coordinates": [
          [
            [
              -88.93139648399995,
              40.92721176100008
            ],
            [
              -88.92939758299997,
              40.75331115700004
            ],
            [
              -88.98669433599997,
              40.75241088900003
            ],
            [
              -88.98479461699998,
              40.66561126700003
            ],
            [
              -89.04449462899998,
              40.66381073000008
            ],
            [
              -89.04399871799995,
              40.62741088900003
            ],
            [
              -89.08279418899997,
              40.62681198100006
            ],
            [
              -89.10159301899995,
              40.62501144400005
            ],
            [
              -89.10139465299994,
              40.61231231700003
            ],
            [
              -89.12939453099995,
              40.61161041300005
            ],
            [
              -89.13419341999997,
              40.61011123700007
            ],
            [
              -89.13379669199998,
              40.596714020000036
            ],
            [
              -89.26909637499995,
              40.59431076000004
            ],
            [
              -89.26989746099997,
              40.61611175500008
            ],
            [
              -89.32659912099996,
              40.61581039400005
            ],
            [
              -89.33009338499994,
              40.688613892000035
            ],
            [
              -89.33049774199998,
              40.74841308600003
            ],
            [
              -89.55539703399995,
              40.74831390400004
            ],
            [
              -89.55569457999997,
              40.76471328700006
            ],
            [
              -89.56389617899998,
              40.78401184100005
            ],
            [
              -89.56189727799995,
              40.794410706000065
            ],
            [
              -89.55789947499994,
              40.80281066900005
            ],
            [
              -89.55349731399997,
              40.80971145600006
            ],
            [
              -89.54290008499999,
              40.81721115100004
            ],
            [
              -89.527893066,
              40.836311340000066
            ],
            [
              -89.52509307899999,
              40.843112946000076
            ],
            [
              -89.52499389599996,
              40.84881210300006
            ],
            [
              -89.50009918199999,
              40.87461090100004
            ],
            [
              -89.48889923099995,
              40.898212433000026
            ],
            [
              -89.47489929199998,
              40.913311005000025
            ],
            [
              -89.47259521599995,
              40.92121124300007
            ],
            [
              -89.16999816899994,
              40.926712036000026
            ],
            [
              -89.04759979199997,
              40.92591095000006
            ],
            [
              -88.93139648399995,
              40.92721176100008
            ]
          ]
        ]
      }
    },
    {
      "type": "Feature",
      "properties": {
        "STATE": "IL",
        "ZONE": "047",
        "CWA": "ILX",
        "NAME": "Cass",
        "STATE_ZONE": "IL047",
        "TIME_ZONE": "C"
      },
      "geometry": {
        "type": "Polygon",
        "coordinates": [
          [
            [
              -90.35499572799995,
              40.12331390400004
            ],
            [
              -90.35369872999996,
              40.120311737000065
            ],
            [
              -90.35139465299994,
              40.12091064500004
            ],
            [
              -90.34919738799994,
              40.11831283600003
            ],
            [
              -90.34230041499995,
              40.117012024000076
            ],
            [
              -90.336799623,
              40.12221145600006
            ],
            [
              -90.31449890099998,
              40.11551284800004
            ],
            [
              -90.31239318899998,
              40.10441207900004
            ],
            [
              -90.30539703399995,
              40.09331131000005
            ],
            [
              -90.30259704599996,
              40.09251403800005
            ],
            [
              -90.30099487299998,
              40.08311080900006
            ],
            [
              -90.30449676499995,
              40.081111908000025
            ],
            [
              -90.30359649699994,
              40.07661056500007
            ],
            [
              -90.29759979199997,
              40.07601165800003
            ],
            [
              -90.29109954799998,
              40.06981277500006
            ],
            [
              -90.29089355499997,
              40.06641387900004
            ],
            [
              -90.29299926799996,
              40.06381225600006
            ],
            [
              -90.28719329799998,
              40.06301116900005
            ],
            [
              -90.28849792499994,
              40.06031036400003
            ],
            [
              -90.28619384799998,
              40.056812286000024
            ],
            [
              -90.27829742399996,
              40.05711364700005
            ],
            [
              -90.27389526399998,
              40.05461120600006
            ],
            [
              -90.27019500699998,
              40.05761337300004
            ],
            [
              -90.269699098,
              40.06121063200004
            ],
            [
              -90.26619720499997,
              40.06171035800003
            ],
            [
              -90.26029968299997,
              40.06161117600004
            ],
            [
              -90.26019287099996,
              40.059013367000034
            ],
            [
              -90.25239563099996,
              40.05671310400004
            ],
            [
              -90.23690033099996,
              40.059013367000034
            ],
            [
              -90.22919464099994,
              40.05751037600004
            ],
            [
              -90.22760009799998,
              40.05441284200003
            ],
            [
              -90.21159362899994,
              40.059013367000034
            ],
            [
              -90.21199798599997,
              40.05521392800006
            ],
            [
              -90.20989990199996,
              40.05611038200004
            ],
            [
              -90.20879363999995,
              40.05921173100006
            ],
            [
              -90.20589446999998,
              40.05841064500004
            ],
            [
              -90.20699310299995,
              40.05551147500006
            ],
            [
              -90.19929504399994,
              40.05341339100005
            ],
            [
              -90.19529724099993,
              40.05391311600005
            ],
            [
              -90.19259643599997,
              40.056613922000054
            ],
            [
              -90.19229888899997,
              40.05921173100006
            ],
            [
              -90.18709564199997,
              40.06171035800003
            ],
            [
              -90.18889617899998,
              40.06461334200003
            ],
            [
              -90.18419647199994,
              40.06301116900005
            ],
            [
              -90.18009948699995,
              40.06391143800005
            ],
            [
              -90.17459869399994,
              40.06001281700003
            ],
            [
              -90.17139434899997,
              40.06151199300007
            ],
            [
              -90.16809844999995,
              40.060112
            ],
            [
              -90.16119384899997,
              40.06121063200004
            ],
            [
              -90.15909576399997,
              40.06371307400008
            ],
            [
              -90.15709686299994,
              40.061412811000025
            ],
            [
              -90.15439605799997,
              40.06591033900003
            ],
            [
              -90.14830017099996,
              40.06731033300008
            ],
            [
              -90.14249420199997,
              40.06461334200003
            ],
            [
              -90.138694763,
              40.06631088300003
            ],
            [
              -90.13879394499997,
              40.06391143800005
            ],
            [
              -90.13469695999999,
              40.06251144400005
            ],
            [
              -90.13289642299998,
              40.065711975000056
            ],
            [
              -90.13349914599996,
              40.068611145000034
            ],
            [
              -90.13079833999996,
              40.069713593000074
            ],
            [
              -90.12949371299999,
              40.07361221300005
            ],
            [
              -90.12529754599996,
              40.077110291000054
            ],
            [
              -90.11969757099996,
              40.077812195000035
            ],
            [
              -90.11459350599995,
              40.08131027200005
            ],
            [
              -90.10769653399996,
              40.078411102000075
            ],
            [
              -90.10419464099994,
              40.080013275000056
            ],
            [
              -90.10029602099996,
              40.07801055900006
            ],
            [
              -90.09629821799996,
              40.08131027200005
            ],
            [
              -90.09389495799996,
              40.08121109000007
            ],
            [
              -90.09659576399997,
              40.07811355600006
            ],
            [
              -90.09389495799996,
              40.07791137700008
            ],
            [
              -90.08889770499997,
              40.081710815000065
            ],
            [
              -90.08869934099994,
              40.08431243900003
            ],
            [
              -90.08029937699996,
              40.08101272600004
            ],
            [
              -90.07649993899997,
              40.088710785000046
            ],
            [
              -90.07339477599999,
              40.09011077900004
            ],
            [
              -90.07149505599995,
              40.08931350700004
            ],
            [
              -90.07009887699996,
              40.09061050400004
            ],
            [
              -90.07059478899998,
              40.09331131000005
            ],
            [
              -90.06649780299995,
              40.09281158400006
            ],
            [
              -90.06539916999998,
              40.09891128500004
            ],
            [
              -90.06299591099997,
              40.100811005000025
            ],
            [
              -90.05959320099998,
              40.09891128500004
            ],
            [
              -90.05579376199995,
              40.099712372000056
            ],
            [
              -90.05229949999995,
              40.098213196000074
            ],
            [
              -90.05130004899996,
              40.102813721000075
            ],
            [
              -90.04349517799994,
              40.10901260400004
            ],
            [
              -90.04119872999996,
              40.10951232900004
            ],
            [
              -90.03899383499999,
              40.107013702000074
            ],
            [
              -90.03789520299995,
              40.10231399500003
            ],
            [
              -90.03419494599996,
              40.10791397100007
            ],
            [
              -90.03119659399994,
              40.10951232900004
            ],
            [
              -90.031799316,
              40.106010437000066
            ],
            [
              -90.02949523999996,
              40.104812622000054
            ],
            [
              -90.01989746099997,
              40.10491180400004
            ],
            [
              -90.01779937699996,
              40.10201263400006
            ],
            [
              -90.01529693599997,
              40.10351181000004
            ],
            [
              -90.01239776599994,
              40.100914001000035
            ],
            [
              -90.01049804699994,
              40.10351181000004
            ],
            [
              -90.00749969599997,
              40.102813721000075
            ],
            [
              -90.00589752199994,
              40.10791397100007
            ],
            [
              -90.00329589799998,
              40.10831069900007
            ],
            [
              -90.00249481199995,
              40.10321044900007
            ],
            [
              -89.99959564199997,
              40.10341262800006
            ],
            [
              -90.00019836399997,
              40.107013702000074
            ],
            [
              -89.99669647299999,
              40.11041259800004
            ],
            [
              -89.99379730199996,
              40.108512878000056
            ],
            [
              -89.99489593499999,
              40.08731079100005
            ],
            [
              -89.99449920799998,
              39.87371063200004
            ],
            [
              -90.18319702099996,
              39.87281036400003
            ],
            [
              -90.58309936499995,
              39.87681198100006
            ],
            [
              -90.57469940199996,
              39.89201355000006
            ],
            [
              -90.55379486099997,
              39.90191268900003
            ],
            [
              -90.537994385,
              39.91871261600005
            ],
            [
              -90.536399841,
              39.93381118800005
            ],
            [
              -90.53209686299994,
              39.94561386100003
            ],
            [
              -90.52069854699994,
              39.95941162100007
            ],
            [
              -90.51119995199997,
              39.96781158400006
            ],
            [
              -90.51039886499996,
              39.97151184100005
            ],
            [
              -90.51219940199996,
              39.98391342200006
            ],
            [
              -90.51429748599998,
              39.98671340900006
            ],
            [
              -90.51279449499998,
              39.99181366000005
            ],
            [
              -90.50859832799995,
              39.99511337300004
            ],
            [
              -90.49659728999995,
              39.999511719000054
            ],
            [
              -90.45599365199996,
              40.01001358000008
            ],
            [
              -90.43719482399996,
              40.019611359000066
            ],
            [
              -90.43339538599997,
              40.025012970000034
            ],
            [
              -90.42969512899998,
              40.03881073000008
            ],
            [
              -90.42939758299997,
              40.05851364100005
            ],
            [
              -90.42799377399996,
              40.06101226800007
            ],
            [
              -90.39389800999999,
              40.07821273800005
            ],
            [
              -90.39139556899994,
              40.08381271400003
            ],
            [
              -90.39339447099997,
              40.08991241500007
            ],
            [
              -90.39229583699995,
              40.09341049200003
            ],
            [
              -90.38559722899998,
              40.10101318400007
            ],
            [
              -90.38039398299998,
              40.112712860000045
            ],
            [
              -90.37239837599998,
              40.122612
            ],
            [
              -90.36239623999995,
              40.125213623000036
            ],
            [
              -90.35499572799995,
              40.12331390400004
            ]
          ]
        ]
      }
    },
    {
      "type": "Feature",
      "properties": {
        "STATE": "IL",
        "ZONE": "045",
        "CWA": "ILX",
        "NAME": "Champaign",
        "STATE_ZONE": "IL045",
        "TIME_ZONE": "C"
      },
      "geometry": {
        "type": "Polygon",
        "coordinates": [
          [
            [
              -87.93249511699997,
              40.39951324500004
            ],
            [
              -87.92899322499994,
              40.226913452000076
            ],
            [
              -87.94229888899997,
              40.225612640000065
            ],
            [
              -87.93739318799999,
              39.87971115100004
            ],
            [
              -88.46239471399997,
              39.879112244000055
            ],
            [
              -88.46279907299999,
              40.21851348900003
            ],
            [
              -88.45959472699997,
              40.23791122400007
            ],
            [
              -88.46029663199994,
              40.399112701000035
            ],
            [
              -88.32919311499995,
              40.39861297600004
            ],
            [
              -88.12109374999994,
              40.40081405600006
            ],
            [
              -87.93249511699997,
              40.39951324500004
            ]
          ]
        ]
      }
    },
    {
      "type": "Feature",
      "properties": {
        "STATE": "IL",
        "ZONE": "052",
        "CWA": "ILX",
        "NAME": "Christian",
        "STATE_ZONE": "IL052",
        "TIME_ZONE": "C"
      },
      "geometry": {
        "type": "Polygon",
        "coordinates": [
          [
            [
              -89.22570037799994,
              39.81471252400007
            ],
            [
              -89.21049499499998,
              39.81121063200004
            ],
            [
              -89.20809936499995,
              39.81381225600006
            ],
            [
              -89.18799591099997,
              39.81761169400005
            ],
            [
              -89.156799316,
              39.80341339100005
            ],
            [
              -89.14279937699996,
              39.80131149300007
            ],
            [
              -89.14169311499995,
              39.797710419000055
            ],
            [
              -89.13909912099996,
              39.655212402000075
            ],
            [
              -89.02569580099998,
              39.65381240800008
            ],
            [
              -89.02409362799995,
              39.52431106600005
            ],
            [
              -89.02610015999994,
              39.43951034500003
            ],
            [
              -89.02499389599996,
              39.43021392800006
            ],
            [
              -89.02539825399998,
              39.34611129800004
            ],
            [
              -89.14209747399997,
              39.349010468000074
            ],
            [
              -89.53089904799998,
              39.34881210300006
            ],
            [
              -89.53509521499996,
              39.64111328100006
            ],
            [
              -89.47939300499996,
              39.64081192000003
            ],
            [
              -89.47879791299994,
              39.684013367000034
            ],
            [
              -89.42499542299998,
              39.68381118800005
            ],
            [
              -89.42440032999997,
              39.76181030300006
            ],
            [
              -89.41919708299997,
              39.760513306000064
            ],
            [
              -89.41799926799996,
              39.75751113900003
            ],
            [
              -89.41969299299996,
              39.75231170700005
            ],
            [
              -89.40969848599997,
              39.74381256100003
            ],
            [
              -89.39699554399994,
              39.742210388000046
            ],
            [
              -89.38929748499999,
              39.747112274000074
            ],
            [
              -89.38579559299995,
              39.75241088900003
            ],
            [
              -89.37369537399996,
              39.75841140700004
            ],
            [
              -89.37030029299996,
              39.75581359900008
            ],
            [
              -89.36759948699995,
              39.757110596000075
            ],
            [
              -89.36269378699996,
              39.756313324000075
            ],
            [
              -89.35949706999997,
              39.76141357400007
            ],
            [
              -89.35989379899996,
              39.767513275000056
            ],
            [
              -89.35799407999997,
              39.77021408100006
            ],
            [
              -89.35449981799997,
              39.77151107800006
            ],
            [
              -89.34559631299999,
              39.76731109600007
            ],
            [
              -89.32799529999994,
              39.76451110800008
            ],
            [
              -89.32569885299995,
              39.766811371000074
            ],
            [
              -89.32869720499997,
              39.76821136500007
            ],
            [
              -89.32729339699995,
              39.76981353800005
            ],
            [
              -89.32180023199999,
              39.771713257000044
            ],
            [
              -89.31279754599996,
              39.771411896000075
            ],
            [
              -89.30289459299996,
              39.77611160300006
            ],
            [
              -89.29769897499995,
              39.788112640000065
            ],
            [
              -89.28599548299997,
              39.79341125500008
            ],
            [
              -89.27969360399999,
              39.799312592000035
            ],
            [
              -89.27559661899994,
              39.79971313500005
            ],
            [
              -89.26999664299996,
              39.80391311600005
            ],
            [
              -89.26509857199994,
              39.805713654000044
            ],
            [
              -89.26299285999994,
              39.80431366000005
            ],
            [
              -89.26109313999996,
              39.80511093100006
            ],
            [
              -89.25719451899994,
              39.810211182000046
            ],
            [
              -89.25139617899998,
              39.82311248800005
            ],
            [
              -89.24839782699996,
              39.82561111500007
            ],
            [
              -89.23719787599998,
              39.821212769000056
            ],
            [
              -89.23519897499995,
              39.81761169400005
            ],
            [
              -89.23219299299996,
              39.81611251800007
            ],
            [
              -89.23389434799998,
              39.814411163000045
            ],
            [
              -89.23219299299996,
              39.813510895000036
            ],
            [
              -89.22570037799994,
              39.81471252400007
            ]
          ]
        ]
      }
    },
    {
      "type": "Feature",
      "properties": {
        "STATE": "IL",
        "ZONE": "063",
        "CWA": "ILX",
        "NAME": "Clark",
        "STATE_ZONE": "IL063",
        "TIME_ZONE": "C"
      },
      "geometry": {
        "type": "Polygon",
        "coordinates": [
          [
            [
              -87.53170013399995,
              39.476913452000076
            ],
            [
              -87.53229522699996,
              39.34831237800006
            ],
            [
              -87.53669738799994,
              39.351711273000035
            ],
            [
              -87.54309844999995,
              39.353012085000046
            ],
            [
              -87.54819488599998,
              39.34991073600003
            ],
            [
              -87.55109405499996,
              39.34241104100005
            ],
            [
              -87.55439758299997,
              39.340511322000054
            ],
            [
              -87.56159973099994,
              39.33891296400003
            ],
            [
              -87.57489776599994,
              39.34131240800008
            ],
            [
              -87.58489990199996,
              39.33731079100005
            ],
            [
              -87.59109497099996,
              39.33121109000007
            ],
            [
              -87.60589599599996,
              39.311111450000055
            ],
            [
              -87.62079620399999,
              39.30631256100003
            ],
            [
              -87.62089538599997,
              39.30341339100005
            ],
            [
              -87.61839294499998,
              39.301513672000056
            ],
            [
              -87.60469818099995,
              39.30301284800004
            ],
            [
              -87.59869384799998,
              39.300212860000045
            ],
            [
              -87.59739685099998,
              39.29721069300007
            ],
            [
              -87.60929870599995,
              39.285713196000074
            ],
            [
              -87.61009979199997,
              39.28221130400004
            ],
            [
              -87.60889434799998,
              39.27791214000007
            ],
            [
              -87.60179901099997,
              39.27421188400007
            ],
            [
              -87.60540008599997,
              39.262912750000055
            ],
            [
              -87.60449981699998,
              39.26001358000008
            ],
            [
              -87.59319305399998,
              39.247612
            ],
            [
              -87.58789825399998,
              39.24901199300007
            ],
            [
              -87.58469390899995,
              39.25361251800007
            ],
            [
              -87.58119964599996,
              39.25511169400005
            ],
            [
              -87.57449340899996,
              39.255313873000034
            ],
            [
              -87.57199859699995,
              39.25341033900003
            ],
            [
              -87.57229614399995,
              39.24831390400004
            ],
            [
              -87.57789611899994,
              39.24521255500008
            ],
            [
              -87.57879638799994,
              39.24251174900007
            ],
            [
              -87.57460021999998,
              39.22391128500004
            ],
            [
              -87.57559966999997,
              39.213813782000045
            ],
            [
              -87.57699584999995,
              39.21111297600004
            ],
            [
              -87.58499908499994,
              39.20531082200006
            ],
            [
              -87.58569335899995,
              39.200412750000055
            ],
            [
              -87.59420013399995,
              39.194911957000045
            ],
            [
              -87.60079956099997,
              39.19301223800005
            ],
            [
              -87.60569763299998,
              39.18551254300007
            ],
            [
              -87.61309814599997,
              39.18421173100006
            ],
            [
              -87.61629486099997,
              39.18581390400004
            ],
            [
              -87.62009429899996,
              39.18531036400003
            ],
            [
              -87.62139892599998,
              39.181911469000056
            ],
            [
              -87.62009429899996,
              39.17161178600003
            ],
            [
              -87.62429809599996,
              39.169410706000065
            ],
            [
              -87.63719940199996,
              39.168613434000065
            ],
            [
              -87.63990020799997,
              39.16711044300007
            ],
            [
              -87.64209747299998,
              39.16191101100003
            ],
            [
              -87.64089965799997,
              39.160011292000036
            ],
            [
              -87.63479614299996,
              39.15821075400004
            ],
            [
              -87.63819885299995,
              39.15711212200006
            ],
            [
              -87.65699768199994,
              39.157611847000055
            ],
            [
              -87.656799316,
              39.17221069300007
            ],
            [
              -87.74709320099998,
              39.17231369000007
            ],
            [
              -87.74609375099999,
              39.177413940000065
            ],
            [
              -87.75079345699999,
              39.17921066300005
            ],
            [
              -88.00749969499998,
              39.17371368400006
            ],
            [
              -88.01389312699996,
              39.480411530000026
            ],
            [
              -87.68909454299995,
              39.48721313500005
            ],
            [
              -87.68919372699997,
              39.476711273000035
            ],
            [
              -87.53170013399995,
              39.476913452000076
            ]
          ]
        ]
      }
    },
    {
      "type": "Feature",
      "properties": {
        "STATE": "IL",
        "ZONE": "071",
        "CWA": "ILX",
        "NAME": "Clay",
        "STATE_ZONE": "IL071",
        "TIME_ZONE": "C"
      },
      "geometry": {
        "type": "Polygon",
        "coordinates": [
          [
            [
              -88.36159515399999,
              38.91101074200003
            ],
            [
              -88.36129760699998,
              38.851913452000076
            ],
            [
              -88.25859832799995,
              38.847511292000036
            ],
            [
              -88.25779724199998,
              38.73081207300004
            ],
            [
              -88.28269958499999,
              38.731113434000065
            ],
            [
              -88.28309631299999,
              38.72901153600003
            ],
            [
              -88.28569793699995,
              38.727611542000034
            ],
            [
              -88.28349304199998,
              38.724311829000044
            ],
            [
              -88.28619384799998,
              38.717010498000036
            ],
            [
              -88.28279876699997,
              38.71571350100004
            ],
            [
              -88.28589630099998,
              38.704311371000074
            ],
            [
              -88.28199768099995,
              38.69571304300007
            ],
            [
              -88.28489685099998,
              38.69441223100006
            ],
            [
              -88.28209686299994,
              38.69021225000006
            ],
            [
              -88.28429412799994,
              38.688613892000035
            ],
            [
              -88.28219604499998,
              38.684013367000034
            ],
            [
              -88.28399658199999,
              38.681613922000054
            ],
            [
              -88.27799987799995,
              38.675212860000045
            ],
            [
              -88.27909851199996,
              38.669712067000034
            ],
            [
              -88.27629852299998,
              38.668811798000036
            ],
            [
              -88.27259826799997,
              38.66361236600005
            ],
            [
              -88.27619934099994,
              38.65951156600005
            ],
            [
              -88.27309417699996,
              38.65771102900004
            ],
            [
              -88.29349517799994,
              38.64081192000003
            ],
            [
              -88.29719543499994,
              38.63471221900005
            ],
            [
              -88.28899383499999,
              38.629310608000026
            ],
            [
              -88.29199981699998,
              38.62681198100006
            ],
            [
              -88.28739929199998,
              38.624813080000024
            ],
            [
              -88.28409576499996,
              38.626113892000035
            ],
            [
              -88.28169250499997,
              38.62431335400004
            ],
            [
              -88.28579711899994,
              38.62011337300004
            ],
            [
              -88.28269958499999,
              38.61771392800006
            ],
            [
              -88.28019714399994,
              38.61671066300005
            ],
            [
              -88.27839660599994,
              38.61791229200003
            ],
            [
              -88.27759552099997,
              38.61581039400005
            ],
            [
              -88.27349853499999,
              38.61881256100003
            ],
            [
              -88.26949310299995,
              38.618110657000045
            ],
            [
              -88.27119445799997,
              38.61221313500005
            ],
            [
              -88.26659393299997,
              38.61191177400008
            ],
            [
              -88.25429534899996,
              38.60591125500008
            ],
            [
              -88.24969482399996,
              38.601512909000064
            ],
            [
              -88.25749969499998,
              38.59941101100003
            ],
            [
              -88.27129363999995,
              38.59941101100003
            ],
            [
              -88.56419372699997,
              38.60711288500005
            ],
            [
              -88.69849395799997,
              38.606010437000066
            ],
            [
              -88.69359588599997,
              38.91471099900008
            ],
            [
              -88.55859374999994,
              38.915111542000034
            ],
            [
              -88.36159515399999,
              38.91101074200003
            ]
          ]
        ]
      }
    },
    {
      "type": "Feature",
      "properties": {
        "STATE": "IL",
        "ZONE": "056",
        "CWA": "ILX",
        "NAME": "Coles",
        "STATE_ZONE": "IL056",
        "TIME_ZONE": "C"
      },
      "geometry": {
        "type": "Polygon",
        "coordinates": [
          [
            [
              -87.96099853499999,
              39.481311798000036
            ],
            [
              -88.01389312699996,
              39.480411530000026
            ],
            [
              -88.01229858499994,
              39.37871170000005
            ],
            [
              -88.21080017099996,
              39.37461090100004
            ],
            [
              -88.45309448199998,
              39.37351226800007
            ],
            [
              -88.47089386,
              39.37461090100004
            ],
            [
              -88.47200012199994,
              39.65151214600007
            ],
            [
              -88.06389617899998,
              39.65261077900004
            ],
            [
              -88.06299591199996,
              39.68121337900004
            ],
            [
              -88.02609252899998,
              39.681510925000055
            ],
            [
              -88.02610015899995,
              39.684810638000044
            ],
            [
              -87.96659851099997,
              39.68591308600003
            ],
            [
              -87.96099853499999,
              39.481311798000036
            ]
          ]
        ]
      }
    },
    {
      "type": "Feature",
      "properties": {
        "STATE": "IL",
        "ZONE": "068",
        "CWA": "ILX",
        "NAME": "Crawford",
        "STATE_ZONE": "IL068",
        "TIME_ZONE": "C"
      },
      "geometry": {
        "type": "MultiPolygon",
        "coordinates": [
          [
            [
              [
                -87.64199829099994,
                39.15711212200006
              ],
              [
                -87.65219879199998,
                39.150012970000034
              ],
              [
                -87.65409851099997,
                39.14271163900003
              ],
              [
                -87.65859985399999,
                39.13721084600007
              ],
              [
                -87.65649414099994,
                39.13351059000007
              ],
              [
                -87.64399719199997,
                39.12901306200007
              ],
              [
                -87.64169311499995,
                39.12311172500006
              ],
              [
                -87.63409423799999,
                39.121612549000076
              ],
              [
                -87.63229370199997,
                39.11801147500006
              ],
              [
                -87.63629913399996,
                39.11431121800007
              ],
              [
                -87.65069580099998,
                39.11641311600005
              ],
              [
                -87.65449523899997,
                39.11291122400007
              ],
              [
                -87.65319824199997,
                39.10731124900008
              ],
              [
                -87.64809417799995,
                39.10461044300007
              ],
              [
                -87.63779449499998,
                39.10581207300004
              ],
              [
                -87.61529541099998,
                39.103012085000046
              ],
              [
                -87.61389923099995,
                39.10031127900004
              ],
              [
                -87.61489868199999,
                39.09681320200008
              ],
              [
                -87.62049865699998,
                39.090911865000066
              ],
              [
                -87.62079620399999,
                39.087913513000046
              ],
              [
                -87.618598938,
                39.085010529000044
              ],
              [
                -87.61129760699998,
                39.08121109000007
              ],
              [
                -87.60109710699999,
                39.08141326900005
              ],
              [
                -87.59700012199994,
                39.07991409300007
              ],
              [
                -87.57229614399995,
                39.05641174300007
              ],
              [
                -87.57259368899997,
                39.049911499000075
              ],
              [
                -87.57879638799994,
                39.043510437000066
              ],
              [
                -87.58009338399995,
                39.040111542000034
              ],
              [
                -87.57549285899995,
                39.034610748000034
              ],
              [
                -87.56959533699995,
                39.02111053500005
              ],
              [
                -87.57189941399997,
                39.01251220700004
              ],
              [
                -87.57889556899994,
                39.00231170700005
              ],
              [
                -87.57629394499997,
                38.996913910000046
              ],
              [
                -87.56099700899995,
                38.99291229200003
              ],
              [
                -87.5625,
                38.98951339700005
              ],
              [
                -87.56599426299994,
                38.989013672000056
              ],
              [
                -87.575798035,
                38.99151229900008
              ],
              [
                -87.57789611899994,
                38.99061203000008
              ],
              [
                -87.57689666699997,
                38.98751068100006
              ],
              [
                -87.52909851099997,
                38.97161102300004
              ],
              [
                -87.52489471399997,
                38.96391296400003
              ],
              [
                -87.51279449499998,
                38.95511245700004
              ],
              [
                -87.51359558099995,
                38.94891357400007
              ],
              [
                -87.52169799799998,
                38.94001388500004
              ],
              [
                -87.51689910899995,
                38.93321228000008
              ],
              [
                -87.51869964599996,
                38.923610687000064
              ],
              [
                -87.52719879199998,
                38.919513702000074
              ],
              [
                -87.52629852299998,
                38.91471099900008
              ],
              [
                -87.52769470199996,
                38.908710480000025
              ],
              [
                -87.52559661999999,
                38.90581131000005
              ],
              [
                -87.51929473899997,
                38.90581131000005
              ],
              [
                -87.51729583799994,
                38.903713226000036
              ],
              [
                -87.53389739999994,
                38.90051269500003
              ],
              [
                -87.53649902299998,
                38.89501190200008
              ],
              [
                -87.53450012199994,
                38.89021301300005
              ],
              [
                -87.53589630099998,
                38.88751220700004
              ],
              [
                -87.53899383499999,
                38.895812988000046
              ],
              [
                -87.54199981799997,
                38.89621353100006
              ],
              [
                -87.54449462999997,
                38.894313812000064
              ],
              [
                -87.54499816899994,
                38.89081192000003
              ],
              [
                -87.53789520299995,
                38.88521194500004
              ],
              [
                -87.53549957399997,
                38.87831115700004
              ],
              [
                -87.54729461699998,
                38.87531280500008
              ],
              [
                -87.54729461699998,
                38.871913910000046
              ],
              [
                -87.54279327399996,
                38.86541366600005
              ],
              [
                -87.54489898699995,
                38.86321258500004
              ],
              [
                -87.55259704599996,
                38.86341095000006
              ],
              [
                -87.55119323699995,
                38.85991287200005
              ],
              [
                -87.53839874299996,
                38.85381317100007
              ],
              [
                -87.54949951199995,
                38.852413177000074
              ],
              [
                -87.67949676499995,
                38.85211181600005
              ],
              [
                -87.77369689899996,
                38.84911346400003
              ],
              [
                -87.94559478799994,
                38.850811005000025
              ],
              [
                -87.94479370099998,
                38.91601181000004
              ],
              [
                -87.94669341999997,
                39.06841278100006
              ],
              [
                -87.950798035,
                39.174911499000075
              ],
              [
                -87.75079345699999,
                39.17921066300005
              ],
              [
                -87.74609375099999,
                39.177413940000065
              ],
              [
                -87.74709320099998,
                39.17231369000007
              ],
              [
                -87.656799316,
                39.17221069300007
              ],
              [
                -87.65699768199994,
                39.157611847000055
              ],
              [
                -87.64199829099994,
                39.15711212200006
              ]
            ]
          ],
          [
            [
              [
                -87.63819885299995,
                39.15711212200006
              ],
              [
                -87.62979888899997,
                39.157611847000055
              ],
              [
                -87.628196716,
                39.15441131600005
              ],
              [
                -87.63089752199994,
                39.15311050400004
              ],
              [
                -87.63499450699999,
                39.15421295200008
              ],
              [
                -87.63819885299995,
                39.15711212200006
              ]
            ]
          ]
        ]
      }
    },
    {
      "type": "Feature",
      "properties": {
        "STATE": "IL",
        "ZONE": "062",
        "CWA": "ILX",
        "NAME": "Cumberland",
        "STATE_ZONE": "IL062",
        "TIME_ZONE": "C"
      },
      "geometry": {
        "type": "Polygon",
        "coordinates": [
          [
            [
              -88.00749969499998,
              39.17371368400006
            ],
            [
              -88.15509796099997,
              39.17151260400004
            ],
            [
              -88.47089386,
              39.17121124300007
            ],
            [
              -88.47089386,
              39.37461090100004
            ],
            [
              -88.45309448199998,
              39.37351226800007
            ],
            [
              -88.21080017099996,
              39.37461090100004
            ],
            [
              -88.01229858499994,
              39.37871170000005
            ],
            [
              -88.00749969499998,
              39.17371368400006
            ]
          ]
        ]
      }
    },
    {
      "type": "Feature",
      "properties": {
        "STATE": "IL",
        "ZONE": "043",
        "CWA": "ILX",
        "NAME": "De Witt",
        "STATE_ZONE": "IL043",
        "TIME_ZONE": "C"
      },
      "geometry": {
        "type": "Polygon",
        "coordinates": [
          [
            [
              -88.57509663099995,
              40.28151252600003
            ],
            [
              -88.68840026899994,
              40.14221191400003
            ],
            [
              -88.68959808299996,
              40.098411560000045
            ],
            [
              -88.74569702199994,
              40.09861373900003
            ],
            [
              -88.74609374999994,
              40.054710388000046
            ],
            [
              -88.80359649699994,
              40.05521392800006
            ],
            [
              -89.02839660599994,
              40.04981231700003
            ],
            [
              -89.14469909699994,
              40.04871368400006
            ],
            [
              -89.148796082,
              40.282012939000026
            ],
            [
              -88.97799682599998,
              40.28321075400004
            ],
            [
              -88.57509663099995,
              40.28151252600003
            ]
          ]
        ]
      }
    },
    {
      "type": "Feature",
      "properties": {
        "STATE": "IL",
        "ZONE": "055",
        "CWA": "ILX",
        "NAME": "Douglas",
        "STATE_ZONE": "IL055",
        "TIME_ZONE": "C"
      },
      "geometry": {
        "type": "Polygon",
        "coordinates": [
          [
            [
              -87.93739318799999,
              39.87971115100004
            ],
            [
              -87.93709564199997,
              39.798213959000066
            ],
            [
              -87.93839263899997,
              39.79241180400004
            ],
            [
              -87.96839904799998,
              39.79221344000007
            ],
            [
              -87.96659851099997,
              39.68591308600003
            ],
            [
              -88.02610015899995,
              39.684810638000044
            ],
            [
              -88.02609252899998,
              39.681510925000055
            ],
            [
              -88.06299591199996,
              39.68121337900004
            ],
            [
              -88.06389617899998,
              39.65261077900004
            ],
            [
              -88.47200012199994,
              39.65151214600007
            ],
            [
              -88.47339630099998,
              39.79171371500007
            ],
            [
              -88.46269988999995,
              39.79171371500007
            ],
            [
              -88.46239471399997,
              39.879112244000055
            ],
            [
              -87.93739318799999,
              39.87971115100004
            ]
          ]
        ]
      }
    },
    {
      "type": "Feature",
      "properties": {
        "STATE": "IL",
        "ZONE": "057",
        "CWA": "ILX",
        "NAME": "Edgar",
        "STATE_ZONE": "IL057",
        "TIME_ZONE": "C"
      },
      "geometry": {
        "type": "Polygon",
        "coordinates": [
          [
            [
              -87.53319549599996,
              39.88311386100003
            ],
            [
              -87.53170013399995,
              39.476913452000076
            ],
            [
              -87.68919372699997,
              39.476711273000035
            ],
            [
              -87.68909454299995,
              39.48721313500005
            ],
            [
              -87.96099853499999,
              39.481311798000036
            ],
            [
              -87.96869659499998,
              39.787910461000024
            ],
            [
              -87.96839904799998,
              39.79221344000007
            ],
            [
              -87.93839263899997,
              39.79241180400004
            ],
            [
              -87.93709564199997,
              39.798213959000066
            ],
            [
              -87.93739318799999,
              39.87971115100004
            ],
            [
              -87.61549377399996,
              39.88161087000003
            ],
            [
              -87.61759948699995,
              39.86851120000006
            ],
            [
              -87.55749511799996,
              39.86871337900004
            ],
            [
              -87.58159637499995,
              39.88231277500006
            ],
            [
              -87.53319549599996,
              39.88311386100003
            ]
          ]
        ]
      }
    },
    {
      "type": "Feature",
      "properties": {
        "STATE": "IL",
        "ZONE": "066",
        "CWA": "ILX",
        "NAME": "Effingham",
        "STATE_ZONE": "IL066",
        "TIME_ZONE": "C"
      },
      "geometry": {
        "type": "Polygon",
        "coordinates": [
          [
            [
              -88.47099304199998,
              39.21491241500007
            ],
            [
              -88.47089386,
              39.17121124300007
            ],
            [
              -88.36069488499999,
              39.171012878000056
            ],
            [
              -88.36079406699997,
              39.07271194500004
            ],
            [
              -88.36279296899994,
              39.004112244000055
            ],
            [
              -88.36159515399999,
              38.91101074200003
            ],
            [
              -88.62079620399999,
              38.915313721000075
            ],
            [
              -88.806999207,
              38.911811829000044
            ],
            [
              -88.80559539799998,
              39.21611404400005
            ],
            [
              -88.47099304199998,
              39.21491241500007
            ]
          ]
        ]
      }
    },
    {
      "type": "Feature",
      "properties": {
        "STATE": "IL",
        "ZONE": "036",
        "CWA": "ILX",
        "NAME": "Fulton",
        "STATE_ZONE": "IL036",
        "TIME_ZONE": "C"
      },
      "geometry": {
        "type": "Polygon",
        "coordinates": [
          [
            [
              -89.98619842599999,
              40.71171188400007
            ],
            [
              -89.98909759499998,
              40.626113892000035
            ],
            [
              -89.87389373799994,
              40.62441253700007
            ],
            [
              -89.87439727799995,
              40.580913544000055
            ],
            [
              -89.87199401899994,
              40.58041381800007
            ],
            [
              -89.87259674099994,
              40.51331329300007
            ],
            [
              -89.88239288299997,
              40.505012512000064
            ],
            [
              -89.88439941399997,
              40.50001144400005
            ],
            [
              -89.88759612999996,
              40.47551345800008
            ],
            [
              -89.90269470299995,
              40.45951080300006
            ],
            [
              -89.90849304199998,
              40.44531250000006
            ],
            [
              -89.91759491,
              40.438312531000065
            ],
            [
              -89.93939971899994,
              40.43011093100006
            ],
            [
              -89.95520019499997,
              40.42021179200003
            ],
            [
              -89.97539520299995,
              40.404510498000036
            ],
            [
              -89.98199462899998,
              40.39411163300008
            ],
            [
              -89.98489379899996,
              40.39221191400003
            ],
            [
              -89.99579620399999,
              40.39021301300005
            ],
            [
              -90.02179717999996,
              40.380012512000064
            ],
            [
              -90.03299713099995,
              40.377811432000044
            ],
            [
              -90.04109954799998,
              40.372112274000074
            ],
            [
              -90.04479980499997,
              40.36741256700003
            ],
            [
              -90.05169677699996,
              40.35221099900008
            ],
            [
              -90.05279540999999,
              40.347511292000036
            ],
            [
              -90.04999542199994,
              40.338813782000045
            ],
            [
              -90.053092957,
              40.32791137700008
            ],
            [
              -90.06509399399994,
              40.31921386700003
            ],
            [
              -90.06869506799995,
              40.31391143800005
            ],
            [
              -90.06789398199999,
              40.304111481000064
            ],
            [
              -90.07019805899995,
              40.29371261600005
            ],
            [
              -90.09669494599996,
              40.26671218900003
            ],
            [
              -90.10379791299994,
              40.263813019000054
            ],
            [
              -90.10799408099996,
              40.25991058300008
            ],
            [
              -90.12069702199994,
              40.23301315300006
            ],
            [
              -90.12870025599995,
              40.22641372700008
            ],
            [
              -90.13689422599998,
              40.22291183500005
            ],
            [
              -90.15249633799993,
              40.221012115000065
            ],
            [
              -90.16349792499994,
              40.21661377000004
            ],
            [
              -90.17059326199995,
              40.211612701000035
            ],
            [
              -90.17440032999997,
              40.202613831000065
            ],
            [
              -90.17849731499996,
              40.197910309000065
            ],
            [
              -90.18449401899994,
              40.19421386700003
            ],
            [
              -90.19259643599997,
              40.19241333000008
            ],
            [
              -90.20019531299994,
              40.183712006000064
            ],
            [
              -90.336296082,
              40.187713623000036
            ],
            [
              -90.45149993999996,
              40.18891143800005
            ],
            [
              -90.44359588599997,
              40.714714050000055
            ],
            [
              -89.98619842599999,
              40.71171188400007
            ]
          ]
        ]
      }
    },
    {
      "type": "Feature",
      "properties": {
        "STATE": "IL",
        "ZONE": "027",
        "CWA": "ILX",
        "NAME": "Knox",
        "STATE_ZONE": "IL027",
        "TIME_ZONE": "C"
      },
      "geometry": {
        "type": "Polygon",
        "coordinates": [
          [
            [
              -89.98459625199996,
              41.14941406200006
            ],
            [
              -89.98619842599999,
              40.71171188400007
            ],
            [
              -90.44359588599997,
              40.714714050000055
            ],
            [
              -90.43769836399997,
              41.151210785000046
            ],
            [
              -90.20559692399996,
              41.152111053000056
            ],
            [
              -89.98459625199996,
              41.14941406200006
            ]
          ]
        ]
      }
    }
  ],
  "metadata": {
    "schema_version": "0.1.0",
    "wfo": "ILX",
    "layer": "land_zones",
    "source": "https://www.weather.gov/source/gis/Shapefiles/WSOM/z_16ap26.zip",
    "public_release_status": "public-source-derived"
  }
}