{
  "type": "FeatureCollection",
  "name": "land_zones",
  "crs": {
    "type": "name",
    "properties": {
      "name": "urn:ogc:def:crs:OGC:1.3:CRS84"
    }
  },
  "features": [
    {
      "type": "Feature",
      "properties": {
        "STATE": "KY",
        "ZONE": "030",
        "CWA": "LMK",
        "NAME": "Jefferson",
        "STATE_ZONE": "KY030",
        "TIME_ZONE": "E"
      },
      "geometry": {
        "type": "Polygon",
        "coordinates": [
          [
            [
              -85.46499633799993,
              38.284812927000075
            ],
            [
              -85.40569305399998,
              38.262912750000055
            ],
            [
              -85.42379760699998,
              38.14731216400003
            ],
            [
              -85.42969512899998,
              38.11791229200003
            ],
            [
              -85.55669403199994,
              38.07401275600006
            ],
            [
              -85.71299743699996,
              38.08711242700008
            ],
            [
              -85.88109588599997,
              38.04091262800006
            ],
            [
              -85.88319397099997,
              38.03741073600003
            ],
            [
              -85.89769744999995,
              38.029613495000035
            ],
            [
              -85.90349578899998,
              38.02881240800008
            ],
            [
              -85.90629577599998,
              38.025413513000046
            ],
            [
              -85.90619659399994,
              38.02311325100004
            ],
            [
              -85.91199493399995,
              38.020412445000034
            ],
            [
              -85.91359710699999,
              38.01811218300003
            ],
            [
              -85.91499328599997,
              38.01471328700006
            ],
            [
              -85.91429901099997,
              38.01111221300005
            ],
            [
              -85.92209625199996,
              38.008911133000026
            ],
            [
              -85.92899322499994,
              38.003513336000026
            ],
            [
              -85.93389892599998,
              37.99701309200003
            ],
            [
              -85.94429779099994,
              38.00211334200003
            ],
            [
              -85.94819641099997,
              38.00661087000003
            ],
            [
              -85.93459320099998,
              38.01441192600004
            ],
            [
              -85.92549896199995,
              38.023410797000054
            ],
            [
              -85.92249298099995,
              38.02861022900004
            ],
            [
              -85.91600036599993,
              38.06561279300007
            ],
            [
              -85.90639495899995,
              38.08581161500007
            ],
            [
              -85.90459442099996,
              38.100013733000026
            ],
            [
              -85.90950012199994,
              38.140113831000065
            ],
            [
              -85.90879821799996,
              38.16121292100007
            ],
            [
              -85.89479827899999,
              38.188510895000036
            ],
            [
              -85.88029479999994,
              38.203411102000075
            ],
            [
              -85.85149383499999,
              38.22331237800006
            ],
            [
              -85.84559631299999,
              38.230113983000024
            ],
            [
              -85.83969879199998,
              38.239810944000055
            ],
            [
              -85.83499908399995,
              38.267513275000056
            ],
            [
              -85.82939910899995,
              38.27641296400003
            ],
            [
              -85.82379913299997,
              38.280612946000076
            ],
            [
              -85.79149627699996,
              38.28911209100005
            ],
            [
              -85.78059387199994,
              38.288311005000025
            ],
            [
              -85.77330017099996,
              38.28611373900003
            ],
            [
              -85.76599884099994,
              38.280212402000075
            ],
            [
              -85.76659393299997,
              38.27771377600004
            ],
            [
              -85.75999450699999,
              38.272613525000054
            ],
            [
              -85.75079345699999,
              38.26791381800007
            ],
            [
              -85.74489593499999,
              38.26721191400003
            ],
            [
              -85.68359374999994,
              38.29551315300006
            ],
            [
              -85.67589569099994,
              38.30061340300006
            ],
            [
              -85.65239715599995,
              38.32971191400003
            ],
            [
              -85.63899993899997,
              38.36081314100005
            ],
            [
              -85.63799285999994,
              38.38011169400005
            ],
            [
              -85.56949615499997,
              38.34191131600005
            ],
            [
              -85.58479309099994,
              38.339611053000056
            ],
            [
              -85.57489776599994,
              38.33401107800006
            ],
            [
              -85.56060028099995,
              38.33681106600005
            ],
            [
              -85.46499633799993,
              38.284812927000075
            ]
          ]
        ]
      }
    },
    {
      "type": "Feature",
      "properties": {
        "STATE": "KY",
        "ZONE": "048",
        "CWA": "LMK",
        "NAME": "Jessamine",
        "STATE_ZONE": "KY048",
        "TIME_ZONE": "E"
      },
      "geometry": {
        "type": "Polygon",
        "coordinates": [
          [
            [
              -84.43499755899995,
              37.85531234700005
            ],
            [
              -84.43779754599996,
              37.84521102900004
            ],
            [
              -84.44339752199994,
              37.84141159100005
            ],
            [
              -84.45439910999994,
              37.84021377600004
            ],
            [
              -84.46319580099998,
              37.84361267100007
            ],
            [
              -84.47339630099998,
              37.85321044900007
            ],
            [
              -84.47739410399998,
              37.85251236000005
            ],
            [
              -84.48429870599995,
              37.844512939000026
            ],
            [
              -84.48439788899998,
              37.837211609000065
            ],
            [
              -84.47929382299998,
              37.82741165200008
            ],
            [
              -84.47290039099994,
              37.82201385500008
            ],
            [
              -84.46299743699996,
              37.80751037600004
            ],
            [
              -84.46229553199998,
              37.803211212000065
            ],
            [
              -84.46559905999999,
              37.797813416000054
            ],
            [
              -84.47069549599996,
              37.79631042500006
            ],
            [
              -84.47359466599994,
              37.79721069300007
            ],
            [
              -84.47850036699998,
              37.80271148700007
            ],
            [
              -84.48309326199995,
              37.801513672000056
            ],
            [
              -84.48469543599998,
              37.797710419000055
            ],
            [
              -84.49499511699997,
              37.78601074200003
            ],
            [
              -84.52159881599994,
              37.77821350100004
            ],
            [
              -84.52339935299995,
              37.77151107800006
            ],
            [
              -84.52549743799995,
              37.769210815000065
            ],
            [
              -84.53170013499994,
              37.77101135300006
            ],
            [
              -84.53539276099997,
              37.77001190200008
            ],
            [
              -84.53809356699998,
              37.76761245700004
            ],
            [
              -84.53919982899998,
              37.75511169400005
            ],
            [
              -84.55649566699998,
              37.74841308600003
            ],
            [
              -84.56389617899998,
              37.735713959000066
            ],
            [
              -84.57149505599995,
              37.72881317100007
            ],
            [
              -84.58699798599997,
              37.735210419000055
            ],
            [
              -84.58950042699996,
              37.742210388000046
            ],
            [
              -84.58609771699997,
              37.747612
            ],
            [
              -84.58599853499999,
              37.75251388500004
            ],
            [
              -84.59149932899999,
              37.754112244000055
            ],
            [
              -84.59839630099998,
              37.75241088900003
            ],
            [
              -84.60619354199997,
              37.743213654000044
            ],
            [
              -84.61489868199999,
              37.74571228000008
            ],
            [
              -84.616096498,
              37.74791336100003
            ],
            [
              -84.60749816899994,
              37.75391387900004
            ],
            [
              -84.60469818099995,
              37.75761032100007
            ],
            [
              -84.60969543499994,
              37.76471328700006
            ],
            [
              -84.62519836399997,
              37.77361297600004
            ],
            [
              -84.63509368899997,
              37.77271270800003
            ],
            [
              -84.64199829099994,
              37.77681350700004
            ],
            [
              -84.64449310299995,
              37.78411102300004
            ],
            [
              -84.64450073199998,
              37.78851318400007
            ],
            [
              -84.64219665499996,
              37.79201126100003
            ],
            [
              -84.63499450699999,
              37.795612335000044
            ],
            [
              -84.62689971899994,
              37.797111511000026
            ],
            [
              -84.61589813199998,
              37.79181289700006
            ],
            [
              -84.60959625199996,
              37.79211044300007
            ],
            [
              -84.60769653699998,
              37.79721069300007
            ],
            [
              -84.61119842499994,
              37.80131149300007
            ],
            [
              -84.62019348099994,
              37.80491256700003
            ],
            [
              -84.64159393299997,
              37.806613922000054
            ],
            [
              -84.65079498299997,
              37.809810638000044
            ],
            [
              -84.65929412799994,
              37.80861282300003
            ],
            [
              -84.65919494599996,
              37.804111481000064
            ],
            [
              -84.64929962199994,
              37.791412354000045
            ],
            [
              -84.65439605699999,
              37.78511047400008
            ],
            [
              -84.65899658199999,
              37.78341293300008
            ],
            [
              -84.66749572799995,
              37.783512115000065
            ],
            [
              -84.67589569099994,
              37.78881073000008
            ],
            [
              -84.67959594699994,
              37.799011230000076
            ],
            [
              -84.67859649699994,
              37.80921173100006
            ],
            [
              -84.67529296899994,
              37.81761169400005
            ],
            [
              -84.67530059799998,
              37.824512482000046
            ],
            [
              -84.67759704599996,
              37.82851028400006
            ],
            [
              -84.68459320099998,
              37.83011245700004
            ],
            [
              -84.69479370099998,
              37.82801055900006
            ],
            [
              -84.70499420199997,
              37.819911957000045
            ],
            [
              -84.71609497099996,
              37.81491088900003
            ],
            [
              -84.72299957299998,
              37.82061386100003
            ],
            [
              -84.72449493399995,
              37.82621383700007
            ],
            [
              -84.72369384899997,
              37.83231353800005
            ],
            [
              -84.71619415299995,
              37.841213226000036
            ],
            [
              -84.70899963399995,
              37.84401321400003
            ],
            [
              -84.69549560499996,
              37.84561157200005
            ],
            [
              -84.68999481199995,
              37.84911346400003
            ],
            [
              -84.68879699699994,
              37.851913452000076
            ],
            [
              -84.68979644799998,
              37.856311798000036
            ],
            [
              -84.69329833999996,
              37.85921096800007
            ],
            [
              -84.70999908399995,
              37.86221313500005
            ],
            [
              -84.66049957299998,
              38.003211975000056
            ],
            [
              -84.59209442099996,
              37.98631286600005
            ],
            [
              -84.47949981699998,
              37.94001388500004
            ],
            [
              -84.47449493499994,
              37.93291091900005
            ],
            [
              -84.47169494599996,
              37.92051315300006
            ],
            [
              -84.46589660599994,
              37.91841125500008
            ],
            [
              -84.45279693599997,
              37.90901184100005
            ],
            [
              -84.44819641099997,
              37.893611908000025
            ],
            [
              -84.44289398199999,
              37.887012482000046
            ],
            [
              -84.44329833999996,
              37.88141250600006
            ],
            [
              -84.43459320099998,
              37.86851120000006
            ],
            [
              -84.4375,
              37.862712860000045
            ],
            [
              -84.43499755899995,
              37.85531234700005
            ]
          ]
        ]
      }
    },
    {
      "type": "Feature",
      "properties": {
        "STATE": "IN",
        "ZONE": "078",
        "CWA": "LMK",
        "NAME": "Scott",
        "STATE_ZONE": "IN078",
        "TIME_ZONE": "E"
      },
      "geometry": {
        "type": "Polygon",
        "coordinates": [
          [
            [
              -85.68489837599998,
              38.815311432000044
            ],
            [
              -85.68379974399994,
              38.81301116900005
            ],
            [
              -85.68249511699997,
              38.736812592000035
            ],
            [
              -85.66449737499994,
              38.73691177400008
            ],
            [
              -85.66429901099997,
              38.730213165000066
            ],
            [
              -85.64619445799997,
              38.729812622000054
            ],
            [
              -85.64479827999997,
              38.707912445000034
            ],
            [
              -85.60989379899996,
              38.70781326300005
            ],
            [
              -85.60820007299998,
              38.68001174900007
            ],
            [
              -85.60350036599993,
              38.67871093700006
            ],
            [
              -85.57089996399998,
              38.67861175500008
            ],
            [
              -85.56969451899994,
              38.606311798000036
            ],
            [
              -85.79359435999999,
              38.604812622000054
            ],
            [
              -85.79359435999999,
              38.59031295800003
            ],
            [
              -85.80309295799998,
              38.59031295800003
            ],
            [
              -85.80299377399996,
              38.583011627000076
            ],
            [
              -85.81229400599995,
              38.582912445000034
            ],
            [
              -85.81219482399996,
              38.57551193200004
            ],
            [
              -85.82139587399996,
              38.57431030300006
            ],
            [
              -85.82119751,
              38.56281280500008
            ],
            [
              -85.83049774199998,
              38.561412811000025
            ],
            [
              -85.84809875499997,
              38.56181335400004
            ],
            [
              -85.84859466599994,
              38.57571029700006
            ],
            [
              -85.88479614299996,
              38.575412750000055
            ],
            [
              -85.88809966999997,
              38.662513733000026
            ],
            [
              -85.88829803499993,
              38.72551345800008
            ],
            [
              -85.88710021999998,
              38.73091125500008
            ],
            [
              -85.88289642399997,
              38.73071289100005
            ],
            [
              -85.88379669299997,
              38.72841262800006
            ],
            [
              -85.88189697299998,
              38.725612640000065
            ],
            [
              -85.87960052499994,
              38.72821044900007
            ],
            [
              -85.86919403099995,
              38.72661209100005
            ],
            [
              -85.87129974399994,
              38.728912354000045
            ],
            [
              -85.86079406699997,
              38.73151397700008
            ],
            [
              -85.85729980499997,
              38.73091125500008
            ],
            [
              -85.85479736299999,
              38.73451232900004
            ],
            [
              -85.84759521499996,
              38.735511780000024
            ],
            [
              -85.84779357899998,
              38.73801040600006
            ],
            [
              -85.84230041499995,
              38.739913940000065
            ],
            [
              -85.84279632599998,
              38.74541091900005
            ],
            [
              -85.83739471399997,
              38.74881362900004
            ],
            [
              -85.83639526399998,
              38.75181198100006
            ],
            [
              -85.83300018299997,
              38.75201034500003
            ],
            [
              -85.83009338399995,
              38.76341247600004
            ],
            [
              -85.81900024399994,
              38.77651214600007
            ],
            [
              -85.80469512899998,
              38.78011322000003
            ],
            [
              -85.80709838999996,
              38.78931045500008
            ],
            [
              -85.79999542199994,
              38.80211257900004
            ],
            [
              -85.79439544699994,
              38.80791091900005
            ],
            [
              -85.78619384799998,
              38.80711364700005
            ],
            [
              -85.78209686299994,
              38.80881118800005
            ],
            [
              -85.77989959799999,
              38.81211090100004
            ],
            [
              -85.77549743699996,
              38.81251144400005
            ],
            [
              -85.77259826699998,
              38.80971145600006
            ],
            [
              -85.76999664299996,
              38.81041336100003
            ],
            [
              -85.76839446999998,
              38.81431198100006
            ],
            [
              -85.75769805899995,
              38.81491088900003
            ],
            [
              -85.75789642299998,
              38.817913055000076
            ],
            [
              -85.75459289599996,
              38.82041168200004
            ],
            [
              -85.75090026899994,
              38.81941223100006
            ],
            [
              -85.748596191,
              38.81641387900004
            ],
            [
              -85.74599456799996,
              38.82201385500008
            ],
            [
              -85.74369811999998,
              38.819011688000046
            ],
            [
              -85.73749542199994,
              38.82021331800007
            ],
            [
              -85.73149871799995,
              38.82441330000006
            ],
            [
              -85.73089599599996,
              38.82681274400005
            ],
            [
              -85.73509979299996,
              38.830013275000056
            ],
            [
              -85.73299407999997,
              38.831710815000065
            ],
            [
              -85.72639465299994,
              38.82641220100004
            ],
            [
              -85.72609710799998,
              38.824211121000076
            ],
            [
              -85.71849822999997,
              38.82371139500003
            ],
            [
              -85.71889495799996,
              38.826313019000054
            ],
            [
              -85.71209716799996,
              38.82831192000003
            ],
            [
              -85.70759582499994,
              38.82551193200004
            ],
            [
              -85.70589446999998,
              38.823211670000035
            ],
            [
              -85.70639800999999,
              38.82061386100003
            ],
            [
              -85.70279693599997,
              38.81651306200007
            ],
            [
              -85.69909667999997,
              38.817813873000034
            ],
            [
              -85.69829559399994,
              38.81521225000006
            ],
            [
              -85.69509887699996,
              38.816913605000025
            ],
            [
              -85.68489837599998,
              38.815311432000044
            ]
          ]
        ]
      }
    },
    {
      "type": "Feature",
      "properties": {
        "STATE": "IN",
        "ZONE": "077",
        "CWA": "LMK",
        "NAME": "Washington",
        "STATE_ZONE": "IN077",
        "TIME_ZONE": "E"
      },
      "geometry": {
        "type": "Polygon",
        "coordinates": [
          [
            [
              -85.88710021999998,
              38.73091125500008
            ],
            [
              -85.88829803499993,
              38.72551345800008
            ],
            [
              -85.88809966999997,
              38.662513733000026
            ],
            [
              -85.88479614299996,
              38.575412750000055
            ],
            [
              -85.84859466599994,
              38.57571029700006
            ],
            [
              -85.84759521499996,
              38.54741287200005
            ],
            [
              -85.86619567899999,
              38.547111511000026
            ],
            [
              -85.86719512899998,
              38.518413544000055
            ],
            [
              -85.88469695999999,
              38.51811218300003
            ],
            [
              -85.88479614299996,
              38.503513336000026
            ],
            [
              -85.95709991499996,
              38.501911163000045
            ],
            [
              -85.95619964599996,
              38.48891067500006
            ],
            [
              -85.99329376199995,
              38.48851394700006
            ],
            [
              -85.99469757099996,
              38.418613434000065
            ],
            [
              -86.06999969499998,
              38.41821289100005
            ],
            [
              -86.20809936499995,
              38.42201232900004
            ],
            [
              -86.30869293199999,
              38.42291259800004
            ],
            [
              -86.30769348099994,
              38.67411041300005
            ],
            [
              -86.30979919399994,
              38.73071289100005
            ],
            [
              -86.30939483599997,
              38.73331069900007
            ],
            [
              -86.30569457999997,
              38.73501205400004
            ],
            [
              -86.29139709499998,
              38.73561096200007
            ],
            [
              -86.28719329799998,
              38.75361251800007
            ],
            [
              -86.28239440899995,
              38.76111221300005
            ],
            [
              -86.28349304199998,
              38.76541137700008
            ],
            [
              -86.27869415299995,
              38.76301193200004
            ],
            [
              -86.27069854699994,
              38.765911102000075
            ],
            [
              -86.26329803499993,
              38.76571273800005
            ],
            [
              -86.26279449499998,
              38.76911163300008
            ],
            [
              -86.25829315199996,
              38.77151107800006
            ],
            [
              -86.25489807099996,
              38.77091217000003
            ],
            [
              -86.25740051299994,
              38.764213562000066
            ],
            [
              -86.25449371299999,
              38.76321029700006
            ],
            [
              -86.25,
              38.76721191400003
            ],
            [
              -86.23989868199999,
              38.766212463000045
            ],
            [
              -86.22629547099996,
              38.778011322000054
            ],
            [
              -86.22329711999998,
              38.77851104700005
            ],
            [
              -86.21920013399995,
              38.77191162100007
            ],
            [
              -86.21549987799995,
              38.77221298200004
            ],
            [
              -86.21419525099998,
              38.778411865000066
            ],
            [
              -86.210395813,
              38.77911377000004
            ],
            [
              -86.20489501999998,
              38.77401351900005
            ],
            [
              -86.20050048799999,
              38.77491378800005
            ],
            [
              -86.20539855999994,
              38.78121185300006
            ],
            [
              -86.20289611899994,
              38.782611847000055
            ],
            [
              -86.19719695999999,
              38.78071212800006
            ],
            [
              -86.19599914599996,
              38.77811050400004
            ],
            [
              -86.19309997599998,
              38.77681350700004
            ],
            [
              -86.18899536199996,
              38.77671051000004
            ],
            [
              -86.18699645999999,
              38.778312683000024
            ],
            [
              -86.18729400599995,
              38.78081131000005
            ],
            [
              -86.18439483599997,
              38.78241348300003
            ],
            [
              -86.18139648399995,
              38.78161239600007
            ],
            [
              -86.17910003699996,
              38.77701187100007
            ],
            [
              -86.17299652099996,
              38.77331161500007
            ],
            [
              -86.16699981799997,
              38.773410797000054
            ],
            [
              -86.16410064699994,
              38.775012970000034
            ],
            [
              -86.15379333499999,
              38.769512177000024
            ],
            [
              -86.13549804699994,
              38.76311111500007
            ],
            [
              -86.125,
              38.76391220100004
            ],
            [
              -86.11639404299996,
              38.76691055300006
            ],
            [
              -86.10299682599998,
              38.76601028400006
            ],
            [
              -86.09949493399995,
              38.768413544000055
            ],
            [
              -86.10039520299995,
              38.775413513000046
            ],
            [
              -86.09859466599994,
              38.779510498000036
            ],
            [
              -86.09659576399997,
              38.78211212200006
            ],
            [
              -86.09019470199996,
              38.78301239000007
            ],
            [
              -86.08149719199997,
              38.78071212800006
            ],
            [
              -86.07389831499995,
              38.774711609000065
            ],
            [
              -86.06549835199996,
              38.77851104700005
            ],
            [
              -86.06239318799999,
              38.778312683000024
            ],
            [
              -86.04929351799996,
              38.769912720000036
            ],
            [
              -86.04269409199998,
              38.76211166400003
            ],
            [
              -86.03139495799996,
              38.760913849000076
            ],
            [
              -86.02869415299995,
              38.75681304900007
            ],
            [
              -86.02599334699994,
              38.756111145000034
            ],
            [
              -86.02589416499995,
              38.76211166400003
            ],
            [
              -86.02089691199996,
              38.76731109600007
            ],
            [
              -86.01559448199998,
              38.765312195000035
            ],
            [
              -86.01739501999998,
              38.760711670000035
            ],
            [
              -86.01639556899994,
              38.75801086400003
            ],
            [
              -86.00959777799994,
              38.757213593000074
            ],
            [
              -86.00499725299994,
              38.760513306000064
            ],
            [
              -85.99900054899996,
              38.76031112700008
            ],
            [
              -85.99349975599995,
              38.767112732000044
            ],
            [
              -85.98589324999995,
              38.76811218300003
            ],
            [
              -85.98249816899994,
              38.76691055300006
            ],
            [
              -85.98500060999999,
              38.76411056500007
            ],
            [
              -85.98479461699998,
              38.75781250000006
            ],
            [
              -85.98049926799996,
              38.758613586000024
            ],
            [
              -85.98029327499995,
              38.75551223800005
            ],
            [
              -85.97799682599998,
              38.75311279300007
            ],
            [
              -85.97469329799998,
              38.75271225000006
            ],
            [
              -85.96769714399994,
              38.755413055000076
            ],
            [
              -85.96629333499999,
              38.760711670000035
            ],
            [
              -85.96349334699994,
              38.76321029700006
            ],
            [
              -85.95069885299995,
              38.760711670000035
            ],
            [
              -85.95229339599996,
              38.75811386100003
            ],
            [
              -85.95089721799997,
              38.75471115100004
            ],
            [
              -85.94789886499996,
              38.75371170000005
            ],
            [
              -85.94559478799994,
              38.755012512000064
            ],
            [
              -85.94419860799997,
              38.75971221900005
            ],
            [
              -85.93649291999998,
              38.76261138900003
            ],
            [
              -85.93789672999998,
              38.76011276200006
            ],
            [
              -85.93649291999998,
              38.756313324000075
            ],
            [
              -85.92759704599996,
              38.755012512000064
            ],
            [
              -85.92789459199997,
              38.751010895000036
            ],
            [
              -85.91799926799996,
              38.74611282300003
            ],
            [
              -85.91579437299998,
              38.746410370000035
            ],
            [
              -85.91909789999994,
              38.75011062600004
            ],
            [
              -85.91739654499997,
              38.75391387900004
            ],
            [
              -85.91379547199995,
              38.74941253700007
            ],
            [
              -85.91059875499997,
              38.74851226800007
            ],
            [
              -85.91239929199998,
              38.75211334200003
            ],
            [
              -85.91079711899994,
              38.75701141400003
            ],
            [
              -85.90859985399999,
              38.75561142000004
            ],
            [
              -85.90950012199994,
              38.75231170700005
            ],
            [
              -85.90309905999999,
              38.75201034500003
            ],
            [
              -85.90079498399996,
              38.75361251800007
            ],
            [
              -85.89789581299993,
              38.75131225600006
            ],
            [
              -85.89679718099995,
              38.749813080000024
            ],
            [
              -85.89759826699998,
              38.745613098000035
            ],
            [
              -85.89989471499996,
              38.74301147500006
            ],
            [
              -85.89899444599996,
              38.740711212000065
            ],
            [
              -85.89649963399995,
              38.74111175500008
            ],
            [
              -85.89239501999998,
              38.73561096200007
            ],
            [
              -85.89379882799994,
              38.73031234700005
            ],
            [
              -85.89019775399998,
              38.730411530000026
            ],
            [
              -85.888694763,
              38.733512878000056
            ],
            [
              -85.88710021999998,
              38.73091125500008
            ]
          ]
        ]
      }
    },
    {
      "type": "Feature",
      "properties": {
        "STATE": "IN",
        "ZONE": "089",
        "CWA": "LMK",
        "NAME": "Perry",
        "STATE_ZONE": "IN089",
        "TIME_ZONE": "C"
      },
      "geometry": {
        "type": "Polygon",
        "coordinates": [
          [
            [
              -86.46259307899999,
              38.12011337300004
            ],
            [
              -86.46640014599996,
              38.11311340300006
            ],
            [
              -86.46619415299995,
              38.10681152300003
            ],
            [
              -86.46389770499997,
              38.10121154800004
            ],
            [
              -86.45879363999995,
              38.096412659000066
            ],
            [
              -86.43399810799997,
              38.08681106600005
            ],
            [
              -86.43009948699995,
              38.07861328100006
            ],
            [
              -86.43190002399996,
              38.069911957000045
            ],
            [
              -86.438194276,
              38.06041336100003
            ],
            [
              -86.45219421399997,
              38.05051040600006
            ],
            [
              -86.46689605699999,
              38.04661178600003
            ],
            [
              -86.51179504499999,
              38.044410706000065
            ],
            [
              -86.51969909699994,
              38.04101181000004
            ],
            [
              -86.52159881599994,
              38.038311005000025
            ],
            [
              -86.52479553199998,
              38.02851104700005
            ],
            [
              -86.52489471399997,
              37.96661377000004
            ],
            [
              -86.52099609399994,
              37.95541381800007
            ],
            [
              -86.50949859599996,
              37.942512512000064
            ],
            [
              -86.50739288299997,
              37.937313080000024
            ],
            [
              -86.50779724099993,
              37.92881393400006
            ],
            [
              -86.51999664299996,
              37.921913147000055
            ],
            [
              -86.53499603299997,
              37.91701126100003
            ],
            [
              -86.57909393299997,
              37.92291259800004
            ],
            [
              -86.58670043899997,
              37.922111511000026
            ],
            [
              -86.58969879199998,
              37.92021179200003
            ],
            [
              -86.59709930499997,
              37.91301345800008
            ],
            [
              -86.59959411699998,
              37.90721130400004
            ],
            [
              -86.59819793699995,
              37.88451385500008
            ],
            [
              -86.59929657499998,
              37.874912263000056
            ],
            [
              -86.59759521499996,
              37.86881256100003
            ],
            [
              -86.59980011,
              37.864810944000055
            ],
            [
              -86.60379791299994,
              37.85951232900004
            ],
            [
              -86.60989379899996,
              37.855113983000024
            ],
            [
              -86.63369751,
              37.84401321400003
            ],
            [
              -86.65279388499994,
              37.841812134000065
            ],
            [
              -86.65879821799996,
              37.84481048600003
            ],
            [
              -86.66169738799994,
              37.85051345800008
            ],
            [
              -86.66229247999996,
              37.85791397100007
            ],
            [
              -86.66029357899998,
              37.86501312300004
            ],
            [
              -86.64459991499996,
              37.89571380600006
            ],
            [
              -86.64439392099996,
              37.903411865000066
            ],
            [
              -86.64849853499999,
              37.90971374500003
            ],
            [
              -86.66049957299998,
              37.912910461000024
            ],
            [
              -86.68129730199996,
              37.914913177000074
            ],
            [
              -86.71609497099996,
              37.89411163300008
            ],
            [
              -86.72429656999998,
              37.89311218300003
            ],
            [
              -86.73199462899998,
              37.89481353800005
            ],
            [
              -86.75,
              37.911811829000044
            ],
            [
              -86.76459503199999,
              37.931812286000024
            ],
            [
              -86.77899932899999,
              37.95381164600008
            ],
            [
              -86.77989959699994,
              37.95961380000006
            ],
            [
              -86.78719329799998,
              37.96891403200004
            ],
            [
              -86.79509735099998,
              37.98881149300007
            ],
            [
              -86.81319427499994,
              37.99921035800003
            ],
            [
              -86.80489349499999,
              38.003513336000026
            ],
            [
              -86.80119323799994,
              38.00881195100004
            ],
            [
              -86.80179595899995,
              38.01191330000006
            ],
            [
              -86.79949951199995,
              38.01521301300005
            ],
            [
              -86.79639434799998,
              38.01471328700006
            ],
            [
              -86.79209899899996,
              38.00951385500008
            ],
            [
              -86.79129791299994,
              38.00511169400005
            ],
            [
              -86.78749847399996,
              38.00131225600006
            ],
            [
              -86.77519989099994,
              37.99831390400004
            ],
            [
              -86.77219390899995,
              37.99901199300007
            ],
            [
              -86.77149963499994,
              38.00201034500003
            ],
            [
              -86.77419280999999,
              38.01011276200006
            ],
            [
              -86.77709960899995,
              38.01061248800005
            ],
            [
              -86.77569580099998,
              38.01301193200004
            ],
            [
              -86.77619934099994,
              38.02391052200005
            ],
            [
              -86.77980041499995,
              38.02451324500004
            ],
            [
              -86.78139495199997,
              38.02731322200003
            ],
            [
              -86.77669525099998,
              38.03011322000003
            ],
            [
              -86.77069854699994,
              38.02981185900006
            ],
            [
              -86.77319335899995,
              38.03331375100004
            ],
            [
              -86.77569580099998,
              38.032611847000055
            ],
            [
              -86.77959442099996,
              38.03641128500004
            ],
            [
              -86.78079986599994,
              38.04041290300006
            ],
            [
              -86.78599548299997,
              38.03981399500003
            ],
            [
              -86.78399658199999,
              38.043613434000065
            ],
            [
              -86.77969360399999,
              38.04411315900006
            ],
            [
              -86.77959442099996,
              38.04671096800007
            ],
            [
              -86.781799316,
              38.048412323000036
            ],
            [
              -86.77909851099997,
              38.050212860000045
            ],
            [
              -86.77999877899998,
              38.05291366600005
            ],
            [
              -86.77599334699994,
              38.05221176100008
            ],
            [
              -86.76579284699994,
              38.05841064500004
            ],
            [
              -86.76969909699994,
              38.06151199300007
            ],
            [
              -86.77969360399999,
              38.07811355600006
            ],
            [
              -86.77249908399995,
              38.08381271400003
            ],
            [
              -86.77219390899995,
              38.087211609000065
            ],
            [
              -86.76959991499996,
              38.08761215200008
            ],
            [
              -86.76729583699995,
              38.094211578000056
            ],
            [
              -86.76899719199997,
              38.09651184100005
            ],
            [
              -86.76879882799994,
              38.10101318400007
            ],
            [
              -86.77249908399995,
              38.10221099900008
            ],
            [
              -86.77279663099995,
              38.10491180400004
            ],
            [
              -86.77929687499994,
              38.10211181600005
            ],
            [
              -86.78260040399994,
              38.10231399500003
            ],
            [
              -86.78789520399994,
              38.105213165000066
            ],
            [
              -86.78439331099997,
              38.10971069300007
            ],
            [
              -86.79219818199994,
              38.116012573000035
            ],
            [
              -86.79459381099997,
              38.11591339100005
            ],
            [
              -86.80109405499996,
              38.11121368400006
            ],
            [
              -86.80679321299993,
              38.118110657000045
            ],
            [
              -86.79509735099998,
              38.124912262000066
            ],
            [
              -86.80259704599996,
              38.13451385500008
            ],
            [
              -86.79979705799997,
              38.13731384300007
            ],
            [
              -86.80039977999996,
              38.13971328700006
            ],
            [
              -86.80569457999997,
              38.142513275000056
            ],
            [
              -86.80119323799994,
              38.151313782000045
            ],
            [
              -86.79579925499996,
              38.15691375700004
            ],
            [
              -86.79909515399999,
              38.16261291500007
            ],
            [
              -86.79839325099994,
              38.16631317100007
            ],
            [
              -86.80220031699997,
              38.17181396500007
            ],
            [
              -86.80239868299998,
              38.18141174300007
            ],
            [
              -86.79239654499997,
              38.18041229200003
            ],
            [
              -86.79129791299994,
              38.18661117600004
            ],
            [
              -86.79219818199994,
              38.24911117600004
            ],
            [
              -86.67910003699996,
              38.24901199300007
            ],
            [
              -86.67949676499995,
              38.26311111500007
            ],
            [
              -86.57289886499996,
              38.266212463000045
            ],
            [
              -86.57009887699996,
              38.26521301300005
            ],
            [
              -86.57119751,
              38.20771408100006
            ],
            [
              -86.460395813,
              38.20631408700007
            ],
            [
              -86.46259307899999,
              38.12011337300004
            ]
          ]
        ]
      }
    },
    {
      "type": "Feature",
      "properties": {
        "STATE": "IN",
        "ZONE": "076",
        "CWA": "LMK",
        "NAME": "Orange",
        "STATE_ZONE": "IN076",
        "TIME_ZONE": "E"
      },
      "geometry": {
        "type": "Polygon",
        "coordinates": [
          [
            [
              -86.30839538599997,
              38.68781280500008
            ],
            [
              -86.30889892599998,
              38.39411163300008
            ],
            [
              -86.50000000099999,
              38.396610260000045
            ],
            [
              -86.68139648399995,
              38.39441299400005
            ],
            [
              -86.68309783899997,
              38.68721389800004
            ],
            [
              -86.30839538599997,
              38.68781280500008
            ]
          ]
        ]
      }
    },
    {
      "type": "Feature",
      "properties": {
        "STATE": "IN",
        "ZONE": "079",
        "CWA": "LMK",
        "NAME": "Jefferson",
        "STATE_ZONE": "IN079",
        "TIME_ZONE": "E"
      },
      "geometry": {
        "type": "Polygon",
        "coordinates": [
          [
            [
              -85.20009612999996,
              38.69081115700004
            ],
            [
              -85.21260070799997,
              38.69511032100007
            ],
            [
              -85.22169494599996,
              38.70141220100004
            ],
            [
              -85.24609374999994,
              38.731311798000036
            ],
            [
              -85.25759887699996,
              38.73721313500005
            ],
            [
              -85.26689910899995,
              38.739810944000055
            ],
            [
              -85.28919982899998,
              38.74241256700003
            ],
            [
              -85.30169677699996,
              38.742012024000076
            ],
            [
              -85.34379577599998,
              38.73321151700003
            ],
            [
              -85.36470031699997,
              38.73051071200007
            ],
            [
              -85.37649536099997,
              38.73121261600005
            ],
            [
              -85.40539550799997,
              38.73661041300005
            ],
            [
              -85.41569519099994,
              38.736511230000076
            ],
            [
              -85.43699645999999,
              38.72721099900008
            ],
            [
              -85.45199584999995,
              38.70951080300006
            ],
            [
              -85.45659637499995,
              38.692913055000076
            ],
            [
              -85.45549774199998,
              38.68211364700005
            ],
            [
              -85.44479370099998,
              38.67011261000005
            ],
            [
              -85.43859863299997,
              38.65881347700008
            ],
            [
              -85.43769836399997,
              38.650012970000034
            ],
            [
              -85.43949890199997,
              38.632411957000045
            ],
            [
              -85.43930053699995,
              38.60951232900004
            ],
            [
              -85.43629455599995,
              38.59881210300006
            ],
            [
              -85.42829894999994,
              38.586311340000066
            ],
            [
              -85.47879791299994,
              38.58621215800008
            ],
            [
              -85.47869872999996,
              38.59251022300003
            ],
            [
              -85.49639892599998,
              38.59231185900006
            ],
            [
              -85.49659728999995,
              38.606113434000065
            ],
            [
              -85.49919891399998,
              38.60681152300003
            ],
            [
              -85.56969451899994,
              38.606311798000036
            ],
            [
              -85.57089996399998,
              38.67861175500008
            ],
            [
              -85.60350036599993,
              38.67871093700006
            ],
            [
              -85.60820007299998,
              38.68001174900007
            ],
            [
              -85.60989379899996,
              38.70781326300005
            ],
            [
              -85.64479827999997,
              38.707912445000034
            ],
            [
              -85.64619445799997,
              38.729812622000054
            ],
            [
              -85.66429901099997,
              38.730213165000066
            ],
            [
              -85.66449737499994,
              38.73691177400008
            ],
            [
              -85.68249511699997,
              38.736812592000035
            ],
            [
              -85.68379974399994,
              38.81301116900005
            ],
            [
              -85.68489837599998,
              38.815311432000044
            ],
            [
              -85.68369293199999,
              38.823810577000074
            ],
            [
              -85.63909912099996,
              38.824211121000076
            ],
            [
              -85.63819885299995,
              38.81761169400005
            ],
            [
              -85.63129424999994,
              38.81761169400005
            ],
            [
              -85.62879943799999,
              38.81821060200008
            ],
            [
              -85.62869262699996,
              38.823810577000074
            ],
            [
              -85.61059570299994,
              38.824211121000076
            ],
            [
              -85.61100006099997,
              38.85381317100007
            ],
            [
              -85.57369995099998,
              38.853912354000045
            ],
            [
              -85.57369995099998,
              38.88171386700003
            ],
            [
              -85.53789520299995,
              38.88271331800007
            ],
            [
              -85.53679656999998,
              38.912212372000056
            ],
            [
              -85.20549774199998,
              38.91381073000008
            ],
            [
              -85.20279693599997,
              38.91501236000005
            ],
            [
              -85.20339965799997,
              38.781311035000044
            ],
            [
              -85.20169830299994,
              38.696411133000026
            ],
            [
              -85.20009612999996,
              38.69081115700004
            ]
          ]
        ]
      }
    },
    {
      "type": "Feature",
      "properties": {
        "STATE": "IN",
        "ZONE": "090",
        "CWA": "LMK",
        "NAME": "Harrison",
        "STATE_ZONE": "IN090",
        "TIME_ZONE": "E"
      },
      "geometry": {
        "type": "Polygon",
        "coordinates": [
          [
            [
              -86.03319549599996,
              38.417911530000026
            ],
            [
              -86.03260040299995,
              38.33061218300003
            ],
            [
              -86.01579284699994,
              38.33071136500007
            ],
            [
              -86.01449584999995,
              38.32741165200008
            ],
            [
              -86.01409912099996,
              38.30291366600005
            ],
            [
              -86.01119995199997,
              38.30161285400004
            ],
            [
              -85.99519348099994,
              38.30211257900004
            ],
            [
              -85.99539947499994,
              38.288112640000065
            ],
            [
              -85.99219512899998,
              38.28801345800008
            ],
            [
              -85.99209594699994,
              38.275413513000046
            ],
            [
              -85.97349548399995,
              38.27491378800005
            ],
            [
              -85.97339630099998,
              38.26121139500003
            ],
            [
              -85.95509338399995,
              38.260513306000064
            ],
            [
              -85.95509338399995,
              38.20211410500008
            ],
            [
              -85.95749664299996,
              38.20091247600004
            ],
            [
              -85.95769500699998,
              38.18931198100006
            ],
            [
              -85.92279815699999,
              38.188613892000035
            ],
            [
              -85.90089416499995,
              38.18571090700004
            ],
            [
              -85.90059661899994,
              38.17831039400005
            ],
            [
              -85.90879821799996,
              38.16121292100007
            ],
            [
              -85.90950012199994,
              38.140113831000065
            ],
            [
              -85.90459442099996,
              38.100013733000026
            ],
            [
              -85.90639495899995,
              38.08581161500007
            ],
            [
              -85.91600036599993,
              38.06561279300007
            ],
            [
              -85.92149352999996,
              38.03141403200004
            ],
            [
              -85.92549896199995,
              38.023410797000054
            ],
            [
              -85.93459320099998,
              38.01441192600004
            ],
            [
              -85.95079803499993,
              38.00581359900008
            ],
            [
              -86.00999450699999,
              37.99841308600003
            ],
            [
              -86.02949523899997,
              37.99261093100006
            ],
            [
              -86.03459930399998,
              37.98581314100005
            ],
            [
              -86.03529357899998,
              37.982013702000074
            ],
            [
              -86.03350067099996,
              37.97151184100005
            ],
            [
              -86.03459930399998,
              37.96421051000004
            ],
            [
              -86.03819274899996,
              37.95941162100007
            ],
            [
              -86.042099,
              37.95811080900006
            ],
            [
              -86.04959869399994,
              37.96021270800003
            ],
            [
              -86.061096191,
              37.97061157200005
            ],
            [
              -86.07929992699997,
              38.00051116900005
            ],
            [
              -86.09880065899995,
              38.01021194500004
            ],
            [
              -86.11759948699995,
              38.01521301300005
            ],
            [
              -86.13219451899994,
              38.016014099000074
            ],
            [
              -86.16829681399997,
              38.00991058300008
            ],
            [
              -86.17899322499994,
              38.011310577000074
            ],
            [
              -86.21779632599998,
              38.02671051000004
            ],
            [
              -86.23359680199997,
              38.039012909000064
            ],
            [
              -86.25,
              38.04581069900007
            ],
            [
              -86.26129913299997,
              38.05271148700007
            ],
            [
              -86.27029418899997,
              38.061412811000025
            ],
            [
              -86.27809905999999,
              38.08361053500005
            ],
            [
              -86.27849578899998,
              38.099311829000044
            ],
            [
              -86.27109527599998,
              38.131313324000075
            ],
            [
              -86.27179717999996,
              38.137912750000055
            ],
            [
              -86.28919982899998,
              38.15911102300004
            ],
            [
              -86.31719970699999,
              38.172710419000055
            ],
            [
              -86.32939910899995,
              38.18171310400004
            ],
            [
              -86.32609558099995,
              38.18271255500008
            ],
            [
              -86.31609344499998,
              38.17811203000008
            ],
            [
              -86.31159973099994,
              38.17901229900008
            ],
            [
              -86.31039428699995,
              38.18211364700005
            ],
            [
              -86.31749725299994,
              38.18681335400004
            ],
            [
              -86.31779479999994,
              38.18911361700003
            ],
            [
              -86.31079864599997,
              38.18981170700005
            ],
            [
              -86.30929565399998,
              38.198013306000064
            ],
            [
              -86.306999207,
              38.20201110800008
            ],
            [
              -86.29619598399995,
              38.203712463000045
            ],
            [
              -86.29399871799995,
              38.20161056500007
            ],
            [
              -86.29069518999995,
              38.20201110800008
            ],
            [
              -86.29499816899994,
              38.208911896000075
            ],
            [
              -86.28989410399998,
              38.21111297600004
            ],
            [
              -86.28899383499999,
              38.213310242000034
            ],
            [
              -86.29809570299994,
              38.22031402600004
            ],
            [
              -86.293495179,
              38.22451400800003
            ],
            [
              -86.28589630099998,
              38.221012115000065
            ],
            [
              -86.28329467899994,
              38.221412659000066
            ],
            [
              -86.27769470199996,
              38.22681045500008
            ],
            [
              -86.27489471399997,
              38.278713226000036
            ],
            [
              -86.27599334699994,
              38.28141403200004
            ],
            [
              -86.27979278599997,
              38.28361129800004
            ],
            [
              -86.277893066,
              38.28631210300006
            ],
            [
              -86.26989746099997,
              38.27881240800008
            ],
            [
              -86.26770019499997,
              38.27991104100005
            ],
            [
              -86.26539611799996,
              38.28611373900003
            ],
            [
              -86.25729370099998,
              38.28411102300004
            ],
            [
              -86.25389862199995,
              38.29151153600003
            ],
            [
              -86.25370025599995,
              38.295612335000044
            ],
            [
              -86.25709533699995,
              38.296913147000055
            ],
            [
              -86.26419830299994,
              38.29501342800006
            ],
            [
              -86.26490020799997,
              38.29921340900006
            ],
            [
              -86.26349639999995,
              38.30371093700006
            ],
            [
              -86.25919342099996,
              38.305713654000044
            ],
            [
              -86.26549529999994,
              38.30851364100005
            ],
            [
              -86.27029418899997,
              38.30751037600004
            ],
            [
              -86.27489471399997,
              38.30131149300007
            ],
            [
              -86.27829742399996,
              38.302413940000065
            ],
            [
              -86.27629852299998,
              38.30791091900005
            ],
            [
              -86.28929901099997,
              38.31641387900004
            ],
            [
              -86.28259277299998,
              38.32481384300007
            ],
            [
              -86.27769470199996,
              38.320812225000054
            ],
            [
              -86.27399444699995,
              38.32091140700004
            ],
            [
              -86.27420043899997,
              38.32491302500006
            ],
            [
              -86.27659606899994,
              38.32731246900005
            ],
            [
              -86.273796082,
              38.33011245700004
            ],
            [
              -86.27639770499997,
              38.33941268900003
            ],
            [
              -86.27169799799998,
              38.34221267700008
            ],
            [
              -86.27610015899995,
              38.34941101100003
            ],
            [
              -86.28149414099994,
              38.349311829000044
            ],
            [
              -86.27409362799995,
              38.35561370800008
            ],
            [
              -86.27099609399994,
              38.361110687000064
            ],
            [
              -86.26490020799997,
              38.36161041300005
            ],
            [
              -86.26099395799997,
              38.35571289100005
            ],
            [
              -86.24799346899994,
              38.34921264600007
            ],
            [
              -86.25259399399994,
              38.35571289100005
            ],
            [
              -86.24889373799994,
              38.36001205400004
            ],
            [
              -86.24889373799994,
              38.36371231100003
            ],
            [
              -86.25789642299998,
              38.36711120600006
            ],
            [
              -86.26099395799997,
              38.38101196300005
            ],
            [
              -86.25969695999999,
              38.38831329300007
            ],
            [
              -86.25779724099993,
              38.389610291000054
            ],
            [
              -86.25269317699997,
              38.383312225000054
            ],
            [
              -86.25009918199999,
              38.383613586000024
            ],
            [
              -86.24569702099996,
              38.387912750000055
            ],
            [
              -86.26139831499995,
              38.394912720000036
            ],
            [
              -86.25959777799994,
              38.39771270800003
            ],
            [
              -86.25299835199996,
              38.394611359000066
            ],
            [
              -86.25090026899994,
              38.39681243900003
            ],
            [
              -86.25249481199995,
              38.401210785000046
            ],
            [
              -86.25199890099998,
              38.40641403200004
            ],
            [
              -86.25829315199996,
              38.410011292000036
            ],
            [
              -86.26439666699997,
              38.410911560000045
            ],
            [
              -86.26069641099997,
              38.41381073000008
            ],
            [
              -86.25489807099996,
              38.42261123700007
            ],
            [
              -86.03319549599996,
              38.417911530000026
            ]
          ]
        ]
      }
    },
    {
      "type": "Feature",
      "properties": {
        "STATE": "IN",
        "ZONE": "091",
        "CWA": "LMK",
        "NAME": "Floyd",
        "STATE_ZONE": "IN091",
        "TIME_ZONE": "E"
      },
      "geometry": {
        "type": "Polygon",
        "coordinates": [
          [
            [
              -85.79149627699996,
              38.28911209100005
            ],
            [
              -85.82379913299997,
              38.280612946000076
            ],
            [
              -85.82939910899995,
              38.27641296400003
            ],
            [
              -85.83499908399995,
              38.267513275000056
            ],
            [
              -85.83969879199998,
              38.239810944000055
            ],
            [
              -85.84559631299999,
              38.230113983000024
            ],
            [
              -85.85149383499999,
              38.22331237800006
            ],
            [
              -85.88029479999994,
              38.203411102000075
            ],
            [
              -85.89479827899999,
              38.188510895000036
            ],
            [
              -85.90059661899994,
              38.17831039400005
            ],
            [
              -85.90089416499995,
              38.18571090700004
            ],
            [
              -85.92279815699999,
              38.188613892000035
            ],
            [
              -85.95769500699998,
              38.18931198100006
            ],
            [
              -85.95749664299996,
              38.20091247600004
            ],
            [
              -85.95509338399995,
              38.20211410500008
            ],
            [
              -85.95509338399995,
              38.260513306000064
            ],
            [
              -85.97339630099998,
              38.26121139500003
            ],
            [
              -85.97349548399995,
              38.27491378800005
            ],
            [
              -85.99209594699994,
              38.275413513000046
            ],
            [
              -85.99219512899998,
              38.28801345800008
            ],
            [
              -85.99539947499994,
              38.288112640000065
            ],
            [
              -85.99519348099994,
              38.30211257900004
            ],
            [
              -86.01119995199997,
              38.30161285400004
            ],
            [
              -86.01409912099996,
              38.30291366600005
            ],
            [
              -86.01449584999995,
              38.32741165200008
            ],
            [
              -86.01579284699994,
              38.33071136500007
            ],
            [
              -86.03260040299995,
              38.33061218300003
            ],
            [
              -86.03319549599996,
              38.417911530000026
            ],
            [
              -85.99469757099996,
              38.418613434000065
            ],
            [
              -85.99459838899998,
              38.410911560000045
            ],
            [
              -85.96699523999996,
              38.41081237800006
            ],
            [
              -85.96689605699999,
              38.403411865000066
            ],
            [
              -85.80839538599997,
              38.40441131600005
            ],
            [
              -85.80879974399994,
              38.40071106000005
            ],
            [
              -85.78549957299998,
              38.374813080000024
            ],
            [
              -85.78339386,
              38.37291336100003
            ],
            [
              -85.78049468999995,
              38.37341308600003
            ],
            [
              -85.76079559299995,
              38.35031127900004
            ],
            [
              -85.76639556899994,
              38.34771347000003
            ],
            [
              -85.77029418899997,
              38.343811035000044
            ],
            [
              -85.78979492299999,
              38.338710785000046
            ],
            [
              -85.78389739999994,
              38.33531189000007
            ],
            [
              -85.78289794899996,
              38.33271026600005
            ],
            [
              -85.78529357899998,
              38.33151245100004
            ],
            [
              -85.79339599599996,
              38.33401107800006
            ],
            [
              -85.79669952399996,
              38.33341217000003
            ],
            [
              -85.79379272499995,
              38.32491302500006
            ],
            [
              -85.78469848599997,
              38.32201385500008
            ],
            [
              -85.79419708299997,
              38.313510895000036
            ],
            [
              -85.78829956099997,
              38.30921173100006
            ],
            [
              -85.79589843799994,
              38.306613922000054
            ],
            [
              -85.79169464099994,
              38.30061340300006
            ],
            [
              -85.79049682599998,
              38.29161071800007
            ],
            [
              -85.79149627699996,
              38.28911209100005
            ]
          ]
        ]
      }
    },
    {
      "type": "Feature",
      "properties": {
        "STATE": "IN",
        "ZONE": "092",
        "CWA": "LMK",
        "NAME": "Clark",
        "STATE_ZONE": "IN092",
        "TIME_ZONE": "E"
      },
      "geometry": {
        "type": "Polygon",
        "coordinates": [
          [
            [
              -85.42829894999994,
              38.586311340000066
            ],
            [
              -85.41989898699995,
              38.57351303100006
            ],
            [
              -85.41549682999994,
              38.56131362900004
            ],
            [
              -85.41569519099994,
              38.54591369600007
            ],
            [
              -85.41769409199998,
              38.54001236000005
            ],
            [
              -85.42579650899995,
              38.528713226000036
            ],
            [
              -85.43719482399996,
              38.52191162100007
            ],
            [
              -85.46339416499995,
              38.51211166400003
            ],
            [
              -85.47219848599997,
              38.506313324000075
            ],
            [
              -85.47799682599998,
              38.497711182000046
            ],
            [
              -85.48289489699994,
              38.485713959000066
            ],
            [
              -85.49219512899998,
              38.47391128500004
            ],
            [
              -85.49939727799995,
              38.468112946000076
            ],
            [
              -85.53599548399995,
              38.45621109000007
            ],
            [
              -85.57529449499998,
              38.45331192000003
            ],
            [
              -85.58649444599996,
              38.45081329300007
            ],
            [
              -85.60759735099998,
              38.43931198100006
            ],
            [
              -85.62009429999995,
              38.423213959000066
            ],
            [
              -85.62269592299998,
              38.41481399500003
            ],
            [
              -85.63159942599998,
              38.39871215800008
            ],
            [
              -85.63799285999994,
              38.38011169400005
            ],
            [
              -85.63899993899997,
              38.36081314100005
            ],
            [
              -85.65239715599995,
              38.32971191400003
            ],
            [
              -85.65950012199994,
              38.319713593000074
            ],
            [
              -85.67089843799994,
              38.30821228000008
            ],
            [
              -85.67589569099994,
              38.30061340300006
            ],
            [
              -85.68359374999994,
              38.29551315300006
            ],
            [
              -85.74489593499999,
              38.26721191400003
            ],
            [
              -85.75079345699999,
              38.26791381800007
            ],
            [
              -85.76239776599994,
              38.27421188400007
            ],
            [
              -85.76659393299997,
              38.27771377600004
            ],
            [
              -85.76599884099994,
              38.280212402000075
            ],
            [
              -85.77330017099996,
              38.28611373900003
            ],
            [
              -85.79149627699996,
              38.28911209100005
            ],
            [
              -85.79049682599998,
              38.29161071800007
            ],
            [
              -85.79169464099994,
              38.30061340300006
            ],
            [
              -85.79589843799994,
              38.306613922000054
            ],
            [
              -85.78829956099997,
              38.30921173100006
            ],
            [
              -85.79419708299997,
              38.313510895000036
            ],
            [
              -85.78469848599997,
              38.32201385500008
            ],
            [
              -85.79379272499995,
              38.32491302500006
            ],
            [
              -85.79669952399996,
              38.33341217000003
            ],
            [
              -85.79339599599996,
              38.33401107800006
            ],
            [
              -85.78529357899998,
              38.33151245100004
            ],
            [
              -85.78289794899996,
              38.33271026600005
            ],
            [
              -85.78389739999994,
              38.33531189000007
            ],
            [
              -85.78979492299999,
              38.338710785000046
            ],
            [
              -85.77029418899997,
              38.343811035000044
            ],
            [
              -85.76639556899994,
              38.34771347000003
            ],
            [
              -85.76079559299995,
              38.35031127900004
            ],
            [
              -85.78049468999995,
              38.37341308600003
            ],
            [
              -85.78339386,
              38.37291336100003
            ],
            [
              -85.78549957299998,
              38.374813080000024
            ],
            [
              -85.80879974399994,
              38.40071106000005
            ],
            [
              -85.80839538599997,
              38.40441131600005
            ],
            [
              -85.96689605699999,
              38.403411865000066
            ],
            [
              -85.96699523999996,
              38.41081237800006
            ],
            [
              -85.99459838899998,
              38.410911560000045
            ],
            [
              -85.99329376199995,
              38.48851394700006
            ],
            [
              -85.95619964599996,
              38.48891067500006
            ],
            [
              -85.95709991499996,
              38.501911163000045
            ],
            [
              -85.88479614299996,
              38.503513336000026
            ],
            [
              -85.88469695999999,
              38.51811218300003
            ],
            [
              -85.86719512899998,
              38.518413544000055
            ],
            [
              -85.86619567899999,
              38.547111511000026
            ],
            [
              -85.84759521499996,
              38.54741287200005
            ],
            [
              -85.84809875499997,
              38.56181335400004
            ],
            [
              -85.83049774199998,
              38.561412811000025
            ],
            [
              -85.82119751,
              38.56281280500008
            ],
            [
              -85.82139587399996,
              38.57431030300006
            ],
            [
              -85.81219482399996,
              38.57551193200004
            ],
            [
              -85.81229400599995,
              38.582912445000034
            ],
            [
              -85.80299377399996,
              38.583011627000076
            ],
            [
              -85.80309295799998,
              38.59031295800003
            ],
            [
              -85.79359435999999,
              38.59031295800003
            ],
            [
              -85.79359435999999,
              38.604812622000054
            ],
            [
              -85.49919891399998,
              38.60681152300003
            ],
            [
              -85.49659728999995,
              38.606113434000065
            ],
            [
              -85.49639892599998,
              38.59231185900006
            ],
            [
              -85.47869872999996,
              38.59251022300003
            ],
            [
              -85.47879791299994,
              38.58621215800008
            ],
            [
              -85.42829894999994,
              38.586311340000066
            ]
          ]
        ]
      }
    },
    {
      "type": "Feature",
      "properties": {
        "STATE": "IN",
        "ZONE": "084",
        "CWA": "LMK",
        "NAME": "Crawford",
        "STATE_ZONE": "IN084",
        "TIME_ZONE": "E"
      },
      "geometry": {
        "type": "Polygon",
        "coordinates": [
          [
            [
              -86.25489807099996,
              38.42261123700007
            ],
            [
              -86.26069641099997,
              38.41381073000008
            ],
            [
              -86.26439666699997,
              38.410911560000045
            ],
            [
              -86.25829315199996,
              38.410011292000036
            ],
            [
              -86.25199890099998,
              38.40641403200004
            ],
            [
              -86.25249481199995,
              38.401210785000046
            ],
            [
              -86.25090026899994,
              38.39681243900003
            ],
            [
              -86.25299835199996,
              38.394611359000066
            ],
            [
              -86.25959777799994,
              38.39771270800003
            ],
            [
              -86.26139831499995,
              38.394912720000036
            ],
            [
              -86.24569702099996,
              38.387912750000055
            ],
            [
              -86.25009918199999,
              38.383613586000024
            ],
            [
              -86.25269317699997,
              38.383312225000054
            ],
            [
              -86.25779724099993,
              38.389610291000054
            ],
            [
              -86.25969695999999,
              38.38831329300007
            ],
            [
              -86.26099395799997,
              38.38101196300005
            ],
            [
              -86.25789642299998,
              38.36711120600006
            ],
            [
              -86.24889373799994,
              38.36371231100003
            ],
            [
              -86.24889373799994,
              38.36001205400004
            ],
            [
              -86.25259399399994,
              38.35571289100005
            ],
            [
              -86.24799346899994,
              38.34921264600007
            ],
            [
              -86.26099395799997,
              38.35571289100005
            ],
            [
              -86.26490020799997,
              38.36161041300005
            ],
            [
              -86.27099609399994,
              38.361110687000064
            ],
            [
              -86.27409362799995,
              38.35561370800008
            ],
            [
              -86.28149414099994,
              38.349311829000044
            ],
            [
              -86.27610015899995,
              38.34941101100003
            ],
            [
              -86.27169799799998,
              38.34221267700008
            ],
            [
              -86.27639770499997,
              38.33941268900003
            ],
            [
              -86.273796082,
              38.33011245700004
            ],
            [
              -86.27659606899994,
              38.32731246900005
            ],
            [
              -86.27420043899997,
              38.32491302500006
            ],
            [
              -86.27399444699995,
              38.32091140700004
            ],
            [
              -86.27769470199996,
              38.320812225000054
            ],
            [
              -86.28259277299998,
              38.32481384300007
            ],
            [
              -86.28929901099997,
              38.31641387900004
            ],
            [
              -86.27629852299998,
              38.30791091900005
            ],
            [
              -86.27829742399996,
              38.302413940000065
            ],
            [
              -86.27489471399997,
              38.30131149300007
            ],
            [
              -86.27029418899997,
              38.30751037600004
            ],
            [
              -86.26549529999994,
              38.30851364100005
            ],
            [
              -86.25919342099996,
              38.305713654000044
            ],
            [
              -86.26349639999995,
              38.30371093700006
            ],
            [
              -86.26490020799997,
              38.29921340900006
            ],
            [
              -86.26419830299994,
              38.29501342800006
            ],
            [
              -86.26099395799997,
              38.29671096800007
            ],
            [
              -86.25370025599995,
              38.295612335000044
            ],
            [
              -86.25389862199995,
              38.29151153600003
            ],
            [
              -86.25729370099998,
              38.28411102300004
            ],
            [
              -86.26539611799996,
              38.28611373900003
            ],
            [
              -86.26770019499997,
              38.27991104100005
            ],
            [
              -86.26989746099997,
              38.27881240800008
            ],
            [
              -86.277893066,
              38.28631210300006
            ],
            [
              -86.27979278599997,
              38.28361129800004
            ],
            [
              -86.27599334699994,
              38.28141403200004
            ],
            [
              -86.27489471399997,
              38.278713226000036
            ],
            [
              -86.27769470199996,
              38.22681045500008
            ],
            [
              -86.28329467899994,
              38.221412659000066
            ],
            [
              -86.28589630099998,
              38.221012115000065
            ],
            [
              -86.293495179,
              38.22451400800003
            ],
            [
              -86.29809570299994,
              38.22031402600004
            ],
            [
              -86.28899383499999,
              38.213310242000034
            ],
            [
              -86.28989410399998,
              38.21111297600004
            ],
            [
              -86.29499816899994,
              38.208911896000075
            ],
            [
              -86.29069518999995,
              38.20201110800008
            ],
            [
              -86.29399871799995,
              38.20161056500007
            ],
            [
              -86.29619598399995,
              38.203712463000045
            ],
            [
              -86.306999207,
              38.20201110800008
            ],
            [
              -86.30929565399998,
              38.198013306000064
            ],
            [
              -86.31079864599997,
              38.18981170700005
            ],
            [
              -86.31779479999994,
              38.18911361700003
            ],
            [
              -86.31749725299994,
              38.18681335400004
            ],
            [
              -86.31039428699995,
              38.18211364700005
            ],
            [
              -86.31159973099994,
              38.17901229900008
            ],
            [
              -86.31609344499998,
              38.17811203000008
            ],
            [
              -86.32609558099995,
              38.18271255500008
            ],
            [
              -86.32939910899995,
              38.18171310400004
            ],
            [
              -86.34589386,
              38.194011688000046
            ],
            [
              -86.35709381099997,
              38.19851303100006
            ],
            [
              -86.36419677699996,
              38.198211670000035
            ],
            [
              -86.37099456799996,
              38.19551086400003
            ],
            [
              -86.37549591099997,
              38.19141387900004
            ],
            [
              -86.37839508099995,
              38.18381118800005
            ],
            [
              -86.37689971899994,
              38.17041397100007
            ],
            [
              -86.36919403099995,
              38.16361236600005
            ],
            [
              -86.36190032999997,
              38.16111373900003
            ],
            [
              -86.33969879199998,
              38.15881347700008
            ],
            [
              -86.32929992699997,
              38.15581131000005
            ],
            [
              -86.32339477499994,
              38.152111053000056
            ],
            [
              -86.32159423799999,
              38.147911072000056
            ],
            [
              -86.32419586199995,
              38.137912750000055
            ],
            [
              -86.33159637499995,
              38.13061142000004
            ],
            [
              -86.33509826699998,
              38.12921142600004
            ],
            [
              -86.34779357899998,
              38.128211975000056
            ],
            [
              -86.37569427499994,
              38.13051223800005
            ],
            [
              -86.37899780299995,
              38.12951278700007
            ],
            [
              -86.38689422599998,
              38.124912262000066
            ],
            [
              -86.39619445799997,
              38.107810974000074
            ],
            [
              -86.40269470199996,
              38.105411530000026
            ],
            [
              -86.43129730199996,
              38.12591171300005
            ],
            [
              -86.44279479999994,
              38.12761306800007
            ],
            [
              -86.45089721699998,
              38.126911163000045
            ],
            [
              -86.46259307899999,
              38.12011337300004
            ],
            [
              -86.460395813,
              38.20631408700007
            ],
            [
              -86.57119751,
              38.20771408100006
            ],
            [
              -86.57009887699996,
              38.26521301300005
            ],
            [
              -86.57289886499996,
              38.266212463000045
            ],
            [
              -86.67949676499995,
              38.26311111500007
            ],
            [
              -86.68139648399995,
              38.39441299400005
            ],
            [
              -86.50000000099999,
              38.396610260000045
            ],
            [
              -86.30889892599998,
              38.39411163300008
            ],
            [
              -86.30869293199999,
              38.42291259800004
            ],
            [
              -86.25489807099996,
              38.42261123700007
            ]
          ]
        ]
      }
    },
    {
      "type": "Feature",
      "properties": {
        "STATE": "IN",
        "ZONE": "083",
        "CWA": "LMK",
        "NAME": "Dubois",
        "STATE_ZONE": "IN083",
        "TIME_ZONE": "E"
      },
      "geometry": {
        "type": "Polygon",
        "coordinates": [
          [
            [
              -86.68239593499999,
              38.526210785000046
            ],
            [
              -86.67910003699996,
              38.24901199300007
            ],
            [
              -86.79219818199994,
              38.24911117600004
            ],
            [
              -86.79149627699996,
              38.20601272600004
            ],
            [
              -86.92269897499995,
              38.20301055900006
            ],
            [
              -87.07309722899998,
              38.20381164600008
            ],
            [
              -87.07239532499995,
              38.51441192600004
            ],
            [
              -87.06989288399996,
              38.51351165800003
            ],
            [
              -87.06369781599994,
              38.501712799000074
            ],
            [
              -87.05989837599998,
              38.500812531000065
            ],
            [
              -87.05579376199995,
              38.501911163000045
            ],
            [
              -87.04579925499996,
              38.51061248800005
            ],
            [
              -87.03299713099995,
              38.51191330000006
            ],
            [
              -87.02599334799999,
              38.50761032100007
            ],
            [
              -87.02279663099995,
              38.50731277500006
            ],
            [
              -87.01219940199996,
              38.51191330000006
            ],
            [
              -87.00699615499997,
              38.50881195100004
            ],
            [
              -87.00119781499995,
              38.50881195100004
            ],
            [
              -86.99559783899997,
              38.513214111000025
            ],
            [
              -86.97799682599998,
              38.50241088900003
            ],
            [
              -86.96640014599996,
              38.50451278700007
            ],
            [
              -86.95599365199996,
              38.50251388500004
            ],
            [
              -86.95589446999998,
              38.492313385000045
            ],
            [
              -86.94879913299997,
              38.49041366600005
            ],
            [
              -86.94059753399995,
              38.494113922000054
            ],
            [
              -86.93929290799997,
              38.50161361700003
            ],
            [
              -86.93309783899997,
              38.505012512000064
            ],
            [
              -86.92409515399999,
              38.50471115100004
            ],
            [
              -86.92259979199997,
              38.50001144400005
            ],
            [
              -86.91579437299998,
              38.496212006000064
            ],
            [
              -86.91319274899996,
              38.49601364100005
            ],
            [
              -86.90349578999997,
              38.50071334800003
            ],
            [
              -86.898796082,
              38.50061035200008
            ],
            [
              -86.88979339599996,
              38.495311737000065
            ],
            [
              -86.87789916999998,
              38.49591064500004
            ],
            [
              -86.87559509299996,
              38.501712799000074
            ],
            [
              -86.87030029299996,
              38.50571060200008
            ],
            [
              -86.85569763199999,
              38.50911331200007
            ],
            [
              -86.84409332299998,
              38.51491165200008
            ],
            [
              -86.83639526399998,
              38.52271270800003
            ],
            [
              -86.83729552899996,
              38.526512135000075
            ],
            [
              -86.68239593499999,
              38.526210785000046
            ]
          ]
        ]
      }
    },
    {
      "type": "Feature",
      "properties": {
        "STATE": "KY",
        "ZONE": "053",
        "CWA": "LMK",
        "NAME": "Larue",
        "STATE_ZONE": "KY053",
        "TIME_ZONE": "E"
      },
      "geometry": {
        "type": "Polygon",
        "coordinates": [
          [
            [
              -85.52469634999994,
              37.554512024000076
            ],
            [
              -85.51009368899997,
              37.55201339700005
            ],
            [
              -85.50259399499998,
              37.548412323000036
            ],
            [
              -85.49889373799994,
              37.544513702000074
            ],
            [
              -85.49259948699995,
              37.533512115000065
            ],
            [
              -85.49060058599997,
              37.526313782000045
            ],
            [
              -85.49160003699996,
              37.51641082800006
            ],
            [
              -85.490592957,
              37.513813019000054
            ],
            [
              -85.48359680199997,
              37.50091171300005
            ],
            [
              -85.47409820699994,
              37.492210388000046
            ],
            [
              -85.47289276199996,
              37.482013702000074
            ],
            [
              -85.46899414099994,
              37.47661209100005
            ],
            [
              -85.46629333499999,
              37.466213226000036
            ],
            [
              -85.48059845099993,
              37.46571350100004
            ],
            [
              -85.48889923099995,
              37.46741104100005
            ],
            [
              -85.49109649699994,
              37.469512939000026
            ],
            [
              -85.49279785199997,
              37.47811126700003
            ],
            [
              -85.49929809599996,
              37.483112335000044
            ],
            [
              -85.50259399499998,
              37.482013702000074
            ],
            [
              -85.50639343299997,
              37.47701263400006
            ],
            [
              -85.51559448199998,
              37.472511292000036
            ],
            [
              -85.51589965799997,
              37.468013763000044
            ],
            [
              -85.52610015899995,
              37.461612701000035
            ],
            [
              -85.52819824199997,
              37.454612732000044
            ],
            [
              -85.53839874299996,
              37.45631408700007
            ],
            [
              -85.54179382299998,
              37.455013275000056
            ],
            [
              -85.54439544699994,
              37.457611084000064
            ],
            [
              -85.551498413,
              37.460010529000044
            ],
            [
              -85.55639648499994,
              37.45861053500005
            ],
            [
              -85.56269836399997,
              37.45931243900003
            ],
            [
              -85.56599426299994,
              37.46031189000007
            ],
            [
              -85.56949615499997,
              37.46411132800006
            ],
            [
              -85.57979583699995,
              37.46531295800003
            ],
            [
              -85.58389282299999,
              37.47001266500007
            ],
            [
              -85.59069824299996,
              37.46891403200004
            ],
            [
              -85.59549713099995,
              37.46991348300003
            ],
            [
              -85.60439300499996,
              37.466213226000036
            ],
            [
              -85.60739898699995,
              37.46101379400005
            ],
            [
              -85.61509704699995,
              37.462913513000046
            ],
            [
              -85.61929321299993,
              37.46761322000003
            ],
            [
              -85.62319946299993,
              37.467712402000075
            ],
            [
              -85.62749481299994,
              37.47071075400004
            ],
            [
              -85.63389587399996,
              37.471210480000025
            ],
            [
              -85.63919830299994,
              37.45931243900003
            ],
            [
              -85.63789367699997,
              37.45661163300008
            ],
            [
              -85.638694763,
              37.45421218900003
            ],
            [
              -85.64519500699998,
              37.44961166400003
            ],
            [
              -85.65469360499998,
              37.447113037000065
            ],
            [
              -85.66469573999996,
              37.43581390400004
            ],
            [
              -85.66389465299994,
              37.43201065100004
            ],
            [
              -85.65899658199999,
              37.42871093700006
            ],
            [
              -85.65739440899995,
              37.42241287200005
            ],
            [
              -85.72969818099995,
              37.425212860000045
            ],
            [
              -85.75,
              37.43101120000006
            ],
            [
              -85.89309692399996,
              37.44041061400003
            ],
            [
              -85.89189910899995,
              37.44751358000008
            ],
            [
              -85.89369964699995,
              37.45771026600005
            ],
            [
              -85.89360046399997,
              37.471714020000036
            ],
            [
              -85.88909912099996,
              37.473213196000074
            ],
            [
              -85.88679504399994,
              37.481311798000036
            ],
            [
              -85.87719726599994,
              37.53881073000008
            ],
            [
              -85.87489318799999,
              37.54521179200003
            ],
            [
              -85.84299469099994,
              37.56591033900003
            ],
            [
              -85.82269287099996,
              37.57361221300005
            ],
            [
              -85.81949615599996,
              37.57981109600007
            ],
            [
              -85.81919860899995,
              37.58431243900003
            ],
            [
              -85.80739593499999,
              37.596412659000066
            ],
            [
              -85.80609893799993,
              37.60181045500008
            ],
            [
              -85.79759979199997,
              37.60891342200006
            ],
            [
              -85.80299377399996,
              37.62201309200003
            ],
            [
              -85.79699706999997,
              37.626010895000036
            ],
            [
              -85.77519988999995,
              37.63141250600006
            ],
            [
              -85.77599334699994,
              37.63911056500007
            ],
            [
              -85.763694763,
              37.64611053500005
            ],
            [
              -85.73970031699997,
              37.65081405600006
            ],
            [
              -85.67979431199996,
              37.73261261000005
            ],
            [
              -85.678092957,
              37.730010986000025
            ],
            [
              -85.67139434899997,
              37.73121261600005
            ],
            [
              -85.66479492199994,
              37.72601318400007
            ],
            [
              -85.65569305399998,
              37.72071075400004
            ],
            [
              -85.652893066,
              37.72111129800004
            ],
            [
              -85.65139770499997,
              37.71831131000005
            ],
            [
              -85.64579772899998,
              37.716213226000036
            ],
            [
              -85.64309692399996,
              37.710411072000056
            ],
            [
              -85.64669799799998,
              37.707912445000034
            ],
            [
              -85.64039611799996,
              37.70441055300006
            ],
            [
              -85.64099883999995,
              37.70221328700006
            ],
            [
              -85.63889312699996,
              37.70161056500007
            ],
            [
              -85.63659667999997,
              37.696113586000024
            ],
            [
              -85.63349914599996,
              37.69411087000003
            ],
            [
              -85.63009643599997,
              37.69571304300007
            ],
            [
              -85.62249755899995,
              37.69531250000006
            ],
            [
              -85.60699462899998,
              37.70051193200004
            ],
            [
              -85.60059356799997,
              37.69931030300006
            ],
            [
              -85.59529876699997,
              37.69591140700004
            ],
            [
              -85.59179687499994,
              37.69241333000008
            ],
            [
              -85.59320068399995,
              37.68841171300005
            ],
            [
              -85.59259796099997,
              37.682811737000065
            ],
            [
              -85.59539794899996,
              37.67701339700005
            ],
            [
              -85.59629821799996,
              37.669410706000065
            ],
            [
              -85.59299468999995,
              37.66871261600005
            ],
            [
              -85.59739685099998,
              37.663112640000065
            ],
            [
              -85.59659576399997,
              37.65941238400006
            ],
            [
              -85.60029602099996,
              37.65771102900004
            ],
            [
              -85.60139465299994,
              37.654510498000036
            ],
            [
              -85.59839630099998,
              37.65291214000007
            ],
            [
              -85.59599304199998,
              37.65411377000004
            ],
            [
              -85.60109710699999,
              37.64141082800006
            ],
            [
              -85.59999847399996,
              37.638813019000054
            ],
            [
              -85.59629821799996,
              37.63951110800008
            ],
            [
              -85.59539794899996,
              37.642513275000056
            ],
            [
              -85.58399963399995,
              37.64441299400005
            ],
            [
              -85.57319641099997,
              37.63681030300006
            ],
            [
              -85.57369995099998,
              37.62891387900004
            ],
            [
              -85.57109832799995,
              37.62721252400007
            ],
            [
              -85.56909942599998,
              37.62251281700003
            ],
            [
              -85.57069396999998,
              37.61751174900007
            ],
            [
              -85.57359313999996,
              37.61711120600006
            ],
            [
              -85.57899475099998,
              37.622310638000044
            ],
            [
              -85.57839965799997,
              37.62441253700007
            ],
            [
              -85.57999420199997,
              37.62651062000003
            ],
            [
              -85.58509826799997,
              37.625411987000064
            ],
            [
              -85.58929443399995,
              37.61981201200007
            ],
            [
              -85.58789825499997,
              37.617210388000046
            ],
            [
              -85.59359741199995,
              37.61361312900004
            ],
            [
              -85.60299682599998,
              37.61671066300005
            ],
            [
              -85.61449432499995,
              37.615112305000025
            ],
            [
              -85.613998413,
              37.61081314100005
            ],
            [
              -85.61069488499999,
              37.607212067000034
            ],
            [
              -85.59309387199994,
              37.60321044900007
            ],
            [
              -85.58819580199997,
              37.60491180400004
            ],
            [
              -85.59389495799996,
              37.59791183500005
            ],
            [
              -85.59149932899999,
              37.59521102900004
            ],
            [
              -85.59899902299998,
              37.59241104100005
            ],
            [
              -85.60089874299996,
              37.59351348900003
            ],
            [
              -85.60659789999994,
              37.59061050400004
            ],
            [
              -85.60529327399996,
              37.58861160300006
            ],
            [
              -85.60579681399997,
              37.58451080300006
            ],
            [
              -85.60209655799997,
              37.582912445000034
            ],
            [
              -85.60549926899995,
              37.57611084000007
            ],
            [
              -85.604599,
              37.567813873000034
            ],
            [
              -85.60869598399995,
              37.56261062600004
            ],
            [
              -85.60809326199995,
              37.55851364100005
            ],
            [
              -85.61449432499995,
              37.55831146200006
            ],
            [
              -85.62289428699995,
              37.552310944000055
            ],
            [
              -85.62339782699996,
              37.548213959000066
            ],
            [
              -85.62599945099998,
              37.545310974000074
            ],
            [
              -85.62529754599996,
              37.542510986000025
            ],
            [
              -85.61449432499995,
              37.54111099200003
            ],
            [
              -85.60820007299998,
              37.54511261000005
            ],
            [
              -85.60669708299997,
              37.54811096200007
            ],
            [
              -85.60339355499997,
              37.547710419000055
            ],
            [
              -85.60129547099996,
              37.54571151700003
            ],
            [
              -85.60439300499996,
              37.54421234100005
            ],
            [
              -85.60249328599997,
              37.541412354000045
            ],
            [
              -85.59999847399996,
              37.53971099900008
            ],
            [
              -85.59659576399997,
              37.54481124900008
            ],
            [
              -85.59479522699996,
              37.54151153600003
            ],
            [
              -85.59579467799995,
              37.53801345800008
            ],
            [
              -85.59849548299997,
              37.53581237800006
            ],
            [
              -85.59649658199999,
              37.53331375100004
            ],
            [
              -85.59399414099994,
              37.53241348300003
            ],
            [
              -85.59249877899998,
              37.53411102300004
            ],
            [
              -85.57460022099997,
              37.528011322000054
            ],
            [
              -85.56559753399995,
              37.52311325100004
            ],
            [
              -85.56079864499998,
              37.524711609000065
            ],
            [
              -85.55949401899994,
              37.52941131600005
            ],
            [
              -85.55399322499994,
              37.53151321400003
            ],
            [
              -85.54819488499999,
              37.53031158400006
            ],
            [
              -85.54819488499999,
              37.53301239000007
            ],
            [
              -85.55269622799995,
              37.541412354000045
            ],
            [
              -85.54919433599997,
              37.54721069300007
            ],
            [
              -85.55109405499996,
              37.550811768000074
            ],
            [
              -85.55059814499998,
              37.55491256700003
            ],
            [
              -85.54359435999999,
              37.56251144400005
            ],
            [
              -85.53089904799998,
              37.561111450000055
            ],
            [
              -85.52699279899997,
              37.56221389800004
            ],
            [
              -85.52469634999994,
              37.554512024000076
            ]
          ]
        ]
      }
    },
    {
      "type": "Feature",
      "properties": {
        "STATE": "KY",
        "ZONE": "067",
        "CWA": "LMK",
        "NAME": "Lincoln",
        "STATE_ZONE": "KY067",
        "TIME_ZONE": "E"
      },
      "geometry": {
        "type": "Polygon",
        "coordinates": [
          [
            [
              -84.44699859699995,
              37.485912323000036
            ],
            [
              -84.50289916999998,
              37.328712463000045
            ],
            [
              -84.55579376199995,
              37.35551071200007
            ],
            [
              -84.72079467799995,
              37.23891067500006
            ],
            [
              -84.72109985399999,
              37.24211120600006
            ],
            [
              -84.71889495799996,
              37.24511337300004
            ],
            [
              -84.71949768099995,
              37.24931335400004
            ],
            [
              -84.71629333599998,
              37.253211975000056
            ],
            [
              -84.71939849899996,
              37.25691223100006
            ],
            [
              -84.72049713099995,
              37.27241134600007
            ],
            [
              -84.72259521499996,
              37.27391052200005
            ],
            [
              -84.72329711899994,
              37.28531265300006
            ],
            [
              -84.71149444599996,
              37.29851150500008
            ],
            [
              -84.70769500699998,
              37.298912048000034
            ],
            [
              -84.70719909699994,
              37.30311203000008
            ],
            [
              -84.72259521499996,
              37.359611511000026
            ],
            [
              -84.73569488499999,
              37.36651229900008
            ],
            [
              -84.79559326199995,
              37.390312195000035
            ],
            [
              -84.85049438599998,
              37.42711257900004
            ],
            [
              -84.86009979199997,
              37.46731185900006
            ],
            [
              -84.85779571499995,
              37.48371124300007
            ],
            [
              -84.85699462899998,
              37.52771377600004
            ],
            [
              -84.84700012199994,
              37.548011780000024
            ],
            [
              -84.78359985399999,
              37.57661056500007
            ],
            [
              -84.72369385299999,
              37.591613779000056
            ],
            [
              -84.68889617899998,
              37.61341095000006
            ],
            [
              -84.69609832799995,
              37.617210388000046
            ],
            [
              -84.69019317599998,
              37.62291336100003
            ],
            [
              -84.68979644799998,
              37.625411987000064
            ],
            [
              -84.68359374999994,
              37.621410370000035
            ],
            [
              -84.67729950099994,
              37.62401199300007
            ],
            [
              -84.67529296899994,
              37.621513367000034
            ],
            [
              -84.67659759499998,
              37.61741256700003
            ],
            [
              -84.67389678999996,
              37.61611175500008
            ],
            [
              -84.66599273699995,
              37.61801147500006
            ],
            [
              -84.66459655799997,
              37.62411117600004
            ],
            [
              -84.66189575199996,
              37.62401199300007
            ],
            [
              -84.65979766799995,
              37.618213654000044
            ],
            [
              -84.65769958499999,
              37.61881256100003
            ],
            [
              -84.65249633799993,
              37.62571334800003
            ],
            [
              -84.65899658199999,
              37.633911133000026
            ],
            [
              -84.65009307899999,
              37.63951110800008
            ],
            [
              -84.65129852299998,
              37.63531112700008
            ],
            [
              -84.64449310299995,
              37.63181304900007
            ],
            [
              -84.643295288,
              37.62651062000003
            ],
            [
              -84.63639831499995,
              37.622112274000074
            ],
            [
              -84.64059448199998,
              37.619312286000024
            ],
            [
              -84.64559936499995,
              37.62411117600004
            ],
            [
              -84.65219879199998,
              37.618213654000044
            ],
            [
              -84.648796082,
              37.61521148700007
            ],
            [
              -84.64889526499996,
              37.610713959000066
            ],
            [
              -84.64659881599994,
              37.60981369000007
            ],
            [
              -84.64379882799994,
              37.61211395300006
            ],
            [
              -84.63240051299994,
              37.60131073000008
            ],
            [
              -84.62220001199995,
              37.60341262800006
            ],
            [
              -84.61940002399996,
              37.601913452000076
            ],
            [
              -84.61799621599994,
              37.60011291500007
            ],
            [
              -84.61829376299994,
              37.59341049200003
            ],
            [
              -84.61660003699996,
              37.59171295200008
            ],
            [
              -84.48149871799995,
              37.50011062600004
            ],
            [
              -84.47299957299998,
              37.49461364700005
            ],
            [
              -84.47059631299999,
              37.49631118800005
            ],
            [
              -84.46239471399997,
              37.49281311000004
            ],
            [
              -84.45309448199998,
              37.49211120600006
            ],
            [
              -84.44699859699995,
              37.485912323000036
            ]
          ]
        ]
      }
    },
    {
      "type": "Feature",
      "properties": {
        "STATE": "KY",
        "ZONE": "070",
        "CWA": "LMK",
        "NAME": "Logan",
        "STATE_ZONE": "KY070",
        "TIME_ZONE": "C"
      },
      "geometry": {
        "type": "Polygon",
        "coordinates": [
          [
            [
              -86.97639465299994,
              37.07371139500003
            ],
            [
              -86.84469604499998,
              37.05631256100003
            ],
            [
              -86.67459869399994,
              37.00001144400005
            ],
            [
              -86.61190032999997,
              36.88311386100003
            ],
            [
              -86.63289642299998,
              36.88281250000006
            ],
            [
              -86.65649414099994,
              36.875812531000065
            ],
            [
              -86.67509460399998,
              36.855113983000024
            ],
            [
              -86.69059753399995,
              36.84411239600007
            ],
            [
              -86.70469665499996,
              36.809112549000076
            ],
            [
              -86.71619415299995,
              36.79521179200003
            ],
            [
              -86.74060058599997,
              36.75461196900005
            ],
            [
              -86.75129699699994,
              36.72701263400006
            ],
            [
              -86.76329803499993,
              36.64891052200005
            ],
            [
              -87.06079864499998,
              36.64321136500007
            ],
            [
              -87.05959320099998,
              36.74521255500008
            ],
            [
              -87.05019378699996,
              36.767513275000056
            ],
            [
              -87.05799865699998,
              36.80441284200003
            ],
            [
              -87.05319976799996,
              37.06051254300007
            ],
            [
              -86.97639465299994,
              37.07371139500003
            ]
          ]
        ]
      }
    },
    {
      "type": "Feature",
      "properties": {
        "STATE": "KY",
        "ZONE": "057",
        "CWA": "LMK",
        "NAME": "Madison",
        "STATE_ZONE": "KY057",
        "TIME_ZONE": "E"
      },
      "geometry": {
        "type": "Polygon",
        "coordinates": [
          [
            [
              -84.08020019499997,
              37.852710724000076
            ],
            [
              -84.08479309099994,
              37.840911865000066
            ],
            [
              -84.09099578899998,
              37.835910797000054
            ],
            [
              -84.10279846199995,
              37.84001159700006
            ],
            [
              -84.10969543499994,
              37.82521057100007
            ],
            [
              -84.11919403099995,
              37.81841278100006
            ],
            [
              -84.12179565399998,
              37.80971145600006
            ],
            [
              -84.12120056199996,
              37.806510925000055
            ],
            [
              -84.11499786399997,
              37.804813385000045
            ],
            [
              -84.09989929199998,
              37.81511306800007
            ],
            [
              -84.09679412799994,
              37.81581115700004
            ],
            [
              -84.08559417699996,
              37.81001281700003
            ],
            [
              -84.07699584999995,
              37.808910370000035
            ],
            [
              -84.07389831499995,
              37.802413940000065
            ],
            [
              -84.07699584999995,
              37.79851150500008
            ],
            [
              -84.09639739999994,
              37.78551101700003
            ],
            [
              -84.10829925499996,
              37.78361129800004
            ],
            [
              -84.10910034199998,
              37.778312683000024
            ],
            [
              -84.10389709499998,
              37.77401351900005
            ],
            [
              -84.08639526399998,
              37.77071380600006
            ],
            [
              -84.08229827899999,
              37.768611908000025
            ],
            [
              -84.08259582499994,
              37.766212463000045
            ],
            [
              -84.08899688699995,
              37.76001358000008
            ],
            [
              -84.08939361599994,
              37.756111145000034
            ],
            [
              -84.08169555699999,
              37.74931335400004
            ],
            [
              -84.08059692499995,
              37.74571228000008
            ],
            [
              -84.08569335899995,
              37.73931121800007
            ],
            [
              -84.09539794899996,
              37.736412048000034
            ],
            [
              -84.09629821799996,
              37.73401260400004
            ],
            [
              -84.09199523899997,
              37.724311829000044
            ],
            [
              -84.09420013499994,
              37.72191238400006
            ],
            [
              -84.09790039099994,
              37.721313477000024
            ],
            [
              -84.09789276099997,
              37.71731185900006
            ],
            [
              -84.09349822999997,
              37.71421051000004
            ],
            [
              -84.09529876699997,
              37.71111297600004
            ],
            [
              -84.09229278599997,
              37.70951080300006
            ],
            [
              -84.09209442099996,
              37.69561386100003
            ],
            [
              -84.09420013499994,
              37.69231033300008
            ],
            [
              -84.09199523899997,
              37.68961334200003
            ],
            [
              -84.10059356699998,
              37.67891311600005
            ],
            [
              -84.09769439699994,
              37.67591095000006
            ],
            [
              -84.09679412799994,
              37.671913147000055
            ],
            [
              -84.09249877899998,
              37.667911530000026
            ],
            [
              -84.08929443399995,
              37.66781234700005
            ],
            [
              -84.09149932899999,
              37.66481399500003
            ],
            [
              -84.09529876699997,
              37.66451263400006
            ],
            [
              -84.09719848599997,
              37.66161346400003
            ],
            [
              -84.10859680199997,
              37.658912659000066
            ],
            [
              -84.11139678999996,
              37.65661239600007
            ],
            [
              -84.11279296899994,
              37.65261077900004
            ],
            [
              -84.12099456799996,
              37.64691162100007
            ],
            [
              -84.12539672999998,
              37.64601135300006
            ],
            [
              -84.12689971899994,
              37.64281082200006
            ],
            [
              -84.11259460399998,
              37.60571289100005
            ],
            [
              -84.09049987799995,
              37.56621170000005
            ],
            [
              -84.14219665499996,
              37.56491088900003
            ],
            [
              -84.17229461699998,
              37.55711364700005
            ],
            [
              -84.20009612999996,
              37.52211380000006
            ],
            [
              -84.22439575199996,
              37.527111053000056
            ],
            [
              -84.23479461699998,
              37.52001190200008
            ],
            [
              -84.24129486099997,
              37.52421188400007
            ],
            [
              -84.24810028099995,
              37.52491378800005
            ],
            [
              -84.25379943799999,
              37.522510529000044
            ],
            [
              -84.25589752299999,
              37.518413544000055
            ],
            [
              -84.26739501999998,
              37.51571273800005
            ],
            [
              -84.27029418899997,
              37.51981353800005
            ],
            [
              -84.27769470199996,
              37.52311325100004
            ],
            [
              -84.28649902299998,
              37.52441406200006
            ],
            [
              -84.30130004899996,
              37.523212433000026
            ],
            [
              -84.301498413,
              37.52991104100005
            ],
            [
              -84.29899597199994,
              37.534610748000034
            ],
            [
              -84.30429840099998,
              37.53711319000007
            ],
            [
              -84.30639648399995,
              37.53551101700003
            ],
            [
              -84.30839538599997,
              37.53001403800005
            ],
            [
              -84.31289672899999,
              37.528312683000024
            ],
            [
              -84.31779479999994,
              37.53191375700004
            ],
            [
              -84.31769561799996,
              37.53491210900006
            ],
            [
              -84.31999969499998,
              37.537513733000026
            ],
            [
              -84.32309722899998,
              37.539012909000064
            ],
            [
              -84.33759307899999,
              37.53661346400003
            ],
            [
              -84.34420013399995,
              37.539211273000035
            ],
            [
              -84.34759521499996,
              37.53891372700008
            ],
            [
              -84.35219574299998,
              37.54391097800004
            ],
            [
              -84.35229492199994,
              37.55281066900005
            ],
            [
              -84.36119842499994,
              37.56171035800003
            ],
            [
              -84.36470031699997,
              37.569713593000074
            ],
            [
              -84.37030029399995,
              37.57281112700008
            ],
            [
              -84.37109374999994,
              37.58561325100004
            ],
            [
              -84.37539672899999,
              37.59491348300003
            ],
            [
              -84.38599395799997,
              37.59611129800004
            ],
            [
              -84.38949584999995,
              37.599010468000074
            ],
            [
              -84.39689636299994,
              37.60021209700005
            ],
            [
              -84.39949798599997,
              37.61561203000008
            ],
            [
              -84.40129852299998,
              37.61761093100006
            ],
            [
              -84.42239379899996,
              37.61891174300007
            ],
            [
              -84.41479492199994,
              37.623611450000055
            ],
            [
              -84.41829681399997,
              37.62861251800007
            ],
            [
              -84.412994385,
              37.632213593000074
            ],
            [
              -84.42179870599995,
              37.633312225000054
            ],
            [
              -84.42589569099994,
              37.63641357400007
            ],
            [
              -84.42549896199995,
              37.640113831000065
            ],
            [
              -84.41869354199997,
              37.64101028400006
            ],
            [
              -84.41959381099997,
              37.64281082200006
            ],
            [
              -84.42379760799997,
              37.644611359000066
            ],
            [
              -84.43009948699995,
              37.643611908000025
            ],
            [
              -84.42769622799995,
              37.648014069000055
            ],
            [
              -84.43109893799993,
              37.65091323900003
            ],
            [
              -84.42859649699994,
              37.65361404400005
            ],
            [
              -84.42869567899999,
              37.65621185300006
            ],
            [
              -84.43429565399998,
              37.65361404400005
            ],
            [
              -84.44289398199999,
              37.65531158400006
            ],
            [
              -84.44089508099995,
              37.65861129800004
            ],
            [
              -84.43759918199999,
              37.65971374500003
            ],
            [
              -84.43849945099998,
              37.66211319000007
            ],
            [
              -84.44229888899997,
              37.66301345800008
            ],
            [
              -84.44039916999998,
              37.668510437000066
            ],
            [
              -84.44499969499998,
              37.667613983000024
            ],
            [
              -84.44629669199998,
              37.67021179200003
            ],
            [
              -84.44329833999996,
              37.67721176100008
            ],
            [
              -84.44629669199998,
              37.68021392800006
            ],
            [
              -84.45229339599996,
              37.675212860000045
            ],
            [
              -84.45479583699995,
              37.674911499000075
            ],
            [
              -84.45999908399995,
              37.68201065100004
            ],
            [
              -84.46479797399996,
              37.68431091300005
            ],
            [
              -84.46439361599994,
              37.687011719000054
            ],
            [
              -84.46219634999994,
              37.688613892000035
            ],
            [
              -84.45409393399996,
              37.691612244000055
            ],
            [
              -84.45039367799995,
              37.69741058300008
            ],
            [
              -84.45980071999998,
              37.69551086400003
            ],
            [
              -84.46360015899995,
              37.69681167600004
            ],
            [
              -84.46859741199995,
              37.70001220700004
            ],
            [
              -84.47429656999998,
              37.708011627000076
            ],
            [
              -84.48179626499996,
              37.70861053500005
            ],
            [
              -84.48539733899997,
              37.711612701000035
            ],
            [
              -84.48429870599995,
              37.72021102900004
            ],
            [
              -84.48880004899996,
              37.72841262800006
            ],
            [
              -84.49329376199995,
              37.72531127900004
            ],
            [
              -84.49720001199995,
              37.72641372700008
            ],
            [
              -84.49749755899995,
              37.72921371500007
            ],
            [
              -84.50319671599993,
              37.73501205400004
            ],
            [
              -84.49459838999996,
              37.739913940000065
            ],
            [
              -84.49339294499998,
              37.74261093100006
            ],
            [
              -84.49459838999996,
              37.74751280800007
            ],
            [
              -84.49959564199997,
              37.74751281700003
            ],
            [
              -84.50269317599998,
              37.74941253700007
            ],
            [
              -84.50539398199999,
              37.75471115100004
            ],
            [
              -84.51459503199999,
              37.75551223800005
            ],
            [
              -84.51179504399994,
              37.765113831000065
            ],
            [
              -84.51359558099995,
              37.76701355000006
            ],
            [
              -84.52549743799995,
              37.769210815000065
            ],
            [
              -84.52339935299995,
              37.77151107800006
            ],
            [
              -84.52159881599994,
              37.77821350100004
            ],
            [
              -84.49499511699997,
              37.78601074200003
            ],
            [
              -84.48469543599998,
              37.797710419000055
            ],
            [
              -84.48309326199995,
              37.801513672000056
            ],
            [
              -84.47850036699998,
              37.80271148700007
            ],
            [
              -84.47359466599994,
              37.79721069300007
            ],
            [
              -84.47069549599996,
              37.79631042500006
            ],
            [
              -84.46749877899998,
              37.79651260400004
            ],
            [
              -84.46419525099998,
              37.79971313500005
            ],
            [
              -84.46229553199998,
              37.803211212000065
            ],
            [
              -84.46299743699996,
              37.80751037600004
            ],
            [
              -84.47290039099994,
              37.82201385500008
            ],
            [
              -84.47929382299998,
              37.82741165200008
            ],
            [
              -84.48439788899998,
              37.837211609000065
            ],
            [
              -84.48429870599995,
              37.844512939000026
            ],
            [
              -84.47739410399998,
              37.85251236000005
            ],
            [
              -84.47339630099998,
              37.85321044900007
            ],
            [
              -84.46089935399993,
              37.84221267700008
            ],
            [
              -84.45439910999994,
              37.84021377600004
            ],
            [
              -84.44639587399996,
              37.84041214000007
            ],
            [
              -84.44069671599993,
              37.842910767000035
            ],
            [
              -84.43779754599996,
              37.84521102900004
            ],
            [
              -84.43709564299996,
              37.84851074200003
            ],
            [
              -84.43339538599997,
              37.84921264600007
            ],
            [
              -84.42839813199998,
              37.85351181000004
            ],
            [
              -84.42089843799994,
              37.869712830000026
            ],
            [
              -84.41419982999997,
              37.87221145600006
            ],
            [
              -84.40829467799995,
              37.86851120000006
            ],
            [
              -84.40259551999998,
              37.858512878000056
            ],
            [
              -84.39249420199997,
              37.847110748000034
            ],
            [
              -84.388694763,
              37.845413208000025
            ],
            [
              -84.38569641099997,
              37.84561157200005
            ],
            [
              -84.37659454299995,
              37.85221099900008
            ],
            [
              -84.36899566699998,
              37.85441207900004
            ],
            [
              -84.36639404299996,
              37.856910706000065
            ],
            [
              -84.36639404299996,
              37.86351394700006
            ],
            [
              -84.38359832899994,
              37.89471054100005
            ],
            [
              -84.38269805899995,
              37.898410797000054
            ],
            [
              -84.37699890099998,
              37.90161132800006
            ],
            [
              -84.36509704599996,
              37.89711380000006
            ],
            [
              -84.34409332299998,
              37.881313324000075
            ],
            [
              -84.33939361699998,
              37.88421249400005
            ],
            [
              -84.33839416499995,
              37.892513275000056
            ],
            [
              -84.33219909699994,
              37.89591217000003
            ],
            [
              -84.30819702099996,
              37.90381240800008
            ],
            [
              -84.29940032999997,
              37.90481185900006
            ],
            [
              -84.27279663099995,
              37.917312622000054
            ],
            [
              -84.26939392099996,
              37.91631317100007
            ],
            [
              -84.27019500699998,
              37.907012939000026
            ],
            [
              -84.26149749799998,
              37.89531326300005
            ],
            [
              -84.26269531399998,
              37.88761138900003
            ],
            [
              -84.26559448199998,
              37.882213593000074
            ],
            [
              -84.26300048899998,
              37.876712799000074
            ],
            [
              -84.25989532499995,
              37.87631225600006
            ],
            [
              -84.24879455699994,
              37.88431167600004
            ],
            [
              -84.23769378699996,
              37.88721084600007
            ],
            [
              -84.22919464099994,
              37.88421249400005
            ],
            [
              -84.22089386,
              37.87131118800005
            ],
            [
              -84.21769714399994,
              37.87001037600004
            ],
            [
              -84.20719909699994,
              37.86981201200007
            ],
            [
              -84.18889617899998,
              37.87861251800007
            ],
            [
              -84.18289947499994,
              37.87891387900004
            ],
            [
              -84.17219543499994,
              37.874813080000024
            ],
            [
              -84.17009735099998,
              37.871913910000046
            ],
            [
              -84.16959381099997,
              37.86641311600005
            ],
            [
              -84.16589355499997,
              37.86161041300005
            ],
            [
              -84.16239929199998,
              37.86131286600005
            ],
            [
              -84.14989471399997,
              37.86641311600005
            ],
            [
              -84.13039398199999,
              37.86781311000004
            ],
            [
              -84.12289428699995,
              37.86211395300006
            ],
            [
              -84.11689758299997,
              37.85411071800007
            ],
            [
              -84.11019897499995,
              37.850013733000026
            ],
            [
              -84.10529327399996,
              37.85251236000005
            ],
            [
              -84.09989929199998,
              37.85881042500006
            ],
            [
              -84.09439849899996,
              37.86121368400006
            ],
            [
              -84.08919525099998,
              37.86101150500008
            ],
            [
              -84.08020019499997,
              37.852710724000076
            ]
          ]
        ]
      }
    },
    {
      "type": "Feature",
      "properties": {
        "STATE": "KY",
        "ZONE": "054",
        "CWA": "LMK",
        "NAME": "Marion",
        "STATE_ZONE": "KY054",
        "TIME_ZONE": "E"
      },
      "geometry": {
        "type": "Polygon",
        "coordinates": [
          [
            [
              -85.03039550799997,
              37.631111145000034
            ],
            [
              -85.04359435999999,
              37.49911117600004
            ],
            [
              -85.04259490999993,
              37.46331405600006
            ],
            [
              -85.04559326299994,
              37.41301345800008
            ],
            [
              -85.06189727799995,
              37.417911530000026
            ],
            [
              -85.07319641099997,
              37.41381073000008
            ],
            [
              -85.08099365199996,
              37.417713165000066
            ],
            [
              -85.08849334699994,
              37.41921234100005
            ],
            [
              -85.09839630099998,
              37.43091201800007
            ],
            [
              -85.10799407999997,
              37.43671035800003
            ],
            [
              -85.11359405499996,
              37.438312531000065
            ],
            [
              -85.11479950099994,
              37.441913605000025
            ],
            [
              -85.12419891399998,
              37.447113037000065
            ],
            [
              -85.129096985,
              37.45291137700008
            ],
            [
              -85.13369751099998,
              37.45321273800005
            ],
            [
              -85.13729858399995,
              37.44891357400007
            ],
            [
              -85.14309692399996,
              37.44771194500004
            ],
            [
              -85.14640045199997,
              37.45181274400005
            ],
            [
              -85.15149688699995,
              37.451511383000025
            ],
            [
              -85.15789794899996,
              37.45561218300003
            ],
            [
              -85.16079711899994,
              37.46151351900005
            ],
            [
              -85.16899871799995,
              37.46401214600007
            ],
            [
              -85.17149352999996,
              37.46411132800006
            ],
            [
              -85.17350006099997,
              37.46181106600005
            ],
            [
              -85.17519378699996,
              37.45661163300008
            ],
            [
              -85.186096191,
              37.45071029700006
            ],
            [
              -85.18919372599998,
              37.453411102000075
            ],
            [
              -85.19359588599997,
              37.454311371000074
            ],
            [
              -85.19680023199999,
              37.44741058300008
            ],
            [
              -85.20169830299994,
              37.447910309000065
            ],
            [
              -85.20589446999998,
              37.44321060200008
            ],
            [
              -85.21629333499999,
              37.44571304300007
            ],
            [
              -85.22519683799999,
              37.442913055000076
            ],
            [
              -85.22869872999996,
              37.44041061400003
            ],
            [
              -85.23139953699996,
              37.43501281700003
            ],
            [
              -85.23479461799997,
              37.43491363500004
            ],
            [
              -85.23769378699996,
              37.42781066900005
            ],
            [
              -85.24239349399994,
              37.42611312900004
            ],
            [
              -85.24669647199994,
              37.42051315300006
            ],
            [
              -85.26619720499997,
              37.416412354000045
            ],
            [
              -85.27209472699997,
              37.41741180400004
            ],
            [
              -85.27229309099994,
              37.41991043100006
            ],
            [
              -85.27869415299995,
              37.42831039400005
            ],
            [
              -85.27790069599996,
              37.43361282300003
            ],
            [
              -85.28699493399995,
              37.436412811000025
            ],
            [
              -85.29010009799998,
              37.440311432000044
            ],
            [
              -85.29239654499997,
              37.43961334200003
            ],
            [
              -85.30099487399997,
              37.444713593000074
            ],
            [
              -85.30379486099997,
              37.444713593000074
            ],
            [
              -85.3125,
              37.45071029700006
            ],
            [
              -85.32059478799994,
              37.451511383000025
            ],
            [
              -85.33300018299997,
              37.46191406200006
            ],
            [
              -85.33719634999994,
              37.46241378800005
            ],
            [
              -85.34079742399996,
              37.46861267100007
            ],
            [
              -85.34949493399995,
              37.471313477000024
            ],
            [
              -85.35179901099997,
              37.46991348300003
            ],
            [
              -85.35379791299994,
              37.47091293300008
            ],
            [
              -85.36219787699997,
              37.467010498000036
            ],
            [
              -85.36389923099995,
              37.46821212800006
            ],
            [
              -85.37099456799996,
              37.46651077300004
            ],
            [
              -85.37439727799995,
              37.46861267100007
            ],
            [
              -85.38319396999998,
              37.465911865000066
            ],
            [
              -85.39799499499998,
              37.46901321400003
            ],
            [
              -85.40179443399995,
              37.47461319000007
            ],
            [
              -85.42630004899996,
              37.474712372000056
            ],
            [
              -85.43000030499996,
              37.47851181000004
            ],
            [
              -85.43599700899995,
              37.47861099200003
            ],
            [
              -85.44299316399997,
              37.47711181600005
            ],
            [
              -85.44379424999994,
              37.471313477000024
            ],
            [
              -85.44829559299995,
              37.47061157200005
            ],
            [
              -85.45099639899996,
              37.46821212800006
            ],
            [
              -85.45699310299995,
              37.47001266500007
            ],
            [
              -85.45879363999995,
              37.468013763000044
            ],
            [
              -85.46629333499999,
              37.466213226000036
            ],
            [
              -85.46899414099994,
              37.47661209100005
            ],
            [
              -85.47289276199996,
              37.482013702000074
            ],
            [
              -85.47409820699994,
              37.492210388000046
            ],
            [
              -85.48359680199997,
              37.50091171300005
            ],
            [
              -85.490592957,
              37.513813019000054
            ],
            [
              -85.49160003699996,
              37.51641082800006
            ],
            [
              -85.49060058599997,
              37.526313782000045
            ],
            [
              -85.49259948699995,
              37.533512115000065
            ],
            [
              -85.49889373799994,
              37.544513702000074
            ],
            [
              -85.50259399499998,
              37.548412323000036
            ],
            [
              -85.51009368899997,
              37.55201339700005
            ],
            [
              -85.52059936499995,
              37.554512024000076
            ],
            [
              -85.48259735099998,
              37.62841033900003
            ],
            [
              -85.45059966999997,
              37.68581390400004
            ],
            [
              -85.41529846199995,
              37.71821212800006
            ],
            [
              -85.39789581299993,
              37.73051071200007
            ],
            [
              -85.39839935299995,
              37.72621154800004
            ],
            [
              -85.39249420299996,
              37.715511322000054
            ],
            [
              -85.38349914699995,
              37.70931243900003
            ],
            [
              -85.37879943799999,
              37.70331192000003
            ],
            [
              -85.37479400599995,
              37.702110291000054
            ],
            [
              -85.375,
              37.696212769000056
            ],
            [
              -85.36969757599996,
              37.68811036200003
            ],
            [
              -85.37369537399996,
              37.67421340900006
            ],
            [
              -85.36599731399997,
              37.667713165000066
            ],
            [
              -85.35889434799998,
              37.66721344000007
            ],
            [
              -85.35199737599999,
              37.65771102900004
            ],
            [
              -85.33989715599995,
              37.651210785000046
            ],
            [
              -85.33139800999999,
              37.65241241500007
            ],
            [
              -85.31179809699995,
              37.65111160300006
            ],
            [
              -85.25779724099993,
              37.631210327000076
            ],
            [
              -85.03039550799997,
              37.631111145000034
            ]
          ]
        ]
      }
    },
    {
      "type": "Feature",
      "properties": {
        "STATE": "KY",
        "ZONE": "025",
        "CWA": "LMK",
        "NAME": "Meade",
        "STATE_ZONE": "KY025",
        "TIME_ZONE": "E"
      },
      "geometry": {
        "type": "Polygon",
        "coordinates": [
          [
            [
              -86.34589386,
              38.194011688000046
            ],
            [
              -86.31719970699999,
              38.172710419000055
            ],
            [
              -86.28919982899998,
              38.15911102300004
            ],
            [
              -86.27179717999996,
              38.137912750000055
            ],
            [
              -86.27109527599998,
              38.131313324000075
            ],
            [
              -86.27629852299998,
              38.111412048000034
            ],
            [
              -86.27879333499999,
              38.09431076000004
            ],
            [
              -86.27729797399996,
              38.07921218900003
            ],
            [
              -86.27029418899997,
              38.061412811000025
            ],
            [
              -86.25839996299999,
              38.05071258500004
            ],
            [
              -86.23359680199997,
              38.039012909000064
            ],
            [
              -86.21779632599998,
              38.02671051000004
            ],
            [
              -86.17899322499994,
              38.011310577000074
            ],
            [
              -86.17219543499994,
              38.00991058300008
            ],
            [
              -86.13219451899994,
              38.016014099000074
            ],
            [
              -86.11759948699995,
              38.01521301300005
            ],
            [
              -86.09880065899995,
              38.01021194500004
            ],
            [
              -86.07929992699997,
              38.00051116900005
            ],
            [
              -86.06340026899994,
              37.97351074200003
            ],
            [
              -86.053092957,
              37.96301269500003
            ],
            [
              -86.04599761999998,
              37.95851135300006
            ],
            [
              -86.03819274899996,
              37.95941162100007
            ],
            [
              -86.03459930399998,
              37.96421051000004
            ],
            [
              -86.03350067099996,
              37.97151184100005
            ],
            [
              -86.03529357899998,
              37.982013702000074
            ],
            [
              -86.03159332399997,
              37.991012573000035
            ],
            [
              -86.02159881599994,
              37.99581146200006
            ],
            [
              -85.99929809599996,
              37.99971389800004
            ],
            [
              -85.97629547099996,
              37.87681198100006
            ],
            [
              -86.00740051299994,
              37.81851196300005
            ],
            [
              -86.15209960899995,
              37.799312592000035
            ],
            [
              -86.20869445799997,
              37.84551239000007
            ],
            [
              -86.24279785199997,
              37.87731170700005
            ],
            [
              -86.428596498,
              37.999912262000066
            ],
            [
              -86.48979950099994,
              38.045612335000044
            ],
            [
              -86.46689605699999,
              38.04661178600003
            ],
            [
              -86.45219421399997,
              38.05051040600006
            ],
            [
              -86.438194276,
              38.06041336100003
            ],
            [
              -86.43190002399996,
              38.069911957000045
            ],
            [
              -86.43009948699995,
              38.07861328100006
            ],
            [
              -86.43399810799997,
              38.08681106600005
            ],
            [
              -86.45879363999995,
              38.096412659000066
            ],
            [
              -86.46389770499997,
              38.10121154800004
            ],
            [
              -86.46619415299995,
              38.10681152300003
            ],
            [
              -86.46640014599996,
              38.11311340300006
            ],
            [
              -86.46259307899999,
              38.12011337300004
            ],
            [
              -86.45089721699998,
              38.126911163000045
            ],
            [
              -86.44279479999994,
              38.12761306800007
            ],
            [
              -86.43129730199996,
              38.12591171300005
            ],
            [
              -86.40269470199996,
              38.105411530000026
            ],
            [
              -86.39619445799997,
              38.107810974000074
            ],
            [
              -86.38689422599998,
              38.124912262000066
            ],
            [
              -86.37899780299995,
              38.12951278700007
            ],
            [
              -86.37569427499994,
              38.13051223800005
            ],
            [
              -86.34239959699994,
              38.128211975000056
            ],
            [
              -86.33159637499995,
              38.13061142000004
            ],
            [
              -86.32419586199995,
              38.137912750000055
            ],
            [
              -86.32199859599996,
              38.14311218300003
            ],
            [
              -86.32159423799999,
              38.147911072000056
            ],
            [
              -86.32339477499994,
              38.152111053000056
            ],
            [
              -86.32929992699997,
              38.15581131000005
            ],
            [
              -86.33969879199998,
              38.15881347700008
            ],
            [
              -86.36190032999997,
              38.16111373900003
            ],
            [
              -86.36919403099995,
              38.16361236600005
            ],
            [
              -86.37689971899994,
              38.17041397100007
            ],
            [
              -86.37839508099995,
              38.18381118800005
            ],
            [
              -86.37369537399996,
              38.19341278100006
            ],
            [
              -86.36769866999998,
              38.197113037000065
            ],
            [
              -86.36049652099996,
              38.19871139500003
            ],
            [
              -86.34589386,
              38.194011688000046
            ]
          ]
        ]
      }
    },
    {
      "type": "Feature",
      "properties": {
        "STATE": "KY",
        "ZONE": "047",
        "CWA": "LMK",
        "NAME": "Mercer",
        "STATE_ZONE": "KY047",
        "TIME_ZONE": "E"
      },
      "geometry": {
        "type": "MultiPolygon",
        "coordinates": [
          [
            [
              [
                -84.70999908399995,
                37.86221313500005
              ],
              [
                -84.69329833999996,
                37.85921096800007
              ],
              [
                -84.68979644799998,
                37.856311798000036
              ],
              [
                -84.68879699699994,
                37.851913452000076
              ],
              [
                -84.68999481199995,
                37.84911346400003
              ],
              [
                -84.69549560499996,
                37.84561157200005
              ],
              [
                -84.70899963399995,
                37.84401321400003
              ],
              [
                -84.71619415299995,
                37.841213226000036
              ],
              [
                -84.72369384899997,
                37.83231353800005
              ],
              [
                -84.72449493399995,
                37.82621383700007
              ],
              [
                -84.72299957299998,
                37.82061386100003
              ],
              [
                -84.71609497099996,
                37.81491088900003
              ],
              [
                -84.71389770499997,
                37.81041336100003
              ],
              [
                -84.71349334699994,
                37.807212830000026
              ],
              [
                -84.71609497099996,
                37.80051040600006
              ],
              [
                -84.70999908399995,
                37.79981231700003
              ],
              [
                -84.71209716799996,
                37.79501342800006
              ],
              [
                -84.70479583699995,
                37.792713165000066
              ],
              [
                -84.70319366499996,
                37.790313721000075
              ],
              [
                -84.70289611799996,
                37.78741073600003
              ],
              [
                -84.70999908399995,
                37.781311035000044
              ],
              [
                -84.71139526399998,
                37.775012970000034
              ],
              [
                -84.71529388399995,
                37.76941299400005
              ],
              [
                -84.71080017099996,
                37.766212463000045
              ],
              [
                -84.70009612999996,
                37.76641082800006
              ],
              [
                -84.69400024399994,
                37.76251220700004
              ],
              [
                -84.69449615499997,
                37.75841140700004
              ],
              [
                -84.70339965799997,
                37.75471115100004
              ],
              [
                -84.70499420199997,
                37.74811172500006
              ],
              [
                -84.70279693599997,
                37.74581146200006
              ],
              [
                -84.69120025599995,
                37.744712830000026
              ],
              [
                -84.68839263899997,
                37.74171066300005
              ],
              [
                -84.68939971999998,
                37.735511780000024
              ],
              [
                -84.69629669199998,
                37.739013672000056
              ],
              [
                -84.70689392099996,
                37.73471069300007
              ],
              [
                -84.70669555799998,
                37.732013702000074
              ],
              [
                -84.69109344499998,
                37.72851181000004
              ],
              [
                -84.69609832799995,
                37.72331237800006
              ],
              [
                -84.69979858399995,
                37.72261047400008
              ],
              [
                -84.70219421399997,
                37.72521209700005
              ],
              [
                -84.72029876799996,
                37.724712372000056
              ],
              [
                -84.72579956099997,
                37.72811126700003
              ],
              [
                -84.72889709499998,
                37.72831344600007
              ],
              [
                -84.73040008499999,
                37.72601318400007
              ],
              [
                -84.72599792499994,
                37.719512939000026
              ],
              [
                -84.72539520299995,
                37.71511077900004
              ],
              [
                -84.73559570299994,
                37.71861267100007
              ],
              [
                -84.74309539799998,
                37.717113495000035
              ],
              [
                -84.74489593499999,
                37.713710785000046
              ],
              [
                -84.748596191,
                37.71341323900003
              ],
              [
                -84.79349517799994,
                37.717113495000035
              ],
              [
                -84.80769348099994,
                37.70481109600007
              ],
              [
                -84.99979400599995,
                37.68021392800006
              ],
              [
                -85.02479553199998,
                37.67941284200003
              ],
              [
                -85.00569915799997,
                37.816612244000055
              ],
              [
                -85.01189422699997,
                37.81721115100004
              ],
              [
                -85.00930023199999,
                37.835411072000056
              ],
              [
                -85.00369262699996,
                37.83531189000007
              ],
              [
                -85.00069427499994,
                37.85461044300007
              ],
              [
                -85.00939941499996,
                37.85891342200006
              ],
              [
                -85.02429962199994,
                37.87831115700004
              ],
              [
                -85.03069305399998,
                37.881511688000046
              ],
              [
                -85.02980041599994,
                37.886711121000076
              ],
              [
                -85.02769470199996,
                37.88531112700008
              ],
              [
                -85.02089691199996,
                37.887912750000055
              ],
              [
                -85.02059936499995,
                37.892513275000056
              ],
              [
                -85.01789855999994,
                37.894912720000036
              ],
              [
                -85.01449584999995,
                37.89501190200008
              ],
              [
                -85.01359558099995,
                37.89261245700004
              ],
              [
                -85.00789642299998,
                37.891212463000045
              ],
              [
                -85.00619506799995,
                37.893310547000056
              ],
              [
                -85.00699615499997,
                37.89781189000007
              ],
              [
                -85.00099945099998,
                37.90171051000004
              ],
              [
                -85.00029754599996,
                37.90651321400003
              ],
              [
                -84.99530029299996,
                37.90421295200008
              ],
              [
                -84.99319457999997,
                37.90771102900004
              ],
              [
                -84.98799896199995,
                37.90581131000005
              ],
              [
                -84.98619842499994,
                37.91111373900003
              ],
              [
                -84.97949981699998,
                37.91571044900007
              ],
              [
                -84.97419738799994,
                37.93431091300005
              ],
              [
                -84.95829772899998,
                37.93671035800003
              ],
              [
                -84.95639800999999,
                37.94601059000007
              ],
              [
                -84.94849395899996,
                37.944713593000074
              ],
              [
                -84.94779968299997,
                37.94901275600006
              ],
              [
                -84.93769836399997,
                37.95271301300005
              ],
              [
                -84.93349456799996,
                37.949512482000046
              ],
              [
                -84.93299865699998,
                37.95401382400007
              ],
              [
                -84.92979431199996,
                37.95381164600008
              ],
              [
                -84.92149352999996,
                37.95291137700008
              ],
              [
                -84.92199706999997,
                37.948810577000074
              ],
              [
                -84.91779327399996,
                37.94781112700008
              ],
              [
                -84.90969848599997,
                37.95001220700004
              ],
              [
                -84.91019439699994,
                37.941612244000055
              ],
              [
                -84.90439605699999,
                37.94061279300007
              ],
              [
                -84.90239715599995,
                37.938613892000035
              ],
              [
                -84.89709472699997,
                37.94651031500007
              ],
              [
                -84.89429473899997,
                37.94751358000008
              ],
              [
                -84.89029693599997,
                37.946910858000024
              ],
              [
                -84.89179992699997,
                37.94341278100006
              ],
              [
                -84.88349914599996,
                37.94021225000006
              ],
              [
                -84.80399322499994,
                37.967712402000075
              ],
              [
                -84.79909515399999,
                37.97071075400004
              ],
              [
                -84.79669952399996,
                37.97021102900004
              ],
              [
                -84.79469299299996,
                37.96901321400003
              ],
              [
                -84.79559326199995,
                37.96491241500007
              ],
              [
                -84.80780029399995,
                37.956710815000065
              ],
              [
                -84.81679534999995,
                37.95381164600008
              ],
              [
                -84.81979370099998,
                37.949111938000044
              ],
              [
                -84.81629943799999,
                37.94421386700003
              ],
              [
                -84.80579376199995,
                37.94331359900008
              ],
              [
                -84.79679870599995,
                37.93581390400004
              ],
              [
                -84.79879760699998,
                37.93301391600005
              ],
              [
                -84.81199645999999,
                37.93111038200004
              ],
              [
                -84.82309722899998,
                37.92511367800006
              ],
              [
                -84.82659912099996,
                37.917613983000024
              ],
              [
                -84.82460021999998,
                37.914913177000074
              ],
              [
                -84.81649780299995,
                37.91201400800003
              ],
              [
                -84.80189514199998,
                37.91891098000008
              ],
              [
                -84.79549407999997,
                37.91561126700003
              ],
              [
                -84.79529571499995,
                37.90901184100005
              ],
              [
                -84.80139923099995,
                37.89981079100005
              ],
              [
                -84.80189514199998,
                37.89521026600005
              ],
              [
                -84.80009460499997,
                37.88931274400005
              ],
              [
                -84.79750060999999,
                37.88721084600007
              ],
              [
                -84.79429626499996,
                37.887012482000046
              ],
              [
                -84.78989410499997,
                37.89941024800004
              ],
              [
                -84.78419494599996,
                37.90571212800006
              ],
              [
                -84.78139495799996,
                37.907913208000025
              ],
              [
                -84.77539825399998,
                37.90691375700004
              ],
              [
                -84.77409362799995,
                37.90481185900006
              ],
              [
                -84.78069305399998,
                37.89851379400005
              ],
              [
                -84.78239440899995,
                37.89521026600005
              ],
              [
                -84.78199768099995,
                37.89201355000006
              ],
              [
                -84.77959442099996,
                37.89061355600006
              ],
              [
                -84.76709747299998,
                37.890113831000065
              ],
              [
                -84.76559448199998,
                37.881111145000034
              ],
              [
                -84.75959777899999,
                37.87471389800004
              ],
              [
                -84.75869751,
                37.87111282300003
              ],
              [
                -84.76139831499995,
                37.86841201800007
              ],
              [
                -84.77129363999995,
                37.865711212000065
              ],
              [
                -84.77339935299995,
                37.861812592000035
              ],
              [
                -84.77379608299998,
                37.85681152300003
              ],
              [
                -84.76580047599998,
                37.848411560000045
              ],
              [
                -84.75889587399996,
                37.847511292000036
              ],
              [
                -84.74729919399994,
                37.85011291500007
              ],
              [
                -84.72570037799994,
                37.860511780000024
              ],
              [
                -84.72010040299995,
                37.86221313500005
              ],
              [
                -84.70999908399995,
                37.86221313500005
              ]
            ]
          ],
          [
            [
              [
                -85.02980041599994,
                37.886711121000076
              ],
              [
                -85.02909851099997,
                37.89171218900003
              ],
              [
                -85.02759551999998,
                37.88911056500007
              ],
              [
                -85.02980041599994,
                37.886711121000076
              ]
            ]
          ]
        ]
      }
    },
    {
      "type": "Feature",
      "properties": {
        "STATE": "KY",
        "ZONE": "076",
        "CWA": "LMK",
        "NAME": "Metcalfe",
        "STATE_ZONE": "KY076",
        "TIME_ZONE": "C"
      },
      "geometry": {
        "type": "Polygon",
        "coordinates": [
          [
            [
              -85.52599334699994,
              37.109611511000026
            ],
            [
              -85.52259826699998,
              37.066612244000055
            ],
            [
              -85.50289916999998,
              37.00681304900007
            ],
            [
              -85.441596985,
              36.954113007000046
            ],
            [
              -85.47419738799994,
              36.89391326900005
            ],
            [
              -85.50719451899994,
              36.86761093100006
            ],
            [
              -85.53569793699995,
              36.86251068100006
            ],
            [
              -85.56059265099998,
              36.850914001000035
            ],
            [
              -85.57919311499995,
              36.868110657000045
            ],
            [
              -85.58509826799997,
              36.86991119400005
            ],
            [
              -85.58929443399995,
              36.87331390400004
            ],
            [
              -85.60029602099996,
              36.872711182000046
            ],
            [
              -85.59980011,
              36.869312286000024
            ],
            [
              -85.59359741199995,
              36.86171340900006
            ],
            [
              -85.59379577699997,
              36.85821151700003
            ],
            [
              -85.59140014599996,
              36.85491180400004
            ],
            [
              -85.57460022099997,
              36.83821106000005
            ],
            [
              -85.58159637499995,
              36.822910309000065
            ],
            [
              -85.59609985399999,
              36.81801223800005
            ],
            [
              -85.60199737499994,
              36.82971191400003
            ],
            [
              -85.61309814499998,
              36.83281326300005
            ],
            [
              -85.73989868199999,
              36.84151077300004
            ],
            [
              -85.75049591099997,
              37.00601196300005
            ],
            [
              -85.75529479999994,
              37.02641296400003
            ],
            [
              -85.75919341999997,
              37.06841278100006
            ],
            [
              -85.75659942599998,
              37.10981369000007
            ],
            [
              -85.76099395799997,
              37.111412048000034
            ],
            [
              -85.77109527599998,
              37.10971069300007
            ],
            [
              -85.77459716799996,
              37.12501144400005
            ],
            [
              -85.77579498299997,
              37.138813019000054
            ],
            [
              -85.75930023199999,
              37.15011215200008
            ],
            [
              -85.74489593499999,
              37.169513702000074
            ],
            [
              -85.68669891399998,
              37.18231201200007
            ],
            [
              -85.65979766799995,
              37.142513275000056
            ],
            [
              -85.63179779199999,
              37.124912262000066
            ],
            [
              -85.59049987799995,
              37.11611175500008
            ],
            [
              -85.52599334699994,
              37.109611511000026
            ]
          ]
        ]
      }
    },
    {
      "type": "Feature",
      "properties": {
        "STATE": "KY",
        "ZONE": "075",
        "CWA": "LMK",
        "NAME": "Monroe",
        "STATE_ZONE": "KY075",
        "TIME_ZONE": "C"
      },
      "geometry": {
        "type": "Polygon",
        "coordinates": [
          [
            [
              -85.75,
              36.841812134000065
            ],
            [
              -85.61309814499998,
              36.83281326300005
            ],
            [
              -85.60199737499994,
              36.82971191400003
            ],
            [
              -85.59609985399999,
              36.81801223800005
            ],
            [
              -85.58799743699996,
              36.77741241500007
            ],
            [
              -85.57609558099995,
              36.77791214000007
            ],
            [
              -85.57359313999996,
              36.773212433000026
            ],
            [
              -85.56889343299997,
              36.77091217000003
            ],
            [
              -85.55879974399994,
              36.77331161500007
            ],
            [
              -85.55709838899998,
              36.77211380000006
            ],
            [
              -85.54129791299994,
              36.77361297600004
            ],
            [
              -85.53899383499999,
              36.77151107800006
            ],
            [
              -85.54069518999995,
              36.76551055900006
            ],
            [
              -85.53839874299996,
              36.76221084600007
            ],
            [
              -85.53869628899997,
              36.75841140700004
            ],
            [
              -85.53229522699996,
              36.75591278100006
            ],
            [
              -85.52939605699999,
              36.75251388500004
            ],
            [
              -85.52629852299998,
              36.74751281700003
            ],
            [
              -85.52689361599994,
              36.74511337300004
            ],
            [
              -85.52199554399994,
              36.74301147500006
            ],
            [
              -85.52209472699997,
              36.736110687000064
            ],
            [
              -85.51789855999994,
              36.732212067000034
            ],
            [
              -85.51429748499999,
              36.73181152300003
            ],
            [
              -85.50869751,
              36.736511230000076
            ],
            [
              -85.49900054899996,
              36.73381042500006
            ],
            [
              -85.47809600799997,
              36.735210419000055
            ],
            [
              -85.47039794899996,
              36.732013702000074
            ],
            [
              -85.47079467799995,
              36.72811126700003
            ],
            [
              -85.49659728999995,
              36.690311432000044
            ],
            [
              -85.43699645999999,
              36.61881256100003
            ],
            [
              -85.50569915799997,
              36.614913940000065
            ],
            [
              -85.67779540999999,
              36.618110657000045
            ],
            [
              -85.80259704599996,
              36.62241363500004
            ],
            [
              -85.83219909699994,
              36.62201309200003
            ],
            [
              -85.97349548399995,
              36.62901306200007
            ],
            [
              -85.95909881599994,
              36.64711380000006
            ],
            [
              -85.95089721799997,
              36.651210785000046
            ],
            [
              -85.94939422599998,
              36.660713196000074
            ],
            [
              -85.95599365199996,
              36.67071151700003
            ],
            [
              -85.96399688699995,
              36.69081115700004
            ],
            [
              -85.97739410399998,
              36.715911865000066
            ],
            [
              -85.97669982899998,
              36.72271347000003
            ],
            [
              -85.80690002399996,
              36.82161331200007
            ],
            [
              -85.77209472699997,
              36.836311340000066
            ],
            [
              -85.76679992699997,
              36.835712433000026
            ],
            [
              -85.75,
              36.841812134000065
            ]
          ]
        ]
      }
    },
    {
      "type": "Feature",
      "properties": {
        "STATE": "KY",
        "ZONE": "045",
        "CWA": "LMK",
        "NAME": "Nelson",
        "STATE_ZONE": "KY045",
        "TIME_ZONE": "E"
      },
      "geometry": {
        "type": "Polygon",
        "coordinates": [
          [
            [
              -85.16779327399996,
              37.97161102300004
            ],
            [
              -85.15349578899998,
              37.90171051000004
            ],
            [
              -85.15390014599996,
              37.89471054100005
            ],
            [
              -85.15129852299998,
              37.892513275000056
            ],
            [
              -85.15209960899995,
              37.887912750000055
            ],
            [
              -85.15409851199996,
              37.885711670000035
            ],
            [
              -85.15719604599997,
              37.88561248800005
            ],
            [
              -85.16189575199996,
              37.89041137700008
            ],
            [
              -85.16529846199995,
              37.89111328100006
            ],
            [
              -85.17009735099998,
              37.88741302500006
            ],
            [
              -85.17519378699996,
              37.89041137700008
            ],
            [
              -85.18370056199996,
              37.892513275000056
            ],
            [
              -85.18599700899995,
              37.89151382400007
            ],
            [
              -85.18639373799994,
              37.884410858000024
            ],
            [
              -85.19019317599998,
              37.88491058300008
            ],
            [
              -85.19400024499998,
              37.88781356800007
            ],
            [
              -85.19029998799994,
              37.89321136500007
            ],
            [
              -85.19120025699993,
              37.89651107800006
            ],
            [
              -85.19799804799999,
              37.90201187100007
            ],
            [
              -85.19999694799998,
              37.900611877000074
            ],
            [
              -85.19960021999998,
              37.88821029700006
            ],
            [
              -85.19649505699994,
              37.88081359900008
            ],
            [
              -85.19629669199998,
              37.87701034500003
            ],
            [
              -85.19829559299995,
              37.87371063200004
            ],
            [
              -85.19389343299997,
              37.86531066900005
            ],
            [
              -85.19479370099998,
              37.863311768000074
            ],
            [
              -85.19719695999999,
              37.864810944000055
            ],
            [
              -85.19809722899998,
              37.868110657000045
            ],
            [
              -85.20089721699998,
              37.86871337900004
            ],
            [
              -85.20529937699996,
              37.86381149300007
            ],
            [
              -85.19789886499996,
              37.85881042500006
            ],
            [
              -85.19689941399997,
              37.855411530000026
            ],
            [
              -85.20109558199994,
              37.85381317100007
            ],
            [
              -85.20520019499997,
              37.84651184100005
            ],
            [
              -85.21129608299998,
              37.85231399500003
            ],
            [
              -85.21619415299995,
              37.852710724000076
            ],
            [
              -85.21819305399998,
              37.85461044300007
            ],
            [
              -85.21399688699995,
              37.85861206100003
            ],
            [
              -85.21739959699994,
              37.871212006000064
            ],
            [
              -85.22760009799998,
              37.855411530000026
            ],
            [
              -85.23149871799995,
              37.85561370800008
            ],
            [
              -85.23339843799994,
              37.86231231700003
            ],
            [
              -85.23019409199998,
              37.86991119400005
            ],
            [
              -85.23849487299998,
              37.869113922000054
            ],
            [
              -85.23869323699995,
              37.86361312900004
            ],
            [
              -85.24169921899994,
              37.86261367800006
            ],
            [
              -85.24949645999999,
              37.867210388000046
            ],
            [
              -85.25249481199995,
              37.867210388000046
            ],
            [
              -85.25549316399997,
              37.86531066900005
            ],
            [
              -85.25599670399998,
              37.85971069300007
            ],
            [
              -85.24599456799996,
              37.85341262800006
            ],
            [
              -85.24389648399995,
              37.85071182300004
            ],
            [
              -85.24440002499995,
              37.84741210900006
            ],
            [
              -85.25859832899994,
              37.84881210300006
            ],
            [
              -85.26309966999997,
              37.84491348300003
            ],
            [
              -85.26819610699994,
              37.84491348300003
            ],
            [
              -85.27069854699994,
              37.84781265300006
            ],
            [
              -85.27429962199994,
              37.84851074200003
            ],
            [
              -85.27739715599995,
              37.85371398900003
            ],
            [
              -85.28019714399994,
              37.851711273000035
            ],
            [
              -85.27759551999998,
              37.83901214600007
            ],
            [
              -85.27869415299995,
              37.83701324500004
            ],
            [
              -85.29010009799998,
              37.83151245100004
            ],
            [
              -85.29759979199997,
              37.83251190200008
            ],
            [
              -85.29959869399994,
              37.83041381800007
            ],
            [
              -85.29959869399994,
              37.82221221900005
            ],
            [
              -85.30669403099995,
              37.82021331800007
            ],
            [
              -85.30949401899994,
              37.81221389800004
            ],
            [
              -85.31389617899998,
              37.808910370000035
            ],
            [
              -85.31419372599998,
              37.805713654000044
            ],
            [
              -85.306999207,
              37.800212860000045
            ],
            [
              -85.30649566699998,
              37.797111511000026
            ],
            [
              -85.30799865699998,
              37.79461288500005
            ],
            [
              -85.32289886599995,
              37.78741073600003
            ],
            [
              -85.33149719199997,
              37.78851318400007
            ],
            [
              -85.33609771699997,
              37.78731155400004
            ],
            [
              -85.33799743699996,
              37.78091049200003
            ],
            [
              -85.34179687599999,
              37.78031158400006
            ],
            [
              -85.35589599599996,
              37.783710480000025
            ],
            [
              -85.35399627699996,
              37.76981353800005
            ],
            [
              -85.34569549599996,
              37.76581192000003
            ],
            [
              -85.34529876699997,
              37.76361084000007
            ],
            [
              -85.34869384799998,
              37.76251220700004
            ],
            [
              -85.35289764399994,
              37.75771331800007
            ],
            [
              -85.35789489799998,
              37.75851059000007
            ],
            [
              -85.36889648399995,
              37.76411056500007
            ],
            [
              -85.37479400599995,
              37.76491165200008
            ],
            [
              -85.37509918199999,
              37.75781250000006
            ],
            [
              -85.37259674099994,
              37.74941253700007
            ],
            [
              -85.37379455599995,
              37.74061203000008
            ],
            [
              -85.38729858399995,
              37.73971176100008
            ],
            [
              -85.39149475099998,
              37.735912323000036
            ],
            [
              -85.39209747299998,
              37.73321151700003
            ],
            [
              -85.40009307899999,
              37.730113983000024
            ],
            [
              -85.41529846199995,
              37.71821212800006
            ],
            [
              -85.45059966999997,
              37.68581390400004
            ],
            [
              -85.48259735099998,
              37.62841033900003
            ],
            [
              -85.52059936499995,
              37.554512024000076
            ],
            [
              -85.52469634999994,
              37.554512024000076
            ],
            [
              -85.52699279899997,
              37.56221389800004
            ],
            [
              -85.53089904799998,
              37.561111450000055
            ],
            [
              -85.53540039099994,
              37.56261062600004
            ],
            [
              -85.54359435999999,
              37.56251144400005
            ],
            [
              -85.55059814499998,
              37.55491256700003
            ],
            [
              -85.55109405499996,
              37.550811768000074
            ],
            [
              -85.54919433599997,
              37.54721069300007
            ],
            [
              -85.55269622799995,
              37.541412354000045
            ],
            [
              -85.54819488499999,
              37.53301239000007
            ],
            [
              -85.54819488499999,
              37.53031158400006
            ],
            [
              -85.55399322499994,
              37.53151321400003
            ],
            [
              -85.55949401899994,
              37.52941131600005
            ],
            [
              -85.56079864499998,
              37.524711609000065
            ],
            [
              -85.56559753399995,
              37.52311325100004
            ],
            [
              -85.57460022099997,
              37.528011322000054
            ],
            [
              -85.59249877899998,
              37.53411102300004
            ],
            [
              -85.59399414099994,
              37.53241348300003
            ],
            [
              -85.59649658199999,
              37.53331375100004
            ],
            [
              -85.59849548299997,
              37.53581237800006
            ],
            [
              -85.59579467799995,
              37.53801345800008
            ],
            [
              -85.59479522699996,
              37.54151153600003
            ],
            [
              -85.59659576399997,
              37.54481124900008
            ],
            [
              -85.59999847399996,
              37.53971099900008
            ],
            [
              -85.60249328599997,
              37.541412354000045
            ],
            [
              -85.60439300499996,
              37.54421234100005
            ],
            [
              -85.60129547099996,
              37.54571151700003
            ],
            [
              -85.60339355499997,
              37.547710419000055
            ],
            [
              -85.60669708299997,
              37.54811096200007
            ],
            [
              -85.60820007299998,
              37.54511261000005
            ],
            [
              -85.61449432499995,
              37.54111099200003
            ],
            [
              -85.62529754599996,
              37.542510986000025
            ],
            [
              -85.62599945099998,
              37.545310974000074
            ],
            [
              -85.62339782699996,
              37.548213959000066
            ],
            [
              -85.62289428699995,
              37.552310944000055
            ],
            [
              -85.61449432499995,
              37.55831146200006
            ],
            [
              -85.60809326199995,
              37.55851364100005
            ],
            [
              -85.60869598399995,
              37.56261062600004
            ],
            [
              -85.604599,
              37.567813873000034
            ],
            [
              -85.60549926899995,
              37.57611084000007
            ],
            [
              -85.60209655799997,
              37.582912445000034
            ],
            [
              -85.60579681399997,
              37.58451080300006
            ],
            [
              -85.60529327399996,
              37.58861160300006
            ],
            [
              -85.60659789999994,
              37.59061050400004
            ],
            [
              -85.60089874299996,
              37.59351348900003
            ],
            [
              -85.59899902299998,
              37.59241104100005
            ],
            [
              -85.59149932899999,
              37.59521102900004
            ],
            [
              -85.59389495799996,
              37.59791183500005
            ],
            [
              -85.58819580199997,
              37.60491180400004
            ],
            [
              -85.59309387199994,
              37.60321044900007
            ],
            [
              -85.61069488499999,
              37.607212067000034
            ],
            [
              -85.613998413,
              37.61081314100005
            ],
            [
              -85.61449432499995,
              37.615112305000025
            ],
            [
              -85.60299682599998,
              37.61671066300005
            ],
            [
              -85.59359741199995,
              37.61361312900004
            ],
            [
              -85.58789825499997,
              37.617210388000046
            ],
            [
              -85.58929443399995,
              37.61981201200007
            ],
            [
              -85.58509826799997,
              37.625411987000064
            ],
            [
              -85.57999420199997,
              37.62651062000003
            ],
            [
              -85.57839965799997,
              37.62441253700007
            ],
            [
              -85.57899475099998,
              37.622310638000044
            ],
            [
              -85.57359313999996,
              37.61711120600006
            ],
            [
              -85.57069396999998,
              37.61751174900007
            ],
            [
              -85.56939697299998,
              37.62021255500008
            ],
            [
              -85.56990051299994,
              37.62501144400005
            ],
            [
              -85.57369995099998,
              37.62891387900004
            ],
            [
              -85.57319641099997,
              37.63681030300006
            ],
            [
              -85.58399963399995,
              37.64441299400005
            ],
            [
              -85.59539794899996,
              37.642513275000056
            ],
            [
              -85.59629821799996,
              37.63951110800008
            ],
            [
              -85.59999847399996,
              37.638813019000054
            ],
            [
              -85.60109710699999,
              37.64141082800006
            ],
            [
              -85.59599304199998,
              37.65411377000004
            ],
            [
              -85.59839630099998,
              37.65291214000007
            ],
            [
              -85.60139465299994,
              37.654510498000036
            ],
            [
              -85.60029602099996,
              37.65771102900004
            ],
            [
              -85.59659576399997,
              37.65941238400006
            ],
            [
              -85.59739685099998,
              37.663112640000065
            ],
            [
              -85.59299468999995,
              37.66871261600005
            ],
            [
              -85.59629821799996,
              37.669410706000065
            ],
            [
              -85.59539794899996,
              37.67701339700005
            ],
            [
              -85.59259796099997,
              37.682811737000065
            ],
            [
              -85.59320068399995,
              37.68841171300005
            ],
            [
              -85.59179687499994,
              37.69241333000008
            ],
            [
              -85.60059356799997,
              37.69931030300006
            ],
            [
              -85.60699462899998,
              37.70051193200004
            ],
            [
              -85.62249755899995,
              37.69531250000006
            ],
            [
              -85.63009643599997,
              37.69571304300007
            ],
            [
              -85.63349914599996,
              37.69411087000003
            ],
            [
              -85.63659667999997,
              37.696113586000024
            ],
            [
              -85.63889312699996,
              37.70161056500007
            ],
            [
              -85.64099883999995,
              37.70221328700006
            ],
            [
              -85.64039611799996,
              37.70441055300006
            ],
            [
              -85.64669799799998,
              37.707912445000034
            ],
            [
              -85.64309692399996,
              37.710411072000056
            ],
            [
              -85.64579772899998,
              37.716213226000036
            ],
            [
              -85.65139770499997,
              37.71831131000005
            ],
            [
              -85.652893066,
              37.72111129800004
            ],
            [
              -85.65569305399998,
              37.72071075400004
            ],
            [
              -85.66479492199994,
              37.72601318400007
            ],
            [
              -85.67139434899997,
              37.73121261600005
            ],
            [
              -85.678092957,
              37.730010986000025
            ],
            [
              -85.67979431199996,
              37.73261261000005
            ],
            [
              -85.67689514199998,
              37.73341369600007
            ],
            [
              -85.67709350599995,
              37.736812592000035
            ],
            [
              -85.68479919399994,
              37.73251342800006
            ],
            [
              -85.68709564199997,
              37.73301315300006
            ],
            [
              -85.68759918199999,
              37.73481369000007
            ],
            [
              -85.68229675299995,
              37.73691177400008
            ],
            [
              -85.68009948699995,
              37.73951339700005
            ],
            [
              -85.68259429899996,
              37.74041366600005
            ],
            [
              -85.686096191,
              37.747310638000044
            ],
            [
              -85.68369293199999,
              37.74901199300007
            ],
            [
              -85.68499755899995,
              37.75381088300003
            ],
            [
              -85.68719482399996,
              37.75551223800005
            ],
            [
              -85.69369506799995,
              37.75581359900008
            ],
            [
              -85.69629669199998,
              37.761310577000074
            ],
            [
              -85.69859314099995,
              37.75851059000007
            ],
            [
              -85.70109558099995,
              37.75971221900005
            ],
            [
              -85.70009612999996,
              37.76271057100007
            ],
            [
              -85.70499420199997,
              37.76791381800007
            ],
            [
              -85.71349334699994,
              37.76651382400007
            ],
            [
              -85.71559906099998,
              37.76891326900005
            ],
            [
              -85.71279907199994,
              37.77181243900003
            ],
            [
              -85.71469879199998,
              37.77461242700008
            ],
            [
              -85.72039794899996,
              37.77571106000005
            ],
            [
              -85.72659301799996,
              37.774112701000035
            ],
            [
              -85.73469543499994,
              37.77851104700005
            ],
            [
              -85.73609924299996,
              37.78091049200003
            ],
            [
              -85.73499298099995,
              37.783912659000066
            ],
            [
              -85.73019409199998,
              37.78331375100004
            ],
            [
              -85.72739410399998,
              37.784812927000075
            ],
            [
              -85.72760009799998,
              37.787910461000024
            ],
            [
              -85.73819732699997,
              37.788311005000025
            ],
            [
              -85.74250030599995,
              37.792312622000054
            ],
            [
              -85.73889923099995,
              37.79721069300007
            ],
            [
              -85.74189758399996,
              37.801910400000054
            ],
            [
              -85.74160003699996,
              37.80531311000004
            ],
            [
              -85.73839569099994,
              37.80921173100006
            ],
            [
              -85.73839569099994,
              37.812412262000066
            ],
            [
              -85.72380065899995,
              37.81061172500006
            ],
            [
              -85.71829986599994,
              37.80821228000008
            ],
            [
              -85.70709991499996,
              37.813613892000035
            ],
            [
              -85.69829559399994,
              37.81171035800003
            ],
            [
              -85.69109344499998,
              37.81821060200008
            ],
            [
              -85.68249511699997,
              37.819011688000046
            ],
            [
              -85.68299865699998,
              37.81511306800007
            ],
            [
              -85.67279815699999,
              37.82351303100006
            ],
            [
              -85.66129302999997,
              37.825412750000055
            ],
            [
              -85.65259551999998,
              37.82921218900003
            ],
            [
              -85.65390014599996,
              37.83231353800005
            ],
            [
              -85.64189910899995,
              37.835010529000044
            ],
            [
              -85.63719940199996,
              37.84171295200008
            ],
            [
              -85.63429260399994,
              37.84221267700008
            ],
            [
              -85.62849426299994,
              37.848411560000045
            ],
            [
              -85.61669921899994,
              37.852710724000076
            ],
            [
              -85.61079406799996,
              37.85971069300007
            ],
            [
              -85.61359405599995,
              37.867012024000076
            ],
            [
              -85.61309814499998,
              37.869712830000026
            ],
            [
              -85.60469818099995,
              37.87051391600005
            ],
            [
              -85.600494385,
              37.869411469000056
            ],
            [
              -85.59279632599998,
              37.87591171300005
            ],
            [
              -85.58649444599996,
              37.87681198100006
            ],
            [
              -85.57649993899997,
              37.88491058300008
            ],
            [
              -85.58109283399995,
              37.88651275600006
            ],
            [
              -85.58439636199995,
              37.892513275000056
            ],
            [
              -85.58539581299993,
              37.90801239000007
            ],
            [
              -85.58399963399995,
              37.91041183500005
            ],
            [
              -85.57699584999995,
              37.91561126700003
            ],
            [
              -85.56859588599997,
              37.917911530000026
            ],
            [
              -85.56609344499998,
              37.91981124900008
            ],
            [
              -85.56549835199996,
              37.92381286600005
            ],
            [
              -85.56029510499997,
              37.92331314100005
            ],
            [
              -85.55119323699995,
              37.926513672000056
            ],
            [
              -85.54319763199999,
              37.94021225000006
            ],
            [
              -85.53309631299999,
              37.94521331800007
            ],
            [
              -85.52849578899998,
              37.949211121000076
            ],
            [
              -85.52459716799996,
              37.95771026600005
            ],
            [
              -85.52799987799995,
              37.96231079100005
            ],
            [
              -85.53359985399999,
              37.96521377600004
            ],
            [
              -85.48949432399996,
              37.99061203000008
            ],
            [
              -85.46399688699995,
              37.97181320200008
            ],
            [
              -85.42630004899996,
              37.95961380000006
            ],
            [
              -85.39999389599996,
              37.94001388500004
            ],
            [
              -85.38339996299999,
              37.93981170700005
            ],
            [
              -85.31149292099997,
              37.95201110800008
            ],
            [
              -85.16779327399996,
              37.97161102300004
            ]
          ]
        ]
      }
    },
    {
      "type": "Feature",
      "properties": {
        "STATE": "KY",
        "ZONE": "043",
        "CWA": "LMK",
        "NAME": "Nicholas",
        "STATE_ZONE": "KY043",
        "TIME_ZONE": "E"
      },
      "geometry": {
        "type": "Polygon",
        "coordinates": [
          [
            [
              -83.98029327399996,
              38.43781280500008
            ],
            [
              -83.97209930399998,
              38.435112
            ],
            [
              -83.94989776599994,
              38.42331314100005
            ],
            [
              -83.92159271199995,
              38.38341140700004
            ],
            [
              -83.91589355499997,
              38.360912323000036
            ],
            [
              -83.91189575199996,
              38.36451339700005
            ],
            [
              -83.90480041499995,
              38.366012573000035
            ],
            [
              -83.89319610599995,
              38.36461257900004
            ],
            [
              -83.89019775399998,
              38.362411499000075
            ],
            [
              -83.89059448199998,
              38.359611511000026
            ],
            [
              -83.90039825399998,
              38.35371398900003
            ],
            [
              -83.89889526399998,
              38.348411560000045
            ],
            [
              -83.88819885299995,
              38.35161209100005
            ],
            [
              -83.88369751,
              38.35991287200005
            ],
            [
              -83.87269592299998,
              38.36201095600006
            ],
            [
              -83.86919403099995,
              38.351913452000076
            ],
            [
              -83.86649322499994,
              38.34941101100003
            ],
            [
              -83.86069488499999,
              38.35161209100005
            ],
            [
              -83.85709381099997,
              38.35101318400007
            ],
            [
              -83.85879516599994,
              38.34471130400004
            ],
            [
              -83.85829925599995,
              38.335113525000054
            ],
            [
              -83.85639953599997,
              38.332912445000034
            ],
            [
              -83.84969329799998,
              38.33281326300005
            ],
            [
              -83.84339904799998,
              38.33901214600007
            ],
            [
              -83.84019470199996,
              38.338710785000046
            ],
            [
              -83.84169769299996,
              38.33281326300005
            ],
            [
              -83.84829711899994,
              38.32441330000006
            ],
            [
              -83.84729766799995,
              38.322113037000065
            ],
            [
              -83.83909606899994,
              38.32041168200004
            ],
            [
              -83.83549499499998,
              38.31761169400005
            ],
            [
              -83.83409881599994,
              38.31391143800005
            ],
            [
              -83.83949279799998,
              38.312713623000036
            ],
            [
              -83.84169769299996,
              38.30611038200004
            ],
            [
              -83.84859466599994,
              38.29881286600005
            ],
            [
              -83.84799957299998,
              38.29671096800007
            ],
            [
              -83.850494385,
              38.29611206100003
            ],
            [
              -83.87489318799999,
              38.27651214600007
            ],
            [
              -83.97760009899997,
              38.19211196900005
            ],
            [
              -83.98269653299997,
              38.194011688000046
            ],
            [
              -83.97739410399998,
              38.19831085200008
            ],
            [
              -83.97599792499994,
              38.196212769000056
            ],
            [
              -83.97039794899996,
              38.203411102000075
            ],
            [
              -83.96959686399998,
              38.20951080300006
            ],
            [
              -83.97269439799999,
              38.210113525000054
            ],
            [
              -83.97599792499994,
              38.207912445000034
            ],
            [
              -83.97909545899995,
              38.20821380600006
            ],
            [
              -83.97660064699994,
              38.21901321400003
            ],
            [
              -83.98839569099994,
              38.220111847000055
            ],
            [
              -83.99029540999999,
              38.20781326300005
            ],
            [
              -83.98919677699996,
              38.20391082800006
            ],
            [
              -83.99189758299997,
              38.20331192000003
            ],
            [
              -83.99489593499999,
              38.204311371000074
            ],
            [
              -83.99419403099995,
              38.20731353800005
            ],
            [
              -84.00009918199999,
              38.207912445000034
            ],
            [
              -84.00460052499994,
              38.21151351900005
            ],
            [
              -84.00019836499996,
              38.21211242700008
            ],
            [
              -83.99659728999995,
              38.214714050000055
            ],
            [
              -83.99929809599996,
              38.21671295200008
            ],
            [
              -84.00199890099998,
              38.21431350700004
            ],
            [
              -84.00619506799995,
              38.21521377600004
            ],
            [
              -84.00789642299998,
              38.220111847000055
            ],
            [
              -84.00329589899997,
              38.22201156600005
            ],
            [
              -84.00439453099995,
              38.22411346400003
            ],
            [
              -84.01569366499996,
              38.21751022300003
            ],
            [
              -84.02939605699999,
              38.214714050000055
            ],
            [
              -84.027893066,
              38.21911239600007
            ],
            [
              -84.03319549599996,
              38.22361373900003
            ],
            [
              -84.04290008499999,
              38.224712372000056
            ],
            [
              -84.06229400599995,
              38.23581314100005
            ],
            [
              -84.05349731399997,
              38.23971176100008
            ],
            [
              -84.05569457999997,
              38.24251174900007
            ],
            [
              -84.05299377399996,
              38.24331283600003
            ],
            [
              -84.05780029299996,
              38.251010895000036
            ],
            [
              -84.05799865699998,
              38.25701141400003
            ],
            [
              -84.06629943799999,
              38.255210876000035
            ],
            [
              -84.07949829099994,
              38.25761032100007
            ],
            [
              -84.07979583699995,
              38.261310577000074
            ],
            [
              -84.07399749799998,
              38.26541137700008
            ],
            [
              -84.07589721699998,
              38.26891326900005
            ],
            [
              -84.07989501999998,
              38.269210815000065
            ],
            [
              -84.07819366499996,
              38.27151107800006
            ],
            [
              -84.08059692499995,
              38.27331161500007
            ],
            [
              -84.08979797399996,
              38.272510529000044
            ],
            [
              -84.09529876699997,
              38.26811218300003
            ],
            [
              -84.09159851099997,
              38.264213562000066
            ],
            [
              -84.09299468999995,
              38.260711670000035
            ],
            [
              -84.09519958499999,
              38.25921249400005
            ],
            [
              -84.10279846199995,
              38.25901031500007
            ],
            [
              -84.10439300499996,
              38.261611938000044
            ],
            [
              -84.10160064799999,
              38.26551055900006
            ],
            [
              -84.10369872999996,
              38.269611359000066
            ],
            [
              -84.10989379899996,
              38.27521133400006
            ],
            [
              -84.11549377399996,
              38.27231216400003
            ],
            [
              -84.11819457999997,
              38.272510529000044
            ],
            [
              -84.11979675299995,
              38.27531051600005
            ],
            [
              -84.11629486099997,
              38.27881240800008
            ],
            [
              -84.11339569099994,
              38.27861022900004
            ],
            [
              -84.11079406699997,
              38.281311035000044
            ],
            [
              -84.10569763199999,
              38.28221130400004
            ],
            [
              -84.10469818199994,
              38.28631210300006
            ],
            [
              -84.11689758299997,
              38.28861236600005
            ],
            [
              -84.11750030499996,
              38.29411315900006
            ],
            [
              -84.12269592299998,
              38.29621124300007
            ],
            [
              -84.12989807099996,
              38.29511261000005
            ],
            [
              -84.12819671599993,
              38.30131149300007
            ],
            [
              -84.12919616699998,
              38.305610657000045
            ],
            [
              -84.13209533699995,
              38.30491256700003
            ],
            [
              -84.13489532499995,
              38.30791091900005
            ],
            [
              -84.16629791299994,
              38.354812622000054
            ],
            [
              -84.19339752199994,
              38.372310638000044
            ],
            [
              -84.10209655799997,
              38.45951080300006
            ],
            [
              -84.09359741199995,
              38.45941162100007
            ],
            [
              -84.08739471499996,
              38.455013275000056
            ],
            [
              -84.07209777799994,
              38.45721054100005
            ],
            [
              -84.04409790099999,
              38.44761276200006
            ],
            [
              -84.03089904799998,
              38.441013336000026
            ],
            [
              -84.02859497099996,
              38.44081115700004
            ],
            [
              -84.02050018299997,
              38.44551086400003
            ],
            [
              -84.01689910999994,
              38.44481277500006
            ],
            [
              -84.00939941399997,
              38.432212830000026
            ],
            [
              -84.00609588699996,
              38.43111038200004
            ],
            [
              -84.00359344599997,
              38.432212830000026
            ],
            [
              -84.00399780299995,
              38.43981170700005
            ],
            [
              -84.00019836499996,
              38.44201278700007
            ],
            [
              -83.99809265099998,
              38.44051361100003
            ],
            [
              -83.99879455599995,
              38.422710419000055
            ],
            [
              -83.99389648399995,
              38.42511367800006
            ],
            [
              -83.99139404299996,
              38.43451309200003
            ],
            [
              -83.98329925499996,
              38.43581390400004
            ],
            [
              -83.98029327399996,
              38.43781280500008
            ]
          ]
        ]
      }
    },
    {
      "type": "Feature",
      "properties": {
        "STATE": "KY",
        "ZONE": "026",
        "CWA": "LMK",
        "NAME": "Ohio",
        "STATE_ZONE": "KY026",
        "TIME_ZONE": "C"
      },
      "geometry": {
        "type": "Polygon",
        "coordinates": [
          [
            [
              -86.63889312799995,
              37.661510468000074
            ],
            [
              -86.64049529999994,
              37.619312286000024
            ],
            [
              -86.62619781499995,
              37.605213165000066
            ],
            [
              -86.625,
              37.59781265300006
            ],
            [
              -86.61979675299995,
              37.59101104700005
            ],
            [
              -86.61909484899996,
              37.58551025400004
            ],
            [
              -86.60720062299998,
              37.57621383700007
            ],
            [
              -86.59949493399995,
              37.56711196900005
            ],
            [
              -86.59659576399997,
              37.56481170700005
            ],
            [
              -86.59389495799996,
              37.56481170700005
            ],
            [
              -86.59349822999997,
              37.55951309200003
            ],
            [
              -86.57709503199999,
              37.552612305000025
            ],
            [
              -86.580795288,
              37.54761123700007
            ],
            [
              -86.58379363999995,
              37.549011230000076
            ],
            [
              -86.59379577699997,
              37.54701231700005
            ],
            [
              -86.59420013399995,
              37.54411315900006
            ],
            [
              -86.59739685199997,
              37.54491043100006
            ],
            [
              -86.59779357899998,
              37.538112640000065
            ],
            [
              -86.60929870599995,
              37.54331207300004
            ],
            [
              -86.61029815699999,
              37.54481124900008
            ],
            [
              -86.60629272499995,
              37.55051040600006
            ],
            [
              -86.61940002399996,
              37.55371093700006
            ],
            [
              -86.62519836399997,
              37.56561279300007
            ],
            [
              -86.63269805899995,
              37.56471252400007
            ],
            [
              -86.63489532499995,
              37.566913605000025
            ],
            [
              -86.63729858499994,
              37.56381225600006
            ],
            [
              -86.63969421399997,
              37.56561279300007
            ],
            [
              -86.64229583699995,
              37.56261062600004
            ],
            [
              -86.64080047599998,
              37.559810638000044
            ],
            [
              -86.64909362799995,
              37.554813385000045
            ],
            [
              -86.66359710799998,
              37.556812286000024
            ],
            [
              -86.66880035399998,
              37.54871368400006
            ],
            [
              -86.66199493399995,
              37.541412354000045
            ],
            [
              -86.66159820599995,
              37.53631210300006
            ],
            [
              -86.65549468999995,
              37.52241134600007
            ],
            [
              -86.61199951199995,
              37.39531326300005
            ],
            [
              -86.61909484899996,
              37.39061355600006
            ],
            [
              -86.75919341999997,
              37.30441284200003
            ],
            [
              -86.76989746099997,
              37.309413910000046
            ],
            [
              -86.77419280999999,
              37.31931304900007
            ],
            [
              -86.77359771699997,
              37.32361221300005
            ],
            [
              -86.77599334699994,
              37.326313019000054
            ],
            [
              -86.79879760699998,
              37.33461380000006
            ],
            [
              -86.81539917099997,
              37.32901382400007
            ],
            [
              -86.82129669199998,
              37.31911087000003
            ],
            [
              -86.81839752199994,
              37.30531311000004
            ],
            [
              -86.80859375099999,
              37.291412354000045
            ],
            [
              -86.81559753399995,
              37.293510437000066
            ],
            [
              -86.82519531299994,
              37.293613434000065
            ],
            [
              -86.82799529999994,
              37.28631210300006
            ],
            [
              -86.83019256599994,
              37.285713196000074
            ],
            [
              -86.82919311499995,
              37.28111267100007
            ],
            [
              -86.83879852299998,
              37.269912720000036
            ],
            [
              -86.84349822999997,
              37.26781082200006
            ],
            [
              -86.84339904799998,
              37.26521301300005
            ],
            [
              -86.84899902299998,
              37.26151275600006
            ],
            [
              -86.85059356699998,
              37.25571060200008
            ],
            [
              -86.85289764399994,
              37.254310608000026
            ],
            [
              -86.85260009799998,
              37.25141143800005
            ],
            [
              -86.86069488499999,
              37.251911163000045
            ],
            [
              -86.87089538599997,
              37.24751281700003
            ],
            [
              -86.88509368899997,
              37.23231124900008
            ],
            [
              -86.88569641099997,
              37.22221374500003
            ],
            [
              -86.88779449499998,
              37.219512939000026
            ],
            [
              -86.89949798699996,
              37.212512970000034
            ],
            [
              -86.907493591,
              37.22201156600005
            ],
            [
              -86.91909789999994,
              37.225410461000024
            ],
            [
              -86.92029571499995,
              37.22791290300006
            ],
            [
              -86.91939544699994,
              37.231311798000036
            ],
            [
              -86.91639709499998,
              37.23331069900007
            ],
            [
              -86.90969848699996,
              37.233112335000044
            ],
            [
              -86.91339874399995,
              37.23761367800006
            ],
            [
              -86.91719818099995,
              37.236812592000035
            ],
            [
              -86.92269897499995,
              37.241012573000035
            ],
            [
              -86.93139648399995,
              37.24041366600005
            ],
            [
              -86.93989562999997,
              37.23721313500005
            ],
            [
              -86.94319915799997,
              37.23801040600006
            ],
            [
              -86.94669341999997,
              37.240711212000065
            ],
            [
              -86.94899749799998,
              37.246913910000046
            ],
            [
              -86.95469665499996,
              37.25161361700003
            ],
            [
              -86.95520019499997,
              37.25771331800007
            ],
            [
              -86.95849609399994,
              37.260711670000035
            ],
            [
              -86.96239471399997,
              37.260913849000076
            ],
            [
              -86.96629333599998,
              37.257110596000075
            ],
            [
              -86.96869659399994,
              37.25671386700003
            ],
            [
              -86.98259735099998,
              37.26981353800005
            ],
            [
              -86.98379516599994,
              37.273811340000066
            ],
            [
              -86.98069763199999,
              37.28851318400007
            ],
            [
              -86.98139953599997,
              37.292911530000026
            ],
            [
              -86.98690032999997,
              37.30031204200003
            ],
            [
              -86.98859405499996,
              37.30581283600003
            ],
            [
              -86.98559570299994,
              37.31891250600006
            ],
            [
              -86.98629760699998,
              37.32171249400005
            ],
            [
              -86.99649810799997,
              37.32831192000003
            ],
            [
              -86.99799346899994,
              37.33151245100004
            ],
            [
              -87.00519561799996,
              37.33711242700008
            ],
            [
              -87.01639556899994,
              37.353012085000046
            ],
            [
              -87.031799316,
              37.36351394700006
            ],
            [
              -87.05449676499995,
              37.36951065100004
            ],
            [
              -87.07079315299995,
              37.37001037600004
            ],
            [
              -87.07509612999996,
              37.36791229200003
            ],
            [
              -87.08829498299997,
              37.358512878000056
            ],
            [
              -87.09140014599996,
              37.348213196000074
            ],
            [
              -87.09749603299997,
              37.33931350700004
            ],
            [
              -87.10089874299996,
              37.330810547000056
            ],
            [
              -87.11089324999995,
              37.32471084600007
            ],
            [
              -87.11979675299995,
              37.32551193200004
            ],
            [
              -87.12329864499998,
              37.327110291000054
            ],
            [
              -87.12849426299994,
              37.333312988000046
            ],
            [
              -87.13150024399994,
              37.332611084000064
            ],
            [
              -87.13649749799998,
              37.33491134600007
            ],
            [
              -87.13769531299994,
              37.33821106000005
            ],
            [
              -87.13669586199995,
              37.34171295200008
            ],
            [
              -87.12549591099997,
              37.354812622000054
            ],
            [
              -87.12259674099994,
              37.361511230000076
            ],
            [
              -87.09700012199994,
              37.374511719000054
            ],
            [
              -87.09439849899996,
              37.37761306800007
            ],
            [
              -87.09949493399995,
              37.386611938000044
            ],
            [
              -87.09969329799998,
              37.39021301300005
            ],
            [
              -87.09700012199994,
              37.39681243900003
            ],
            [
              -87.09819793699995,
              37.41081237800006
            ],
            [
              -87.10089874299996,
              37.418613434000065
            ],
            [
              -87.10089874299996,
              37.42801284800004
            ],
            [
              -87.10449981799997,
              37.435211182000046
            ],
            [
              -87.10260009799998,
              37.44941330000006
            ],
            [
              -87.10519409199998,
              37.46201324500004
            ],
            [
              -87.11940002399996,
              37.467910767000035
            ],
            [
              -87.12389373799994,
              37.475612640000065
            ],
            [
              -87.13509368899997,
              37.48481369000007
            ],
            [
              -87.12459564299996,
              37.48671340900006
            ],
            [
              -87.12220001199995,
              37.485511780000024
            ],
            [
              -87.11750030499996,
              37.47751236000005
            ],
            [
              -87.11709594699994,
              37.47271347000003
            ],
            [
              -87.11560058699996,
              37.47161102300004
            ],
            [
              -87.11209869399994,
              37.47241210900006
            ],
            [
              -87.10639953599997,
              37.48051071200007
            ],
            [
              -87.10309600799997,
              37.481010437000066
            ],
            [
              -87.04959869399994,
              37.551712036000026
            ],
            [
              -87.03849792499994,
              37.56131362900004
            ],
            [
              -87.00619506899994,
              37.58031082200006
            ],
            [
              -86.98859405499996,
              37.597511292000036
            ],
            [
              -86.95109558099995,
              37.62971115100004
            ],
            [
              -86.94759368899997,
              37.63091278100006
            ],
            [
              -86.93759918199999,
              37.62701034500003
            ],
            [
              -86.93379974499999,
              37.62701034500003
            ],
            [
              -86.93319702099996,
              37.62431335400004
            ],
            [
              -86.92769622799995,
              37.62351226800007
            ],
            [
              -86.92379760699998,
              37.626712799000074
            ],
            [
              -86.92059326199995,
              37.62461090100004
            ],
            [
              -86.91649627799995,
              37.628211975000056
            ],
            [
              -86.91519927999997,
              37.631511688000046
            ],
            [
              -86.90379333499999,
              37.63171386700003
            ],
            [
              -86.90349578999997,
              37.634811401000036
            ],
            [
              -86.89039611799996,
              37.64411163300008
            ],
            [
              -86.87849426299994,
              37.644912720000036
            ],
            [
              -86.87779998799994,
              37.64771270800003
            ],
            [
              -86.86599731399997,
              37.64941406200006
            ],
            [
              -86.85479736299999,
              37.65491104100005
            ],
            [
              -86.84199523999996,
              37.665210724000076
            ],
            [
              -86.82779693599997,
              37.667312622000054
            ],
            [
              -86.82029724099993,
              37.67201232900004
            ],
            [
              -86.81829833999996,
              37.67381286600005
            ],
            [
              -86.82229614099998,
              37.67721176400005
            ],
            [
              -86.86679840099998,
              37.70881271400003
            ],
            [
              -86.82319641099997,
              37.737712860000045
            ],
            [
              -86.63889312799995,
              37.661510468000074
            ]
          ]
        ]
      }
    },
    {
      "type": "Feature",
      "properties": {
        "STATE": "KY",
        "ZONE": "031",
        "CWA": "LMK",
        "NAME": "Oldham",
        "STATE_ZONE": "KY031",
        "TIME_ZONE": "E"
      },
      "geometry": {
        "type": "Polygon",
        "coordinates": [
          [
            [
              -85.31349945099998,
              38.49341201800007
            ],
            [
              -85.34589386,
              38.45951080300006
            ],
            [
              -85.33169555699999,
              38.44261169400005
            ],
            [
              -85.32519531299994,
              38.404510498000036
            ],
            [
              -85.29629516599994,
              38.374511719000054
            ],
            [
              -85.28299713099995,
              38.35801315300006
            ],
            [
              -85.32479858399995,
              38.31001281700003
            ],
            [
              -85.35189819299995,
              38.30311203000008
            ],
            [
              -85.38699340799997,
              38.30791091900005
            ],
            [
              -85.39309692499995,
              38.30741119400005
            ],
            [
              -85.39550018299997,
              38.30541229200003
            ],
            [
              -85.40699768199994,
              38.30431366000005
            ],
            [
              -85.40950012299999,
              38.30251312300004
            ],
            [
              -85.40899658199999,
              38.294410706000065
            ],
            [
              -85.412994385,
              38.29491043100006
            ],
            [
              -85.41729736299999,
              38.302612305000025
            ],
            [
              -85.42739868199999,
              38.303211212000065
            ],
            [
              -85.42589569199998,
              38.294410706000065
            ],
            [
              -85.42879486099997,
              38.29281234700005
            ],
            [
              -85.43789672899999,
              38.297813416000054
            ],
            [
              -85.44469451899994,
              38.299312592000035
            ],
            [
              -85.45050048799999,
              38.29731369000007
            ],
            [
              -85.44849395799997,
              38.303211212000065
            ],
            [
              -85.45299529999994,
              38.30061340300006
            ],
            [
              -85.45559692399996,
              38.291412354000045
            ],
            [
              -85.46229553199998,
              38.29161071800007
            ],
            [
              -85.46099853499999,
              38.286510468000074
            ],
            [
              -85.46499633799993,
              38.284812927000075
            ],
            [
              -85.56060028099995,
              38.33681106600005
            ],
            [
              -85.57489776599994,
              38.33401107800006
            ],
            [
              -85.58479309099994,
              38.339611053000056
            ],
            [
              -85.56949615499997,
              38.34191131600005
            ],
            [
              -85.63799285999994,
              38.38011169400005
            ],
            [
              -85.63159942599998,
              38.39871215800008
            ],
            [
              -85.62269592299998,
              38.41481399500003
            ],
            [
              -85.62009429999995,
              38.423213959000066
            ],
            [
              -85.60759735099998,
              38.43931198100006
            ],
            [
              -85.60379791299994,
              38.44211196900005
            ],
            [
              -85.58649444599996,
              38.45081329300007
            ],
            [
              -85.57529449499998,
              38.45331192000003
            ],
            [
              -85.53599548399995,
              38.45621109000007
            ],
            [
              -85.49939727799995,
              38.468112946000076
            ],
            [
              -85.49219512899998,
              38.47391128500004
            ],
            [
              -85.48289489699994,
              38.485713959000066
            ],
            [
              -85.47799682599998,
              38.497711182000046
            ],
            [
              -85.47219848599997,
              38.506313324000075
            ],
            [
              -85.45849609399994,
              38.51441192600004
            ],
            [
              -85.43339538599997,
              38.52371215800008
            ],
            [
              -85.42719268799993,
              38.519611359000066
            ],
            [
              -85.42209625199996,
              38.520412445000034
            ],
            [
              -85.41249847399996,
              38.518013
            ],
            [
              -85.40229797399996,
              38.51851272600004
            ],
            [
              -85.38969421399997,
              38.51581192000003
            ],
            [
              -85.37869262699996,
              38.51851272600004
            ],
            [
              -85.37349700899995,
              38.51481246900005
            ],
            [
              -85.37149810799997,
              38.51121139500003
            ],
            [
              -85.36539459199997,
              38.50761032100007
            ],
            [
              -85.35729980499997,
              38.50941085800008
            ],
            [
              -85.350494385,
              38.508712769000056
            ],
            [
              -85.33889770499997,
              38.50271225000006
            ],
            [
              -85.32189941399997,
              38.49961090100004
            ],
            [
              -85.31349945099998,
              38.49341201800007
            ]
          ]
        ]
      }
    },
    {
      "type": "Feature",
      "properties": {
        "STATE": "KY",
        "ZONE": "078",
        "CWA": "LMK",
        "NAME": "Russell",
        "STATE_ZONE": "KY078",
        "TIME_ZONE": "C"
      },
      "geometry": {
        "type": "Polygon",
        "coordinates": [
          [
            [
              -84.90079498299997,
              37.116611481000064
            ],
            [
              -84.90699768099995,
              37.087211609000065
            ],
            [
              -84.90589904799998,
              37.04721069300007
            ],
            [
              -84.86359405499996,
              37.00791168200004
            ],
            [
              -84.83569335899995,
              36.997310638000044
            ],
            [
              -84.90409851099997,
              36.948211670000035
            ],
            [
              -84.90879821799996,
              36.94631195100004
            ],
            [
              -84.91949462899998,
              36.95571136500007
            ],
            [
              -84.92759704599996,
              36.95961380000006
            ],
            [
              -84.93599700899995,
              36.96121215900007
            ],
            [
              -84.94549560499996,
              36.95971298200004
            ],
            [
              -84.95229339599996,
              36.952510834000066
            ],
            [
              -84.95539855999994,
              36.92811203000008
            ],
            [
              -84.96169280999999,
              36.91591262800006
            ],
            [
              -84.96969604499998,
              36.91121292100007
            ],
            [
              -84.97929382299998,
              36.90821075400004
            ],
            [
              -85.01859283399995,
              36.887012482000046
            ],
            [
              -85.11819457999997,
              36.82771301300005
            ],
            [
              -85.19409942599998,
              36.87241363500004
            ],
            [
              -85.22859954799998,
              36.88761138900003
            ],
            [
              -85.23379516599994,
              36.886310577000074
            ],
            [
              -85.23529815699999,
              36.883712769000056
            ],
            [
              -85.23369598399995,
              36.87951278700007
            ],
            [
              -85.22380065899995,
              36.872711182000046
            ],
            [
              -85.21479797399996,
              36.86391067500006
            ],
            [
              -85.21279907199994,
              36.86001205400004
            ],
            [
              -85.21319580099998,
              36.856113434000065
            ],
            [
              -85.22619628899997,
              36.85131073000008
            ],
            [
              -85.23699951199995,
              36.85371398900003
            ],
            [
              -85.24409484899996,
              36.85831069900007
            ],
            [
              -85.24569702099996,
              36.861511230000076
            ],
            [
              -85.24509429899996,
              36.872112274000074
            ],
            [
              -85.24709320099998,
              36.87731170700005
            ],
            [
              -85.27519988999995,
              36.89781189000007
            ],
            [
              -85.23199462899998,
              36.925212860000045
            ],
            [
              -85.21159362799995,
              36.97711181600005
            ],
            [
              -85.20569610599995,
              36.99671173100006
            ],
            [
              -85.16629791299994,
              37.03331375100004
            ],
            [
              -85.09199523899997,
              37.12221145600006
            ],
            [
              -85.04319763199999,
              37.18601226800007
            ],
            [
              -84.97039794899996,
              37.11291122400007
            ],
            [
              -84.95299529999994,
              37.10251236000005
            ],
            [
              -84.91709899899996,
              37.10761261000005
            ],
            [
              -84.90079498299997,
              37.116611481000064
            ]
          ]
        ]
      }
    },
    {
      "type": "Feature",
      "properties": {
        "STATE": "KY",
        "ZONE": "036",
        "CWA": "LMK",
        "NAME": "Scott",
        "STATE_ZONE": "KY036",
        "TIME_ZONE": "E"
      },
      "geometry": {
        "type": "Polygon",
        "coordinates": [
          [
            [
              -84.55410003699996,
              38.49171066300005
            ],
            [
              -84.55129241899994,
              38.47881317100007
            ],
            [
              -84.54669952399996,
              38.467010498000036
            ],
            [
              -84.54249572899994,
              38.46331405600006
            ],
            [
              -84.53159332299998,
              38.45811080900006
            ],
            [
              -84.52659606899994,
              38.44871139500003
            ],
            [
              -84.52739715599995,
              38.43351364100005
            ],
            [
              -84.52279663099995,
              38.42871093700006
            ],
            [
              -84.51289367699997,
              38.425811768000074
            ],
            [
              -84.50949859599996,
              38.42201232900004
            ],
            [
              -84.49109649699994,
              38.41431045500008
            ],
            [
              -84.48049926799996,
              38.40321350100004
            ],
            [
              -84.47439575199996,
              38.399711609000065
            ],
            [
              -84.46289825399998,
              38.383911133000026
            ],
            [
              -84.45869445799997,
              38.37371063200004
            ],
            [
              -84.46289825399998,
              38.36411285400004
            ],
            [
              -84.46080017099996,
              38.34851074200003
            ],
            [
              -84.45619964599996,
              38.337211609000065
            ],
            [
              -84.44679260299995,
              38.32811355600006
            ],
            [
              -84.44659423799999,
              38.32521057100007
            ],
            [
              -84.44029998799994,
              38.31841278100006
            ],
            [
              -84.43439483599997,
              38.30551147500006
            ],
            [
              -84.43379974399994,
              38.29871368400006
            ],
            [
              -84.44099426299994,
              38.295310974000074
            ],
            [
              -84.44449615599996,
              38.28491210900006
            ],
            [
              -84.44249725299994,
              38.28331375100004
            ],
            [
              -84.44169616299996,
              38.277511600000025
            ],
            [
              -84.43579864499998,
              38.271411896000075
            ],
            [
              -84.43659973099994,
              38.26811218300003
            ],
            [
              -84.43459320099998,
              38.26491165200008
            ],
            [
              -84.43209838899998,
              38.26441192600004
            ],
            [
              -84.43149566799997,
              38.26141357400007
            ],
            [
              -84.42299652099996,
              38.25581359900008
            ],
            [
              -84.42109680199997,
              38.24681091300005
            ],
            [
              -84.42269897499995,
              38.24381256100003
            ],
            [
              -84.42199706999997,
              38.23471069300007
            ],
            [
              -84.41839599599996,
              38.22871398900003
            ],
            [
              -84.41709899899996,
              38.22301101700003
            ],
            [
              -84.41839599599996,
              38.21981048600003
            ],
            [
              -84.42160034299997,
              38.217712402000075
            ],
            [
              -84.41889953599997,
              38.21361160300006
            ],
            [
              -84.40259551999998,
              38.20771408100006
            ],
            [
              -84.62069702099996,
              38.129413605000025
            ],
            [
              -84.62609863299997,
              38.11531066900005
            ],
            [
              -84.63309478899998,
              38.111511230000076
            ],
            [
              -84.64419555699999,
              38.11631393400006
            ],
            [
              -84.65039825399998,
              38.11361312900004
            ],
            [
              -84.65339660599994,
              38.11981201200007
            ],
            [
              -84.64289855999994,
              38.11981201200007
            ],
            [
              -84.64029693599997,
              38.12221145600006
            ],
            [
              -84.64459991499996,
              38.12761306800007
            ],
            [
              -84.63959503299998,
              38.12811279300007
            ],
            [
              -84.63659667999997,
              38.12101364100005
            ],
            [
              -84.63439941399997,
              38.121410370000035
            ],
            [
              -84.63379669199998,
              38.123912811000025
            ],
            [
              -84.64139556899994,
              38.13501358000008
            ],
            [
              -84.64799499499998,
              38.135711670000035
            ],
            [
              -84.64359283399995,
              38.14441299400005
            ],
            [
              -84.63949584999995,
              38.14871215800008
            ],
            [
              -84.64169311499995,
              38.14931106600005
            ],
            [
              -84.64619445799997,
              38.14561080900006
            ],
            [
              -84.65049743699996,
              38.14531326300005
            ],
            [
              -84.65149688699995,
              38.15861129800004
            ],
            [
              -84.64199829099994,
              38.15831375100004
            ],
            [
              -84.64589691199996,
              38.16301345800008
            ],
            [
              -84.65079498299997,
              38.162513733000026
            ],
            [
              -84.65239715599995,
              38.160713196000074
            ],
            [
              -84.656799316,
              38.16161346400003
            ],
            [
              -84.65719604499998,
              38.167510986000025
            ],
            [
              -84.65579986599994,
              38.17041397100007
            ],
            [
              -84.65189361599994,
              38.16871261600005
            ],
            [
              -84.64909362799995,
              38.16991043100006
            ],
            [
              -84.64749908399995,
              38.17591095000006
            ],
            [
              -84.64899444599996,
              38.177612305000025
            ],
            [
              -84.66569518999995,
              38.18121337900004
            ],
            [
              -84.66429901099997,
              38.17791366600005
            ],
            [
              -84.66609954799998,
              38.17611312900004
            ],
            [
              -84.66859435999999,
              38.17641067500006
            ],
            [
              -84.67799377399996,
              38.18041229200003
            ],
            [
              -84.67779540999999,
              38.18501281700003
            ],
            [
              -84.68239593499999,
              38.18111038200004
            ],
            [
              -84.68339538599997,
              38.17541122400007
            ],
            [
              -84.67589569099994,
              38.17161178600003
            ],
            [
              -84.67989349399994,
              38.169410706000065
            ],
            [
              -84.68939971999998,
              38.171012878000056
            ],
            [
              -84.68759918199999,
              38.17311096200007
            ],
            [
              -84.69169616699998,
              38.17681121800007
            ],
            [
              -84.68819427499994,
              38.177310944000055
            ],
            [
              -84.68799591099997,
              38.18041229200003
            ],
            [
              -84.69139862099996,
              38.181510925000055
            ],
            [
              -84.69899749799998,
              38.17771148700007
            ],
            [
              -84.70389556899994,
              38.178512573000035
            ],
            [
              -84.70589446999998,
              38.17411041300005
            ],
            [
              -84.70809936499995,
              38.17371368400006
            ],
            [
              -84.71339416499995,
              38.17531204200003
            ],
            [
              -84.71519470199996,
              38.17781066900005
            ],
            [
              -84.71449279799998,
              38.18251037600004
            ],
            [
              -84.71979522699996,
              38.18081283600003
            ],
            [
              -84.72129821799996,
              38.18531036400003
            ],
            [
              -84.72809600799997,
              38.18561172500006
            ],
            [
              -84.73130035399998,
              38.187911987000064
            ],
            [
              -84.72919464099994,
              38.19081115700004
            ],
            [
              -84.72569274899996,
              38.190711975000056
            ],
            [
              -84.72399902299998,
              38.19421386700003
            ],
            [
              -84.73040008499999,
              38.208312988000046
            ],
            [
              -84.73779296899994,
              38.297710419000055
            ],
            [
              -84.74039459199997,
              38.35201263400006
            ],
            [
              -84.70609283399995,
              38.37001037600004
            ],
            [
              -84.64949798699996,
              38.41651153600003
            ],
            [
              -84.62409973099994,
              38.43081283600003
            ],
            [
              -84.56269836399997,
              38.49041366600005
            ],
            [
              -84.55749511699997,
              38.49271392800006
            ],
            [
              -84.55410003699996,
              38.49171066300005
            ]
          ]
        ]
      }
    },
    {
      "type": "Feature",
      "properties": {
        "STATE": "KY",
        "ZONE": "034",
        "CWA": "LMK",
        "NAME": "Shelby",
        "STATE_ZONE": "KY034",
        "TIME_ZONE": "E"
      },
      "geometry": {
        "type": "Polygon",
        "coordinates": [
          [
            [
              -85.28299713099995,
              38.35801315300006
            ],
            [
              -84.95689392099996,
              38.33221054100005
            ],
            [
              -84.99869537399996,
              38.275012970000034
            ],
            [
              -85.00079345699999,
              38.22941207900004
            ],
            [
              -85.00839996299999,
              38.17541122400007
            ],
            [
              -85.00619506799995,
              38.17141342200006
            ],
            [
              -85.00879669299997,
              38.168811798000036
            ],
            [
              -85.00429534899996,
              38.16741180400004
            ],
            [
              -85.00609588599997,
              38.16501236000005
            ],
            [
              -85.00989532499995,
              38.165111542000034
            ],
            [
              -85.00939941499996,
              38.162513733000026
            ],
            [
              -85.00469970699999,
              38.160911560000045
            ],
            [
              -85.01839447099997,
              38.14371109000007
            ],
            [
              -85.01979827899999,
              38.13511276200006
            ],
            [
              -85.02289581299993,
              38.13311386100003
            ],
            [
              -85.02529907199994,
              38.125213623000036
            ],
            [
              -85.03949737499994,
              38.119712830000026
            ],
            [
              -85.04589843799994,
              38.11061096200007
            ],
            [
              -85.04539489699994,
              38.10731124900008
            ],
            [
              -85.04799652099996,
              38.09771347000003
            ],
            [
              -85.05459594699994,
              38.084213257000044
            ],
            [
              -85.05259704599996,
              38.07621383700007
            ],
            [
              -85.04859924299996,
              38.073413849000076
            ],
            [
              -85.05949401999999,
              38.067512512000064
            ],
            [
              -85.06209564199997,
              38.062412262000066
            ],
            [
              -85.06529998799994,
              38.060211182000046
            ],
            [
              -85.07139587399996,
              38.057811737000065
            ],
            [
              -85.07809448199998,
              38.04491043100006
            ],
            [
              -85.08389282199994,
              38.040512085000046
            ],
            [
              -85.09479522699996,
              38.039012909000064
            ],
            [
              -85.09919738799994,
              38.03671264600007
            ],
            [
              -85.23259735099998,
              38.08951187100007
            ],
            [
              -85.42379760699998,
              38.14731216400003
            ],
            [
              -85.40569305399998,
              38.262912750000055
            ],
            [
              -85.46499633799993,
              38.284812927000075
            ],
            [
              -85.46099853499999,
              38.286510468000074
            ],
            [
              -85.46229553199998,
              38.29161071800007
            ],
            [
              -85.45559692399996,
              38.291412354000045
            ],
            [
              -85.45299529999994,
              38.30061340300006
            ],
            [
              -85.44849395799997,
              38.303211212000065
            ],
            [
              -85.45050048799999,
              38.29731369000007
            ],
            [
              -85.44469451899994,
              38.299312592000035
            ],
            [
              -85.43789672899999,
              38.297813416000054
            ],
            [
              -85.42879486099997,
              38.29281234700005
            ],
            [
              -85.42589569199998,
              38.294410706000065
            ],
            [
              -85.42739868199999,
              38.303211212000065
            ],
            [
              -85.41729736299999,
              38.302612305000025
            ],
            [
              -85.412994385,
              38.29491043100006
            ],
            [
              -85.40899658199999,
              38.294410706000065
            ],
            [
              -85.40950012299999,
              38.30251312300004
            ],
            [
              -85.40699768199994,
              38.30431366000005
            ],
            [
              -85.39550018299997,
              38.30541229200003
            ],
            [
              -85.39309692499995,
              38.30741119400005
            ],
            [
              -85.38699340799997,
              38.30791091900005
            ],
            [
              -85.35189819299995,
              38.30311203000008
            ],
            [
              -85.32479858399995,
              38.31001281700003
            ],
            [
              -85.28299713099995,
              38.35801315300006
            ]
          ]
        ]
      }
    },
    {
      "type": "Feature",
      "properties": {
        "STATE": "KY",
        "ZONE": "072",
        "CWA": "LMK",
        "NAME": "Simpson",
        "STATE_ZONE": "KY072",
        "TIME_ZONE": "C"
      },
      "geometry": {
        "type": "Polygon",
        "coordinates": [
          [
            [
              -86.40089416499995,
              36.80591201800007
            ],
            [
              -86.40999603299997,
              36.74681091300005
            ],
            [
              -86.40919494599996,
              36.74021148700007
            ],
            [
              -86.41389465299994,
              36.73821258500004
            ],
            [
              -86.41129303099996,
              36.73431396500007
            ],
            [
              -86.41309356699998,
              36.730411530000026
            ],
            [
              -86.40939331099997,
              36.72711181600005
            ],
            [
              -86.41369628899997,
              36.72241210900006
            ],
            [
              -86.40909576399997,
              36.72061157200005
            ],
            [
              -86.41019439699994,
              36.71731185900006
            ],
            [
              -86.41379547099996,
              36.71441268900003
            ],
            [
              -86.40939331099997,
              36.70941162100007
            ],
            [
              -86.41429901099997,
              36.700412750000055
            ],
            [
              -86.41239929199998,
              36.69651031500007
            ],
            [
              -86.41539764399994,
              36.68961334200003
            ],
            [
              -86.41589355499997,
              36.68131256100003
            ],
            [
              -86.41899871799995,
              36.67831039400005
            ],
            [
              -86.41879272499995,
              36.67591095000006
            ],
            [
              -86.41249847399996,
              36.67181396500007
            ],
            [
              -86.41579437299998,
              36.66571044900007
            ],
            [
              -86.41309356699998,
              36.66271209700005
            ],
            [
              -86.41179656999998,
              36.65161132800006
            ],
            [
              -86.50749969499998,
              36.65241241500007
            ],
            [
              -86.54379272499995,
              36.64051055900006
            ],
            [
              -86.54459381099997,
              36.64411163300008
            ],
            [
              -86.55009460399998,
              36.64481353800005
            ],
            [
              -86.55130004899996,
              36.63801193200004
            ],
            [
              -86.56340026999999,
              36.633613586000024
            ],
            [
              -86.58989715599995,
              36.65251159700006
            ],
            [
              -86.76329803499993,
              36.64891052200005
            ],
            [
              -86.75129699699994,
              36.72701263400006
            ],
            [
              -86.74060058599997,
              36.75461196900005
            ],
            [
              -86.71619415299995,
              36.79521179200003
            ],
            [
              -86.70469665499996,
              36.809112549000076
            ],
            [
              -86.69059753399995,
              36.84411239600007
            ],
            [
              -86.67509460399998,
              36.855113983000024
            ],
            [
              -86.65649414099994,
              36.875812531000065
            ],
            [
              -86.65299987799995,
              36.87711334200003
            ],
            [
              -86.63289642299998,
              36.88281250000006
            ],
            [
              -86.61190032999997,
              36.88311386100003
            ],
            [
              -86.58239746099997,
              36.83021163900003
            ],
            [
              -86.40390014599996,
              36.80761337300004
            ],
            [
              -86.40089416499995,
              36.80591201800007
            ]
          ]
        ]
      }
    },
    {
      "type": "Feature",
      "properties": {
        "STATE": "KY",
        "ZONE": "038",
        "CWA": "LMK",
        "NAME": "Spencer",
        "STATE_ZONE": "KY038",
        "TIME_ZONE": "E"
      },
      "geometry": {
        "type": "Polygon",
        "coordinates": [
          [
            [
              -85.10189819299995,
              38.03671264600007
            ],
            [
              -85.11139678999996,
              38.02641296400003
            ],
            [
              -85.12049865699998,
              38.02531051600005
            ],
            [
              -85.11959838899998,
              38.02211380000006
            ],
            [
              -85.12559509299996,
              38.02061080900006
            ],
            [
              -85.123596191,
              38.01101303100006
            ],
            [
              -85.13079833999996,
              37.996212006000064
            ],
            [
              -85.13710021999998,
              37.99741363500004
            ],
            [
              -85.14019775499997,
              37.999912262000066
            ],
            [
              -85.14239501999998,
              37.997310638000044
            ],
            [
              -85.15079498299997,
              37.99911117600004
            ],
            [
              -85.14859771699997,
              37.99631118800005
            ],
            [
              -85.15069580199997,
              37.99421310400004
            ],
            [
              -85.15199279799998,
              37.98891067500006
            ],
            [
              -85.15639495799996,
              37.99281311000004
            ],
            [
              -85.16289520299995,
              37.991611481000064
            ],
            [
              -85.16349792499994,
              37.99801254300007
            ],
            [
              -85.16149902299998,
              38.000610352000024
            ],
            [
              -85.16469573999996,
              38.001010895000036
            ],
            [
              -85.16759490999993,
              37.99911117600004
            ],
            [
              -85.16969299299996,
              37.99521255500008
            ],
            [
              -85.16649627699996,
              37.98671340900006
            ],
            [
              -85.16880035399998,
              37.98091125500008
            ],
            [
              -85.16779327399996,
              37.97161102300004
            ],
            [
              -85.31149292099997,
              37.95201110800008
            ],
            [
              -85.38339996299999,
              37.93981170700005
            ],
            [
              -85.39999389599996,
              37.94001388500004
            ],
            [
              -85.42630004899996,
              37.95961380000006
            ],
            [
              -85.46399688699995,
              37.97181320200008
            ],
            [
              -85.51159667999997,
              38.007411957000045
            ],
            [
              -85.513694763,
              38.01031112700008
            ],
            [
              -85.47059631299999,
              38.09461212200006
            ],
            [
              -85.46909332299998,
              38.096210480000025
            ],
            [
              -85.46360015999994,
              38.09591293300008
            ],
            [
              -85.45139312699996,
              38.102413177000074
            ],
            [
              -85.440696716,
              38.101913452000076
            ],
            [
              -85.43079376199995,
              38.10671234100005
            ],
            [
              -85.42379760699998,
              38.14731216400003
            ],
            [
              -85.23259735099998,
              38.08951187100007
            ],
            [
              -85.10189819299995,
              38.03671264600007
            ]
          ]
        ]
      }
    },
    {
      "type": "Feature",
      "properties": {
        "STATE": "KY",
        "ZONE": "065",
        "CWA": "LMK",
        "NAME": "Taylor",
        "STATE_ZONE": "KY065",
        "TIME_ZONE": "E"
      },
      "geometry": {
        "type": "Polygon",
        "coordinates": [
          [
            [
              -85.46629333499999,
              37.466213226000036
            ],
            [
              -85.45879363999995,
              37.468013763000044
            ],
            [
              -85.45699310299995,
              37.47001266500007
            ],
            [
              -85.45099639899996,
              37.46821212800006
            ],
            [
              -85.44829559299995,
              37.47061157200005
            ],
            [
              -85.44379424999994,
              37.471313477000024
            ],
            [
              -85.44299316399997,
              37.47711181600005
            ],
            [
              -85.43599700899995,
              37.47861099200003
            ],
            [
              -85.43000030499996,
              37.47851181000004
            ],
            [
              -85.42630004899996,
              37.474712372000056
            ],
            [
              -85.40179443399995,
              37.47461319000007
            ],
            [
              -85.39799499499998,
              37.46901321400003
            ],
            [
              -85.38319396999998,
              37.465911865000066
            ],
            [
              -85.37439727799995,
              37.46861267100007
            ],
            [
              -85.37099456799996,
              37.46651077300004
            ],
            [
              -85.36389923099995,
              37.46821212800006
            ],
            [
              -85.36219787699997,
              37.467010498000036
            ],
            [
              -85.35379791299994,
              37.47091293300008
            ],
            [
              -85.35179901099997,
              37.46991348300003
            ],
            [
              -85.34949493399995,
              37.471313477000024
            ],
            [
              -85.34079742399996,
              37.46861267100007
            ],
            [
              -85.33719634999994,
              37.46241378800005
            ],
            [
              -85.33300018299997,
              37.46191406200006
            ],
            [
              -85.32059478799994,
              37.451511383000025
            ],
            [
              -85.3125,
              37.45071029700006
            ],
            [
              -85.30379486099997,
              37.444713593000074
            ],
            [
              -85.30099487399997,
              37.444713593000074
            ],
            [
              -85.29239654499997,
              37.43961334200003
            ],
            [
              -85.29010009799998,
              37.440311432000044
            ],
            [
              -85.28699493399995,
              37.436412811000025
            ],
            [
              -85.27790069599996,
              37.43361282300003
            ],
            [
              -85.27869415299995,
              37.42831039400005
            ],
            [
              -85.27229309099994,
              37.41991043100006
            ],
            [
              -85.27209472699997,
              37.41741180400004
            ],
            [
              -85.26619720499997,
              37.416412354000045
            ],
            [
              -85.24669647199994,
              37.42051315300006
            ],
            [
              -85.24239349399994,
              37.42611312900004
            ],
            [
              -85.23769378699996,
              37.42781066900005
            ],
            [
              -85.23479461799997,
              37.43491363500004
            ],
            [
              -85.23139953699996,
              37.43501281700003
            ],
            [
              -85.22869872999996,
              37.44041061400003
            ],
            [
              -85.22519683799999,
              37.442913055000076
            ],
            [
              -85.21629333499999,
              37.44571304300007
            ],
            [
              -85.20589446999998,
              37.44321060200008
            ],
            [
              -85.20169830299994,
              37.447910309000065
            ],
            [
              -85.19680023199999,
              37.44741058300008
            ],
            [
              -85.19359588599997,
              37.454311371000074
            ],
            [
              -85.18919372599998,
              37.453411102000075
            ],
            [
              -85.186096191,
              37.45071029700006
            ],
            [
              -85.17519378699996,
              37.45661163300008
            ],
            [
              -85.17350006099997,
              37.46181106600005
            ],
            [
              -85.17149352999996,
              37.46411132800006
            ],
            [
              -85.16899871799995,
              37.46401214600007
            ],
            [
              -85.16079711899994,
              37.46151351900005
            ],
            [
              -85.15789794899996,
              37.45561218300003
            ],
            [
              -85.15149688699995,
              37.451511383000025
            ],
            [
              -85.14640045199997,
              37.45181274400005
            ],
            [
              -85.14309692399996,
              37.44771194500004
            ],
            [
              -85.13729858399995,
              37.44891357400007
            ],
            [
              -85.13369751099998,
              37.45321273800005
            ],
            [
              -85.129096985,
              37.45291137700008
            ],
            [
              -85.12419891399998,
              37.447113037000065
            ],
            [
              -85.11479950099994,
              37.441913605000025
            ],
            [
              -85.11359405499996,
              37.438312531000065
            ],
            [
              -85.10799407999997,
              37.43671035800003
            ],
            [
              -85.09839630099998,
              37.43091201800007
            ],
            [
              -85.08849334699994,
              37.41921234100005
            ],
            [
              -85.08099365199996,
              37.417713165000066
            ],
            [
              -85.07319641099997,
              37.41381073000008
            ],
            [
              -85.080795288,
              37.40731048600003
            ],
            [
              -85.08499908399995,
              37.39891052200005
            ],
            [
              -85.08939361599994,
              37.397613525000054
            ],
            [
              -85.10149383499999,
              37.398212433000026
            ],
            [
              -85.10599517799994,
              37.396713257000044
            ],
            [
              -85.11499786399997,
              37.38771057100007
            ],
            [
              -85.11969757099996,
              37.38501358000008
            ],
            [
              -85.12399291999998,
              37.386611938000044
            ],
            [
              -85.12969970699999,
              37.384811401000036
            ],
            [
              -85.13269805899995,
              37.379413605000025
            ],
            [
              -85.13139343299997,
              37.36451339700005
            ],
            [
              -85.13279724099993,
              37.35971069300007
            ],
            [
              -85.13599395799997,
              37.35491180400004
            ],
            [
              -85.14059448199998,
              37.35211181600005
            ],
            [
              -85.14329528899998,
              37.34261322000003
            ],
            [
              -85.15219879199998,
              37.332111359000066
            ],
            [
              -85.15859985399999,
              37.31631088300003
            ],
            [
              -85.16510009799998,
              37.31051254300007
            ],
            [
              -85.17579650899995,
              37.31211090100004
            ],
            [
              -85.18370056199996,
              37.30931091300005
            ],
            [
              -85.18829345699999,
              37.30581283600003
            ],
            [
              -85.18429565399998,
              37.29591369600007
            ],
            [
              -85.19199371299999,
              37.282012939000026
            ],
            [
              -85.19099426299994,
              37.276210785000046
            ],
            [
              -85.19239807099996,
              37.272613525000054
            ],
            [
              -85.20649719199997,
              37.26551055900006
            ],
            [
              -85.21109771699997,
              37.26771163900003
            ],
            [
              -85.21909332299998,
              37.26541137700008
            ],
            [
              -85.22359466599994,
              37.26241302500006
            ],
            [
              -85.24759674099994,
              37.26431274400005
            ],
            [
              -85.25309753399995,
              37.26011276200006
            ],
            [
              -85.25849914599996,
              37.25951385500008
            ],
            [
              -85.26139831599994,
              37.26181030300006
            ],
            [
              -85.27059936499995,
              37.26181030300006
            ],
            [
              -85.29479980499997,
              37.245613098000035
            ],
            [
              -85.29759979199997,
              37.24641418500005
            ],
            [
              -85.30619811999998,
              37.242313385000045
            ],
            [
              -85.31129455599995,
              37.246612549000076
            ],
            [
              -85.31469726599994,
              37.24061203000008
            ],
            [
              -85.30949401899994,
              37.233112335000044
            ],
            [
              -85.30869293199999,
              37.22681045500008
            ],
            [
              -85.316596985,
              37.22421264600007
            ],
            [
              -85.35249328599997,
              37.192913055000076
            ],
            [
              -85.37169647199994,
              37.221210480000025
            ],
            [
              -85.38509368999996,
              37.22361373900003
            ],
            [
              -85.40499877899998,
              37.22221374500003
            ],
            [
              -85.41069793699995,
              37.22481155400004
            ],
            [
              -85.41049957299998,
              37.22851181000004
            ],
            [
              -85.40709686299994,
              37.234413147000055
            ],
            [
              -85.40239715699994,
              37.23701095600006
            ],
            [
              -85.39219665599995,
              37.23791122400007
            ],
            [
              -85.38949584999995,
              37.240112305000025
            ],
            [
              -85.39009857199994,
              37.24571228000008
            ],
            [
              -85.43019866899994,
              37.30331039400005
            ],
            [
              -85.43239593599998,
              37.30491256700003
            ],
            [
              -85.43659973099994,
              37.30431366000005
            ],
            [
              -85.44049835199996,
              37.315711975000056
            ],
            [
              -85.47879791299994,
              37.36361312900004
            ],
            [
              -85.58239746099997,
              37.430610657000045
            ],
            [
              -85.58509826799997,
              37.43331146200006
            ],
            [
              -85.58659362799995,
              37.43801116900005
            ],
            [
              -85.58669281099998,
              37.44201278700007
            ],
            [
              -85.58259582499994,
              37.448810577000074
            ],
            [
              -85.58209991499996,
              37.45291137700008
            ],
            [
              -85.58509826799997,
              37.45691299400005
            ],
            [
              -85.58389282299999,
              37.47001266500007
            ],
            [
              -85.57979583699995,
              37.46531295800003
            ],
            [
              -85.56949615499997,
              37.46411132800006
            ],
            [
              -85.56599426299994,
              37.46031189000007
            ],
            [
              -85.56269836399997,
              37.45931243900003
            ],
            [
              -85.55639648499994,
              37.45861053500005
            ],
            [
              -85.551498413,
              37.460010529000044
            ],
            [
              -85.54439544699994,
              37.457611084000064
            ],
            [
              -85.54179382299998,
              37.455013275000056
            ],
            [
              -85.53839874299996,
              37.45631408700007
            ],
            [
              -85.52819824199997,
              37.454612732000044
            ],
            [
              -85.52610015899995,
              37.461612701000035
            ],
            [
              -85.51589965799997,
              37.468013763000044
            ],
            [
              -85.51559448199998,
              37.472511292000036
            ],
            [
              -85.50639343299997,
              37.47701263400006
            ],
            [
              -85.50259399499998,
              37.482013702000074
            ],
            [
              -85.49929809599996,
              37.483112335000044
            ],
            [
              -85.49279785199997,
              37.47811126700003
            ],
            [
              -85.49109649699994,
              37.469512939000026
            ],
            [
              -85.48889923099995,
              37.46741104100005
            ],
            [
              -85.48059845099993,
              37.46571350100004
            ],
            [
              -85.46629333499999,
              37.466213226000036
            ]
          ]
        ]
      }
    },
    {
      "type": "Feature",
      "properties": {
        "STATE": "KY",
        "ZONE": "032",
        "CWA": "LMK",
        "NAME": "Trimble",
        "STATE_ZONE": "KY032",
        "TIME_ZONE": "E"
      },
      "geometry": {
        "type": "Polygon",
        "coordinates": [
          [
            [
              -85.33349609399994,
              38.73621368400006
            ],
            [
              -85.32989501999998,
              38.72681045500008
            ],
            [
              -85.22949981699998,
              38.62711334200003
            ],
            [
              -85.23089599599996,
              38.62051391600005
            ],
            [
              -85.22969818099995,
              38.61791229200003
            ],
            [
              -85.22249603299997,
              38.613311768000074
            ],
            [
              -85.21889495799996,
              38.60711288500005
            ],
            [
              -85.21459960899995,
              38.603912354000045
            ],
            [
              -85.21419525099998,
              38.60131073000008
            ],
            [
              -85.21829986599994,
              38.59631347700008
            ],
            [
              -85.21699523899997,
              38.58901214600007
            ],
            [
              -85.21159362799995,
              38.58061218300003
            ],
            [
              -85.17099761999998,
              38.585010529000044
            ],
            [
              -85.17259979199997,
              38.58191299400005
            ],
            [
              -85.25,
              38.52391052200005
            ],
            [
              -85.27939605699999,
              38.496410370000035
            ],
            [
              -85.28919982899998,
              38.49791336100003
            ],
            [
              -85.30579376199995,
              38.49751281700003
            ],
            [
              -85.30819702099996,
              38.49911117600004
            ],
            [
              -85.31179809699995,
              38.49721145600006
            ],
            [
              -85.31349945099998,
              38.49341201800007
            ],
            [
              -85.32189941399997,
              38.49961090100004
            ],
            [
              -85.33889770499997,
              38.50271225000006
            ],
            [
              -85.350494385,
              38.508712769000056
            ],
            [
              -85.35729980499997,
              38.50941085800008
            ],
            [
              -85.36539459199997,
              38.50761032100007
            ],
            [
              -85.37149810799997,
              38.51121139500003
            ],
            [
              -85.37349700899995,
              38.51481246900005
            ],
            [
              -85.37869262699996,
              38.51851272600004
            ],
            [
              -85.38969421399997,
              38.51581192000003
            ],
            [
              -85.40229797399996,
              38.51851272600004
            ],
            [
              -85.41249847399996,
              38.518013
            ],
            [
              -85.42209625199996,
              38.520412445000034
            ],
            [
              -85.42719268799993,
              38.519611359000066
            ],
            [
              -85.43339538599997,
              38.52371215800008
            ],
            [
              -85.42579650899995,
              38.528713226000036
            ],
            [
              -85.41769409199998,
              38.54001236000005
            ],
            [
              -85.41569519099994,
              38.54591369600007
            ],
            [
              -85.41549682999994,
              38.56131362900004
            ],
            [
              -85.41989898699995,
              38.57351303100006
            ],
            [
              -85.43629455599995,
              38.59881210300006
            ],
            [
              -85.43859863299997,
              38.605411530000026
            ],
            [
              -85.43859863299997,
              38.65881347700008
            ],
            [
              -85.44479370099998,
              38.67011261000005
            ],
            [
              -85.45549774199998,
              38.68211364700005
            ],
            [
              -85.45649719299996,
              38.685112
            ],
            [
              -85.45659637499995,
              38.692913055000076
            ],
            [
              -85.45199584999995,
              38.70951080300006
            ],
            [
              -85.43459320099998,
              38.72911071800007
            ],
            [
              -85.41569519099994,
              38.736511230000076
            ],
            [
              -85.40049743699996,
              38.73601150500008
            ],
            [
              -85.37009429899996,
              38.73051071200007
            ],
            [
              -85.35369872999996,
              38.73141098000008
            ],
            [
              -85.33349609399994,
              38.73621368400006
            ]
          ]
        ]
      }
    },
    {
      "type": "Feature",
      "properties": {
        "STATE": "KY",
        "ZONE": "071",
        "CWA": "LMK",
        "NAME": "Warren",
        "STATE_ZONE": "KY071",
        "TIME_ZONE": "C"
      },
      "geometry": {
        "type": "Polygon",
        "coordinates": [
          [
            [
              -86.39920043899997,
              37.16981124900008
            ],
            [
              -86.28089904799998,
              37.080810547000056
            ],
            [
              -86.26770019499997,
              37.08231353800005
            ],
            [
              -86.25639343399996,
              37.08561325100004
            ],
            [
              -86.24479675299995,
              37.092712402000075
            ],
            [
              -86.24229431199996,
              37.09651184100005
            ],
            [
              -86.21849822999997,
              37.103912354000045
            ],
            [
              -86.19229888899997,
              37.076313019000054
            ],
            [
              -86.12289428699995,
              37.062911987000064
            ],
            [
              -86.11409759499998,
              37.059810638000044
            ],
            [
              -86.166900635,
              36.934013367000034
            ],
            [
              -86.17019653299997,
              36.934810638000044
            ],
            [
              -86.17329406699997,
              36.933113098000035
            ],
            [
              -86.18009948699995,
              36.92511367800006
            ],
            [
              -86.18889617899998,
              36.92181396500007
            ],
            [
              -86.19779968299997,
              36.93041229200003
            ],
            [
              -86.19989776599994,
              36.935211182000046
            ],
            [
              -86.20369720499997,
              36.93381118800005
            ],
            [
              -86.20879364099994,
              36.92881393400006
            ],
            [
              -86.21009826699998,
              36.925212860000045
            ],
            [
              -86.20759582499994,
              36.91841125500008
            ],
            [
              -86.20439910899995,
              36.91691207900004
            ],
            [
              -86.20330047599998,
              36.91451263400006
            ],
            [
              -86.206298829,
              36.90861129800004
            ],
            [
              -86.21269988999995,
              36.90351104700005
            ],
            [
              -86.215896607,
              36.90491104100005
            ],
            [
              -86.22009277299998,
              36.91141128500004
            ],
            [
              -86.22480011,
              36.91201400800003
            ],
            [
              -86.22899627699996,
              36.90731048600003
            ],
            [
              -86.23479461699998,
              36.906711578000056
            ],
            [
              -86.23489379899996,
              36.897911072000056
            ],
            [
              -86.23949432399996,
              36.898811340000066
            ],
            [
              -86.24049377399996,
              36.894512177000024
            ],
            [
              -86.24739837599998,
              36.89661407500006
            ],
            [
              -86.25029754599996,
              36.895511627000076
            ],
            [
              -86.25189971899994,
              36.891613007000046
            ],
            [
              -86.25740051299994,
              36.891613007000046
            ],
            [
              -86.26009368999996,
              36.893310547000056
            ],
            [
              -86.26179504399994,
              36.89191055300006
            ],
            [
              -86.26459503199999,
              36.893310547000056
            ],
            [
              -86.26809692399996,
              36.89221191400003
            ],
            [
              -86.26799774199998,
              36.886611938000044
            ],
            [
              -86.26469421399997,
              36.88601303100006
            ],
            [
              -86.26309966999997,
              36.883911133000026
            ],
            [
              -86.26449584999995,
              36.87621307400008
            ],
            [
              -86.26349639999995,
              36.87311172500006
            ],
            [
              -86.40579986599994,
              36.77571106000005
            ],
            [
              -86.40089416499995,
              36.80591201800007
            ],
            [
              -86.40390014599996,
              36.80761337300004
            ],
            [
              -86.58239746099997,
              36.83021163900003
            ],
            [
              -86.67459869399994,
              37.00001144400005
            ],
            [
              -86.62379455599995,
              37.12951278700007
            ],
            [
              -86.61829376199995,
              37.147613525000054
            ],
            [
              -86.61329650899995,
              37.15471267700008
            ],
            [
              -86.61369323699995,
              37.16581344600007
            ],
            [
              -86.62339782799995,
              37.17481231700003
            ],
            [
              -86.62329864499998,
              37.18081283600003
            ],
            [
              -86.61729431199996,
              37.18381118800005
            ],
            [
              -86.61279296899994,
              37.180713654000044
            ],
            [
              -86.60789489699994,
              37.18451309200003
            ],
            [
              -86.59529876699997,
              37.185112
            ],
            [
              -86.58929443399995,
              37.17921066300005
            ],
            [
              -86.58199310299995,
              37.18091201800007
            ],
            [
              -86.58039856099998,
              37.185211182000046
            ],
            [
              -86.57429504399994,
              37.184013367000034
            ],
            [
              -86.56239318799999,
              37.18671035800003
            ],
            [
              -86.56419372599998,
              37.183113098000035
            ],
            [
              -86.56369781599994,
              37.180713654000044
            ],
            [
              -86.561096191,
              37.17901229900008
            ],
            [
              -86.55229949999995,
              37.17641067500006
            ],
            [
              -86.54109954799998,
              37.17621231100003
            ],
            [
              -86.53859710699999,
              37.179710388000046
            ],
            [
              -86.53379821799996,
              37.181911469000056
            ],
            [
              -86.52989959699994,
              37.177413940000065
            ],
            [
              -86.52649688699995,
              37.17751312300004
            ],
            [
              -86.52219390899995,
              37.184112549000076
            ],
            [
              -86.51799774199998,
              37.18621063200004
            ],
            [
              -86.50669860799997,
              37.18601226800007
            ],
            [
              -86.49609374999994,
              37.190311432000044
            ],
            [
              -86.49250030499996,
              37.18561172500006
            ],
            [
              -86.48479461699998,
              37.18201065100004
            ],
            [
              -86.48379516499995,
              37.17781067000004
            ],
            [
              -86.46979522699996,
              37.16351318400007
            ],
            [
              -86.46589660599994,
              37.15261077900004
            ],
            [
              -86.45479583699995,
              37.150413513000046
            ],
            [
              -86.44599914599996,
              37.15281295800003
            ],
            [
              -86.44329833999996,
              37.15581131000005
            ],
            [
              -86.44429779099994,
              37.16031265300006
            ],
            [
              -86.44299316399997,
              37.164913177000074
            ],
            [
              -86.43919372599998,
              37.16661071800007
            ],
            [
              -86.43219757099996,
              37.16121292100007
            ],
            [
              -86.41199493399995,
              37.152111053000056
            ],
            [
              -86.40919494599996,
              37.15351104700005
            ],
            [
              -86.411399841,
              37.16391372700008
            ],
            [
              -86.40809631299999,
              37.167613983000024
            ],
            [
              -86.39920043899997,
              37.16981124900008
            ]
          ]
        ]
      }
    },
    {
      "type": "Feature",
      "properties": {
        "STATE": "KY",
        "ZONE": "046",
        "CWA": "LMK",
        "NAME": "Washington",
        "STATE_ZONE": "KY046",
        "TIME_ZONE": "E"
      },
      "geometry": {
        "type": "Polygon",
        "coordinates": [
          [
            [
              -85.02909851099997,
              37.89171218900003
            ],
            [
              -85.03069305399998,
              37.881511688000046
            ],
            [
              -85.02429962199994,
              37.87831115700004
            ],
            [
              -85.00939941499996,
              37.85891342200006
            ],
            [
              -85.00069427499994,
              37.85461044300007
            ],
            [
              -85.00369262699996,
              37.83531189000007
            ],
            [
              -85.00930023199999,
              37.835411072000056
            ],
            [
              -85.01189422699997,
              37.81721115100004
            ],
            [
              -85.00569915799997,
              37.816612244000055
            ],
            [
              -85.03039550799997,
              37.631111145000034
            ],
            [
              -85.25779724099993,
              37.631210327000076
            ],
            [
              -85.31179809699995,
              37.65111160300006
            ],
            [
              -85.33139800999999,
              37.65241241500007
            ],
            [
              -85.33989715599995,
              37.651210785000046
            ],
            [
              -85.35199737599999,
              37.65771102900004
            ],
            [
              -85.35889434799998,
              37.66721344000007
            ],
            [
              -85.36599731399997,
              37.667713165000066
            ],
            [
              -85.37369537399996,
              37.67421340900006
            ],
            [
              -85.36969757599996,
              37.68811036200003
            ],
            [
              -85.375,
              37.696212769000056
            ],
            [
              -85.37479400599995,
              37.702110291000054
            ],
            [
              -85.37879943799999,
              37.70331192000003
            ],
            [
              -85.38349914699995,
              37.70931243900003
            ],
            [
              -85.39249420299996,
              37.715511322000054
            ],
            [
              -85.39839935299995,
              37.72621154800004
            ],
            [
              -85.39789581299993,
              37.73051071200007
            ],
            [
              -85.39209747299998,
              37.73321151700003
            ],
            [
              -85.39149475099998,
              37.735912323000036
            ],
            [
              -85.38729858399995,
              37.73971176100008
            ],
            [
              -85.37379455599995,
              37.74061203000008
            ],
            [
              -85.37259674099994,
              37.74941253700007
            ],
            [
              -85.37509918199999,
              37.75781250000006
            ],
            [
              -85.37479400599995,
              37.76491165200008
            ],
            [
              -85.36889648399995,
              37.76411056500007
            ],
            [
              -85.35789489799998,
              37.75851059000007
            ],
            [
              -85.35289764399994,
              37.75771331800007
            ],
            [
              -85.34869384799998,
              37.76251220700004
            ],
            [
              -85.34529876699997,
              37.76361084000007
            ],
            [
              -85.34569549599996,
              37.76581192000003
            ],
            [
              -85.35399627699996,
              37.76981353800005
            ],
            [
              -85.35589599599996,
              37.783710480000025
            ],
            [
              -85.34179687599999,
              37.78031158400006
            ],
            [
              -85.33799743699996,
              37.78091049200003
            ],
            [
              -85.33609771699997,
              37.78731155400004
            ],
            [
              -85.33149719199997,
              37.78851318400007
            ],
            [
              -85.32289886599995,
              37.78741073600003
            ],
            [
              -85.30799865699998,
              37.79461288500005
            ],
            [
              -85.30649566699998,
              37.797111511000026
            ],
            [
              -85.306999207,
              37.800212860000045
            ],
            [
              -85.31419372599998,
              37.805713654000044
            ],
            [
              -85.31389617899998,
              37.808910370000035
            ],
            [
              -85.30949401899994,
              37.81221389800004
            ],
            [
              -85.30669403099995,
              37.82021331800007
            ],
            [
              -85.29959869399994,
              37.82221221900005
            ],
            [
              -85.29959869399994,
              37.83041381800007
            ],
            [
              -85.29759979199997,
              37.83251190200008
            ],
            [
              -85.29010009799998,
              37.83151245100004
            ],
            [
              -85.27869415299995,
              37.83701324500004
            ],
            [
              -85.27759551999998,
              37.83901214600007
            ],
            [
              -85.28019714399994,
              37.851711273000035
            ],
            [
              -85.27739715599995,
              37.85371398900003
            ],
            [
              -85.27429962199994,
              37.84851074200003
            ],
            [
              -85.27069854699994,
              37.84781265300006
            ],
            [
              -85.26819610699994,
              37.84491348300003
            ],
            [
              -85.26309966999997,
              37.84491348300003
            ],
            [
              -85.25859832899994,
              37.84881210300006
            ],
            [
              -85.24440002499995,
              37.84741210900006
            ],
            [
              -85.24389648399995,
              37.85071182300004
            ],
            [
              -85.24599456799996,
              37.85341262800006
            ],
            [
              -85.25599670399998,
              37.85971069300007
            ],
            [
              -85.25549316399997,
              37.86531066900005
            ],
            [
              -85.24949645999999,
              37.867210388000046
            ],
            [
              -85.24169921899994,
              37.86261367800006
            ],
            [
              -85.23869323699995,
              37.86361312900004
            ],
            [
              -85.23849487299998,
              37.869113922000054
            ],
            [
              -85.23019409199998,
              37.86991119400005
            ],
            [
              -85.23339843799994,
              37.86231231700003
            ],
            [
              -85.23149871799995,
              37.85561370800008
            ],
            [
              -85.22760009799998,
              37.855411530000026
            ],
            [
              -85.21739959699994,
              37.871212006000064
            ],
            [
              -85.21399688699995,
              37.85861206100003
            ],
            [
              -85.21819305399998,
              37.85461044300007
            ],
            [
              -85.21619415299995,
              37.852710724000076
            ],
            [
              -85.21129608299998,
              37.85231399500003
            ],
            [
              -85.20520019499997,
              37.84651184100005
            ],
            [
              -85.20109558199994,
              37.85381317100007
            ],
            [
              -85.19689941399997,
              37.855411530000026
            ],
            [
              -85.19789886499996,
              37.85881042500006
            ],
            [
              -85.20529937699996,
              37.86381149300007
            ],
            [
              -85.20089721699998,
              37.86871337900004
            ],
            [
              -85.19809722899998,
              37.868110657000045
            ],
            [
              -85.19719695999999,
              37.864810944000055
            ],
            [
              -85.19479370099998,
              37.863311768000074
            ],
            [
              -85.19389343299997,
              37.86531066900005
            ],
            [
              -85.19829559299995,
              37.87371063200004
            ],
            [
              -85.19629669199998,
              37.87701034500003
            ],
            [
              -85.19649505699994,
              37.88081359900008
            ],
            [
              -85.19960021999998,
              37.88821029700006
            ],
            [
              -85.19999694799998,
              37.900611877000074
            ],
            [
              -85.19799804799999,
              37.90201187100007
            ],
            [
              -85.19120025699993,
              37.89651107800006
            ],
            [
              -85.19029998799994,
              37.89321136500007
            ],
            [
              -85.19400024499998,
              37.88781356800007
            ],
            [
              -85.19019317599998,
              37.88491058300008
            ],
            [
              -85.18639373799994,
              37.884410858000024
            ],
            [
              -85.18599700899995,
              37.89151382400007
            ],
            [
              -85.18370056199996,
              37.892513275000056
            ],
            [
              -85.17519378699996,
              37.89041137700008
            ],
            [
              -85.17009735099998,
              37.88741302500006
            ],
            [
              -85.16529846199995,
              37.89111328100006
            ],
            [
              -85.16189575199996,
              37.89041137700008
            ],
            [
              -85.15719604599997,
              37.88561248800005
            ],
            [
              -85.15409851199996,
              37.885711670000035
            ],
            [
              -85.15209960899995,
              37.887912750000055
            ],
            [
              -85.15129852299998,
              37.892513275000056
            ],
            [
              -85.15390014599996,
              37.89471054100005
            ],
            [
              -85.15289306699998,
              37.89731216400003
            ],
            [
              -85.14909362799995,
              37.89631271400003
            ],
            [
              -85.14769744899996,
              37.89201355000006
            ],
            [
              -85.13859558099995,
              37.891613007000046
            ],
            [
              -85.13749694799998,
              37.893413544000055
            ],
            [
              -85.13879394499997,
              37.89661407500006
            ],
            [
              -85.14589691199996,
              37.900611877000074
            ],
            [
              -85.14329528899998,
              37.90191268900003
            ],
            [
              -85.13379669199998,
              37.89891052200005
            ],
            [
              -85.13129424999994,
              37.90051269500003
            ],
            [
              -85.13179779099994,
              37.90321350100004
            ],
            [
              -85.12769317599998,
              37.908512115000065
            ],
            [
              -85.12719726699999,
              37.91471099900008
            ],
            [
              -85.12549591099997,
              37.91631317100007
            ],
            [
              -85.10779571499995,
              37.91051101700003
            ],
            [
              -85.10619354299996,
              37.908710480000025
            ],
            [
              -85.10729980499997,
              37.89381027200005
            ],
            [
              -85.09459686299994,
              37.88841247600004
            ],
            [
              -85.08829498299997,
              37.887912750000055
            ],
            [
              -85.08129882799994,
              37.89381027200005
            ],
            [
              -85.07839965799997,
              37.88731384300007
            ],
            [
              -85.07159423799999,
              37.88841247600004
            ],
            [
              -85.06849670399998,
              37.885913849000076
            ],
            [
              -85.06620025599995,
              37.88851165800003
            ],
            [
              -85.06779479999994,
              37.895412445000034
            ],
            [
              -85.06489562999997,
              37.89521408100006
            ],
            [
              -85.05889892599998,
              37.89131164600008
            ],
            [
              -85.05839538599997,
              37.89481353800005
            ],
            [
              -85.05209350699994,
              37.894313812000064
            ],
            [
              -85.05029296899994,
              37.895412445000034
            ],
            [
              -85.05019378699996,
              37.89811325100004
            ],
            [
              -85.04069518999995,
              37.889011383000025
            ],
            [
              -85.03439331099997,
              37.889011383000025
            ],
            [
              -85.03419494599996,
              37.89201355000006
            ],
            [
              -85.02909851099997,
              37.89171218900003
            ]
          ]
        ]
      }
    },
    {
      "type": "Feature",
      "properties": {
        "STATE": "KY",
        "ZONE": "040",
        "CWA": "LMK",
        "NAME": "Woodford",
        "STATE_ZONE": "KY040",
        "TIME_ZONE": "E"
      },
      "geometry": {
        "type": "Polygon",
        "coordinates": [
          [
            [
              -84.62609863299997,
              38.11531066900005
            ],
            [
              -84.65599823099996,
              38.02271270800003
            ],
            [
              -84.66129302999997,
              38.00011062600004
            ],
            [
              -84.70999908399995,
              37.86221313500005
            ],
            [
              -84.72010040299995,
              37.86221313500005
            ],
            [
              -84.72570037799994,
              37.860511780000024
            ],
            [
              -84.74729919399994,
              37.85011291500007
            ],
            [
              -84.75889587399996,
              37.847511292000036
            ],
            [
              -84.76580047599998,
              37.848411560000045
            ],
            [
              -84.77379608299998,
              37.85681152300003
            ],
            [
              -84.77339935299995,
              37.861812592000035
            ],
            [
              -84.77129363999995,
              37.865711212000065
            ],
            [
              -84.76139831499995,
              37.86841201800007
            ],
            [
              -84.75869751,
              37.87111282300003
            ],
            [
              -84.75959777899999,
              37.87471389800004
            ],
            [
              -84.76559448199998,
              37.881111145000034
            ],
            [
              -84.76709747299998,
              37.890113831000065
            ],
            [
              -84.77959442099996,
              37.89061355600006
            ],
            [
              -84.78199768099995,
              37.89201355000006
            ],
            [
              -84.78239440899995,
              37.89521026600005
            ],
            [
              -84.78069305399998,
              37.89851379400005
            ],
            [
              -84.77409362799995,
              37.90481185900006
            ],
            [
              -84.77539825399998,
              37.90691375700004
            ],
            [
              -84.78139495799996,
              37.907913208000025
            ],
            [
              -84.78419494599996,
              37.90571212800006
            ],
            [
              -84.78989410499997,
              37.89941024800004
            ],
            [
              -84.79429626499996,
              37.887012482000046
            ],
            [
              -84.79750060999999,
              37.88721084600007
            ],
            [
              -84.80009460499997,
              37.88931274400005
            ],
            [
              -84.80189514199998,
              37.89521026600005
            ],
            [
              -84.80139923099995,
              37.89981079100005
            ],
            [
              -84.79529571499995,
              37.90901184100005
            ],
            [
              -84.79549407999997,
              37.91561126700003
            ],
            [
              -84.80189514199998,
              37.91891098000008
            ],
            [
              -84.81649780299995,
              37.91201400800003
            ],
            [
              -84.82019805899995,
              37.91241073600003
            ],
            [
              -84.82659912099996,
              37.917613983000024
            ],
            [
              -84.82559966999997,
              37.92151260400004
            ],
            [
              -84.82029724099993,
              37.92721176100008
            ],
            [
              -84.81199645999999,
              37.93111038200004
            ],
            [
              -84.79879760699998,
              37.93301391600005
            ],
            [
              -84.79679870599995,
              37.93581390400004
            ],
            [
              -84.80579376199995,
              37.94331359900008
            ],
            [
              -84.81629943799999,
              37.94421386700003
            ],
            [
              -84.81979370099998,
              37.949111938000044
            ],
            [
              -84.81679534999995,
              37.95381164600008
            ],
            [
              -84.80780029399995,
              37.956710815000065
            ],
            [
              -84.79559326199995,
              37.96491241500007
            ],
            [
              -84.79469299299996,
              37.96901321400003
            ],
            [
              -84.80249786399997,
              37.97151184100005
            ],
            [
              -84.816596985,
              37.97261047400008
            ],
            [
              -84.82319641099997,
              37.98231124900008
            ],
            [
              -84.82109832899994,
              37.989810944000055
            ],
            [
              -84.81609344499998,
              37.99701309200003
            ],
            [
              -84.81679534999995,
              37.999813080000024
            ],
            [
              -84.83609771699997,
              38.00731277500006
            ],
            [
              -84.83809661999999,
              38.01121139500003
            ],
            [
              -84.82979583799994,
              38.022613525000054
            ],
            [
              -84.83029937699996,
              38.028312683000024
            ],
            [
              -84.83349609399994,
              38.03361129800004
            ],
            [
              -84.84729766799995,
              38.041412354000045
            ],
            [
              -84.84939575199996,
              38.04421234100005
            ],
            [
              -84.84949493199997,
              38.04821395000005
            ],
            [
              -84.84359741199995,
              38.052612305000025
            ],
            [
              -84.82879638699995,
              38.052413940000065
            ],
            [
              -84.826194763,
              38.05461120600006
            ],
            [
              -84.82629394499997,
              38.05921173100006
            ],
            [
              -84.82969665499996,
              38.062313080000024
            ],
            [
              -84.83849334699994,
              38.06521225000006
            ],
            [
              -84.84259796099997,
              38.07031250000006
            ],
            [
              -84.82949829099994,
              38.08041381800007
            ],
            [
              -84.82719421399997,
              38.08471298200004
            ],
            [
              -84.82919311499995,
              38.09151077300004
            ],
            [
              -84.83739471399997,
              38.099712372000056
            ],
            [
              -84.84049987799995,
              38.100410461000024
            ],
            [
              -84.85499572799995,
              38.09061050400004
            ],
            [
              -84.86129760799997,
              38.09101104700005
            ],
            [
              -84.86389923099995,
              38.094512939000026
            ],
            [
              -84.86529540999999,
              38.09851074200003
            ],
            [
              -84.86519622799995,
              38.11651229900008
            ],
            [
              -84.86339569099994,
              38.12021255500008
            ],
            [
              -84.86589813199998,
              38.13251113900003
            ],
            [
              -84.86439514299997,
              38.141212463000045
            ],
            [
              -84.72859954799998,
              38.19421386700003
            ],
            [
              -84.72399902299998,
              38.19421386700003
            ],
            [
              -84.72569274899996,
              38.190711975000056
            ],
            [
              -84.72919464099994,
              38.19081115700004
            ],
            [
              -84.73130035399998,
              38.187911987000064
            ],
            [
              -84.72809600799997,
              38.18561172500006
            ],
            [
              -84.72129821799996,
              38.18531036400003
            ],
            [
              -84.71979522699996,
              38.18081283600003
            ],
            [
              -84.71449279799998,
              38.18251037600004
            ],
            [
              -84.71519470199996,
              38.17781066900005
            ],
            [
              -84.71339416499995,
              38.17531204200003
            ],
            [
              -84.70809936499995,
              38.17371368400006
            ],
            [
              -84.70589446999998,
              38.17411041300005
            ],
            [
              -84.70389556899994,
              38.178512573000035
            ],
            [
              -84.69899749799998,
              38.17771148700007
            ],
            [
              -84.69139862099996,
              38.181510925000055
            ],
            [
              -84.68799591099997,
              38.18041229200003
            ],
            [
              -84.68819427499994,
              38.177310944000055
            ],
            [
              -84.69169616699998,
              38.17681121800007
            ],
            [
              -84.68759918199999,
              38.17311096200007
            ],
            [
              -84.68939971999998,
              38.171012878000056
            ],
            [
              -84.67989349399994,
              38.169410706000065
            ],
            [
              -84.67589569099994,
              38.17161178600003
            ],
            [
              -84.68339538599997,
              38.17541122400007
            ],
            [
              -84.68239593499999,
              38.18111038200004
            ],
            [
              -84.67779540999999,
              38.18501281700003
            ],
            [
              -84.67799377399996,
              38.18041229200003
            ],
            [
              -84.66859435999999,
              38.17641067500006
            ],
            [
              -84.66609954799998,
              38.17611312900004
            ],
            [
              -84.66429901099997,
              38.17791366600005
            ],
            [
              -84.66569518999995,
              38.18121337900004
            ],
            [
              -84.64899444599996,
              38.177612305000025
            ],
            [
              -84.64749908399995,
              38.17591095000006
            ],
            [
              -84.64909362799995,
              38.16991043100006
            ],
            [
              -84.65189361599994,
              38.16871261600005
            ],
            [
              -84.65579986599994,
              38.17041397100007
            ],
            [
              -84.65719604499998,
              38.167510986000025
            ],
            [
              -84.656799316,
              38.16161346400003
            ],
            [
              -84.65239715599995,
              38.160713196000074
            ],
            [
              -84.65079498299997,
              38.162513733000026
            ],
            [
              -84.64589691199996,
              38.16301345800008
            ],
            [
              -84.64199829099994,
              38.15831375100004
            ],
            [
              -84.65149688699995,
              38.15861129800004
            ],
            [
              -84.65049743699996,
              38.14531326300005
            ],
            [
              -84.64619445799997,
              38.14561080900006
            ],
            [
              -84.64169311499995,
              38.14931106600005
            ],
            [
              -84.63949584999995,
              38.14871215800008
            ],
            [
              -84.64359283399995,
              38.14441299400005
            ],
            [
              -84.64799499499998,
              38.135711670000035
            ],
            [
              -84.64139556899994,
              38.13501358000008
            ],
            [
              -84.63379669199998,
              38.123912811000025
            ],
            [
              -84.63439941399997,
              38.121410370000035
            ],
            [
              -84.63659667999997,
              38.12101364100005
            ],
            [
              -84.63959503299998,
              38.12811279300007
            ],
            [
              -84.64459991499996,
              38.12761306800007
            ],
            [
              -84.64029693599997,
              38.12221145600006
            ],
            [
              -84.64289855999994,
              38.11981201200007
            ],
            [
              -84.65149688699995,
              38.12081146200006
            ],
            [
              -84.65339660599994,
              38.11981201200007
            ],
            [
              -84.65269470199996,
              38.11651229900008
            ],
            [
              -84.65039825399998,
              38.11361312900004
            ],
            [
              -84.64419555699999,
              38.11631393400006
            ],
            [
              -84.63309478899998,
              38.111511230000076
            ],
            [
              -84.62609863299997,
              38.11531066900005
            ]
          ]
        ]
      }
    },
    {
      "type": "Feature",
      "properties": {
        "STATE": "KY",
        "ZONE": "077",
        "CWA": "LMK",
        "NAME": "Adair",
        "STATE_ZONE": "KY077",
        "TIME_ZONE": "C"
      },
      "geometry": {
        "type": "Polygon",
        "coordinates": [
          [
            [
              -85.16510009799998,
              37.31051254300007
            ],
            [
              -85.14629363999995,
              37.30371093700006
            ],
            [
              -85.11179351799996,
              37.28181076100003
            ],
            [
              -85.05699920799998,
              37.256313324000075
            ],
            [
              -85.05310058599997,
              37.196411133000026
            ],
            [
              -85.04319763199999,
              37.18601226800007
            ],
            [
              -85.09199523899997,
              37.12221145600006
            ],
            [
              -85.16629791299994,
              37.03331375100004
            ],
            [
              -85.20569610599995,
              36.99671173100006
            ],
            [
              -85.21159362799995,
              36.97711181600005
            ],
            [
              -85.23199462899998,
              36.925212860000045
            ],
            [
              -85.45139312699996,
              36.938110352000024
            ],
            [
              -85.441596985,
              36.954113007000046
            ],
            [
              -85.50289916999998,
              37.00681304900007
            ],
            [
              -85.52259826699998,
              37.066612244000055
            ],
            [
              -85.52599334699994,
              37.109611511000026
            ],
            [
              -85.47999572899994,
              37.12841415400004
            ],
            [
              -85.42499542299998,
              37.148410797000054
            ],
            [
              -85.38009643699996,
              37.16821289100005
            ],
            [
              -85.32069396999998,
              37.22091293300008
            ],
            [
              -85.316596985,
              37.22421264600007
            ],
            [
              -85.30869293199999,
              37.22681045500008
            ],
            [
              -85.30949401899994,
              37.233112335000044
            ],
            [
              -85.31469726599994,
              37.24061203000008
            ],
            [
              -85.31129455599995,
              37.246612549000076
            ],
            [
              -85.30619811999998,
              37.242313385000045
            ],
            [
              -85.29759979199997,
              37.24641418500005
            ],
            [
              -85.29479980499997,
              37.245613098000035
            ],
            [
              -85.27059936499995,
              37.26181030300006
            ],
            [
              -85.26139831599994,
              37.26181030300006
            ],
            [
              -85.25849914599996,
              37.25951385500008
            ],
            [
              -85.25309753399995,
              37.26011276200006
            ],
            [
              -85.24759674099994,
              37.26431274400005
            ],
            [
              -85.22359466599994,
              37.26241302500006
            ],
            [
              -85.21909332299998,
              37.26541137700008
            ],
            [
              -85.21109771699997,
              37.26771163900003
            ],
            [
              -85.20649719199997,
              37.26551055900006
            ],
            [
              -85.19979858399995,
              37.26781082200006
            ],
            [
              -85.19239807099996,
              37.272613525000054
            ],
            [
              -85.19099426299994,
              37.276210785000046
            ],
            [
              -85.19199371299999,
              37.282012939000026
            ],
            [
              -85.18539428699995,
              37.29191207900004
            ],
            [
              -85.18429565399998,
              37.29591369600007
            ],
            [
              -85.18829345699999,
              37.30581283600003
            ],
            [
              -85.18370056199996,
              37.30931091300005
            ],
            [
              -85.17579650899995,
              37.31211090100004
            ],
            [
              -85.16510009799998,
              37.31051254300007
            ]
          ]
        ]
      }
    },
    {
      "type": "Feature",
      "properties": {
        "STATE": "KY",
        "ZONE": "073",
        "CWA": "LMK",
        "NAME": "Allen",
        "STATE_ZONE": "KY073",
        "TIME_ZONE": "C"
      },
      "geometry": {
        "type": "Polygon",
        "coordinates": [
          [
            [
              -86.17019653299997,
              36.934810638000044
            ],
            [
              -86.16119384799998,
              36.93021392800006
            ],
            [
              -86.16049957399997,
              36.92421340900006
            ],
            [
              -86.16519927999997,
              36.920310974000074
            ],
            [
              -86.17179870599995,
              36.91831207300004
            ],
            [
              -86.17609405499996,
              36.914012909000064
            ],
            [
              -86.16889953599997,
              36.90861129800004
            ],
            [
              -86.15869903599997,
              36.90641021700003
            ],
            [
              -86.14999389599996,
              36.91051101700003
            ],
            [
              -86.14929962199994,
              36.91461181600005
            ],
            [
              -86.15149688699995,
              36.91651153600003
            ],
            [
              -86.15219879199998,
              36.92001342800006
            ],
            [
              -86.148796082,
              36.92871093700006
            ],
            [
              -86.13879394499997,
              36.93141174300007
            ],
            [
              -86.13549804699994,
              36.93081283600003
            ],
            [
              -86.14179992699997,
              36.91461181600005
            ],
            [
              -86.13459777799994,
              36.90511322000003
            ],
            [
              -86.13479614299996,
              36.90281295800003
            ],
            [
              -86.14249420199997,
              36.90091323900003
            ],
            [
              -86.14669799799998,
              36.896411896000075
            ],
            [
              -86.14139556899994,
              36.89271163900003
            ],
            [
              -86.12759399399994,
              36.89631271400003
            ],
            [
              -86.12419891399998,
              36.89401245100004
            ],
            [
              -86.11529540999999,
              36.881111145000034
            ],
            [
              -86.11269378699996,
              36.874511719000054
            ],
            [
              -86.109397888,
              36.871410370000035
            ],
            [
              -86.10959625199996,
              36.86831283600003
            ],
            [
              -86.10629272499995,
              36.865112305000025
            ],
            [
              -86.09989929199998,
              36.86461257900004
            ],
            [
              -86.09819793699995,
              36.86711120600006
            ],
            [
              -86.09819793699995,
              36.87001037600004
            ],
            [
              -86.10799407999997,
              36.88091278100006
            ],
            [
              -86.10829925599995,
              36.885711670000035
            ],
            [
              -86.10249328599997,
              36.89571380600006
            ],
            [
              -86.09689331099997,
              36.90071106000005
            ],
            [
              -86.08779907199994,
              36.89981079100005
            ],
            [
              -86.07709503199999,
              36.90261077900004
            ],
            [
              -86.06759643599997,
              36.901012421000075
            ],
            [
              -86.06479644799998,
              36.898410797000054
            ],
            [
              -86.06429290799997,
              36.894912720000036
            ],
            [
              -86.06749725299994,
              36.89111328100006
            ],
            [
              -86.06739807099996,
              36.89401245100004
            ],
            [
              -86.07759857199994,
              36.89241409300007
            ],
            [
              -86.07679748499999,
              36.88291168200004
            ],
            [
              -86.07039642299998,
              36.87801361100003
            ],
            [
              -86.07239532599993,
              36.872112274000074
            ],
            [
              -86.07529449499998,
              36.87331390400004
            ],
            [
              -86.07779693599997,
              36.867210388000046
            ],
            [
              -86.07589721699998,
              36.86231231700003
            ],
            [
              -86.07789611699997,
              36.85651397400005
            ],
            [
              -86.07729339599996,
              36.853012085000046
            ],
            [
              -86.07129669199998,
              36.84351348900003
            ],
            [
              -86.05959320099998,
              36.83581161500007
            ],
            [
              -86.05619811999998,
              36.82951355000006
            ],
            [
              -86.065696716,
              36.82311248800005
            ],
            [
              -86.06889343299997,
              36.812011719000054
            ],
            [
              -86.07099914599996,
              36.81101226800007
            ],
            [
              -86.07169341999997,
              36.80841064500004
            ],
            [
              -86.06979370099998,
              36.80601120000006
            ],
            [
              -86.05519866899994,
              36.809112549000076
            ],
            [
              -86.04709625199996,
              36.807212830000026
            ],
            [
              -86.05220031699997,
              36.79521179200003
            ],
            [
              -86.05049896199995,
              36.79341125500008
            ],
            [
              -86.04739379899996,
              36.79491043100006
            ],
            [
              -86.03949737499994,
              36.790512085000046
            ],
            [
              -86.03999328599997,
              36.78821182300004
            ],
            [
              -86.03539276099997,
              36.78441238400006
            ],
            [
              -86.03479766799995,
              36.78071212800006
            ],
            [
              -86.03869628999996,
              36.77821350100004
            ],
            [
              -86.04940032999997,
              36.77811050400004
            ],
            [
              -86.05189514199998,
              36.77391052200005
            ],
            [
              -86.04069518999995,
              36.76741409300007
            ],
            [
              -86.03769683799999,
              36.76061248800005
            ],
            [
              -86.03419494599996,
              36.760711670000035
            ],
            [
              -86.03089904799998,
              36.76391220100004
            ],
            [
              -86.00669860799997,
              36.76021194500004
            ],
            [
              -86.00090026899994,
              36.75761032100007
            ],
            [
              -85.98269653299997,
              36.74131393400006
            ],
            [
              -85.97669982899998,
              36.72271347000003
            ],
            [
              -85.97739410399998,
              36.715911865000066
            ],
            [
              -85.96399688699995,
              36.69081115700004
            ],
            [
              -85.95599365199996,
              36.67071151700003
            ],
            [
              -85.94939422599998,
              36.660713196000074
            ],
            [
              -85.95089721799997,
              36.651210785000046
            ],
            [
              -85.95909881599994,
              36.64711380000006
            ],
            [
              -85.97139739999994,
              36.63101196300005
            ],
            [
              -85.97629547099996,
              36.62881088300003
            ],
            [
              -86.03289794899996,
              36.630413055000076
            ],
            [
              -86.24379730199996,
              36.642112732000044
            ],
            [
              -86.33199310299995,
              36.64871215800008
            ],
            [
              -86.41179656999998,
              36.65161132800006
            ],
            [
              -86.41309356699998,
              36.66271209700005
            ],
            [
              -86.41579437299998,
              36.66571044900007
            ],
            [
              -86.41249847399996,
              36.67181396500007
            ],
            [
              -86.41879272499995,
              36.67591095000006
            ],
            [
              -86.41899871799995,
              36.67831039400005
            ],
            [
              -86.41589355499997,
              36.68131256100003
            ],
            [
              -86.41539764399994,
              36.68961334200003
            ],
            [
              -86.41239929199998,
              36.69651031500007
            ],
            [
              -86.41429901099997,
              36.700412750000055
            ],
            [
              -86.40939331099997,
              36.70941162100007
            ],
            [
              -86.41379547099996,
              36.71441268900003
            ],
            [
              -86.41019439699994,
              36.71731185900006
            ],
            [
              -86.40909576399997,
              36.72061157200005
            ],
            [
              -86.41369628899997,
              36.72241210900006
            ],
            [
              -86.40939331099997,
              36.72711181600005
            ],
            [
              -86.41309356699998,
              36.730411530000026
            ],
            [
              -86.41129303099996,
              36.73431396500007
            ],
            [
              -86.41389465299994,
              36.73821258500004
            ],
            [
              -86.40919494599996,
              36.74021148700007
            ],
            [
              -86.40999603299997,
              36.74681091300005
            ],
            [
              -86.40579986599994,
              36.77571106000005
            ],
            [
              -86.26349639999995,
              36.87311172500006
            ],
            [
              -86.26449584999995,
              36.87621307400008
            ],
            [
              -86.26309966999997,
              36.883911133000026
            ],
            [
              -86.26469421399997,
              36.88601303100006
            ],
            [
              -86.26799774199998,
              36.886611938000044
            ],
            [
              -86.26809692399996,
              36.89221191400003
            ],
            [
              -86.26459503199999,
              36.893310547000056
            ],
            [
              -86.26179504399994,
              36.89191055300006
            ],
            [
              -86.26009368999996,
              36.893310547000056
            ],
            [
              -86.25740051299994,
              36.891613007000046
            ],
            [
              -86.25189971899994,
              36.891613007000046
            ],
            [
              -86.25029754599996,
              36.895511627000076
            ],
            [
              -86.24739837599998,
              36.89661407500006
            ],
            [
              -86.24049377399996,
              36.894512177000024
            ],
            [
              -86.23949432399996,
              36.898811340000066
            ],
            [
              -86.23489379899996,
              36.897911072000056
            ],
            [
              -86.23479461699998,
              36.906711578000056
            ],
            [
              -86.22899627699996,
              36.90731048600003
            ],
            [
              -86.22480011,
              36.91201400800003
            ],
            [
              -86.22009277299998,
              36.91141128500004
            ],
            [
              -86.215896607,
              36.90491104100005
            ],
            [
              -86.21269988999995,
              36.90351104700005
            ],
            [
              -86.206298829,
              36.90861129800004
            ],
            [
              -86.20330047599998,
              36.91451263400006
            ],
            [
              -86.20439910899995,
              36.91691207900004
            ],
            [
              -86.20759582499994,
              36.91841125500008
            ],
            [
              -86.21009826699998,
              36.925212860000045
            ],
            [
              -86.20879364099994,
              36.92881393400006
            ],
            [
              -86.20369720499997,
              36.93381118800005
            ],
            [
              -86.19989776599994,
              36.935211182000046
            ],
            [
              -86.19779968299997,
              36.93041229200003
            ],
            [
              -86.18889617899998,
              36.92181396500007
            ],
            [
              -86.18009948699995,
              36.92511367800006
            ],
            [
              -86.17329406699997,
              36.933113098000035
            ],
            [
              -86.17019653299997,
              36.934810638000044
            ]
          ]
        ]
      }
    },
    {
      "type": "Feature",
      "properties": {
        "STATE": "KY",
        "ZONE": "039",
        "CWA": "LMK",
        "NAME": "Anderson",
        "STATE_ZONE": "KY039",
        "TIME_ZONE": "E"
      },
      "geometry": {
        "type": "Polygon",
        "coordinates": [
          [
            [
              -84.86519622799995,
              38.11651229900008
            ],
            [
              -84.86529540999999,
              38.09851074200003
            ],
            [
              -84.86129760799997,
              38.09101104700005
            ],
            [
              -84.85499572799995,
              38.09061050400004
            ],
            [
              -84.84049987799995,
              38.100410461000024
            ],
            [
              -84.83479309099994,
              38.09771347000003
            ],
            [
              -84.82919311499995,
              38.09151077300004
            ],
            [
              -84.82759857299999,
              38.082412720000036
            ],
            [
              -84.84259796099997,
              38.07031250000006
            ],
            [
              -84.83849334699994,
              38.06521225000006
            ],
            [
              -84.82969665499996,
              38.062313080000024
            ],
            [
              -84.82629394499997,
              38.05921173100006
            ],
            [
              -84.826194763,
              38.05461120600006
            ],
            [
              -84.82879638699995,
              38.052413940000065
            ],
            [
              -84.84359741199995,
              38.052612305000025
            ],
            [
              -84.84949493199997,
              38.04821395000005
            ],
            [
              -84.84939575199996,
              38.04421234100005
            ],
            [
              -84.84529876699997,
              38.039913177000074
            ],
            [
              -84.83349609399994,
              38.03361129800004
            ],
            [
              -84.83029937699996,
              38.028312683000024
            ],
            [
              -84.82979583799994,
              38.022613525000054
            ],
            [
              -84.83809661999999,
              38.01121139500003
            ],
            [
              -84.83609771699997,
              38.00731277500006
            ],
            [
              -84.81679534999995,
              37.999813080000024
            ],
            [
              -84.81609344499998,
              37.99701309200003
            ],
            [
              -84.82109832899994,
              37.989810944000055
            ],
            [
              -84.82319641099997,
              37.98231124900008
            ],
            [
              -84.81919860799997,
              37.97571182300004
            ],
            [
              -84.816596985,
              37.97261047400008
            ],
            [
              -84.81209564199997,
              37.971313477000024
            ],
            [
              -84.79909515399999,
              37.97071075400004
            ],
            [
              -84.80399322499994,
              37.967712402000075
            ],
            [
              -84.88349914599996,
              37.94021225000006
            ],
            [
              -84.89179992699997,
              37.94341278100006
            ],
            [
              -84.89029693599997,
              37.946910858000024
            ],
            [
              -84.89429473899997,
              37.94751358000008
            ],
            [
              -84.89709472699997,
              37.94651031500007
            ],
            [
              -84.90239715599995,
              37.938613892000035
            ],
            [
              -84.90439605699999,
              37.94061279300007
            ],
            [
              -84.91019439699994,
              37.941612244000055
            ],
            [
              -84.90969848599997,
              37.95001220700004
            ],
            [
              -84.91779327399996,
              37.94781112700008
            ],
            [
              -84.92199706999997,
              37.948810577000074
            ],
            [
              -84.92149352999996,
              37.95291137700008
            ],
            [
              -84.92979431199996,
              37.95381164600008
            ],
            [
              -84.93299865699998,
              37.95401382400007
            ],
            [
              -84.93349456799996,
              37.949512482000046
            ],
            [
              -84.93769836399997,
              37.95271301300005
            ],
            [
              -84.94779968299997,
              37.94901275600006
            ],
            [
              -84.94849395899996,
              37.944713593000074
            ],
            [
              -84.95639800999999,
              37.94601059000007
            ],
            [
              -84.95829772899998,
              37.93671035800003
            ],
            [
              -84.97419738799994,
              37.93431091300005
            ],
            [
              -84.97949981699998,
              37.91571044900007
            ],
            [
              -84.98619842499994,
              37.91111373900003
            ],
            [
              -84.98799896199995,
              37.90581131000005
            ],
            [
              -84.99319457999997,
              37.90771102900004
            ],
            [
              -84.99530029299996,
              37.90421295200008
            ],
            [
              -85.00029754599996,
              37.90651321400003
            ],
            [
              -85.00099945099998,
              37.90171051000004
            ],
            [
              -85.00699615499997,
              37.89781189000007
            ],
            [
              -85.00619506799995,
              37.893310547000056
            ],
            [
              -85.00789642299998,
              37.891212463000045
            ],
            [
              -85.01359558099995,
              37.89261245700004
            ],
            [
              -85.01449584999995,
              37.89501190200008
            ],
            [
              -85.01789855999994,
              37.894912720000036
            ],
            [
              -85.02059936499995,
              37.892513275000056
            ],
            [
              -85.02089691199996,
              37.887912750000055
            ],
            [
              -85.02769470199996,
              37.88531112700008
            ],
            [
              -85.02980041599994,
              37.886711121000076
            ],
            [
              -85.02759551999998,
              37.88911056500007
            ],
            [
              -85.02909851099997,
              37.89171218900003
            ],
            [
              -85.03419494599996,
              37.89201355000006
            ],
            [
              -85.03439331099997,
              37.889011383000025
            ],
            [
              -85.04069518999995,
              37.889011383000025
            ],
            [
              -85.05019378699996,
              37.89811325100004
            ],
            [
              -85.05029296899994,
              37.895412445000034
            ],
            [
              -85.05209350699994,
              37.894313812000064
            ],
            [
              -85.05839538599997,
              37.89481353800005
            ],
            [
              -85.05889892599998,
              37.89131164600008
            ],
            [
              -85.06489562999997,
              37.89521408100006
            ],
            [
              -85.06779479999994,
              37.895412445000034
            ],
            [
              -85.06620025599995,
              37.88851165800003
            ],
            [
              -85.06849670399998,
              37.885913849000076
            ],
            [
              -85.07159423799999,
              37.88841247600004
            ],
            [
              -85.07839965799997,
              37.88731384300007
            ],
            [
              -85.08129882799994,
              37.89381027200005
            ],
            [
              -85.08829498299997,
              37.887912750000055
            ],
            [
              -85.09459686299994,
              37.88841247600004
            ],
            [
              -85.10729980499997,
              37.89381027200005
            ],
            [
              -85.10619354299996,
              37.908710480000025
            ],
            [
              -85.10779571499995,
              37.91051101700003
            ],
            [
              -85.12319946299993,
              37.916412354000045
            ],
            [
              -85.12719726699999,
              37.91471099900008
            ],
            [
              -85.12659454299995,
              37.91211319000007
            ],
            [
              -85.13179779099994,
              37.90321350100004
            ],
            [
              -85.13129424999994,
              37.90051269500003
            ],
            [
              -85.13379669199998,
              37.89891052200005
            ],
            [
              -85.14329528899998,
              37.90191268900003
            ],
            [
              -85.14589691199996,
              37.900611877000074
            ],
            [
              -85.13879394499997,
              37.89661407500006
            ],
            [
              -85.13749694799998,
              37.893413544000055
            ],
            [
              -85.13859558099995,
              37.891613007000046
            ],
            [
              -85.14769744899996,
              37.89201355000006
            ],
            [
              -85.14909362799995,
              37.89631271400003
            ],
            [
              -85.15289306699998,
              37.89731216400003
            ],
            [
              -85.16779327399996,
              37.97161102300004
            ],
            [
              -85.16880035399998,
              37.98091125500008
            ],
            [
              -85.16649627699996,
              37.98671340900006
            ],
            [
              -85.16969299299996,
              37.99521255500008
            ],
            [
              -85.16759490999993,
              37.99911117600004
            ],
            [
              -85.16469573999996,
              38.001010895000036
            ],
            [
              -85.16149902299998,
              38.000610352000024
            ],
            [
              -85.16349792499994,
              37.99801254300007
            ],
            [
              -85.16289520299995,
              37.991611481000064
            ],
            [
              -85.15639495799996,
              37.99281311000004
            ],
            [
              -85.15199279799998,
              37.98891067500006
            ],
            [
              -85.15069580199997,
              37.99421310400004
            ],
            [
              -85.14859771699997,
              37.99631118800005
            ],
            [
              -85.15079498299997,
              37.99911117600004
            ],
            [
              -85.14239501999998,
              37.997310638000044
            ],
            [
              -85.14019775499997,
              37.999912262000066
            ],
            [
              -85.13710021999998,
              37.99741363500004
            ],
            [
              -85.13079833999996,
              37.996212006000064
            ],
            [
              -85.123596191,
              38.01101303100006
            ],
            [
              -85.12559509299996,
              38.02061080900006
            ],
            [
              -85.11959838899998,
              38.02211380000006
            ],
            [
              -85.12049865699998,
              38.02531051600005
            ],
            [
              -85.11139678999996,
              38.02641296400003
            ],
            [
              -85.10189819299995,
              38.03671264600007
            ],
            [
              -85.08389282199994,
              38.040512085000046
            ],
            [
              -85.07809448199998,
              38.04491043100006
            ],
            [
              -85.07139587399996,
              38.057811737000065
            ],
            [
              -85.06529998799994,
              38.060211182000046
            ],
            [
              -85.06209564199997,
              38.062412262000066
            ],
            [
              -85.05949401999999,
              38.067512512000064
            ],
            [
              -85.04859924299996,
              38.073413849000076
            ],
            [
              -85.05259704599996,
              38.07621383700007
            ],
            [
              -85.05459594699994,
              38.084213257000044
            ],
            [
              -85.04799652099996,
              38.09771347000003
            ],
            [
              -85.04539489699994,
              38.10731124900008
            ],
            [
              -85.04589843799994,
              38.11061096200007
            ],
            [
              -85.03949737499994,
              38.119712830000026
            ],
            [
              -85.02529907199994,
              38.125213623000036
            ],
            [
              -85.02339935299995,
              38.12891387900004
            ],
            [
              -85.00689697299998,
              38.12951278700007
            ],
            [
              -84.99799346999998,
              38.12761306800007
            ],
            [
              -84.99359893799993,
              38.12421035800003
            ],
            [
              -84.990592957,
              38.126010895000036
            ],
            [
              -84.96749877899998,
              38.119312286000024
            ],
            [
              -84.95809936499995,
              38.10981369000007
            ],
            [
              -84.91859435999999,
              38.09921264600007
            ],
            [
              -84.90589904799998,
              38.09351348900003
            ],
            [
              -84.89399719199997,
              38.09701156600005
            ],
            [
              -84.88639831499995,
              38.097511292000036
            ],
            [
              -84.87749481199995,
              38.10621261600005
            ],
            [
              -84.87859344499998,
              38.108112335000044
            ],
            [
              -84.87189483599997,
              38.11261367800006
            ],
            [
              -84.87209320099998,
              38.11561203000008
            ],
            [
              -84.86899566699998,
              38.11711120600006
            ],
            [
              -84.86519622799995,
              38.11651229900008
            ]
          ]
        ]
      }
    },
    {
      "type": "Feature",
      "properties": {
        "STATE": "KY",
        "ZONE": "074",
        "CWA": "LMK",
        "NAME": "Barren",
        "STATE_ZONE": "KY074",
        "TIME_ZONE": "C"
      },
      "geometry": {
        "type": "Polygon",
        "coordinates": [
          [
            [
              -85.73989868199999,
              36.84151077300004
            ],
            [
              -85.75,
              36.841812134000065
            ],
            [
              -85.76679992699997,
              36.835712433000026
            ],
            [
              -85.77209472699997,
              36.836311340000066
            ],
            [
              -85.80690002399996,
              36.82161331200007
            ],
            [
              -85.97669982899998,
              36.72271347000003
            ],
            [
              -85.98269653299997,
              36.74131393400006
            ],
            [
              -86.00090026899994,
              36.75761032100007
            ],
            [
              -86.00669860799997,
              36.76021194500004
            ],
            [
              -86.02509307999998,
              36.76351165800003
            ],
            [
              -86.03089904799998,
              36.76391220100004
            ],
            [
              -86.03419494599996,
              36.760711670000035
            ],
            [
              -86.03769683799999,
              36.76061248800005
            ],
            [
              -86.04069518999995,
              36.76741409300007
            ],
            [
              -86.05189514199998,
              36.77391052200005
            ],
            [
              -86.04940032999997,
              36.77811050400004
            ],
            [
              -86.03869628999996,
              36.77821350100004
            ],
            [
              -86.03479766799995,
              36.78071212800006
            ],
            [
              -86.03539276099997,
              36.78441238400006
            ],
            [
              -86.03999328599997,
              36.78821182300004
            ],
            [
              -86.03949737499994,
              36.790512085000046
            ],
            [
              -86.04739379899996,
              36.79491043100006
            ],
            [
              -86.05049896199995,
              36.79341125500008
            ],
            [
              -86.05220031699997,
              36.79521179200003
            ],
            [
              -86.04709625199996,
              36.807212830000026
            ],
            [
              -86.05519866899994,
              36.809112549000076
            ],
            [
              -86.06979370099998,
              36.80601120000006
            ],
            [
              -86.07169341999997,
              36.80841064500004
            ],
            [
              -86.07099914599996,
              36.81101226800007
            ],
            [
              -86.06889343299997,
              36.812011719000054
            ],
            [
              -86.065696716,
              36.82311248800005
            ],
            [
              -86.05619811999998,
              36.82951355000006
            ],
            [
              -86.05959320099998,
              36.83581161500007
            ],
            [
              -86.07129669199998,
              36.84351348900003
            ],
            [
              -86.07729339599996,
              36.853012085000046
            ],
            [
              -86.07789611699997,
              36.85651397400005
            ],
            [
              -86.07589721699998,
              36.86231231700003
            ],
            [
              -86.07779693599997,
              36.867210388000046
            ],
            [
              -86.07529449499998,
              36.87331390400004
            ],
            [
              -86.07239532599993,
              36.872112274000074
            ],
            [
              -86.07039642299998,
              36.87801361100003
            ],
            [
              -86.07679748499999,
              36.88291168200004
            ],
            [
              -86.07759857199994,
              36.89241409300007
            ],
            [
              -86.06739807099996,
              36.89401245100004
            ],
            [
              -86.06749725299994,
              36.89111328100006
            ],
            [
              -86.06429290799997,
              36.894912720000036
            ],
            [
              -86.06479644799998,
              36.898410797000054
            ],
            [
              -86.06759643599997,
              36.901012421000075
            ],
            [
              -86.07709503199999,
              36.90261077900004
            ],
            [
              -86.08779907199994,
              36.89981079100005
            ],
            [
              -86.09689331099997,
              36.90071106000005
            ],
            [
              -86.10249328599997,
              36.89571380600006
            ],
            [
              -86.10829925599995,
              36.885711670000035
            ],
            [
              -86.10799407999997,
              36.88091278100006
            ],
            [
              -86.09819793699995,
              36.87001037600004
            ],
            [
              -86.09989929199998,
              36.86461257900004
            ],
            [
              -86.10279846199995,
              36.864212036000026
            ],
            [
              -86.10629272499995,
              36.865112305000025
            ],
            [
              -86.10959625199996,
              36.86831283600003
            ],
            [
              -86.109397888,
              36.871410370000035
            ],
            [
              -86.11269378699996,
              36.874511719000054
            ],
            [
              -86.11529540999999,
              36.881111145000034
            ],
            [
              -86.12419891399998,
              36.89401245100004
            ],
            [
              -86.12759399399994,
              36.89631271400003
            ],
            [
              -86.14139556899994,
              36.89271163900003
            ],
            [
              -86.14669799799998,
              36.896411896000075
            ],
            [
              -86.14249420199997,
              36.90091323900003
            ],
            [
              -86.13479614299996,
              36.90281295800003
            ],
            [
              -86.13459777799994,
              36.90511322000003
            ],
            [
              -86.14179992699997,
              36.91461181600005
            ],
            [
              -86.13549804699994,
              36.93081283600003
            ],
            [
              -86.13879394499997,
              36.93141174300007
            ],
            [
              -86.148796082,
              36.92871093700006
            ],
            [
              -86.15219879199998,
              36.92001342800006
            ],
            [
              -86.14909362899994,
              36.91281127900004
            ],
            [
              -86.14999389599996,
              36.91051101700003
            ],
            [
              -86.15409851099997,
              36.90811157200005
            ],
            [
              -86.15869903599997,
              36.90641021700003
            ],
            [
              -86.16459655799997,
              36.907012939000026
            ],
            [
              -86.17609405499996,
              36.914012909000064
            ],
            [
              -86.17179870599995,
              36.91831207300004
            ],
            [
              -86.16519927999997,
              36.920310974000074
            ],
            [
              -86.16049957399997,
              36.92421340900006
            ],
            [
              -86.16119384799998,
              36.93021392800006
            ],
            [
              -86.166900635,
              36.934013367000034
            ],
            [
              -86.11409759499998,
              37.059810638000044
            ],
            [
              -86.10869598399995,
              37.060112
            ],
            [
              -86.07409667999997,
              37.05441284200003
            ],
            [
              -86.05639648399995,
              37.16721344000007
            ],
            [
              -85.99259948699995,
              37.15711212200006
            ],
            [
              -85.969993591,
              37.15591049200003
            ],
            [
              -85.90589904799998,
              37.14831161500007
            ],
            [
              -85.85839843799994,
              37.150611877000074
            ],
            [
              -85.80199432399996,
              37.163112640000065
            ],
            [
              -85.77519988999995,
              37.167510986000025
            ],
            [
              -85.74489593499999,
              37.169513702000074
            ],
            [
              -85.75930023199999,
              37.15011215200008
            ],
            [
              -85.77579498299997,
              37.138813019000054
            ],
            [
              -85.77459716799996,
              37.12501144400005
            ],
            [
              -85.77109527599998,
              37.10971069300007
            ],
            [
              -85.76099395799997,
              37.111412048000034
            ],
            [
              -85.75659942599998,
              37.10981369000007
            ],
            [
              -85.75919341999997,
              37.06841278100006
            ],
            [
              -85.75529479999994,
              37.02641296400003
            ],
            [
              -85.75049591099997,
              37.00601196300005
            ],
            [
              -85.73989868199999,
              36.84151077300004
            ]
          ]
        ]
      }
    },
    {
      "type": "Feature",
      "properties": {
        "STATE": "KY",
        "ZONE": "042",
        "CWA": "LMK",
        "NAME": "Bourbon",
        "STATE_ZONE": "KY042",
        "TIME_ZONE": "E"
      },
      "geometry": {
        "type": "Polygon",
        "coordinates": [
          [
            [
              -83.97760009899997,
              38.19211196900005
            ],
            [
              -83.99049377399996,
              38.174911499000075
            ],
            [
              -84.03929901099997,
              38.145511627000076
            ],
            [
              -84.04309844999995,
              38.141212463000045
            ],
            [
              -84.04949951199995,
              38.13741302500006
            ],
            [
              -84.05989837699997,
              38.13411331200007
            ],
            [
              -84.08020019499997,
              38.11541366600005
            ],
            [
              -84.28559875499997,
              38.066913605000025
            ],
            [
              -84.28450012199994,
              38.06941223100006
            ],
            [
              -84.28789520299995,
              38.075412750000055
            ],
            [
              -84.29519653299997,
              38.08101272600004
            ],
            [
              -84.29899597199994,
              38.08141326900005
            ],
            [
              -84.30449676499995,
              38.08521270800003
            ],
            [
              -84.30690002399996,
              38.08461380000006
            ],
            [
              -84.31559753399995,
              38.092910767000035
            ],
            [
              -84.31839752199994,
              38.09241104100005
            ],
            [
              -84.32479858399995,
              38.08621215800008
            ],
            [
              -84.33049774199998,
              38.085712433000026
            ],
            [
              -84.34369659399994,
              38.09171295200008
            ],
            [
              -84.34499359099993,
              38.09471130400004
            ],
            [
              -84.36049652099996,
              38.09891128500004
            ],
            [
              -84.36619567899999,
              38.10231399500003
            ],
            [
              -84.37009429899996,
              38.10871124300007
            ],
            [
              -84.37889862099996,
              38.11121368400006
            ],
            [
              -84.38029479999994,
              38.11431121800007
            ],
            [
              -84.37709808299996,
              38.11951065100004
            ],
            [
              -84.37739562999997,
              38.121513367000034
            ],
            [
              -84.369499207,
              38.125213623000036
            ],
            [
              -84.36789703399995,
              38.12881088300003
            ],
            [
              -84.36999511799996,
              38.13961410500008
            ],
            [
              -84.37019348099994,
              38.15231323200004
            ],
            [
              -84.37369537499995,
              38.15801239000007
            ],
            [
              -84.37269592299998,
              38.161510468000074
            ],
            [
              -84.36509704599996,
              38.16541290300006
            ],
            [
              -84.36279296899994,
              38.17111206100003
            ],
            [
              -84.35949707099996,
              38.17241287200005
            ],
            [
              -84.35599517799994,
              38.17771148700007
            ],
            [
              -84.35999298099995,
              38.184112549000076
            ],
            [
              -84.35849761999998,
              38.18651199300007
            ],
            [
              -84.35959625199996,
              38.19511032100007
            ],
            [
              -84.365592957,
              38.196411133000026
            ],
            [
              -84.36779785299996,
              38.19971084600007
            ],
            [
              -84.37120056299995,
              38.20051193200004
            ],
            [
              -84.37379455599995,
              38.20291137700008
            ],
            [
              -84.37439727799995,
              38.208011627000076
            ],
            [
              -84.37669372599998,
              38.21051025400004
            ],
            [
              -84.38789367699997,
              38.20971298200004
            ],
            [
              -84.39669799799998,
              38.205913544000055
            ],
            [
              -84.40119934199998,
              38.20571136500007
            ],
            [
              -84.40819549599996,
              38.210514069000055
            ],
            [
              -84.42039489699994,
              38.21501159700006
            ],
            [
              -84.42160034299997,
              38.217712402000075
            ],
            [
              -84.41839599599996,
              38.21981048600003
            ],
            [
              -84.41709899899996,
              38.22301101700003
            ],
            [
              -84.41839599599996,
              38.22871398900003
            ],
            [
              -84.42199706999997,
              38.23471069300007
            ],
            [
              -84.42269897499995,
              38.24381256100003
            ],
            [
              -84.42109680199997,
              38.24681091300005
            ],
            [
              -84.42299652099996,
              38.25581359900008
            ],
            [
              -84.43149566799997,
              38.26141357400007
            ],
            [
              -84.43209838899998,
              38.26441192600004
            ],
            [
              -84.43459320099998,
              38.26491165200008
            ],
            [
              -84.43659973099994,
              38.26811218300003
            ],
            [
              -84.43579864499998,
              38.271411896000075
            ],
            [
              -84.44169616299996,
              38.277511600000025
            ],
            [
              -84.44249725299994,
              38.28331375100004
            ],
            [
              -84.43799591199996,
              38.28361129800004
            ],
            [
              -84.43059539899997,
              38.28021240100003
            ],
            [
              -84.42559814499998,
              38.28121185200007
            ],
            [
              -84.41889953599997,
              38.28731155400004
            ],
            [
              -84.41510009899997,
              38.28731155400004
            ],
            [
              -84.40779876699997,
              38.284812927000075
            ],
            [
              -84.38839721699998,
              38.28231048600003
            ],
            [
              -84.37939453099995,
              38.27851104700005
            ],
            [
              -84.37339782799995,
              38.279510498000036
            ],
            [
              -84.37039947499994,
              38.28211212200006
            ],
            [
              -84.36389923099995,
              38.29411315900006
            ],
            [
              -84.36100006099997,
              38.29611206100003
            ],
            [
              -84.35799407999997,
              38.293811798000036
            ],
            [
              -84.35879516599994,
              38.29101181000004
            ],
            [
              -84.35619354199997,
              38.289012909000064
            ],
            [
              -84.34659576399997,
              38.285713196000074
            ],
            [
              -84.34289550799997,
              38.28621292100007
            ],
            [
              -84.33649444599996,
              38.29001236000005
            ],
            [
              -84.34189605699999,
              38.29461288500005
            ],
            [
              -84.33959960899995,
              38.29661178600003
            ],
            [
              -84.33169555699999,
              38.29331207300004
            ],
            [
              -84.32639312699996,
              38.294712067000034
            ],
            [
              -84.32219695999999,
              38.29791259800004
            ],
            [
              -84.31989288299997,
              38.29631042500006
            ],
            [
              -84.31519317599998,
              38.30221176100008
            ],
            [
              -84.30529785199997,
              38.30601120000006
            ],
            [
              -84.30879974399994,
              38.30771255500008
            ],
            [
              -84.31019592299998,
              38.31051254300007
            ],
            [
              -84.30769348099994,
              38.31281280500008
            ],
            [
              -84.29439544699994,
              38.310112
            ],
            [
              -84.29519652799996,
              38.314811708000036
            ],
            [
              -84.29719543499994,
              38.31671142600004
            ],
            [
              -84.29549407999997,
              38.317913055000076
            ],
            [
              -84.29199981699998,
              38.31741333000008
            ],
            [
              -84.29019928099996,
              38.31381225600006
            ],
            [
              -84.28689575199996,
              38.312011719000054
            ],
            [
              -84.28099822999997,
              38.313312531000065
            ],
            [
              -84.19339752199994,
              38.372310638000044
            ],
            [
              -84.16629791299994,
              38.354812622000054
            ],
            [
              -84.13489532499995,
              38.30791091900005
            ],
            [
              -84.13209533699995,
              38.30491256700003
            ],
            [
              -84.12919616699998,
              38.305610657000045
            ],
            [
              -84.12819671599993,
              38.30131149300007
            ],
            [
              -84.12989807099996,
              38.29511261000005
            ],
            [
              -84.12269592299998,
              38.29621124300007
            ],
            [
              -84.11750030499996,
              38.29411315900006
            ],
            [
              -84.11689758299997,
              38.28861236600005
            ],
            [
              -84.10469818199994,
              38.28631210300006
            ],
            [
              -84.10569763199999,
              38.28221130400004
            ],
            [
              -84.11079406699997,
              38.281311035000044
            ],
            [
              -84.11339569099994,
              38.27861022900004
            ],
            [
              -84.11629486099997,
              38.27881240800008
            ],
            [
              -84.11979675299995,
              38.27531051600005
            ],
            [
              -84.11819457999997,
              38.272510529000044
            ],
            [
              -84.11549377399996,
              38.27231216400003
            ],
            [
              -84.10989379899996,
              38.27521133400006
            ],
            [
              -84.10369872999996,
              38.269611359000066
            ],
            [
              -84.10160064799999,
              38.26551055900006
            ],
            [
              -84.10439300499996,
              38.261611938000044
            ],
            [
              -84.10279846199995,
              38.25901031500007
            ],
            [
              -84.09519958499999,
              38.25921249400005
            ],
            [
              -84.09299468999995,
              38.260711670000035
            ],
            [
              -84.09159851099997,
              38.264213562000066
            ],
            [
              -84.09529876699997,
              38.26811218300003
            ],
            [
              -84.08979797399996,
              38.272510529000044
            ],
            [
              -84.08059692499995,
              38.27331161500007
            ],
            [
              -84.07819366499996,
              38.27151107800006
            ],
            [
              -84.07989501999998,
              38.269210815000065
            ],
            [
              -84.07589721699998,
              38.26891326900005
            ],
            [
              -84.07399749799998,
              38.26541137700008
            ],
            [
              -84.07979583699995,
              38.261310577000074
            ],
            [
              -84.07949829099994,
              38.25761032100007
            ],
            [
              -84.06629943799999,
              38.255210876000035
            ],
            [
              -84.05799865699998,
              38.25701141400003
            ],
            [
              -84.05780029299996,
              38.251010895000036
            ],
            [
              -84.05299377399996,
              38.24331283600003
            ],
            [
              -84.05569457999997,
              38.24251174900007
            ],
            [
              -84.05349731399997,
              38.23971176100008
            ],
            [
              -84.06229400599995,
              38.23581314100005
            ],
            [
              -84.04290008499999,
              38.224712372000056
            ],
            [
              -84.03319549599996,
              38.22361373900003
            ],
            [
              -84.027893066,
              38.21911239600007
            ],
            [
              -84.02939605699999,
              38.214714050000055
            ],
            [
              -84.01569366499996,
              38.21751022300003
            ],
            [
              -84.00439453099995,
              38.22411346400003
            ],
            [
              -84.00329589899997,
              38.22201156600005
            ],
            [
              -84.00789642299998,
              38.220111847000055
            ],
            [
              -84.00619506799995,
              38.21521377600004
            ],
            [
              -84.00199890099998,
              38.21431350700004
            ],
            [
              -83.99929809599996,
              38.21671295200008
            ],
            [
              -83.99659728999995,
              38.214714050000055
            ],
            [
              -84.00019836499996,
              38.21211242700008
            ],
            [
              -84.00460052499994,
              38.21151351900005
            ],
            [
              -84.00009918199999,
              38.207912445000034
            ],
            [
              -83.99419403099995,
              38.20731353800005
            ],
            [
              -83.99489593499999,
              38.204311371000074
            ],
            [
              -83.99189758299997,
              38.20331192000003
            ],
            [
              -83.98919677699996,
              38.20391082800006
            ],
            [
              -83.99029540999999,
              38.20781326300005
            ],
            [
              -83.98839569099994,
              38.220111847000055
            ],
            [
              -83.97660064699994,
              38.21901321400003
            ],
            [
              -83.97909545899995,
              38.20821380600006
            ],
            [
              -83.97599792499994,
              38.207912445000034
            ],
            [
              -83.97269439799999,
              38.210113525000054
            ],
            [
              -83.96959686399998,
              38.20951080300006
            ],
            [
              -83.97039794899996,
              38.203411102000075
            ],
            [
              -83.97599792499994,
              38.196212769000056
            ],
            [
              -83.97739410399998,
              38.19831085200008
            ],
            [
              -83.98269653299997,
              38.194011688000046
            ],
            [
              -83.97760009899997,
              38.19211196900005
            ]
          ]
        ]
      }
    },
    {
      "type": "Feature",
      "properties": {
        "STATE": "KY",
        "ZONE": "055",
        "CWA": "LMK",
        "NAME": "Boyle",
        "STATE_ZONE": "KY055",
        "TIME_ZONE": "E"
      },
      "geometry": {
        "type": "Polygon",
        "coordinates": [
          [
            [
              -84.74489593499999,
              37.713710785000046
            ],
            [
              -84.73529815699999,
              37.71171188400007
            ],
            [
              -84.73459625199996,
              37.70881271400003
            ],
            [
              -84.74079894999994,
              37.70351028400006
            ],
            [
              -84.74279785199997,
              37.69851303100006
            ],
            [
              -84.73869323699995,
              37.696212769000056
            ],
            [
              -84.73479461699998,
              37.69521331800007
            ],
            [
              -84.72579956099997,
              37.69631195100004
            ],
            [
              -84.72189331099997,
              37.69321060200008
            ],
            [
              -84.70059966999997,
              37.69751358000008
            ],
            [
              -84.69839477499994,
              37.696514130000025
            ],
            [
              -84.69939422599998,
              37.69341278100006
            ],
            [
              -84.70399475099998,
              37.68721389800004
            ],
            [
              -84.70139312699996,
              37.68291091900005
            ],
            [
              -84.69849395799997,
              37.68201065100004
            ],
            [
              -84.68449401899994,
              37.687412262000066
            ],
            [
              -84.68209838899998,
              37.68531036400003
            ],
            [
              -84.68509674099994,
              37.68201065100004
            ],
            [
              -84.68049621599994,
              37.67511367800006
            ],
            [
              -84.69889831499995,
              37.667911530000026
            ],
            [
              -84.70259857199994,
              37.66541290300006
            ],
            [
              -84.70509338399995,
              37.660713196000074
            ],
            [
              -84.70389556899994,
              37.65941238400006
            ],
            [
              -84.69379424999994,
              37.66451263400006
            ],
            [
              -84.68809509299996,
              37.65911102300004
            ],
            [
              -84.68359374999994,
              37.65921020500008
            ],
            [
              -84.67999267599998,
              37.657012939000026
            ],
            [
              -84.67869567899999,
              37.65361022900004
            ],
            [
              -84.69359588599997,
              37.64371109000007
            ],
            [
              -84.69349670399998,
              37.64111328100006
            ],
            [
              -84.68179321299993,
              37.63761138900003
            ],
            [
              -84.67579650999994,
              37.637912750000055
            ],
            [
              -84.67329406699997,
              37.640911102000075
            ],
            [
              -84.67959594699994,
              37.64351272600004
            ],
            [
              -84.67869567899999,
              37.64591217000003
            ],
            [
              -84.66899871899994,
              37.64711380000006
            ],
            [
              -84.66619873099995,
              37.65291214000007
            ],
            [
              -84.65939331199996,
              37.65471267700008
            ],
            [
              -84.65349578999997,
              37.652111053000056
            ],
            [
              -84.65200042699996,
              37.647613525000054
            ],
            [
              -84.65449523899997,
              37.64131164600008
            ],
            [
              -84.66019439699994,
              37.642112732000044
            ],
            [
              -84.66589355599996,
              37.63991165200008
            ],
            [
              -84.66609954799998,
              37.63381195100004
            ],
            [
              -84.66339874399995,
              37.633613586000024
            ],
            [
              -84.66189575199996,
              37.63531112700008
            ],
            [
              -84.65899658199999,
              37.633911133000026
            ],
            [
              -84.65249633799993,
              37.62571334800003
            ],
            [
              -84.65769958499999,
              37.61881256100003
            ],
            [
              -84.65979766799995,
              37.618213654000044
            ],
            [
              -84.66189575199996,
              37.62401199300007
            ],
            [
              -84.66459655799997,
              37.62411117600004
            ],
            [
              -84.66599273699995,
              37.61801147500006
            ],
            [
              -84.67389678999996,
              37.61611175500008
            ],
            [
              -84.67659759499998,
              37.61741256700003
            ],
            [
              -84.67529296899994,
              37.621513367000034
            ],
            [
              -84.67729950099994,
              37.62401199300007
            ],
            [
              -84.68359374999994,
              37.621410370000035
            ],
            [
              -84.68979644799998,
              37.625411987000064
            ],
            [
              -84.69019317599998,
              37.62291336100003
            ],
            [
              -84.69609832799995,
              37.617210388000046
            ],
            [
              -84.68889617899998,
              37.61341095000006
            ],
            [
              -84.72369385299999,
              37.591613779000056
            ],
            [
              -84.78359985399999,
              37.57661056500007
            ],
            [
              -84.84700012199994,
              37.548011780000024
            ],
            [
              -84.89799499499998,
              37.53221130400004
            ],
            [
              -85.00109863299997,
              37.533710480000025
            ],
            [
              -85.00359344499998,
              37.546913147000055
            ],
            [
              -85.01279449599997,
              37.55091095000006
            ],
            [
              -85.02700042699996,
              37.55031204200003
            ],
            [
              -85.03969574099995,
              37.54521179200003
            ],
            [
              -85.02479553199998,
              37.67941284200003
            ],
            [
              -84.99979400599995,
              37.68021392800006
            ],
            [
              -84.80769348099994,
              37.70481109600007
            ],
            [
              -84.79349517799994,
              37.717113495000035
            ],
            [
              -84.74489593499999,
              37.713710785000046
            ]
          ]
        ]
      }
    },
    {
      "type": "Feature",
      "properties": {
        "STATE": "KY",
        "ZONE": "024",
        "CWA": "LMK",
        "NAME": "Breckinridge",
        "STATE_ZONE": "KY024",
        "TIME_ZONE": "C"
      },
      "geometry": {
        "type": "Polygon",
        "coordinates": [
          [
            [
              -86.48979950099994,
              38.045612335000044
            ],
            [
              -86.428596498,
              37.999912262000066
            ],
            [
              -86.24279785199997,
              37.87731170700005
            ],
            [
              -86.20869445799997,
              37.84551239000007
            ],
            [
              -86.15209960899995,
              37.799312592000035
            ],
            [
              -86.27519988999995,
              37.59321212800006
            ],
            [
              -86.27890014599996,
              37.595111847000055
            ],
            [
              -86.287994385,
              37.59071350100004
            ],
            [
              -86.28809356699998,
              37.58741378800005
            ],
            [
              -86.29169464099994,
              37.58781051600005
            ],
            [
              -86.29559326199995,
              37.59131240800008
            ],
            [
              -86.29779815799998,
              37.58651351900005
            ],
            [
              -86.30109405499996,
              37.585411072000056
            ],
            [
              -86.30439758299997,
              37.588111877000074
            ],
            [
              -86.30829620399999,
              37.58161163300008
            ],
            [
              -86.31179809599996,
              37.57971191400003
            ],
            [
              -86.31689453099995,
              37.581813812000064
            ],
            [
              -86.31359863299997,
              37.58621215800008
            ],
            [
              -86.31589508099995,
              37.58681106600005
            ],
            [
              -86.32459258999995,
              37.58231353800005
            ],
            [
              -86.32709503199999,
              37.58271026600005
            ],
            [
              -86.32569885299995,
              37.586612701000035
            ],
            [
              -86.32919311499995,
              37.59161377000004
            ],
            [
              -86.33039855999994,
              37.58921051000004
            ],
            [
              -86.33449554399994,
              37.588710785000046
            ],
            [
              -86.34259796099997,
              37.59131240800008
            ],
            [
              -86.34339904799998,
              37.58691406200006
            ],
            [
              -86.350494385,
              37.588512421000075
            ],
            [
              -86.35239410399998,
              37.58691024800004
            ],
            [
              -86.34919738799994,
              37.56281280500008
            ],
            [
              -86.36579894999994,
              37.562713623000036
            ],
            [
              -86.36190032999997,
              37.56841278100006
            ],
            [
              -86.36159515399999,
              37.570812225000054
            ],
            [
              -86.36459350699994,
              37.572113037000065
            ],
            [
              -86.370193482,
              37.569713593000074
            ],
            [
              -86.37569427499994,
              37.56341171300005
            ],
            [
              -86.36999511699997,
              37.559810638000044
            ],
            [
              -86.37509918299997,
              37.55931091300005
            ],
            [
              -86.38699340799997,
              37.567710876000035
            ],
            [
              -86.38109588599997,
              37.57041168200004
            ],
            [
              -86.38339996299999,
              37.57361221300005
            ],
            [
              -86.38779449599997,
              37.574512482000046
            ],
            [
              -86.39229583699995,
              37.568611145000034
            ],
            [
              -86.40419769299996,
              37.56671142600004
            ],
            [
              -86.40889739999994,
              37.56741333000008
            ],
            [
              -86.40899658199999,
              37.576713562000066
            ],
            [
              -86.41669464099994,
              37.57331085200008
            ],
            [
              -86.41939544699994,
              37.579311371000074
            ],
            [
              -86.42419433599997,
              37.580513
            ],
            [
              -86.42959594699994,
              37.57601165800003
            ],
            [
              -86.43379974399994,
              37.57591247600004
            ],
            [
              -86.43489837599998,
              37.57811355600006
            ],
            [
              -86.43179321299993,
              37.58351135300006
            ],
            [
              -86.43519592299998,
              37.58351135300006
            ],
            [
              -86.43879699799999,
              37.581111908000025
            ],
            [
              -86.44119262699996,
              37.57611084000007
            ],
            [
              -86.44649505599995,
              37.575412750000055
            ],
            [
              -86.44479370099998,
              37.58911132800006
            ],
            [
              -86.44919586199995,
              37.58901214600007
            ],
            [
              -86.45159912099996,
              37.58251190200008
            ],
            [
              -86.45379638699995,
              37.58121109000007
            ],
            [
              -86.46289825399998,
              37.58141326900005
            ],
            [
              -86.465393066,
              37.582611084000064
            ],
            [
              -86.46339416499995,
              37.585910797000054
            ],
            [
              -86.45529937699996,
              37.58651351900005
            ],
            [
              -86.45469665499996,
              37.590812683000024
            ],
            [
              -86.45789337199994,
              37.59221267700008
            ],
            [
              -86.46829986599994,
              37.59001159700006
            ],
            [
              -86.47739410399998,
              37.591213226000036
            ],
            [
              -86.47979736299999,
              37.59391403200004
            ],
            [
              -86.47229766799995,
              37.59441375700004
            ],
            [
              -86.469993591,
              37.59881210300006
            ],
            [
              -86.47089386,
              37.60071182300004
            ],
            [
              -86.47889709499998,
              37.603912354000045
            ],
            [
              -86.48320007299998,
              37.602413177000074
            ],
            [
              -86.48359680199997,
              37.60531234700005
            ],
            [
              -86.48079681399997,
              37.607810974000074
            ],
            [
              -86.48149871799995,
              37.610713959000066
            ],
            [
              -86.48889923199994,
              37.61081314100005
            ],
            [
              -86.50149536099997,
              37.60121154800004
            ],
            [
              -86.50460052499994,
              37.60181045500008
            ],
            [
              -86.50539398199999,
              37.60551071200007
            ],
            [
              -86.504096985,
              37.60771179200003
            ],
            [
              -86.49669647199994,
              37.60951232900004
            ],
            [
              -86.49539947599999,
              37.61201095600006
            ],
            [
              -86.50049591099997,
              37.62021255500008
            ],
            [
              -86.50999450699999,
              37.62291336100003
            ],
            [
              -86.52039337199994,
              37.616611481000064
            ],
            [
              -86.53419494599996,
              37.61531066900005
            ],
            [
              -86.53629302999997,
              37.61311340300006
            ],
            [
              -86.54099273699995,
              37.59961319000007
            ],
            [
              -86.53189849899996,
              37.602611542000034
            ],
            [
              -86.52369689899996,
              37.600612640000065
            ],
            [
              -86.52610015899995,
              37.596210480000025
            ],
            [
              -86.53519439699994,
              37.58941268900003
            ],
            [
              -86.55130004899996,
              37.588310242000034
            ],
            [
              -86.55269622799995,
              37.59561157200005
            ],
            [
              -86.55879974399994,
              37.59761047400008
            ],
            [
              -86.57529449499998,
              37.59871292100007
            ],
            [
              -86.57709503199999,
              37.596012115000065
            ],
            [
              -86.57649993899997,
              37.59331131000005
            ],
            [
              -86.56919860799997,
              37.58121109000007
            ],
            [
              -86.57039642299998,
              37.579113007000046
            ],
            [
              -86.58449554399994,
              37.56851196300005
            ],
            [
              -86.59659576399997,
              37.56481170700005
            ],
            [
              -86.60279846199995,
              37.57001113900003
            ],
            [
              -86.60720062299998,
              37.57621383700007
            ],
            [
              -86.61909484899996,
              37.58551025400004
            ],
            [
              -86.61979675299995,
              37.59101104700005
            ],
            [
              -86.625,
              37.59781265300006
            ],
            [
              -86.62619781499995,
              37.605213165000066
            ],
            [
              -86.64049529999994,
              37.619312286000024
            ],
            [
              -86.63889312799995,
              37.661510468000074
            ],
            [
              -86.62310028099995,
              37.65571212800006
            ],
            [
              -86.67799377399996,
              37.79281234700005
            ],
            [
              -86.66609954799998,
              37.83581161500007
            ],
            [
              -86.65909576399997,
              37.83841323900003
            ],
            [
              -86.65529632599998,
              37.84251403800005
            ],
            [
              -86.64749908399995,
              37.84151077300004
            ],
            [
              -86.63369751,
              37.84401321400003
            ],
            [
              -86.60989379899996,
              37.855113983000024
            ],
            [
              -86.60379791299994,
              37.85951232900004
            ],
            [
              -86.59759521499996,
              37.86881256100003
            ],
            [
              -86.59929657499998,
              37.874912263000056
            ],
            [
              -86.59819793699995,
              37.88451385500008
            ],
            [
              -86.59959411699998,
              37.90721130400004
            ],
            [
              -86.59559631399998,
              37.914913177000074
            ],
            [
              -86.58670043899997,
              37.922111511000026
            ],
            [
              -86.56749725299994,
              37.922111511000026
            ],
            [
              -86.54509735099998,
              37.91741180400004
            ],
            [
              -86.53499603299997,
              37.91701126100003
            ],
            [
              -86.51999664299996,
              37.921913147000055
            ],
            [
              -86.50779724099993,
              37.92881393400006
            ],
            [
              -86.50739288299997,
              37.937313080000024
            ],
            [
              -86.50949859599996,
              37.942512512000064
            ],
            [
              -86.52099609399994,
              37.95541381800007
            ],
            [
              -86.52489471399997,
              37.96661377000004
            ],
            [
              -86.52479553199998,
              38.02851104700005
            ],
            [
              -86.52159881599994,
              38.038311005000025
            ],
            [
              -86.51619720499997,
              38.04311370800008
            ],
            [
              -86.50000000099999,
              38.04571151700003
            ],
            [
              -86.48979950099994,
              38.045612335000044
            ]
          ]
        ]
      }
    },
    {
      "type": "Feature",
      "properties": {
        "STATE": "KY",
        "ZONE": "029",
        "CWA": "LMK",
        "NAME": "Bullitt",
        "STATE_ZONE": "KY029",
        "TIME_ZONE": "E"
      },
      "geometry": {
        "type": "Polygon",
        "coordinates": [
          [
            [
              -85.48949432399996,
              37.99061203000008
            ],
            [
              -85.53359985399999,
              37.96521377600004
            ],
            [
              -85.52799987799995,
              37.96231079100005
            ],
            [
              -85.52459716799996,
              37.95771026600005
            ],
            [
              -85.52849578899998,
              37.949211121000076
            ],
            [
              -85.53309631299999,
              37.94521331800007
            ],
            [
              -85.54319763199999,
              37.94021225000006
            ],
            [
              -85.55119323699995,
              37.926513672000056
            ],
            [
              -85.56029510499997,
              37.92331314100005
            ],
            [
              -85.56549835199996,
              37.92381286600005
            ],
            [
              -85.56609344499998,
              37.91981124900008
            ],
            [
              -85.56859588599997,
              37.917911530000026
            ],
            [
              -85.57699584999995,
              37.91561126700003
            ],
            [
              -85.58399963399995,
              37.91041183500005
            ],
            [
              -85.58539581299993,
              37.90801239000007
            ],
            [
              -85.58439636199995,
              37.892513275000056
            ],
            [
              -85.58109283399995,
              37.88651275600006
            ],
            [
              -85.57649993899997,
              37.88491058300008
            ],
            [
              -85.58649444599996,
              37.87681198100006
            ],
            [
              -85.59279632599998,
              37.87591171300005
            ],
            [
              -85.600494385,
              37.869411469000056
            ],
            [
              -85.60469818099995,
              37.87051391600005
            ],
            [
              -85.61309814499998,
              37.869712830000026
            ],
            [
              -85.61359405599995,
              37.867012024000076
            ],
            [
              -85.61079406799996,
              37.85971069300007
            ],
            [
              -85.61669921899994,
              37.852710724000076
            ],
            [
              -85.62849426299994,
              37.848411560000045
            ],
            [
              -85.63429260399994,
              37.84221267700008
            ],
            [
              -85.63719940199996,
              37.84171295200008
            ],
            [
              -85.64189910899995,
              37.835010529000044
            ],
            [
              -85.65390014599996,
              37.83231353800005
            ],
            [
              -85.65259551999998,
              37.82921218900003
            ],
            [
              -85.66129302999997,
              37.825412750000055
            ],
            [
              -85.67279815699999,
              37.82351303100006
            ],
            [
              -85.68099975599995,
              37.81591033900003
            ],
            [
              -85.68299865699998,
              37.81511306800007
            ],
            [
              -85.68249511699997,
              37.819011688000046
            ],
            [
              -85.69109344499998,
              37.81821060200008
            ],
            [
              -85.69829559399994,
              37.81171035800003
            ],
            [
              -85.70709991499996,
              37.813613892000035
            ],
            [
              -85.71829986599994,
              37.80821228000008
            ],
            [
              -85.72380065899995,
              37.81061172500006
            ],
            [
              -85.73839569099994,
              37.812412262000066
            ],
            [
              -85.74250030599995,
              37.816612244000055
            ],
            [
              -85.74129486099997,
              37.819713593000074
            ],
            [
              -85.74309539799998,
              37.82221221900005
            ],
            [
              -85.74869537399996,
              37.823013306000064
            ],
            [
              -85.75229644799998,
              37.82831192000003
            ],
            [
              -85.75919341999997,
              37.83121109000007
            ],
            [
              -85.76199340899996,
              37.83641052200005
            ],
            [
              -85.77319335899995,
              37.842010498000036
            ],
            [
              -85.78819274899996,
              37.84401321400003
            ],
            [
              -85.80059814599997,
              37.85431289700006
            ],
            [
              -85.80069732699997,
              37.85911178600003
            ],
            [
              -85.80339813199998,
              37.85981369000007
            ],
            [
              -85.80970001199995,
              37.856910706000065
            ],
            [
              -85.81739807099996,
              37.85831069900007
            ],
            [
              -85.82049560499996,
              37.86431121800007
            ],
            [
              -85.82969665599995,
              37.870311737000065
            ],
            [
              -85.84019470199996,
              37.88311386100003
            ],
            [
              -85.83919525099998,
              37.890113831000065
            ],
            [
              -85.83539581299993,
              37.89241409300007
            ],
            [
              -85.81819915799997,
              37.88651275600006
            ],
            [
              -85.81340026899994,
              37.889213562000066
            ],
            [
              -85.81859588599997,
              37.89561080900006
            ],
            [
              -85.82699584999995,
              37.90011215200008
            ],
            [
              -85.82929992699997,
              37.917510986000025
            ],
            [
              -85.83609771699997,
              37.921012878000056
            ],
            [
              -85.84719848599997,
              37.92291259800004
            ],
            [
              -85.84879302999997,
              37.924911499000075
            ],
            [
              -85.84790039199999,
              37.92901229900008
            ],
            [
              -85.85059356699998,
              37.938613892000035
            ],
            [
              -85.85499572799995,
              37.944911957000045
            ],
            [
              -85.86089324999995,
              37.94771194500004
            ],
            [
              -85.86759948699995,
              37.948413849000076
            ],
            [
              -85.87429809599996,
              37.946910858000024
            ],
            [
              -85.87839508099995,
              37.94871139500003
            ],
            [
              -85.89479827899999,
              37.94001388500004
            ],
            [
              -85.90349578899998,
              37.94051361100003
            ],
            [
              -85.90519714399994,
              37.94231033300008
            ],
            [
              -85.90349578899998,
              37.94961166400003
            ],
            [
              -85.90449523899997,
              37.95901107800006
            ],
            [
              -85.90110015999994,
              37.96971130400004
            ],
            [
              -85.90599822999997,
              37.98971176100008
            ],
            [
              -85.90779876699997,
              37.991611481000064
            ],
            [
              -85.92779540999999,
              37.99241256700003
            ],
            [
              -85.93219757099996,
              37.99391174300007
            ],
            [
              -85.93389892599998,
              37.99701309200003
            ],
            [
              -85.92899322499994,
              38.003513336000026
            ],
            [
              -85.92209625199996,
              38.008911133000026
            ],
            [
              -85.91429901099997,
              38.01111221300005
            ],
            [
              -85.91499328599997,
              38.01471328700006
            ],
            [
              -85.91359710699999,
              38.01811218300003
            ],
            [
              -85.91199493399995,
              38.020412445000034
            ],
            [
              -85.90619659399994,
              38.02311325100004
            ],
            [
              -85.90629577599998,
              38.025413513000046
            ],
            [
              -85.90349578899998,
              38.02881240800008
            ],
            [
              -85.89769744999995,
              38.029613495000035
            ],
            [
              -85.88319397099997,
              38.03741073600003
            ],
            [
              -85.88109588599997,
              38.04091262800006
            ],
            [
              -85.71299743699996,
              38.08711242700008
            ],
            [
              -85.55669403199994,
              38.07401275600006
            ],
            [
              -85.42969512899998,
              38.11791229200003
            ],
            [
              -85.43079376199995,
              38.10671234100005
            ],
            [
              -85.440696716,
              38.101913452000076
            ],
            [
              -85.45139312699996,
              38.102413177000074
            ],
            [
              -85.46360015999994,
              38.09591293300008
            ],
            [
              -85.46909332299998,
              38.096210480000025
            ],
            [
              -85.47059631299999,
              38.09461212200006
            ],
            [
              -85.513694763,
              38.01031112700008
            ],
            [
              -85.48949432399996,
              37.99061203000008
            ]
          ]
        ]
      }
    },
    {
      "type": "Feature",
      "properties": {
        "STATE": "KY",
        "ZONE": "061",
        "CWA": "LMK",
        "NAME": "Butler",
        "STATE_ZONE": "KY061",
        "TIME_ZONE": "C"
      },
      "geometry": {
        "type": "Polygon",
        "coordinates": [
          [
            [
              -86.48709869399994,
              37.362411499000075
            ],
            [
              -86.43509674199998,
              37.24511337300004
            ],
            [
              -86.39920043899997,
              37.16981124900008
            ],
            [
              -86.40809631299999,
              37.167613983000024
            ],
            [
              -86.411399841,
              37.16391372700008
            ],
            [
              -86.40919494599996,
              37.15351104700005
            ],
            [
              -86.41199493399995,
              37.152111053000056
            ],
            [
              -86.41519927999997,
              37.15271377600004
            ],
            [
              -86.42219543499994,
              37.15751266500007
            ],
            [
              -86.43219757099996,
              37.16121292100007
            ],
            [
              -86.43919372599998,
              37.16661071800007
            ],
            [
              -86.44299316399997,
              37.164913177000074
            ],
            [
              -86.44429779099994,
              37.16031265300006
            ],
            [
              -86.44329833999996,
              37.15581131000005
            ],
            [
              -86.44859313999996,
              37.15141296400003
            ],
            [
              -86.45479583699995,
              37.150413513000046
            ],
            [
              -86.46589660599994,
              37.15261077900004
            ],
            [
              -86.46979522699996,
              37.16351318400007
            ],
            [
              -86.48379516499995,
              37.17781067000004
            ],
            [
              -86.48479461699998,
              37.18201065100004
            ],
            [
              -86.49250030499996,
              37.18561172500006
            ],
            [
              -86.49609374999994,
              37.190311432000044
            ],
            [
              -86.50669860799997,
              37.18601226800007
            ],
            [
              -86.51799774199998,
              37.18621063200004
            ],
            [
              -86.52219390899995,
              37.184112549000076
            ],
            [
              -86.52649688699995,
              37.17751312300004
            ],
            [
              -86.52989959699994,
              37.177413940000065
            ],
            [
              -86.53379821799996,
              37.181911469000056
            ],
            [
              -86.53859710699999,
              37.179710388000046
            ],
            [
              -86.54109954799998,
              37.17621231100003
            ],
            [
              -86.55229949999995,
              37.17641067500006
            ],
            [
              -86.561096191,
              37.17901229900008
            ],
            [
              -86.56369781599994,
              37.180713654000044
            ],
            [
              -86.56419372599998,
              37.183113098000035
            ],
            [
              -86.56239318799999,
              37.18671035800003
            ],
            [
              -86.57429504399994,
              37.184013367000034
            ],
            [
              -86.58039856099998,
              37.185211182000046
            ],
            [
              -86.58199310299995,
              37.18091201800007
            ],
            [
              -86.58929443399995,
              37.17921066300005
            ],
            [
              -86.59529876699997,
              37.185112
            ],
            [
              -86.60789489699994,
              37.18451309200003
            ],
            [
              -86.61279296899994,
              37.180713654000044
            ],
            [
              -86.61729431199996,
              37.18381118800005
            ],
            [
              -86.62329864499998,
              37.18081283600003
            ],
            [
              -86.62339782799995,
              37.17481231700003
            ],
            [
              -86.61369323699995,
              37.16581344600007
            ],
            [
              -86.61329650899995,
              37.15471267700008
            ],
            [
              -86.61829376199995,
              37.147613525000054
            ],
            [
              -86.62379455599995,
              37.12951278700007
            ],
            [
              -86.67459869399994,
              37.00001144400005
            ],
            [
              -86.84469604499998,
              37.05631256100003
            ],
            [
              -86.93289947599999,
              37.06801223800005
            ],
            [
              -86.94059753399995,
              37.06981277500006
            ],
            [
              -86.94479370099998,
              37.07261276200006
            ],
            [
              -86.94329833999996,
              37.07551193200004
            ],
            [
              -86.93689727899994,
              37.079311371000074
            ],
            [
              -86.92359924299996,
              37.07991027800006
            ],
            [
              -86.92139434799998,
              37.078712463000045
            ],
            [
              -86.91239929199998,
              37.08351135300006
            ],
            [
              -86.90579986599994,
              37.08471298200004
            ],
            [
              -86.90429687499994,
              37.08741378800005
            ],
            [
              -86.89509582499994,
              37.088710785000046
            ],
            [
              -86.89909362799995,
              37.09551239000007
            ],
            [
              -86.89719390899995,
              37.09881210300006
            ],
            [
              -86.89939880399999,
              37.10121154800004
            ],
            [
              -86.89939880399999,
              37.10381317100007
            ],
            [
              -86.90329742399996,
              37.10181045500008
            ],
            [
              -86.90309905999999,
              37.10451126100003
            ],
            [
              -86.90059661899994,
              37.106311798000036
            ],
            [
              -86.90489959699994,
              37.107013702000074
            ],
            [
              -86.90119934099994,
              37.10911178600003
            ],
            [
              -86.90149688699995,
              37.11161041300005
            ],
            [
              -86.89059448199998,
              37.10991287200005
            ],
            [
              -86.88799285899995,
              37.11011123700007
            ],
            [
              -86.88639831499995,
              37.11211395300006
            ],
            [
              -86.88859558099995,
              37.11471176100008
            ],
            [
              -86.89709472699997,
              37.11771392800006
            ],
            [
              -86.89769744899996,
              37.12071228000008
            ],
            [
              -86.90039825399998,
              37.12131118800005
            ],
            [
              -86.90029907199994,
              37.12371063200004
            ],
            [
              -86.89779663099995,
              37.124912262000066
            ],
            [
              -86.89989471399997,
              37.12681198100006
            ],
            [
              -86.90169525199997,
              37.133613586000024
            ],
            [
              -86.90439605699999,
              37.13261032100007
            ],
            [
              -86.90719604499998,
              37.12731170700005
            ],
            [
              -86.91289520299995,
              37.12591171300005
            ],
            [
              -86.91529846199995,
              37.12761306800007
            ],
            [
              -86.91249847499995,
              37.132411957000045
            ],
            [
              -86.91649627799995,
              37.13851165800003
            ],
            [
              -86.92339324999995,
              37.14241027800006
            ],
            [
              -86.92639923199994,
              37.141811371000074
            ],
            [
              -86.92409515399999,
              37.145511627000076
            ],
            [
              -86.92659759499998,
              37.15091323900003
            ],
            [
              -86.92619323699995,
              37.16061401400003
            ],
            [
              -86.92049407999997,
              37.16991043100006
            ],
            [
              -86.91969299299996,
              37.17641067500006
            ],
            [
              -86.92129516599994,
              37.17961120600006
            ],
            [
              -86.91600036599993,
              37.179512024000076
            ],
            [
              -86.91389465299994,
              37.17771148700007
            ],
            [
              -86.90659332299998,
              37.17891311600005
            ],
            [
              -86.90079498299997,
              37.17661285400004
            ],
            [
              -86.89479827899999,
              37.17871093700006
            ],
            [
              -86.89089965799997,
              37.18501281700003
            ],
            [
              -86.89149475099998,
              37.187011719000054
            ],
            [
              -86.89529418899997,
              37.18711090100004
            ],
            [
              -86.90089416499995,
              37.184612274000074
            ],
            [
              -86.90859985399999,
              37.19051361100003
            ],
            [
              -86.90879821799996,
              37.19441223100006
            ],
            [
              -86.90189361599994,
              37.19201278700007
            ],
            [
              -86.90599823099996,
              37.20781326300005
            ],
            [
              -86.90369415299995,
              37.21171188400007
            ],
            [
              -86.90049743899993,
              37.21071242800008
            ],
            [
              -86.88779449499998,
              37.219512939000026
            ],
            [
              -86.88569641099997,
              37.22221374500003
            ],
            [
              -86.88509368899997,
              37.23231124900008
            ],
            [
              -86.87089538599997,
              37.24751281700003
            ],
            [
              -86.86069488499999,
              37.251911163000045
            ],
            [
              -86.85260009799998,
              37.25141143800005
            ],
            [
              -86.85289764399994,
              37.254310608000026
            ],
            [
              -86.85059356699998,
              37.25571060200008
            ],
            [
              -86.84899902299998,
              37.26151275600006
            ],
            [
              -86.84339904799998,
              37.26521301300005
            ],
            [
              -86.84349822999997,
              37.26781082200006
            ],
            [
              -86.83879852299998,
              37.269912720000036
            ],
            [
              -86.82919311499995,
              37.28111267100007
            ],
            [
              -86.83019256599994,
              37.285713196000074
            ],
            [
              -86.82799529999994,
              37.28631210300006
            ],
            [
              -86.82519531299994,
              37.293613434000065
            ],
            [
              -86.81559753399995,
              37.293510437000066
            ],
            [
              -86.80859375099999,
              37.291412354000045
            ],
            [
              -86.81839752199994,
              37.30531311000004
            ],
            [
              -86.82129669199998,
              37.31911087000003
            ],
            [
              -86.81769561799996,
              37.32641220100004
            ],
            [
              -86.81219482399996,
              37.33071136500007
            ],
            [
              -86.79879760699998,
              37.33461380000006
            ],
            [
              -86.77599334699994,
              37.326313019000054
            ],
            [
              -86.77359771699997,
              37.32361221300005
            ],
            [
              -86.77419280999999,
              37.31931304900007
            ],
            [
              -86.76989746099997,
              37.309413910000046
            ],
            [
              -86.75919341999997,
              37.30441284200003
            ],
            [
              -86.61199951199995,
              37.39531326300005
            ],
            [
              -86.48709869399994,
              37.362411499000075
            ]
          ]
        ]
      }
    },
    {
      "type": "Feature",
      "properties": {
        "STATE": "KY",
        "ZONE": "066",
        "CWA": "LMK",
        "NAME": "Casey",
        "STATE_ZONE": "KY066",
        "TIME_ZONE": "E"
      },
      "geometry": {
        "type": "Polygon",
        "coordinates": [
          [
            [
              -84.84700012199994,
              37.548011780000024
            ],
            [
              -84.85699462899998,
              37.52771377600004
            ],
            [
              -84.85779571499995,
              37.48371124300007
            ],
            [
              -84.86009979199997,
              37.46731185900006
            ],
            [
              -84.85049438599998,
              37.42711257900004
            ],
            [
              -84.79559326199995,
              37.390312195000035
            ],
            [
              -84.73569488499999,
              37.36651229900008
            ],
            [
              -84.72259521499996,
              37.359611511000026
            ],
            [
              -84.70719909699994,
              37.30311203000008
            ],
            [
              -84.70769500699998,
              37.298912048000034
            ],
            [
              -84.71149444599996,
              37.29851150500008
            ],
            [
              -84.72329711899994,
              37.28531265300006
            ],
            [
              -84.72259521499996,
              37.27391052200005
            ],
            [
              -84.72049713099995,
              37.27241134600007
            ],
            [
              -84.71939849899996,
              37.25691223100006
            ],
            [
              -84.71629333599998,
              37.253211975000056
            ],
            [
              -84.71949768099995,
              37.24931335400004
            ],
            [
              -84.71889495799996,
              37.24511337300004
            ],
            [
              -84.72109985399999,
              37.24211120600006
            ],
            [
              -84.72079467799995,
              37.23891067500006
            ],
            [
              -84.72480011,
              37.235313416000054
            ],
            [
              -84.80939483699996,
              37.17501068100006
            ],
            [
              -84.88689422599998,
              37.12511062600004
            ],
            [
              -84.91709899899996,
              37.10761261000005
            ],
            [
              -84.95299529999994,
              37.10251236000005
            ],
            [
              -84.97039794899996,
              37.11291122400007
            ],
            [
              -85.05310058599997,
              37.196411133000026
            ],
            [
              -85.05699920799998,
              37.256313324000075
            ],
            [
              -85.11179351799996,
              37.28181076100003
            ],
            [
              -85.14629363999995,
              37.30371093700006
            ],
            [
              -85.16510009799998,
              37.31051254300007
            ],
            [
              -85.15859985399999,
              37.31631088300003
            ],
            [
              -85.15219879199998,
              37.332111359000066
            ],
            [
              -85.14329528899998,
              37.34261322000003
            ],
            [
              -85.14059448199998,
              37.35211181600005
            ],
            [
              -85.13599395799997,
              37.35491180400004
            ],
            [
              -85.13279724099993,
              37.35971069300007
            ],
            [
              -85.13139343299997,
              37.36451339700005
            ],
            [
              -85.13269805899995,
              37.379413605000025
            ],
            [
              -85.12969970699999,
              37.384811401000036
            ],
            [
              -85.12399291999998,
              37.386611938000044
            ],
            [
              -85.11969757099996,
              37.38501358000008
            ],
            [
              -85.11499786399997,
              37.38771057100007
            ],
            [
              -85.10599517799994,
              37.396713257000044
            ],
            [
              -85.10149383499999,
              37.398212433000026
            ],
            [
              -85.08939361599994,
              37.397613525000054
            ],
            [
              -85.08499908399995,
              37.39891052200005
            ],
            [
              -85.07679748499999,
              37.41201019300007
            ],
            [
              -85.06189727799995,
              37.417911530000026
            ],
            [
              -85.04559326299994,
              37.41301345800008
            ],
            [
              -85.04259490999993,
              37.46331405600006
            ],
            [
              -85.04359435999999,
              37.49911117600004
            ],
            [
              -85.03969574099995,
              37.54521179200003
            ],
            [
              -85.02700042699996,
              37.55031204200003
            ],
            [
              -85.01279449599997,
              37.55091095000006
            ],
            [
              -85.00359344499998,
              37.546913147000055
            ],
            [
              -85.00109863299997,
              37.533710480000025
            ],
            [
              -84.89799499499998,
              37.53221130400004
            ],
            [
              -84.84700012199994,
              37.548011780000024
            ]
          ]
        ]
      }
    },
    {
      "type": "Feature",
      "properties": {
        "STATE": "KY",
        "ZONE": "049",
        "CWA": "LMK",
        "NAME": "Clark",
        "STATE_ZONE": "KY049",
        "TIME_ZONE": "E"
      },
      "geometry": {
        "type": "Polygon",
        "coordinates": [
          [
            [
              -83.96599578899998,
              37.93101120000006
            ],
            [
              -83.97769927999997,
              37.92901229900008
            ],
            [
              -83.97969818099995,
              37.92791366600005
            ],
            [
              -83.97609710699999,
              37.924312592000035
            ],
            [
              -83.98389434799998,
              37.924011230000076
            ],
            [
              -83.99179840099998,
              37.91811370800008
            ],
            [
              -83.99029540999999,
              37.912513733000026
            ],
            [
              -83.99129486099997,
              37.90321350100004
            ],
            [
              -83.98619842499994,
              37.903411865000066
            ],
            [
              -83.99819946299993,
              37.887012482000046
            ],
            [
              -83.99639892599998,
              37.88311386100003
            ],
            [
              -83.99839782699996,
              37.876113892000035
            ],
            [
              -84.00069427499994,
              37.87431335400004
            ],
            [
              -84.00099945099998,
              37.87081146200006
            ],
            [
              -84.00379943799999,
              37.87001037600004
            ],
            [
              -84.00309753399995,
              37.86741256700003
            ],
            [
              -84.00739288299997,
              37.85981369000007
            ],
            [
              -84.01629638699995,
              37.85921096800007
            ],
            [
              -84.01929473899997,
              37.86871337900004
            ],
            [
              -84.02269744899996,
              37.870613098000035
            ],
            [
              -84.02709960999994,
              37.869712830000026
            ],
            [
              -84.02669525099998,
              37.86651229900008
            ],
            [
              -84.02019500699998,
              37.85651397700008
            ],
            [
              -84.01139831499995,
              37.855411530000026
            ],
            [
              -84.00939941399997,
              37.85321044900007
            ],
            [
              -84.01349639999995,
              37.85331344600007
            ],
            [
              -84.00889587399996,
              37.84481048600003
            ],
            [
              -84.00189971899994,
              37.83841323900003
            ],
            [
              -84.00429534899996,
              37.83441162100007
            ],
            [
              -84.01659393399996,
              37.833011627000076
            ],
            [
              -84.01979827899999,
              37.83451080300006
            ],
            [
              -84.02029418899997,
              37.83771133400006
            ],
            [
              -84.01389312699996,
              37.84101104700005
            ],
            [
              -84.01579284699994,
              37.842712402000075
            ],
            [
              -84.02579498299997,
              37.837512970000034
            ],
            [
              -84.03899383499999,
              37.833911896000075
            ],
            [
              -84.04439544799999,
              37.84161377000004
            ],
            [
              -84.04669952399996,
              37.83841323900003
            ],
            [
              -84.04959869399994,
              37.83821106000005
            ],
            [
              -84.05379486099997,
              37.84691238400006
            ],
            [
              -84.05899810799997,
              37.84771347000003
            ],
            [
              -84.05679321399998,
              37.84261322000003
            ],
            [
              -84.05819702099996,
              37.83481216400003
            ],
            [
              -84.066596985,
              37.829612732000044
            ],
            [
              -84.06620025599995,
              37.825714111000025
            ],
            [
              -84.06979370199997,
              37.821910858000024
            ],
            [
              -84.07589721699998,
              37.82391357400007
            ],
            [
              -84.07709503199999,
              37.83771133400006
            ],
            [
              -84.07979583699995,
              37.84361267100007
            ],
            [
              -84.07740020799997,
              37.85121154800004
            ],
            [
              -84.08919525099998,
              37.86101150500008
            ],
            [
              -84.09729766899994,
              37.86041259800004
            ],
            [
              -84.10729980499997,
              37.850811005000025
            ],
            [
              -84.11019897499995,
              37.850013733000026
            ],
            [
              -84.11689758299997,
              37.85411071800007
            ],
            [
              -84.12289428699995,
              37.86211395300006
            ],
            [
              -84.13039398199999,
              37.86781311000004
            ],
            [
              -84.14989471399997,
              37.86641311600005
            ],
            [
              -84.16239929199998,
              37.86131286600005
            ],
            [
              -84.16589355499997,
              37.86161041300005
            ],
            [
              -84.16959381099997,
              37.86641311600005
            ],
            [
              -84.17009735099998,
              37.871913910000046
            ],
            [
              -84.17219543499994,
              37.874813080000024
            ],
            [
              -84.18289947499994,
              37.87891387900004
            ],
            [
              -84.18889617899998,
              37.87861251800007
            ],
            [
              -84.20719909699994,
              37.86981201200007
            ],
            [
              -84.21529388399995,
              37.86951065100004
            ],
            [
              -84.22089386,
              37.87131118800005
            ],
            [
              -84.22919464099994,
              37.88421249400005
            ],
            [
              -84.23769378699996,
              37.88721084600007
            ],
            [
              -84.24879455699994,
              37.88431167600004
            ],
            [
              -84.25989532499995,
              37.87631225600006
            ],
            [
              -84.26300048899998,
              37.876712799000074
            ],
            [
              -84.26559448199998,
              37.882213593000074
            ],
            [
              -84.26269531399998,
              37.88761138900003
            ],
            [
              -84.26149749799998,
              37.89531326300005
            ],
            [
              -84.27019500699998,
              37.907012939000026
            ],
            [
              -84.26939392099996,
              37.91631317100007
            ],
            [
              -84.27279663099995,
              37.917312622000054
            ],
            [
              -84.29940032999997,
              37.90481185900006
            ],
            [
              -84.30819702099996,
              37.90381240800008
            ],
            [
              -84.33219909699994,
              37.89591217000003
            ],
            [
              -84.33839416499995,
              37.892513275000056
            ],
            [
              -84.34259796099997,
              37.894512177000024
            ],
            [
              -84.34359741199995,
              37.897613525000054
            ],
            [
              -84.34589386099998,
              37.89681243900003
            ],
            [
              -84.34849548299997,
              37.89851379400005
            ],
            [
              -84.33969879199998,
              37.90691375700004
            ],
            [
              -84.34229278599997,
              37.90821075400004
            ],
            [
              -84.34199523899997,
              37.91131210300006
            ],
            [
              -84.34359741199995,
              37.91321182300004
            ],
            [
              -84.34719848599997,
              37.91451263400006
            ],
            [
              -84.33969879199998,
              37.91621398900003
            ],
            [
              -84.34320068399995,
              37.91901397700008
            ],
            [
              -84.33869934099994,
              37.92291259800004
            ],
            [
              -84.33169555699999,
              37.92051315300006
            ],
            [
              -84.33039856099998,
              37.92331314100005
            ],
            [
              -84.33279418899997,
              37.92541122400007
            ],
            [
              -84.33299255399999,
              37.92811203000008
            ],
            [
              -84.33959960899995,
              37.93111038200004
            ],
            [
              -84.33950042699996,
              37.93351364100005
            ],
            [
              -84.33719634999994,
              37.93551254300007
            ],
            [
              -84.33249664299996,
              37.93541336100003
            ],
            [
              -84.33139800999999,
              37.93711090100004
            ],
            [
              -84.33779907199994,
              37.93931198100006
            ],
            [
              -84.33209991499996,
              37.94341278100006
            ],
            [
              -84.33229827899999,
              37.945812225000054
            ],
            [
              -84.32180023199999,
              37.947113037000065
            ],
            [
              -84.31139373799994,
              37.95311355600006
            ],
            [
              -84.31559753399995,
              37.95441055300006
            ],
            [
              -84.32109832799995,
              37.95361328100006
            ],
            [
              -84.32279968299997,
              37.95561218300003
            ],
            [
              -84.32009887699996,
              37.95951080300006
            ],
            [
              -84.31379699699994,
              37.961612701000035
            ],
            [
              -84.31199645999999,
              37.96401214600007
            ],
            [
              -84.31259918199999,
              37.966812134000065
            ],
            [
              -84.32399749799998,
              37.966213226000036
            ],
            [
              -84.32079315199996,
              37.977813721000075
            ],
            [
              -84.32509612999996,
              37.98911285400004
            ],
            [
              -84.32019805999994,
              37.99451065100004
            ],
            [
              -84.32180023199999,
              37.99961090100004
            ],
            [
              -84.31959533799994,
              38.00231170700005
            ],
            [
              -84.28409576399997,
              38.019912720000036
            ],
            [
              -84.28719329799998,
              38.022613525000054
            ],
            [
              -84.29209899899996,
              38.03381347700008
            ],
            [
              -84.29129791299994,
              38.03601074200003
            ],
            [
              -84.28599548299997,
              38.038311005000025
            ],
            [
              -84.28479766799995,
              38.04091262800006
            ],
            [
              -84.28649902299998,
              38.05371093700006
            ],
            [
              -84.28409576399997,
              38.057811737000065
            ],
            [
              -84.28559875499997,
              38.066913605000025
            ],
            [
              -84.08020019499997,
              38.11541366600005
            ],
            [
              -83.99989318799999,
              37.989013672000056
            ],
            [
              -83.96599578899998,
              37.93101120000006
            ]
          ]
        ]
      }
    },
    {
      "type": "Feature",
      "properties": {
        "STATE": "KY",
        "ZONE": "081",
        "CWA": "LMK",
        "NAME": "Cumberland",
        "STATE_ZONE": "KY081",
        "TIME_ZONE": "C"
      },
      "geometry": {
        "type": "Polygon",
        "coordinates": [
          [
            [
              -85.23199462899998,
              36.925212860000045
            ],
            [
              -85.27519988999995,
              36.89781189000007
            ],
            [
              -85.24709320099998,
              36.87731170700005
            ],
            [
              -85.24509429899996,
              36.872112274000074
            ],
            [
              -85.24569702099996,
              36.861511230000076
            ],
            [
              -85.24049377399996,
              36.855411530000026
            ],
            [
              -85.22619628899997,
              36.85131073000008
            ],
            [
              -85.21569824199997,
              36.85431289700006
            ],
            [
              -85.24629974399994,
              36.74551391600005
            ],
            [
              -85.29639434799998,
              36.62571334800003
            ],
            [
              -85.43699645999999,
              36.61881256100003
            ],
            [
              -85.49659728999995,
              36.690311432000044
            ],
            [
              -85.47079467799995,
              36.72811126700003
            ],
            [
              -85.47039794899996,
              36.732013702000074
            ],
            [
              -85.47809600799997,
              36.735210419000055
            ],
            [
              -85.49900054899996,
              36.73381042500006
            ],
            [
              -85.50869751,
              36.736511230000076
            ],
            [
              -85.51429748499999,
              36.73181152300003
            ],
            [
              -85.51789855999994,
              36.732212067000034
            ],
            [
              -85.52209472699997,
              36.736110687000064
            ],
            [
              -85.52199554399994,
              36.74301147500006
            ],
            [
              -85.52689361599994,
              36.74511337300004
            ],
            [
              -85.52629852299998,
              36.74751281700003
            ],
            [
              -85.52939605699999,
              36.75251388500004
            ],
            [
              -85.53229522699996,
              36.75591278100006
            ],
            [
              -85.53869628899997,
              36.75841140700004
            ],
            [
              -85.53839874299996,
              36.76221084600007
            ],
            [
              -85.54069518999995,
              36.76551055900006
            ],
            [
              -85.53899383499999,
              36.77151107800006
            ],
            [
              -85.54129791299994,
              36.77361297600004
            ],
            [
              -85.55709838899998,
              36.77211380000006
            ],
            [
              -85.55879974399994,
              36.77331161500007
            ],
            [
              -85.56889343299997,
              36.77091217000003
            ],
            [
              -85.57359313999996,
              36.773212433000026
            ],
            [
              -85.57609558099995,
              36.77791214000007
            ],
            [
              -85.58799743699996,
              36.77741241500007
            ],
            [
              -85.59609985399999,
              36.81801223800005
            ],
            [
              -85.58159637499995,
              36.822910309000065
            ],
            [
              -85.57460022099997,
              36.83821106000005
            ],
            [
              -85.59140014599996,
              36.85491180400004
            ],
            [
              -85.59379577699997,
              36.85821151700003
            ],
            [
              -85.59359741199995,
              36.86171340900006
            ],
            [
              -85.59980011,
              36.869312286000024
            ],
            [
              -85.60029602099996,
              36.872711182000046
            ],
            [
              -85.58929443399995,
              36.87331390400004
            ],
            [
              -85.58509826799997,
              36.86991119400005
            ],
            [
              -85.57919311499995,
              36.868110657000045
            ],
            [
              -85.56059265099998,
              36.850914001000035
            ],
            [
              -85.53569793699995,
              36.86251068100006
            ],
            [
              -85.50719451899994,
              36.86761093100006
            ],
            [
              -85.47419738799994,
              36.89391326900005
            ],
            [
              -85.45139312699996,
              36.938110352000024
            ],
            [
              -85.23199462899998,
              36.925212860000045
            ]
          ]
        ]
      }
    },
    {
      "type": "Feature",
      "properties": {
        "STATE": "KY",
        "ZONE": "062",
        "CWA": "LMK",
        "NAME": "Edmonson",
        "STATE_ZONE": "KY062",
        "TIME_ZONE": "C"
      },
      "geometry": {
        "type": "Polygon",
        "coordinates": [
          [
            [
              -86.15760040299995,
              37.335514069000055
            ],
            [
              -86.04940032999997,
              37.215911865000066
            ],
            [
              -86.07409667999997,
              37.05441284200003
            ],
            [
              -86.10869598399995,
              37.060112
            ],
            [
              -86.11409759499998,
              37.059810638000044
            ],
            [
              -86.12289428699995,
              37.062911987000064
            ],
            [
              -86.19229888899997,
              37.076313019000054
            ],
            [
              -86.21849822999997,
              37.103912354000045
            ],
            [
              -86.24229431199996,
              37.09651184100005
            ],
            [
              -86.24479675299995,
              37.092712402000075
            ],
            [
              -86.25639343399996,
              37.08561325100004
            ],
            [
              -86.26770019499997,
              37.08231353800005
            ],
            [
              -86.28089904799998,
              37.080810547000056
            ],
            [
              -86.28399658199999,
              37.08251190200008
            ],
            [
              -86.39920043899997,
              37.16981124900008
            ],
            [
              -86.43509674199998,
              37.24511337300004
            ],
            [
              -86.46889495799996,
              37.32101059000007
            ],
            [
              -86.32799529999994,
              37.326313019000054
            ],
            [
              -86.20869445799997,
              37.332912445000034
            ],
            [
              -86.19869995099998,
              37.32821273800005
            ],
            [
              -86.19429779099994,
              37.327812195000035
            ],
            [
              -86.191596985,
              37.32951355000006
            ],
            [
              -86.19299316399997,
              37.33551025400004
            ],
            [
              -86.18930053699995,
              37.34041214000007
            ],
            [
              -86.18729400599995,
              37.34041214000007
            ],
            [
              -86.18639373799994,
              37.33761215200008
            ],
            [
              -86.18079376199995,
              37.337211609000065
            ],
            [
              -86.17509587499995,
              37.332112179000035
            ],
            [
              -86.15760040299995,
              37.335514069000055
            ]
          ]
        ]
      }
    },
    {
      "type": "Feature",
      "properties": {
        "STATE": "KY",
        "ZONE": "041",
        "CWA": "LMK",
        "NAME": "Fayette",
        "STATE_ZONE": "KY041",
        "TIME_ZONE": "E"
      },
      "geometry": {
        "type": "Polygon",
        "coordinates": [
          [
            [
              -84.28559875499997,
              38.066913605000025
            ],
            [
              -84.28409576399997,
              38.057811737000065
            ],
            [
              -84.28649902299998,
              38.05371093700006
            ],
            [
              -84.28479766799995,
              38.04091262800006
            ],
            [
              -84.28599548299997,
              38.038311005000025
            ],
            [
              -84.29129791299994,
              38.03601074200003
            ],
            [
              -84.29209899899996,
              38.03381347700008
            ],
            [
              -84.28719329799998,
              38.022613525000054
            ],
            [
              -84.28409576399997,
              38.019912720000036
            ],
            [
              -84.31959533799994,
              38.00231170700005
            ],
            [
              -84.32180023199999,
              37.99961090100004
            ],
            [
              -84.32019805999994,
              37.99451065100004
            ],
            [
              -84.32509612999996,
              37.98911285400004
            ],
            [
              -84.32079315199996,
              37.977813721000075
            ],
            [
              -84.32399749799998,
              37.966213226000036
            ],
            [
              -84.31259918199999,
              37.966812134000065
            ],
            [
              -84.31199645999999,
              37.96401214600007
            ],
            [
              -84.31379699699994,
              37.961612701000035
            ],
            [
              -84.32009887699996,
              37.95951080300006
            ],
            [
              -84.32279968299997,
              37.95561218300003
            ],
            [
              -84.32109832799995,
              37.95361328100006
            ],
            [
              -84.31559753399995,
              37.95441055300006
            ],
            [
              -84.31139373799994,
              37.95311355600006
            ],
            [
              -84.32180023199999,
              37.947113037000065
            ],
            [
              -84.33229827899999,
              37.945812225000054
            ],
            [
              -84.33209991499996,
              37.94341278100006
            ],
            [
              -84.33779907199994,
              37.93931198100006
            ],
            [
              -84.33139800999999,
              37.93711090100004
            ],
            [
              -84.33249664299996,
              37.93541336100003
            ],
            [
              -84.33719634999994,
              37.93551254300007
            ],
            [
              -84.33950042699996,
              37.93351364100005
            ],
            [
              -84.33959960899995,
              37.93111038200004
            ],
            [
              -84.33299255399999,
              37.92811203000008
            ],
            [
              -84.33279418899997,
              37.92541122400007
            ],
            [
              -84.33039856099998,
              37.92331314100005
            ],
            [
              -84.33169555699999,
              37.92051315300006
            ],
            [
              -84.33869934099994,
              37.92291259800004
            ],
            [
              -84.34320068399995,
              37.91901397700008
            ],
            [
              -84.33969879199998,
              37.91621398900003
            ],
            [
              -84.34719848599997,
              37.91451263400006
            ],
            [
              -84.34359741199995,
              37.91321182300004
            ],
            [
              -84.34199523899997,
              37.91131210300006
            ],
            [
              -84.34229278599997,
              37.90821075400004
            ],
            [
              -84.33969879199998,
              37.90691375700004
            ],
            [
              -84.34849548299997,
              37.89851379400005
            ],
            [
              -84.34589386099998,
              37.89681243900003
            ],
            [
              -84.34359741199995,
              37.897613525000054
            ],
            [
              -84.34259796099997,
              37.894512177000024
            ],
            [
              -84.33839416499995,
              37.892513275000056
            ],
            [
              -84.33939361699998,
              37.88421249400005
            ],
            [
              -84.34409332299998,
              37.881313324000075
            ],
            [
              -84.36509704599996,
              37.89711380000006
            ],
            [
              -84.37349700899995,
              37.901012421000075
            ],
            [
              -84.37989807199995,
              37.90091323900003
            ],
            [
              -84.38269805899995,
              37.898410797000054
            ],
            [
              -84.38359832899994,
              37.89471054100005
            ],
            [
              -84.37279510599996,
              37.876712799000074
            ],
            [
              -84.36560058599997,
              37.860210419000055
            ],
            [
              -84.36899566699998,
              37.85441207900004
            ],
            [
              -84.37659454299995,
              37.85221099900008
            ],
            [
              -84.38569641099997,
              37.84561157200005
            ],
            [
              -84.39249420199997,
              37.847110748000034
            ],
            [
              -84.40459442099996,
              37.860912323000036
            ],
            [
              -84.40829467799995,
              37.86851120000006
            ],
            [
              -84.41419982999997,
              37.87221145600006
            ],
            [
              -84.42089843799994,
              37.869712830000026
            ],
            [
              -84.42839813199998,
              37.85351181000004
            ],
            [
              -84.43339538599997,
              37.84921264600007
            ],
            [
              -84.43709564299996,
              37.84851074200003
            ],
            [
              -84.43499755899995,
              37.85531234700005
            ],
            [
              -84.4375,
              37.862712860000045
            ],
            [
              -84.43459320099998,
              37.86851120000006
            ],
            [
              -84.44329833999996,
              37.88141250600006
            ],
            [
              -84.44289398199999,
              37.887012482000046
            ],
            [
              -84.44819641099997,
              37.893611908000025
            ],
            [
              -84.45279693599997,
              37.90901184100005
            ],
            [
              -84.46589660599994,
              37.91841125500008
            ],
            [
              -84.47169494599996,
              37.92051315300006
            ],
            [
              -84.47449493499994,
              37.93291091900005
            ],
            [
              -84.47949981699998,
              37.94001388500004
            ],
            [
              -84.59209442099996,
              37.98631286600005
            ],
            [
              -84.66049957299998,
              38.003211975000056
            ],
            [
              -84.65599823099996,
              38.02271270800003
            ],
            [
              -84.62069702099996,
              38.129413605000025
            ],
            [
              -84.40259551999998,
              38.20771408100006
            ],
            [
              -84.40119934199998,
              38.20571136500007
            ],
            [
              -84.39669799799998,
              38.205913544000055
            ],
            [
              -84.38789367699997,
              38.20971298200004
            ],
            [
              -84.37669372599998,
              38.21051025400004
            ],
            [
              -84.37439727799995,
              38.208011627000076
            ],
            [
              -84.37379455599995,
              38.20291137700008
            ],
            [
              -84.36779785299996,
              38.19971084600007
            ],
            [
              -84.365592957,
              38.196411133000026
            ],
            [
              -84.35959625199996,
              38.19511032100007
            ],
            [
              -84.35869598399995,
              38.191810608000026
            ],
            [
              -84.35849761999998,
              38.18651199300007
            ],
            [
              -84.35999298099995,
              38.184112549000076
            ],
            [
              -84.35599517799994,
              38.17771148700007
            ],
            [
              -84.35949707099996,
              38.17241287200005
            ],
            [
              -84.36279296899994,
              38.17111206100003
            ],
            [
              -84.36509704599996,
              38.16541290300006
            ],
            [
              -84.37269592299998,
              38.161510468000074
            ],
            [
              -84.37369537499995,
              38.15801239000007
            ],
            [
              -84.37019348099994,
              38.15231323200004
            ],
            [
              -84.36999511799996,
              38.13961410500008
            ],
            [
              -84.36789703399995,
              38.12881088300003
            ],
            [
              -84.369499207,
              38.125213623000036
            ],
            [
              -84.37739562999997,
              38.121513367000034
            ],
            [
              -84.37709808299996,
              38.11951065100004
            ],
            [
              -84.38029479999994,
              38.11431121800007
            ],
            [
              -84.37889862099996,
              38.11121368400006
            ],
            [
              -84.37009429899996,
              38.10871124300007
            ],
            [
              -84.36619567899999,
              38.10231399500003
            ],
            [
              -84.36049652099996,
              38.09891128500004
            ],
            [
              -84.34499359099993,
              38.09471130400004
            ],
            [
              -84.34369659399994,
              38.09171295200008
            ],
            [
              -84.33049774199998,
              38.085712433000026
            ],
            [
              -84.32479858399995,
              38.08621215800008
            ],
            [
              -84.31839752199994,
              38.09241104100005
            ],
            [
              -84.31559753399995,
              38.092910767000035
            ],
            [
              -84.30690002399996,
              38.08461380000006
            ],
            [
              -84.30449676499995,
              38.08521270800003
            ],
            [
              -84.29899597199994,
              38.08141326900005
            ],
            [
              -84.29519653299997,
              38.08101272600004
            ],
            [
              -84.28789520299995,
              38.075412750000055
            ],
            [
              -84.28450012199994,
              38.06941223100006
            ],
            [
              -84.28559875499997,
              38.066913605000025
            ]
          ]
        ]
      }
    },
    {
      "type": "Feature",
      "properties": {
        "STATE": "KY",
        "ZONE": "035",
        "CWA": "LMK",
        "NAME": "Franklin",
        "STATE_ZONE": "KY035",
        "TIME_ZONE": "E"
      },
      "geometry": {
        "type": "Polygon",
        "coordinates": [
          [
            [
              -84.86929321299993,
              38.357013702000074
            ],
            [
              -84.84949493399995,
              38.354812622000054
            ],
            [
              -84.83950042699996,
              38.35661315900006
            ],
            [
              -84.82579803499993,
              38.348411560000045
            ],
            [
              -84.81589508099995,
              38.34811401400003
            ],
            [
              -84.81119537499995,
              38.34951019300007
            ],
            [
              -84.80639648399995,
              38.348411560000045
            ],
            [
              -84.79299926799996,
              38.338710785000046
            ],
            [
              -84.74959564199997,
              38.34861373900003
            ],
            [
              -84.74039459199997,
              38.35201263400006
            ],
            [
              -84.73779296899994,
              38.297710419000055
            ],
            [
              -84.73040008499999,
              38.208312988000046
            ],
            [
              -84.72399902299998,
              38.19421386700003
            ],
            [
              -84.72859954799998,
              38.19421386700003
            ],
            [
              -84.86439514299997,
              38.141212463000045
            ],
            [
              -84.86589813199998,
              38.13251113900003
            ],
            [
              -84.86339569099994,
              38.12021255500008
            ],
            [
              -84.86419677699996,
              38.11831283600003
            ],
            [
              -84.86519622799995,
              38.11651229900008
            ],
            [
              -84.86899566699998,
              38.11711120600006
            ],
            [
              -84.87209320099998,
              38.11561203000008
            ],
            [
              -84.87189483599997,
              38.11261367800006
            ],
            [
              -84.87859344499998,
              38.108112335000044
            ],
            [
              -84.87749481199995,
              38.10621261600005
            ],
            [
              -84.88639831499995,
              38.097511292000036
            ],
            [
              -84.89399719199997,
              38.09701156600005
            ],
            [
              -84.90589904799998,
              38.09351348900003
            ],
            [
              -84.91859435999999,
              38.09921264600007
            ],
            [
              -84.95809936499995,
              38.10981369000007
            ],
            [
              -84.96749877899998,
              38.119312286000024
            ],
            [
              -84.990592957,
              38.126010895000036
            ],
            [
              -84.99359893799993,
              38.12421035800003
            ],
            [
              -84.99799346999998,
              38.12761306800007
            ],
            [
              -85.00689697299998,
              38.12951278700007
            ],
            [
              -85.02339935299995,
              38.12891387900004
            ],
            [
              -85.02289581299993,
              38.13311386100003
            ],
            [
              -85.01979827899999,
              38.13511276200006
            ],
            [
              -85.01839447099997,
              38.14371109000007
            ],
            [
              -85.00469970699999,
              38.160911560000045
            ],
            [
              -85.00939941499996,
              38.162513733000026
            ],
            [
              -85.00989532499995,
              38.165111542000034
            ],
            [
              -85.00609588599997,
              38.16501236000005
            ],
            [
              -85.00429534899996,
              38.16741180400004
            ],
            [
              -85.00879669299997,
              38.168811798000036
            ],
            [
              -85.00619506799995,
              38.17141342200006
            ],
            [
              -85.00839996299999,
              38.17541122400007
            ],
            [
              -85.00079345699999,
              38.22941207900004
            ],
            [
              -84.99869537399996,
              38.275012970000034
            ],
            [
              -84.95689392099996,
              38.33221054100005
            ],
            [
              -84.99639892699997,
              38.33581161500007
            ],
            [
              -84.90819549599996,
              38.37401199300007
            ],
            [
              -84.90559387199994,
              38.373912811000025
            ],
            [
              -84.89199829099994,
              38.355213165000066
            ],
            [
              -84.88499450699999,
              38.35251236000005
            ],
            [
              -84.88189697299998,
              38.35671234100005
            ],
            [
              -84.86929321299993,
              38.357013702000074
            ]
          ]
        ]
      }
    },
    {
      "type": "Feature",
      "properties": {
        "STATE": "KY",
        "ZONE": "056",
        "CWA": "LMK",
        "NAME": "Garrard",
        "STATE_ZONE": "KY056",
        "TIME_ZONE": "E"
      },
      "geometry": {
        "type": "Polygon",
        "coordinates": [
          [
            [
              -84.53170013499994,
              37.77101135300006
            ],
            [
              -84.51359558099995,
              37.76701355000006
            ],
            [
              -84.51179504399994,
              37.765113831000065
            ],
            [
              -84.51459503199999,
              37.75551223800005
            ],
            [
              -84.50539398199999,
              37.75471115100004
            ],
            [
              -84.50269317599998,
              37.74941253700007
            ],
            [
              -84.49959564199997,
              37.74751281700003
            ],
            [
              -84.49459838999996,
              37.74751280800007
            ],
            [
              -84.49339294499998,
              37.74261093100006
            ],
            [
              -84.49459838999996,
              37.739913940000065
            ],
            [
              -84.50319671599993,
              37.73501205400004
            ],
            [
              -84.49749755899995,
              37.72921371500007
            ],
            [
              -84.49720001199995,
              37.72641372700008
            ],
            [
              -84.49329376199995,
              37.72531127900004
            ],
            [
              -84.48880004899996,
              37.72841262800006
            ],
            [
              -84.48429870599995,
              37.72021102900004
            ],
            [
              -84.48539733899997,
              37.711612701000035
            ],
            [
              -84.48179626499996,
              37.70861053500005
            ],
            [
              -84.47429656999998,
              37.708011627000076
            ],
            [
              -84.46859741199995,
              37.70001220700004
            ],
            [
              -84.46360015899995,
              37.69681167600004
            ],
            [
              -84.45980071999998,
              37.69551086400003
            ],
            [
              -84.45039367799995,
              37.69741058300008
            ],
            [
              -84.45409393399996,
              37.691612244000055
            ],
            [
              -84.46219634999994,
              37.688613892000035
            ],
            [
              -84.46439361599994,
              37.687011719000054
            ],
            [
              -84.46479797399996,
              37.68431091300005
            ],
            [
              -84.45999908399995,
              37.68201065100004
            ],
            [
              -84.45479583699995,
              37.674911499000075
            ],
            [
              -84.45229339599996,
              37.675212860000045
            ],
            [
              -84.44629669199998,
              37.68021392800006
            ],
            [
              -84.44329833999996,
              37.67721176100008
            ],
            [
              -84.44629669199998,
              37.67021179200003
            ],
            [
              -84.44499969499998,
              37.667613983000024
            ],
            [
              -84.44039916999998,
              37.668510437000066
            ],
            [
              -84.44229888899997,
              37.66301345800008
            ],
            [
              -84.43849945099998,
              37.66211319000007
            ],
            [
              -84.43759918199999,
              37.65971374500003
            ],
            [
              -84.44089508099995,
              37.65861129800004
            ],
            [
              -84.44289398199999,
              37.65531158400006
            ],
            [
              -84.43429565399998,
              37.65361404400005
            ],
            [
              -84.42869567899999,
              37.65621185300006
            ],
            [
              -84.42859649699994,
              37.65361404400005
            ],
            [
              -84.43109893799993,
              37.65091323900003
            ],
            [
              -84.42769622799995,
              37.648014069000055
            ],
            [
              -84.43009948699995,
              37.643611908000025
            ],
            [
              -84.42379760799997,
              37.644611359000066
            ],
            [
              -84.41959381099997,
              37.64281082200006
            ],
            [
              -84.41869354199997,
              37.64101028400006
            ],
            [
              -84.42549896199995,
              37.640113831000065
            ],
            [
              -84.42589569099994,
              37.63641357400007
            ],
            [
              -84.42179870599995,
              37.633312225000054
            ],
            [
              -84.412994385,
              37.632213593000074
            ],
            [
              -84.41829681399997,
              37.62861251800007
            ],
            [
              -84.41479492199994,
              37.623611450000055
            ],
            [
              -84.42239379899996,
              37.61891174300007
            ],
            [
              -84.40129852299998,
              37.61761093100006
            ],
            [
              -84.39949798599997,
              37.61561203000008
            ],
            [
              -84.39689636299994,
              37.60021209700005
            ],
            [
              -84.38949584999995,
              37.599010468000074
            ],
            [
              -84.38599395799997,
              37.59611129800004
            ],
            [
              -84.37539672899999,
              37.59491348300003
            ],
            [
              -84.37109374999994,
              37.58561325100004
            ],
            [
              -84.37030029399995,
              37.57281112700008
            ],
            [
              -84.36470031699997,
              37.569713593000074
            ],
            [
              -84.36119842499994,
              37.56171035800003
            ],
            [
              -84.35229492199994,
              37.55281066900005
            ],
            [
              -84.35219574299998,
              37.54391097800004
            ],
            [
              -84.34759521499996,
              37.53891372700008
            ],
            [
              -84.35429382299998,
              37.52101135300006
            ],
            [
              -84.36079406699997,
              37.51451110800008
            ],
            [
              -84.35959625199996,
              37.50821304300007
            ],
            [
              -84.35499572799995,
              37.50291061400003
            ],
            [
              -84.35489654499997,
              37.49971389800004
            ],
            [
              -84.37409973099994,
              37.47301101700003
            ],
            [
              -84.44699859699995,
              37.485912323000036
            ],
            [
              -84.45309448199998,
              37.49211120600006
            ],
            [
              -84.46239471399997,
              37.49281311000004
            ],
            [
              -84.47059631299999,
              37.49631118800005
            ],
            [
              -84.47299957299998,
              37.49461364700005
            ],
            [
              -84.61660003699996,
              37.59171295200008
            ],
            [
              -84.61829376299994,
              37.59341049200003
            ],
            [
              -84.61799621599994,
              37.60011291500007
            ],
            [
              -84.61940002399996,
              37.601913452000076
            ],
            [
              -84.62220001199995,
              37.60341262800006
            ],
            [
              -84.63240051299994,
              37.60131073000008
            ],
            [
              -84.64379882799994,
              37.61211395300006
            ],
            [
              -84.64659881599994,
              37.60981369000007
            ],
            [
              -84.64889526499996,
              37.610713959000066
            ],
            [
              -84.648796082,
              37.61521148700007
            ],
            [
              -84.65219879199998,
              37.618213654000044
            ],
            [
              -84.64559936499995,
              37.62411117600004
            ],
            [
              -84.64059448199998,
              37.619312286000024
            ],
            [
              -84.63639831499995,
              37.622112274000074
            ],
            [
              -84.643295288,
              37.62651062000003
            ],
            [
              -84.64449310299995,
              37.63181304900007
            ],
            [
              -84.65129852299998,
              37.63531112700008
            ],
            [
              -84.65009307899999,
              37.63951110800008
            ],
            [
              -84.65899658199999,
              37.633911133000026
            ],
            [
              -84.66189575199996,
              37.63531112700008
            ],
            [
              -84.66339874399995,
              37.633613586000024
            ],
            [
              -84.66609954799998,
              37.63381195100004
            ],
            [
              -84.66589355599996,
              37.63991165200008
            ],
            [
              -84.66019439699994,
              37.642112732000044
            ],
            [
              -84.65449523899997,
              37.64131164600008
            ],
            [
              -84.65200042699996,
              37.647613525000054
            ],
            [
              -84.65349578999997,
              37.652111053000056
            ],
            [
              -84.65669250499997,
              37.65441131600005
            ],
            [
              -84.66619873099995,
              37.65291214000007
            ],
            [
              -84.66899871899994,
              37.64711380000006
            ],
            [
              -84.67869567899999,
              37.64591217000003
            ],
            [
              -84.67959594699994,
              37.64351272600004
            ],
            [
              -84.67329406699997,
              37.640911102000075
            ],
            [
              -84.67579650999994,
              37.637912750000055
            ],
            [
              -84.68179321299993,
              37.63761138900003
            ],
            [
              -84.69349670399998,
              37.64111328100006
            ],
            [
              -84.69189453199994,
              37.64591217000003
            ],
            [
              -84.67869567899999,
              37.65361022900004
            ],
            [
              -84.67999267599998,
              37.657012939000026
            ],
            [
              -84.68359374999994,
              37.65921020500008
            ],
            [
              -84.68809509299996,
              37.65911102300004
            ],
            [
              -84.69379424999994,
              37.66451263400006
            ],
            [
              -84.70389556899994,
              37.65941238400006
            ],
            [
              -84.70509338399995,
              37.660713196000074
            ],
            [
              -84.70259857199994,
              37.66541290300006
            ],
            [
              -84.69889831499995,
              37.667911530000026
            ],
            [
              -84.68049621599994,
              37.67511367800006
            ],
            [
              -84.68509674099994,
              37.68201065100004
            ],
            [
              -84.68209838899998,
              37.68531036400003
            ],
            [
              -84.68449401899994,
              37.687412262000066
            ],
            [
              -84.69849395799997,
              37.68201065100004
            ],
            [
              -84.70139312699996,
              37.68291091900005
            ],
            [
              -84.70399475099998,
              37.68721389800004
            ],
            [
              -84.69939422599998,
              37.69341278100006
            ],
            [
              -84.69839477499994,
              37.696514130000025
            ],
            [
              -84.70059966999997,
              37.69751358000008
            ],
            [
              -84.72189331099997,
              37.69321060200008
            ],
            [
              -84.72579956099997,
              37.69631195100004
            ],
            [
              -84.73479461699998,
              37.69521331800007
            ],
            [
              -84.74279785199997,
              37.69851303100006
            ],
            [
              -84.74079894999994,
              37.70351028400006
            ],
            [
              -84.73459625199996,
              37.70881271400003
            ],
            [
              -84.73529815699999,
              37.71171188400007
            ],
            [
              -84.74489593499999,
              37.713710785000046
            ],
            [
              -84.74309539799998,
              37.717113495000035
            ],
            [
              -84.73559570299994,
              37.71861267100007
            ],
            [
              -84.72539520299995,
              37.71511077900004
            ],
            [
              -84.72599792499994,
              37.719512939000026
            ],
            [
              -84.73040008499999,
              37.72601318400007
            ],
            [
              -84.72889709499998,
              37.72831344600007
            ],
            [
              -84.72579956099997,
              37.72811126700003
            ],
            [
              -84.72029876799996,
              37.724712372000056
            ],
            [
              -84.70219421399997,
              37.72521209700005
            ],
            [
              -84.69979858399995,
              37.72261047400008
            ],
            [
              -84.69609832799995,
              37.72331237800006
            ],
            [
              -84.69109344499998,
              37.72851181000004
            ],
            [
              -84.70669555799998,
              37.732013702000074
            ],
            [
              -84.70689392099996,
              37.73471069300007
            ],
            [
              -84.69629669199998,
              37.739013672000056
            ],
            [
              -84.68939971999998,
              37.735511780000024
            ],
            [
              -84.68839263899997,
              37.74171066300005
            ],
            [
              -84.69120025599995,
              37.744712830000026
            ],
            [
              -84.70279693599997,
              37.74581146200006
            ],
            [
              -84.70499420199997,
              37.74811172500006
            ],
            [
              -84.70339965799997,
              37.75471115100004
            ],
            [
              -84.69449615499997,
              37.75841140700004
            ],
            [
              -84.69400024399994,
              37.76251220700004
            ],
            [
              -84.70009612999996,
              37.76641082800006
            ],
            [
              -84.71080017099996,
              37.766212463000045
            ],
            [
              -84.71529388399995,
              37.76941299400005
            ],
            [
              -84.71139526399998,
              37.775012970000034
            ],
            [
              -84.70999908399995,
              37.781311035000044
            ],
            [
              -84.70289611799996,
              37.78741073600003
            ],
            [
              -84.70479583699995,
              37.792713165000066
            ],
            [
              -84.71209716799996,
              37.79501342800006
            ],
            [
              -84.70999908399995,
              37.79981231700003
            ],
            [
              -84.71609497099996,
              37.80051040600006
            ],
            [
              -84.71349334699994,
              37.807212830000026
            ],
            [
              -84.71609497099996,
              37.81491088900003
            ],
            [
              -84.70499420199997,
              37.819911957000045
            ],
            [
              -84.69479370099998,
              37.82801055900006
            ],
            [
              -84.68459320099998,
              37.83011245700004
            ],
            [
              -84.67759704599996,
              37.82851028400006
            ],
            [
              -84.67530059799998,
              37.824512482000046
            ],
            [
              -84.67529296899994,
              37.81761169400005
            ],
            [
              -84.67859649699994,
              37.80921173100006
            ],
            [
              -84.67959594699994,
              37.799011230000076
            ],
            [
              -84.67589569099994,
              37.78881073000008
            ],
            [
              -84.66749572799995,
              37.783512115000065
            ],
            [
              -84.65899658199999,
              37.78341293300008
            ],
            [
              -84.65069580099998,
              37.788311005000025
            ],
            [
              -84.64929962199994,
              37.791412354000045
            ],
            [
              -84.65049743699996,
              37.794513702000074
            ],
            [
              -84.65919494599996,
              37.804111481000064
            ],
            [
              -84.65929412799994,
              37.80861282300003
            ],
            [
              -84.65480041499995,
              37.80991363500004
            ],
            [
              -84.63769531299994,
              37.80601120000006
            ],
            [
              -84.62019348099994,
              37.80491256700003
            ],
            [
              -84.60889434799998,
              37.79971313500005
            ],
            [
              -84.60759735099998,
              37.794712067000034
            ],
            [
              -84.60959625199996,
              37.79211044300007
            ],
            [
              -84.61269378799994,
              37.79131317100007
            ],
            [
              -84.62689971899994,
              37.797111511000026
            ],
            [
              -84.63499450699999,
              37.795612335000044
            ],
            [
              -84.64219665499996,
              37.79201126100003
            ],
            [
              -84.64450073199998,
              37.78851318400007
            ],
            [
              -84.64449310299995,
              37.78411102300004
            ],
            [
              -84.64199829099994,
              37.77681350700004
            ],
            [
              -84.63509368899997,
              37.77271270800003
            ],
            [
              -84.62519836399997,
              37.77361297600004
            ],
            [
              -84.60969543499994,
              37.76471328700006
            ],
            [
              -84.60469818099995,
              37.75761032100007
            ],
            [
              -84.60749816899994,
              37.75391387900004
            ],
            [
              -84.616096498,
              37.74791336100003
            ],
            [
              -84.61489868199999,
              37.74571228000008
            ],
            [
              -84.60619354199997,
              37.743213654000044
            ],
            [
              -84.59839630099998,
              37.75241088900003
            ],
            [
              -84.59149932899999,
              37.754112244000055
            ],
            [
              -84.58599853499999,
              37.75251388500004
            ],
            [
              -84.58609771699997,
              37.747612
            ],
            [
              -84.58950042699996,
              37.742210388000046
            ],
            [
              -84.58899688699995,
              37.73931121800007
            ],
            [
              -84.58699798599997,
              37.735210419000055
            ],
            [
              -84.57479858399995,
              37.72951126100003
            ],
            [
              -84.56909942699997,
              37.729812622000054
            ],
            [
              -84.55649566699998,
              37.74841308600003
            ],
            [
              -84.53919982899998,
              37.75511169400005
            ],
            [
              -84.53809356699998,
              37.76761245700004
            ],
            [
              -84.53539276099997,
              37.77001190200008
            ],
            [
              -84.53170013499994,
              37.77101135300006
            ]
          ]
        ]
      }
    },
    {
      "type": "Feature",
      "properties": {
        "STATE": "KY",
        "ZONE": "027",
        "CWA": "LMK",
        "NAME": "Grayson",
        "STATE_ZONE": "KY027",
        "TIME_ZONE": "C"
      },
      "geometry": {
        "type": "MultiPolygon",
        "coordinates": [
          [
            [
              [
                -86.27519988999995,
                37.59321212800006
              ],
              [
                -86.27439880399999,
                37.59031295800003
              ],
              [
                -86.27719879199998,
                37.588512421000075
              ],
              [
                -86.26789855999994,
                37.58491134600007
              ],
              [
                -86.26659393399996,
                37.587913513000046
              ],
              [
                -86.26449584999995,
                37.588512421000075
              ],
              [
                -86.26119995099998,
                37.586311340000066
              ],
              [
                -86.25629424999994,
                37.58921051000004
              ],
              [
                -86.26219940199996,
                37.59241104100005
              ],
              [
                -86.26049804699994,
                37.59461212200006
              ],
              [
                -86.25559997599998,
                37.595413208000025
              ],
              [
                -86.25569915799997,
                37.59261322000003
              ],
              [
                -86.24799346899994,
                37.59461212200006
              ],
              [
                -86.24939727799995,
                37.59701156600005
              ],
              [
                -86.24679565499997,
                37.60141372700008
              ],
              [
                -86.24169921899994,
                37.597110748000034
              ],
              [
                -86.24569702099996,
                37.59281158400006
              ],
              [
                -86.23759460399998,
                37.589611053000056
              ],
              [
                -86.23639678999996,
                37.58191299400005
              ],
              [
                -86.23389434799998,
                37.58031082200006
              ],
              [
                -86.23289489799998,
                37.57591247600004
              ],
              [
                -86.22879791299994,
                37.57701110800008
              ],
              [
                -86.22919464199998,
                37.57901382400007
              ],
              [
                -86.22429656999998,
                37.58151245100004
              ],
              [
                -86.22069549599996,
                37.58061218300003
              ],
              [
                -86.22159576399997,
                37.57731246900005
              ],
              [
                -86.21789550799997,
                37.57601165800003
              ],
              [
                -86.20989990199996,
                37.57801055900006
              ],
              [
                -86.20800018299997,
                37.57201385500008
              ],
              [
                -86.20329284699994,
                37.57271194500004
              ],
              [
                -86.19960021999998,
                37.57091140700004
              ],
              [
                -86.19599914599996,
                37.565711975000056
              ],
              [
                -86.18939971899994,
                37.56481170700005
              ],
              [
                -86.18560028099995,
                37.55931091300005
              ],
              [
                -86.18329620399999,
                37.55971145600006
              ],
              [
                -86.18190002399996,
                37.56261062600004
              ],
              [
                -86.17849730899997,
                37.561611173000074
              ],
              [
                -86.18119811999998,
                37.557811737000065
              ],
              [
                -86.17739868199999,
                37.555610657000045
              ],
              [
                -86.17399597199994,
                37.55591201800007
              ],
              [
                -86.17429351799996,
                37.56261062600004
              ],
              [
                -86.16599273699995,
                37.57021331800007
              ],
              [
                -86.16519927999997,
                37.566612244000055
              ],
              [
                -86.16099548299997,
                37.56261062600004
              ],
              [
                -86.15559387299999,
                37.562713623000036
              ],
              [
                -86.14679717999996,
                37.559612274000074
              ],
              [
                -86.14429473899997,
                37.559612274000074
              ],
              [
                -86.14099883999995,
                37.562911987000064
              ],
              [
                -86.13409423799999,
                37.56411361700003
              ],
              [
                -86.13159942599998,
                37.56671142600004
              ],
              [
                -86.12469482499995,
                37.56711196900005
              ],
              [
                -86.11899566699998,
                37.56401062000003
              ],
              [
                -86.11599731399997,
                37.56631088300003
              ],
              [
                -86.11289978099995,
                37.56561279300007
              ],
              [
                -86.10429382399997,
                37.55371093700006
              ],
              [
                -86.06399536099997,
                37.50761032100007
              ],
              [
                -86.06229400599995,
                37.50271225000006
              ],
              [
                -86.05719757099996,
                37.500610352000024
              ],
              [
                -86.06029510499997,
                37.498611450000055
              ],
              [
                -86.05439758299997,
                37.49541091900005
              ],
              [
                -86.05690002399996,
                37.49131393400006
              ],
              [
                -86.06049346899994,
                37.49121093700006
              ],
              [
                -86.05870056199996,
                37.487411499000075
              ],
              [
                -86.05239868199999,
                37.48371124300007
              ],
              [
                -86.05019378699996,
                37.476711273000035
              ],
              [
                -86.05429840099998,
                37.47521209700005
              ],
              [
                -86.05569457999997,
                37.472511292000036
              ],
              [
                -86.061599732,
                37.47181320200008
              ],
              [
                -86.06409454399994,
                37.46191406200006
              ],
              [
                -86.06689453099995,
                37.457412720000036
              ],
              [
                -86.05649566699998,
                37.455513
              ],
              [
                -86.05979919399994,
                37.45061111500007
              ],
              [
                -86.056098938,
                37.44851303100006
              ],
              [
                -86.05039977999996,
                37.452812195000035
              ],
              [
                -86.04509735099998,
                37.44861221300005
              ],
              [
                -86.05079650899995,
                37.442813873000034
              ],
              [
                -86.04949951299994,
                37.44111251800007
              ],
              [
                -86.04189300499996,
                37.44111251800007
              ],
              [
                -86.04660034199998,
                37.43631362900004
              ],
              [
                -86.03889465299994,
                37.434013367000034
              ],
              [
                -86.04380035399998,
                37.43031311000004
              ],
              [
                -86.04139709499998,
                37.42811203000008
              ],
              [
                -86.03319549599996,
                37.42701339700005
              ],
              [
                -86.03369903599997,
                37.42221069300007
              ],
              [
                -86.031799316,
                37.419410706000065
              ],
              [
                -86.03999328599997,
                37.41651153600003
              ],
              [
                -86.03839874399995,
                37.41101074200003
              ],
              [
                -86.04349517799994,
                37.40861129800004
              ],
              [
                -86.04249572799995,
                37.405212402000075
              ],
              [
                -86.02699279799998,
                37.40311050400004
              ],
              [
                -86.02499389599996,
                37.39731216400003
              ],
              [
                -86.01939392099996,
                37.39531326300005
              ],
              [
                -86.02329254199998,
                37.39321136500007
              ],
              [
                -86.03139495799996,
                37.39311218300003
              ],
              [
                -86.03349304199998,
                37.390010834000066
              ],
              [
                -86.03549957299998,
                37.39391326900005
              ],
              [
                -86.04159545899995,
                37.39501190200008
              ],
              [
                -86.04380035399998,
                37.394313812000064
              ],
              [
                -86.04419708299997,
                37.39231109600007
              ],
              [
                -86.05279540999999,
                37.39411163300008
              ],
              [
                -86.05529785199997,
                37.393310547000056
              ],
              [
                -86.05659484899996,
                37.39061355600006
              ],
              [
                -86.051498413,
                37.386310577000074
              ],
              [
                -86.05379486099997,
                37.384613037000065
              ],
              [
                -86.05709838899998,
                37.38471221900005
              ],
              [
                -86.06409454399994,
                37.389011383000025
              ],
              [
                -86.06999969499998,
                37.387912750000055
              ],
              [
                -86.065696716,
                37.38531112700008
              ],
              [
                -86.06649780299995,
                37.38321304300007
              ],
              [
                -86.07199859599996,
                37.381111145000034
              ],
              [
                -86.06279754599996,
                37.37411117600004
              ],
              [
                -86.06929779199999,
                37.37171173100006
              ],
              [
                -86.06799316399997,
                37.366611481000064
              ],
              [
                -86.06459808299996,
                37.36391067500006
              ],
              [
                -86.06679534899996,
                37.35711288500005
              ],
              [
                -86.07009887699996,
                37.355010986000025
              ],
              [
                -86.06340026899994,
                37.350612640000065
              ],
              [
                -86.06609344499998,
                37.34861373900003
              ],
              [
                -86.07049560499996,
                37.34911346400003
              ],
              [
                -86.07349395799997,
                37.34761047400008
              ],
              [
                -86.07099914599996,
                37.340911865000066
              ],
              [
                -86.07709503199999,
                37.34171295200008
              ],
              [
                -86.08059692399996,
                37.344512939000026
              ],
              [
                -86.08769988999995,
                37.33981323200004
              ],
              [
                -86.09089660599994,
                37.341812134000065
              ],
              [
                -86.08159637499995,
                37.34681320200008
              ],
              [
                -86.07969665499996,
                37.34911346400003
              ],
              [
                -86.08229827999997,
                37.351512909000064
              ],
              [
                -86.09140014599996,
                37.350811005000025
              ],
              [
                -86.09009551999998,
                37.346412659000066
              ],
              [
                -86.09309387199994,
                37.34521102900004
              ],
              [
                -86.09679412799994,
                37.346313477000024
              ],
              [
                -86.09980011,
                37.351913452000076
              ],
              [
                -86.10379791299994,
                37.35141372700008
              ],
              [
                -86.10459899899996,
                37.34701156600005
              ],
              [
                -86.10229492199994,
                37.342113495000035
              ],
              [
                -86.10579681499996,
                37.33951187100007
              ],
              [
                -86.10519409299997,
                37.33741378800005
              ],
              [
                -86.09399414099994,
                37.33131027200005
              ],
              [
                -86.10009765599995,
                37.33061218300003
              ],
              [
                -86.11660003799994,
                37.33821106000005
              ],
              [
                -86.11959838899998,
                37.332611084000064
              ],
              [
                -86.12329864499998,
                37.333011627000076
              ],
              [
                -86.12399291999998,
                37.33551025400004
              ],
              [
                -86.12229919399994,
                37.33841323900003
              ],
              [
                -86.11589813199998,
                37.34361267100007
              ],
              [
                -86.11829376199995,
                37.34561157200005
              ],
              [
                -86.12149810799997,
                37.34571075400004
              ],
              [
                -86.12709808299996,
                37.33891296400003
              ],
              [
                -86.12929534999995,
                37.33831405600006
              ],
              [
                -86.13189697299998,
                37.33911132800006
              ],
              [
                -86.13499450699999,
                37.34331131000005
              ],
              [
                -86.14179992699997,
                37.34361267100007
              ],
              [
                -86.147895813,
                37.34921264600007
              ],
              [
                -86.14669799799998,
                37.34501266500007
              ],
              [
                -86.14830017099996,
                37.34371185300006
              ],
              [
                -86.15339660599994,
                37.34411239600007
              ],
              [
                -86.15589904899997,
                37.34571075400004
              ],
              [
                -86.15549468999995,
                37.34891128500004
              ],
              [
                -86.15699768099995,
                37.350914001000035
              ],
              [
                -86.16069793699995,
                37.35051345800008
              ],
              [
                -86.15779876699997,
                37.34331131000005
              ],
              [
                -86.15379333499999,
                37.338710785000046
              ],
              [
                -86.15760040299995,
                37.335514069000055
              ],
              [
                -86.17509587499995,
                37.332112179000035
              ],
              [
                -86.18079376199995,
                37.337211609000065
              ],
              [
                -86.18639373799994,
                37.33761215200008
              ],
              [
                -86.18729400599995,
                37.34041214000007
              ],
              [
                -86.18930053699995,
                37.34041214000007
              ],
              [
                -86.19299316399997,
                37.33551025400004
              ],
              [
                -86.191596985,
                37.32951355000006
              ],
              [
                -86.19429779099994,
                37.327812195000035
              ],
              [
                -86.19869995099998,
                37.32821273800005
              ],
              [
                -86.20869445799997,
                37.332912445000034
              ],
              [
                -86.32799529999994,
                37.326313019000054
              ],
              [
                -86.46889495799996,
                37.32101059000007
              ],
              [
                -86.48709869399994,
                37.362411499000075
              ],
              [
                -86.61199951199995,
                37.39531326300005
              ],
              [
                -86.65549468999995,
                37.52241134600007
              ],
              [
                -86.66159820599995,
                37.53631210300006
              ],
              [
                -86.66199493399995,
                37.541412354000045
              ],
              [
                -86.66880035399998,
                37.54871368400006
              ],
              [
                -86.66359710799998,
                37.556812286000024
              ],
              [
                -86.64909362799995,
                37.554813385000045
              ],
              [
                -86.64080047599998,
                37.559810638000044
              ],
              [
                -86.64229583699995,
                37.56261062600004
              ],
              [
                -86.63969421399997,
                37.56561279300007
              ],
              [
                -86.63729858499994,
                37.56381225600006
              ],
              [
                -86.63489532499995,
                37.566913605000025
              ],
              [
                -86.63269805899995,
                37.56471252400007
              ],
              [
                -86.62719726599994,
                37.56621170000005
              ],
              [
                -86.62519836399997,
                37.56561279300007
              ],
              [
                -86.61940002399996,
                37.55371093700006
              ],
              [
                -86.60629272499995,
                37.55051040600006
              ],
              [
                -86.61029815699999,
                37.54481124900008
              ],
              [
                -86.60929870599995,
                37.54331207300004
              ],
              [
                -86.59779357899998,
                37.538112640000065
              ],
              [
                -86.59739685199997,
                37.54491043100006
              ],
              [
                -86.59420013399995,
                37.54411315900006
              ],
              [
                -86.59379577699997,
                37.54701231700005
              ],
              [
                -86.58379363999995,
                37.549011230000076
              ],
              [
                -86.580795288,
                37.54761123700007
              ],
              [
                -86.57709503199999,
                37.552612305000025
              ],
              [
                -86.59159851099997,
                37.55851364100005
              ],
              [
                -86.59449768099995,
                37.56151199300007
              ],
              [
                -86.59389495799996,
                37.56481170700005
              ],
              [
                -86.58449554399994,
                37.56851196300005
              ],
              [
                -86.56919860799997,
                37.58121109000007
              ],
              [
                -86.57649993899997,
                37.59331131000005
              ],
              [
                -86.57709503199999,
                37.596012115000065
              ],
              [
                -86.57529449499998,
                37.59871292100007
              ],
              [
                -86.55879974399994,
                37.59761047400008
              ],
              [
                -86.55269622799995,
                37.59561157200005
              ],
              [
                -86.55130004899996,
                37.588310242000034
              ],
              [
                -86.53519439699994,
                37.58941268900003
              ],
              [
                -86.52610015899995,
                37.596210480000025
              ],
              [
                -86.52369689899996,
                37.600612640000065
              ],
              [
                -86.53189849899996,
                37.602611542000034
              ],
              [
                -86.54099273699995,
                37.59961319000007
              ],
              [
                -86.53629302999997,
                37.61311340300006
              ],
              [
                -86.53419494599996,
                37.61531066900005
              ],
              [
                -86.52039337199994,
                37.616611481000064
              ],
              [
                -86.50999450699999,
                37.62291336100003
              ],
              [
                -86.50049591099997,
                37.62021255500008
              ],
              [
                -86.49539947599999,
                37.61201095600006
              ],
              [
                -86.49669647199994,
                37.60951232900004
              ],
              [
                -86.504096985,
                37.60771179200003
              ],
              [
                -86.50539398199999,
                37.60551071200007
              ],
              [
                -86.50460052499994,
                37.60181045500008
              ],
              [
                -86.50149536099997,
                37.60121154800004
              ],
              [
                -86.48889923199994,
                37.61081314100005
              ],
              [
                -86.48149871799995,
                37.610713959000066
              ],
              [
                -86.48079681399997,
                37.607810974000074
              ],
              [
                -86.48359680199997,
                37.60531234700005
              ],
              [
                -86.48320007299998,
                37.602413177000074
              ],
              [
                -86.47889709499998,
                37.603912354000045
              ],
              [
                -86.47089386,
                37.60071182300004
              ],
              [
                -86.469993591,
                37.59881210300006
              ],
              [
                -86.47229766799995,
                37.59441375700004
              ],
              [
                -86.47979736299999,
                37.59391403200004
              ],
              [
                -86.47739410399998,
                37.591213226000036
              ],
              [
                -86.46829986599994,
                37.59001159700006
              ],
              [
                -86.45789337199994,
                37.59221267700008
              ],
              [
                -86.45469665499996,
                37.590812683000024
              ],
              [
                -86.45529937699996,
                37.58651351900005
              ],
              [
                -86.46339416499995,
                37.585910797000054
              ],
              [
                -86.465393066,
                37.582611084000064
              ],
              [
                -86.46289825399998,
                37.58141326900005
              ],
              [
                -86.45379638699995,
                37.58121109000007
              ],
              [
                -86.45159912099996,
                37.58251190200008
              ],
              [
                -86.44919586199995,
                37.58901214600007
              ],
              [
                -86.44479370099998,
                37.58911132800006
              ],
              [
                -86.44649505599995,
                37.575412750000055
              ],
              [
                -86.44119262699996,
                37.57611084000007
              ],
              [
                -86.43879699799999,
                37.581111908000025
              ],
              [
                -86.43519592299998,
                37.58351135300006
              ],
              [
                -86.43179321299993,
                37.58351135300006
              ],
              [
                -86.43489837599998,
                37.57811355600006
              ],
              [
                -86.43379974399994,
                37.57591247600004
              ],
              [
                -86.42959594699994,
                37.57601165800003
              ],
              [
                -86.42419433599997,
                37.580513
              ],
              [
                -86.41939544699994,
                37.579311371000074
              ],
              [
                -86.41669464099994,
                37.57331085200008
              ],
              [
                -86.40899658199999,
                37.576713562000066
              ],
              [
                -86.40889739999994,
                37.56741333000008
              ],
              [
                -86.40419769299996,
                37.56671142600004
              ],
              [
                -86.39229583699995,
                37.568611145000034
              ],
              [
                -86.38969421399997,
                37.57351303100006
              ],
              [
                -86.38549804699994,
                37.57431030300006
              ],
              [
                -86.38109588599997,
                37.57041168200004
              ],
              [
                -86.38699340799997,
                37.567710876000035
              ],
              [
                -86.37509918299997,
                37.55931091300005
              ],
              [
                -86.36999511699997,
                37.559810638000044
              ],
              [
                -86.37569427499994,
                37.56341171300005
              ],
              [
                -86.370193482,
                37.569713593000074
              ],
              [
                -86.36459350699994,
                37.572113037000065
              ],
              [
                -86.36159515399999,
                37.570812225000054
              ],
              [
                -86.36190032999997,
                37.56841278100006
              ],
              [
                -86.36579894999994,
                37.562713623000036
              ],
              [
                -86.34919738799994,
                37.56281280500008
              ],
              [
                -86.35239410399998,
                37.58691024800004
              ],
              [
                -86.350494385,
                37.588512421000075
              ],
              [
                -86.34339904799998,
                37.58691406200006
              ],
              [
                -86.34259796099997,
                37.59131240800008
              ],
              [
                -86.33449554399994,
                37.588710785000046
              ],
              [
                -86.33039855999994,
                37.58921051000004
              ],
              [
                -86.32919311499995,
                37.59161377000004
              ],
              [
                -86.32569885299995,
                37.586612701000035
              ],
              [
                -86.32709503199999,
                37.58271026600005
              ],
              [
                -86.32459258999995,
                37.58231353800005
              ],
              [
                -86.31589508099995,
                37.58681106600005
              ],
              [
                -86.31359863299997,
                37.58621215800008
              ],
              [
                -86.31689453099995,
                37.581813812000064
              ],
              [
                -86.31179809599996,
                37.57971191400003
              ],
              [
                -86.30829620399999,
                37.58161163300008
              ],
              [
                -86.30439758299997,
                37.588111877000074
              ],
              [
                -86.30109405499996,
                37.585411072000056
              ],
              [
                -86.29779815799998,
                37.58651351900005
              ],
              [
                -86.29559326199995,
                37.59131240800008
              ],
              [
                -86.29169464099994,
                37.58781051600005
              ],
              [
                -86.28809356699998,
                37.58741378800005
              ],
              [
                -86.287994385,
                37.59071350100004
              ],
              [
                -86.27890014599996,
                37.595111847000055
              ],
              [
                -86.27519988999995,
                37.59321212800006
              ]
            ]
          ],
          [
            [
              [
                -86.03949737499994,
                37.38301086400003
              ],
              [
                -86.04219818099995,
                37.381511688000046
              ],
              [
                -86.04629516599994,
                37.38181304900007
              ],
              [
                -86.04609680199997,
                37.384410858000024
              ],
              [
                -86.04199981699998,
                37.38931274400005
              ],
              [
                -86.03919982899998,
                37.386711121000076
              ],
              [
                -86.03949737499994,
                37.38301086400003
              ]
            ]
          ]
        ]
      }
    },
    {
      "type": "Feature",
      "properties": {
        "STATE": "KY",
        "ZONE": "064",
        "CWA": "LMK",
        "NAME": "Green",
        "STATE_ZONE": "KY064",
        "TIME_ZONE": "C"
      },
      "geometry": {
        "type": "Polygon",
        "coordinates": [
          [
            [
              -85.58389282299999,
              37.47001266500007
            ],
            [
              -85.58509826799997,
              37.45691299400005
            ],
            [
              -85.58209991499996,
              37.45291137700008
            ],
            [
              -85.58259582499994,
              37.448810577000074
            ],
            [
              -85.58669281099998,
              37.44201278700007
            ],
            [
              -85.58509826799997,
              37.43331146200006
            ],
            [
              -85.47879791299994,
              37.36361312900004
            ],
            [
              -85.44049835199996,
              37.315711975000056
            ],
            [
              -85.43659973099994,
              37.30431366000005
            ],
            [
              -85.43239593599998,
              37.30491256700003
            ],
            [
              -85.43019866899994,
              37.30331039400005
            ],
            [
              -85.39009857199994,
              37.24571228000008
            ],
            [
              -85.38949584999995,
              37.240112305000025
            ],
            [
              -85.39219665599995,
              37.23791122400007
            ],
            [
              -85.40239715699994,
              37.23701095600006
            ],
            [
              -85.40709686299994,
              37.234413147000055
            ],
            [
              -85.41049957299998,
              37.22851181000004
            ],
            [
              -85.41069793699995,
              37.22481155400004
            ],
            [
              -85.40499877899998,
              37.22221374500003
            ],
            [
              -85.38509368999996,
              37.22361373900003
            ],
            [
              -85.37169647199994,
              37.221210480000025
            ],
            [
              -85.35249328599997,
              37.192913055000076
            ],
            [
              -85.38009643699996,
              37.16821289100005
            ],
            [
              -85.42499542299998,
              37.148410797000054
            ],
            [
              -85.47999572899994,
              37.12841415400004
            ],
            [
              -85.52599334699994,
              37.109611511000026
            ],
            [
              -85.59049987799995,
              37.11611175500008
            ],
            [
              -85.63179779199999,
              37.124912262000066
            ],
            [
              -85.65979766799995,
              37.142513275000056
            ],
            [
              -85.68669891399998,
              37.18231201200007
            ],
            [
              -85.67879486199996,
              37.25001144400005
            ],
            [
              -85.68000030499996,
              37.25851059000007
            ],
            [
              -85.66959381099997,
              37.268310547000056
            ],
            [
              -85.67979431199996,
              37.27111053500005
            ],
            [
              -85.67939758299997,
              37.278312683000024
            ],
            [
              -85.68259429899996,
              37.28821182300004
            ],
            [
              -85.68849945099998,
              37.29261016800007
            ],
            [
              -85.69299316399997,
              37.29971313500005
            ],
            [
              -85.69689941399997,
              37.301513672000056
            ],
            [
              -85.68899536099997,
              37.351913452000076
            ],
            [
              -85.68589782699996,
              37.36101150500008
            ],
            [
              -85.67339324999995,
              37.37501144400005
            ],
            [
              -85.66049957299998,
              37.383613586000024
            ],
            [
              -85.65839386099998,
              37.38801193200004
            ],
            [
              -85.65309905999999,
              37.38831329300007
            ],
            [
              -85.65399932899999,
              37.39021301300005
            ],
            [
              -85.65159606899994,
              37.39621353100006
            ],
            [
              -85.65319824199997,
              37.40711212200006
            ],
            [
              -85.65749359199998,
              37.41201400800003
            ],
            [
              -85.65569305399998,
              37.42071151700003
            ],
            [
              -85.65899658199999,
              37.42871093700006
            ],
            [
              -85.66389465299994,
              37.43201065100004
            ],
            [
              -85.66469573999996,
              37.43581390400004
            ],
            [
              -85.65469360499998,
              37.447113037000065
            ],
            [
              -85.64519500699998,
              37.44961166400003
            ],
            [
              -85.638694763,
              37.45421218900003
            ],
            [
              -85.63789367699997,
              37.45661163300008
            ],
            [
              -85.63919830299994,
              37.45931243900003
            ],
            [
              -85.63389587399996,
              37.471210480000025
            ],
            [
              -85.62749481299994,
              37.47071075400004
            ],
            [
              -85.62319946299993,
              37.467712402000075
            ],
            [
              -85.61929321299993,
              37.46761322000003
            ],
            [
              -85.61509704699995,
              37.462913513000046
            ],
            [
              -85.60739898699995,
              37.46101379400005
            ],
            [
              -85.60439300499996,
              37.466213226000036
            ],
            [
              -85.59549713099995,
              37.46991348300003
            ],
            [
              -85.59069824299996,
              37.46891403200004
            ],
            [
              -85.58389282299999,
              37.47001266500007
            ]
          ]
        ]
      }
    },
    {
      "type": "Feature",
      "properties": {
        "STATE": "KY",
        "ZONE": "023",
        "CWA": "LMK",
        "NAME": "Hancock",
        "STATE_ZONE": "KY023",
        "TIME_ZONE": "C"
      },
      "geometry": {
        "type": "Polygon",
        "coordinates": [
          [
            [
              -86.65529632599998,
              37.84251403800005
            ],
            [
              -86.65909576399997,
              37.83841323900003
            ],
            [
              -86.66609954799998,
              37.83581161500007
            ],
            [
              -86.67799377399996,
              37.79281234700005
            ],
            [
              -86.62310028099995,
              37.65571212800006
            ],
            [
              -86.82319641099997,
              37.737712860000045
            ],
            [
              -86.81729888899997,
              37.790313721000075
            ],
            [
              -86.84259796099997,
              37.82011032100007
            ],
            [
              -86.85379791299994,
              37.84011077900004
            ],
            [
              -86.88609313999996,
              37.83641052200005
            ],
            [
              -86.88929748599998,
              37.831710815000065
            ],
            [
              -86.89349365199996,
              37.82941055300006
            ],
            [
              -86.90849304299996,
              37.83451080300006
            ],
            [
              -86.90949249299996,
              37.83741378800005
            ],
            [
              -86.91249847499995,
              37.83771133400006
            ],
            [
              -86.91439819299995,
              37.83991241500007
            ],
            [
              -86.91379547099996,
              37.84501266500007
            ],
            [
              -86.911399841,
              37.84661102300004
            ],
            [
              -86.91179656999998,
              37.85011291500007
            ],
            [
              -86.90499877899998,
              37.85731124900008
            ],
            [
              -86.90779876699997,
              37.860912323000036
            ],
            [
              -86.90599823099996,
              37.86301040600006
            ],
            [
              -86.90799713099995,
              37.86961364700005
            ],
            [
              -86.90339660599994,
              37.869312286000024
            ],
            [
              -86.89669799799998,
              37.876113892000035
            ],
            [
              -86.89469909699994,
              37.88181304900007
            ],
            [
              -86.89719390899995,
              37.88341140700004
            ],
            [
              -86.90259552099997,
              37.88171386700003
            ],
            [
              -86.90979766799995,
              37.88721084600007
            ],
            [
              -86.90799713099995,
              37.894611359000066
            ],
            [
              -86.91009521499996,
              37.89691162100007
            ],
            [
              -86.91189575199996,
              37.89441299400005
            ],
            [
              -86.91419982899998,
              37.89471054100005
            ],
            [
              -86.91510009799998,
              37.89691162100007
            ],
            [
              -86.91079711899994,
              37.90011215200008
            ],
            [
              -86.91909789999994,
              37.905212402000075
            ],
            [
              -86.92729950099994,
              37.90651321400003
            ],
            [
              -86.93139648399995,
              37.90911102300004
            ],
            [
              -86.94839477499994,
              37.90411377000004
            ],
            [
              -86.95229339599996,
              37.90091323900003
            ],
            [
              -86.95499420199997,
              37.901210785000046
            ],
            [
              -86.95819854699994,
              37.898014069000055
            ],
            [
              -86.97069549599996,
              37.89741134600007
            ],
            [
              -86.98169708299997,
              37.89521408100006
            ],
            [
              -86.98379516599994,
              37.893413544000055
            ],
            [
              -86.98649597199994,
              37.89801025400004
            ],
            [
              -86.98469543499994,
              37.905212402000075
            ],
            [
              -86.98099517799994,
              37.90931320200008
            ],
            [
              -86.97899627699996,
              37.908912659000066
            ],
            [
              -86.97639465299994,
              37.91561126700003
            ],
            [
              -86.97109985399999,
              37.918811798000036
            ],
            [
              -86.97659301799996,
              37.92351150500008
            ],
            [
              -86.97899627699996,
              37.93021392800006
            ],
            [
              -86.96789550799997,
              37.93291091900005
            ],
            [
              -86.94529724099993,
              37.93351364100005
            ],
            [
              -86.91869354299996,
              37.937011719000054
            ],
            [
              -86.90339660599994,
              37.94561386100003
            ],
            [
              -86.88589477499994,
              37.96361160300006
            ],
            [
              -86.85699462899998,
              37.98671340900006
            ],
            [
              -86.82579803499993,
              37.99811172500006
            ],
            [
              -86.81319427499994,
              37.99921035800003
            ],
            [
              -86.79509735099998,
              37.98881149300007
            ],
            [
              -86.78719329799998,
              37.96891403200004
            ],
            [
              -86.77989959699994,
              37.95961380000006
            ],
            [
              -86.77899932899999,
              37.95381164600008
            ],
            [
              -86.76459503199999,
              37.931812286000024
            ],
            [
              -86.75,
              37.911811829000044
            ],
            [
              -86.73199462899998,
              37.89481353800005
            ],
            [
              -86.72429656999998,
              37.89311218300003
            ],
            [
              -86.71609497099996,
              37.89411163300008
            ],
            [
              -86.68129730199996,
              37.914913177000074
            ],
            [
              -86.66049957299998,
              37.912910461000024
            ],
            [
              -86.64849853499999,
              37.90971374500003
            ],
            [
              -86.64439392099996,
              37.903411865000066
            ],
            [
              -86.64459991499996,
              37.89571380600006
            ],
            [
              -86.65789794899996,
              37.870311737000065
            ],
            [
              -86.66229247999996,
              37.85791397100007
            ],
            [
              -86.66049957299998,
              37.84721374500003
            ],
            [
              -86.65529632599998,
              37.84251403800005
            ]
          ]
        ]
      }
    },
    {
      "type": "Feature",
      "properties": {
        "STATE": "KY",
        "ZONE": "028",
        "CWA": "LMK",
        "NAME": "Hardin",
        "STATE_ZONE": "KY028",
        "TIME_ZONE": "E"
      },
      "geometry": {
        "type": "Polygon",
        "coordinates": [
          [
            [
              -85.93389892599998,
              37.99701309200003
            ],
            [
              -85.93219757099996,
              37.99391174300007
            ],
            [
              -85.92779540999999,
              37.99241256700003
            ],
            [
              -85.90779876699997,
              37.991611481000064
            ],
            [
              -85.90599822999997,
              37.98971176100008
            ],
            [
              -85.90110015999994,
              37.96971130400004
            ],
            [
              -85.90449523899997,
              37.95901107800006
            ],
            [
              -85.90349578899998,
              37.94961166400003
            ],
            [
              -85.90519714399994,
              37.94231033300008
            ],
            [
              -85.90349578899998,
              37.94051361100003
            ],
            [
              -85.89479827899999,
              37.94001388500004
            ],
            [
              -85.87839508099995,
              37.94871139500003
            ],
            [
              -85.87429809599996,
              37.946910858000024
            ],
            [
              -85.86499786399997,
              37.94851303100006
            ],
            [
              -85.85499572799995,
              37.944911957000045
            ],
            [
              -85.84859466599994,
              37.93351364100005
            ],
            [
              -85.84879302999997,
              37.924911499000075
            ],
            [
              -85.84439849899996,
              37.92171096800007
            ],
            [
              -85.83609771699997,
              37.921012878000056
            ],
            [
              -85.82929992699997,
              37.917510986000025
            ],
            [
              -85.82699584999995,
              37.90011215200008
            ],
            [
              -85.81859588599997,
              37.89561080900006
            ],
            [
              -85.81340026899994,
              37.889213562000066
            ],
            [
              -85.81819915799997,
              37.88651275600006
            ],
            [
              -85.83539581299993,
              37.89241409300007
            ],
            [
              -85.83919525099998,
              37.890113831000065
            ],
            [
              -85.83969879199998,
              37.881111145000034
            ],
            [
              -85.82969665599995,
              37.870311737000065
            ],
            [
              -85.82049560499996,
              37.86431121800007
            ],
            [
              -85.81739807099996,
              37.85831069900007
            ],
            [
              -85.80970001199995,
              37.856910706000065
            ],
            [
              -85.80339813199998,
              37.85981369000007
            ],
            [
              -85.80069732699997,
              37.85911178600003
            ],
            [
              -85.80059814599997,
              37.85431289700006
            ],
            [
              -85.78819274899996,
              37.84401321400003
            ],
            [
              -85.77319335899995,
              37.842010498000036
            ],
            [
              -85.76199340899996,
              37.83641052200005
            ],
            [
              -85.75919341999997,
              37.83121109000007
            ],
            [
              -85.75229644799998,
              37.82831192000003
            ],
            [
              -85.74869537399996,
              37.823013306000064
            ],
            [
              -85.74309539799998,
              37.82221221900005
            ],
            [
              -85.74129486099997,
              37.819713593000074
            ],
            [
              -85.74250030599995,
              37.816612244000055
            ],
            [
              -85.73839569099994,
              37.812412262000066
            ],
            [
              -85.73839569099994,
              37.80921173100006
            ],
            [
              -85.74160003699996,
              37.80531311000004
            ],
            [
              -85.74189758399996,
              37.801910400000054
            ],
            [
              -85.73889923099995,
              37.79721069300007
            ],
            [
              -85.74250030599995,
              37.792312622000054
            ],
            [
              -85.73819732699997,
              37.788311005000025
            ],
            [
              -85.72760009799998,
              37.787910461000024
            ],
            [
              -85.72739410399998,
              37.784812927000075
            ],
            [
              -85.73019409199998,
              37.78331375100004
            ],
            [
              -85.73499298099995,
              37.783912659000066
            ],
            [
              -85.73609924299996,
              37.78091049200003
            ],
            [
              -85.73469543499994,
              37.77851104700005
            ],
            [
              -85.72659301799996,
              37.774112701000035
            ],
            [
              -85.72039794899996,
              37.77571106000005
            ],
            [
              -85.71469879199998,
              37.77461242700008
            ],
            [
              -85.71279907199994,
              37.77181243900003
            ],
            [
              -85.71559906099998,
              37.76891326900005
            ],
            [
              -85.71349334699994,
              37.76651382400007
            ],
            [
              -85.70499420199997,
              37.76791381800007
            ],
            [
              -85.70009612999996,
              37.76271057100007
            ],
            [
              -85.70109558099995,
              37.75971221900005
            ],
            [
              -85.69859314099995,
              37.75851059000007
            ],
            [
              -85.69629669199998,
              37.761310577000074
            ],
            [
              -85.69369506799995,
              37.75581359900008
            ],
            [
              -85.68719482399996,
              37.75551223800005
            ],
            [
              -85.68499755899995,
              37.75381088300003
            ],
            [
              -85.68369293199999,
              37.74901199300007
            ],
            [
              -85.686096191,
              37.747310638000044
            ],
            [
              -85.68259429899996,
              37.74041366600005
            ],
            [
              -85.68009948699995,
              37.73951339700005
            ],
            [
              -85.68229675299995,
              37.73691177400008
            ],
            [
              -85.68759918199999,
              37.73481369000007
            ],
            [
              -85.68709564199997,
              37.73301315300006
            ],
            [
              -85.68479919399994,
              37.73251342800006
            ],
            [
              -85.67709350599995,
              37.736812592000035
            ],
            [
              -85.67689514199998,
              37.73341369600007
            ],
            [
              -85.67979431199996,
              37.73261261000005
            ],
            [
              -85.68519592299998,
              37.72551345800008
            ],
            [
              -85.73970031699997,
              37.65081405600006
            ],
            [
              -85.763694763,
              37.64611053500005
            ],
            [
              -85.77599334699994,
              37.63911056500007
            ],
            [
              -85.77519988999995,
              37.63141250600006
            ],
            [
              -85.79699706999997,
              37.626010895000036
            ],
            [
              -85.80299377399996,
              37.62201309200003
            ],
            [
              -85.79759979199997,
              37.60891342200006
            ],
            [
              -85.80609893799993,
              37.60181045500008
            ],
            [
              -85.80739593499999,
              37.596412659000066
            ],
            [
              -85.81919860899995,
              37.58431243900003
            ],
            [
              -85.81949615599996,
              37.57981109600007
            ],
            [
              -85.82269287099996,
              37.57361221300005
            ],
            [
              -85.84299469099994,
              37.56591033900003
            ],
            [
              -85.87489318799999,
              37.54521179200003
            ],
            [
              -85.87719726599994,
              37.53881073000008
            ],
            [
              -85.88679504399994,
              37.481311798000036
            ],
            [
              -85.88909912099996,
              37.473213196000074
            ],
            [
              -85.89360046399997,
              37.471714020000036
            ],
            [
              -85.89369964699995,
              37.45771026600005
            ],
            [
              -85.89189910899995,
              37.44751358000008
            ],
            [
              -85.89309692399996,
              37.44041061400003
            ],
            [
              -86.03009796099997,
              37.448810577000074
            ],
            [
              -86.04509735099998,
              37.44861221300005
            ],
            [
              -86.05039977999996,
              37.452812195000035
            ],
            [
              -86.056098938,
              37.44851303100006
            ],
            [
              -86.05979919399994,
              37.45061111500007
            ],
            [
              -86.05649566699998,
              37.455513
            ],
            [
              -86.06689453099995,
              37.457412720000036
            ],
            [
              -86.06409454399994,
              37.46191406200006
            ],
            [
              -86.061599732,
              37.47181320200008
            ],
            [
              -86.05569457999997,
              37.472511292000036
            ],
            [
              -86.05429840099998,
              37.47521209700005
            ],
            [
              -86.05019378699996,
              37.476711273000035
            ],
            [
              -86.05239868199999,
              37.48371124300007
            ],
            [
              -86.05870056199996,
              37.487411499000075
            ],
            [
              -86.06049346899994,
              37.49121093700006
            ],
            [
              -86.05690002399996,
              37.49131393400006
            ],
            [
              -86.05439758299997,
              37.49541091900005
            ],
            [
              -86.06029510499997,
              37.498611450000055
            ],
            [
              -86.05719757099996,
              37.500610352000024
            ],
            [
              -86.06229400599995,
              37.50271225000006
            ],
            [
              -86.06399536099997,
              37.50761032100007
            ],
            [
              -86.10429382399997,
              37.55371093700006
            ],
            [
              -86.11289978099995,
              37.56561279300007
            ],
            [
              -86.11599731399997,
              37.56631088300003
            ],
            [
              -86.11899566699998,
              37.56401062000003
            ],
            [
              -86.12469482499995,
              37.56711196900005
            ],
            [
              -86.13159942599998,
              37.56671142600004
            ],
            [
              -86.13409423799999,
              37.56411361700003
            ],
            [
              -86.14099883999995,
              37.562911987000064
            ],
            [
              -86.14429473899997,
              37.559612274000074
            ],
            [
              -86.14679717999996,
              37.559612274000074
            ],
            [
              -86.15559387299999,
              37.562713623000036
            ],
            [
              -86.16099548299997,
              37.56261062600004
            ],
            [
              -86.16519927999997,
              37.566612244000055
            ],
            [
              -86.16599273699995,
              37.57021331800007
            ],
            [
              -86.17429351799996,
              37.56261062600004
            ],
            [
              -86.17399597199994,
              37.55591201800007
            ],
            [
              -86.17739868199999,
              37.555610657000045
            ],
            [
              -86.18119811999998,
              37.557811737000065
            ],
            [
              -86.17849730899997,
              37.561611173000074
            ],
            [
              -86.18190002399996,
              37.56261062600004
            ],
            [
              -86.18329620399999,
              37.55971145600006
            ],
            [
              -86.18560028099995,
              37.55931091300005
            ],
            [
              -86.18939971899994,
              37.56481170700005
            ],
            [
              -86.19599914599996,
              37.565711975000056
            ],
            [
              -86.19960021999998,
              37.57091140700004
            ],
            [
              -86.20329284699994,
              37.57271194500004
            ],
            [
              -86.20800018299997,
              37.57201385500008
            ],
            [
              -86.20989990199996,
              37.57801055900006
            ],
            [
              -86.21789550799997,
              37.57601165800003
            ],
            [
              -86.22159576399997,
              37.57731246900005
            ],
            [
              -86.22069549599996,
              37.58061218300003
            ],
            [
              -86.22429656999998,
              37.58151245100004
            ],
            [
              -86.22919464199998,
              37.57901382400007
            ],
            [
              -86.22879791299994,
              37.57701110800008
            ],
            [
              -86.23289489799998,
              37.57591247600004
            ],
            [
              -86.23389434799998,
              37.58031082200006
            ],
            [
              -86.23639678999996,
              37.58191299400005
            ],
            [
              -86.23759460399998,
              37.589611053000056
            ],
            [
              -86.24569702099996,
              37.59281158400006
            ],
            [
              -86.24169921899994,
              37.597110748000034
            ],
            [
              -86.24679565499997,
              37.60141372700008
            ],
            [
              -86.24939727799995,
              37.59701156600005
            ],
            [
              -86.24799346899994,
              37.59461212200006
            ],
            [
              -86.25569915799997,
              37.59261322000003
            ],
            [
              -86.25559997599998,
              37.595413208000025
            ],
            [
              -86.26049804699994,
              37.59461212200006
            ],
            [
              -86.26219940199996,
              37.59241104100005
            ],
            [
              -86.25629424999994,
              37.58921051000004
            ],
            [
              -86.25789642299998,
              37.58741378800005
            ],
            [
              -86.26119995099998,
              37.586311340000066
            ],
            [
              -86.26449584999995,
              37.588512421000075
            ],
            [
              -86.26659393399996,
              37.587913513000046
            ],
            [
              -86.26789855999994,
              37.58491134600007
            ],
            [
              -86.27719879199998,
              37.588512421000075
            ],
            [
              -86.27439880399999,
              37.59031295800003
            ],
            [
              -86.27519988999995,
              37.59321212800006
            ],
            [
              -86.27389526399998,
              37.59591293300008
            ],
            [
              -86.24389648399995,
              37.64371109000007
            ],
            [
              -86.15209960899995,
              37.799312592000035
            ],
            [
              -86.00740051299994,
              37.81851196300005
            ],
            [
              -85.97629547099996,
              37.87681198100006
            ],
            [
              -85.99929809599996,
              37.99971389800004
            ],
            [
              -85.94819641099997,
              38.00661087000003
            ],
            [
              -85.94429779099994,
              38.00211334200003
            ],
            [
              -85.93389892599998,
              37.99701309200003
            ]
          ]
        ]
      }
    },
    {
      "type": "Feature",
      "properties": {
        "STATE": "KY",
        "ZONE": "037",
        "CWA": "LMK",
        "NAME": "Harrison",
        "STATE_ZONE": "KY037",
        "TIME_ZONE": "E"
      },
      "geometry": {
        "type": "Polygon",
        "coordinates": [
          [
            [
              -84.16239929199998,
              38.55461120600006
            ],
            [
              -84.16349792499994,
              38.54061126700003
            ],
            [
              -84.171897888,
              38.53491210900006
            ],
            [
              -84.17799377499995,
              38.53341293300008
            ],
            [
              -84.18029785199997,
              38.521610260000045
            ],
            [
              -84.18309783899997,
              38.516811371000074
            ],
            [
              -84.18319702099996,
              38.49701309200003
            ],
            [
              -84.18009948699995,
              38.49631118800005
            ],
            [
              -84.17429351899995,
              38.50211334200003
            ],
            [
              -84.16009521499996,
              38.501113892000035
            ],
            [
              -84.15849304199998,
              38.497112274000074
            ],
            [
              -84.16129303099996,
              38.49521255500008
            ],
            [
              -84.16979980499997,
              38.49451065100004
            ],
            [
              -84.17289733899997,
              38.49261093100006
            ],
            [
              -84.17399597199994,
              38.489013672000056
            ],
            [
              -84.17169952399996,
              38.48631286600005
            ],
            [
              -84.16600036599993,
              38.485210419000055
            ],
            [
              -84.15179443399995,
              38.48951339700005
            ],
            [
              -84.15179443399995,
              38.48171234100005
            ],
            [
              -84.14869689899996,
              38.47721099900008
            ],
            [
              -84.14489746199996,
              38.47631073000008
            ],
            [
              -84.14139556899994,
              38.476913452000076
            ],
            [
              -84.138694763,
              38.48051071200007
            ],
            [
              -84.13359832799995,
              38.48321151700003
            ],
            [
              -84.13099670499997,
              38.48211288500005
            ],
            [
              -84.13219451899994,
              38.47721099900008
            ],
            [
              -84.13099670499997,
              38.47511291500007
            ],
            [
              -84.12569427499994,
              38.476711273000035
            ],
            [
              -84.10719299399994,
              38.46911239600007
            ],
            [
              -84.10509490999993,
              38.46651077300004
            ],
            [
              -84.10419464099994,
              38.46111297600004
            ],
            [
              -84.10209655799997,
              38.45951080300006
            ],
            [
              -84.19339752199994,
              38.372310638000044
            ],
            [
              -84.28099822999997,
              38.313312531000065
            ],
            [
              -84.28689575199996,
              38.312011719000054
            ],
            [
              -84.29019928099996,
              38.31381225600006
            ],
            [
              -84.29199981699998,
              38.31741333000008
            ],
            [
              -84.29549407999997,
              38.317913055000076
            ],
            [
              -84.29719543499994,
              38.31671142600004
            ],
            [
              -84.29519652799996,
              38.314811708000036
            ],
            [
              -84.29439544699994,
              38.310112
            ],
            [
              -84.30769348099994,
              38.31281280500008
            ],
            [
              -84.31019592299998,
              38.31051254300007
            ],
            [
              -84.30879974399994,
              38.30771255500008
            ],
            [
              -84.30529785199997,
              38.30601120000006
            ],
            [
              -84.31519317599998,
              38.30221176100008
            ],
            [
              -84.31989288299997,
              38.29631042500006
            ],
            [
              -84.32219695999999,
              38.29791259800004
            ],
            [
              -84.32639312699996,
              38.294712067000034
            ],
            [
              -84.33169555699999,
              38.29331207300004
            ],
            [
              -84.33959960899995,
              38.29661178600003
            ],
            [
              -84.34189605699999,
              38.29461288500005
            ],
            [
              -84.33649444599996,
              38.29001236000005
            ],
            [
              -84.34289550799997,
              38.28621292100007
            ],
            [
              -84.34659576399997,
              38.285713196000074
            ],
            [
              -84.35619354199997,
              38.289012909000064
            ],
            [
              -84.35879516599994,
              38.29101181000004
            ],
            [
              -84.35799407999997,
              38.293811798000036
            ],
            [
              -84.36100006099997,
              38.29611206100003
            ],
            [
              -84.36389923099995,
              38.29411315900006
            ],
            [
              -84.37039947499994,
              38.28211212200006
            ],
            [
              -84.37339782799995,
              38.279510498000036
            ],
            [
              -84.37939453099995,
              38.27851104700005
            ],
            [
              -84.38839721699998,
              38.28231048600003
            ],
            [
              -84.40779876699997,
              38.284812927000075
            ],
            [
              -84.41510009899997,
              38.28731155400004
            ],
            [
              -84.41889953599997,
              38.28731155400004
            ],
            [
              -84.42559814499998,
              38.28121185200007
            ],
            [
              -84.43059539899997,
              38.28021240100003
            ],
            [
              -84.44449615599996,
              38.28491210900006
            ],
            [
              -84.44099426299994,
              38.295310974000074
            ],
            [
              -84.43379974399994,
              38.29871368400006
            ],
            [
              -84.43439483599997,
              38.30551147500006
            ],
            [
              -84.44029998799994,
              38.31841278100006
            ],
            [
              -84.44659423799999,
              38.32521057100007
            ],
            [
              -84.44679260299995,
              38.32811355600006
            ],
            [
              -84.45619964599996,
              38.337211609000065
            ],
            [
              -84.46080017099996,
              38.34851074200003
            ],
            [
              -84.46289825399998,
              38.36411285400004
            ],
            [
              -84.45869445799997,
              38.37371063200004
            ],
            [
              -84.46289825399998,
              38.383911133000026
            ],
            [
              -84.47439575199996,
              38.399711609000065
            ],
            [
              -84.48049926799996,
              38.40321350100004
            ],
            [
              -84.49109649699994,
              38.41431045500008
            ],
            [
              -84.50949859599996,
              38.42201232900004
            ],
            [
              -84.51289367699997,
              38.425811768000074
            ],
            [
              -84.52279663099995,
              38.42871093700006
            ],
            [
              -84.52739715599995,
              38.43351364100005
            ],
            [
              -84.52659606899994,
              38.44871139500003
            ],
            [
              -84.53159332299998,
              38.45811080900006
            ],
            [
              -84.54249572899994,
              38.46331405600006
            ],
            [
              -84.54669952399996,
              38.467010498000036
            ],
            [
              -84.55129241899994,
              38.47881317100007
            ],
            [
              -84.55410003699996,
              38.49171066300005
            ],
            [
              -84.54909515399999,
              38.49581146200006
            ],
            [
              -84.52349853499999,
              38.50591278100006
            ],
            [
              -84.52159881599994,
              38.50801086400003
            ],
            [
              -84.50729370199997,
              38.50781250000006
            ],
            [
              -84.50339508099995,
              38.511310577000074
            ],
            [
              -84.49699401899994,
              38.51231384300007
            ],
            [
              -84.48539733899997,
              38.50851059000007
            ],
            [
              -84.47579956099997,
              38.54341125500008
            ],
            [
              -84.47209930399998,
              38.54371261600005
            ],
            [
              -84.46659851099997,
              38.53621292100007
            ],
            [
              -84.46189880399999,
              38.53511047400008
            ],
            [
              -84.45879363999995,
              38.536510468000074
            ],
            [
              -84.45629882799994,
              38.53431320200008
            ],
            [
              -84.45699310299995,
              38.53181076000004
            ],
            [
              -84.45289611799996,
              38.53121185300006
            ],
            [
              -84.44779968299997,
              38.53311157200005
            ],
            [
              -84.44839477499994,
              38.535911560000045
            ],
            [
              -84.44549560499996,
              38.53701400800003
            ],
            [
              -84.43399810899996,
              38.53541183500005
            ],
            [
              -84.43239593499999,
              38.53931045500008
            ],
            [
              -84.42759704599996,
              38.53931045500008
            ],
            [
              -84.41989898699995,
              38.54301071200007
            ],
            [
              -84.42199706999997,
              38.545612335000044
            ],
            [
              -84.42789459199997,
              38.54671096800007
            ],
            [
              -84.42089843799994,
              38.55131149300007
            ],
            [
              -84.42589569099994,
              38.556911469000056
            ],
            [
              -84.41859435999999,
              38.55761337300004
            ],
            [
              -84.41199493399995,
              38.56511306800007
            ],
            [
              -84.40899658199999,
              38.56591033900003
            ],
            [
              -84.40349578899998,
              38.56471252400007
            ],
            [
              -84.40039825399998,
              38.561412811000025
            ],
            [
              -84.39509582499994,
              38.56131362900004
            ],
            [
              -84.20509338399995,
              38.58251190200008
            ],
            [
              -84.20209503299998,
              38.566810608000026
            ],
            [
              -84.20539855999994,
              38.563613892000035
            ],
            [
              -84.21569824299996,
              38.562313080000024
            ],
            [
              -84.21749877899998,
              38.559612274000074
            ],
            [
              -84.21629333499999,
              38.55621337900004
            ],
            [
              -84.21039581299993,
              38.55051040600006
            ],
            [
              -84.20019531299994,
              38.55061340300006
            ],
            [
              -84.19389343299997,
              38.55341339100005
            ],
            [
              -84.19029998799994,
              38.55291366600005
            ],
            [
              -84.17949676499995,
              38.55831146200006
            ],
            [
              -84.16790008499999,
              38.558910370000035
            ],
            [
              -84.16239929199998,
              38.55461120600006
            ]
          ]
        ]
      }
    },
    {
      "type": "Feature",
      "properties": {
        "STATE": "KY",
        "ZONE": "033",
        "CWA": "LMK",
        "NAME": "Henry",
        "STATE_ZONE": "KY033",
        "TIME_ZONE": "E"
      },
      "geometry": {
        "type": "Polygon",
        "coordinates": [
          [
            [
              -84.86929321299993,
              38.357013702000074
            ],
            [
              -84.88189697299998,
              38.35671234100005
            ],
            [
              -84.88499450699999,
              38.35251236000005
            ],
            [
              -84.89199829099994,
              38.355213165000066
            ],
            [
              -84.90559387199994,
              38.373912811000025
            ],
            [
              -84.90819549599996,
              38.37401199300007
            ],
            [
              -84.99639892699997,
              38.33581161500007
            ],
            [
              -84.99949646099998,
              38.335712433000026
            ],
            [
              -85.28299713099995,
              38.35801315300006
            ],
            [
              -85.29629516599994,
              38.374511719000054
            ],
            [
              -85.32519531299994,
              38.404510498000036
            ],
            [
              -85.33169555699999,
              38.44261169400005
            ],
            [
              -85.34589386,
              38.45951080300006
            ],
            [
              -85.31349945099998,
              38.49341201800007
            ],
            [
              -85.31179809699995,
              38.49721145600006
            ],
            [
              -85.30819702099996,
              38.49911117600004
            ],
            [
              -85.30579376199995,
              38.49751281700003
            ],
            [
              -85.28919982899998,
              38.49791336100003
            ],
            [
              -85.27939605699999,
              38.496410370000035
            ],
            [
              -85.25,
              38.52391052200005
            ],
            [
              -85.17259979199997,
              38.58191299400005
            ],
            [
              -85.17099761999998,
              38.585010529000044
            ],
            [
              -85.07429504399994,
              38.59651184100005
            ],
            [
              -85.07549285899995,
              38.577510834000066
            ],
            [
              -85.06569671699998,
              38.56631088300003
            ],
            [
              -85.06029510499997,
              38.56451034500003
            ],
            [
              -85.04159545899995,
              38.573810577000074
            ],
            [
              -85.01029968399996,
              38.56151199300007
            ],
            [
              -85.00279998799994,
              38.553211212000065
            ],
            [
              -85.01239776599994,
              38.54701232900004
            ],
            [
              -85.01469421399997,
              38.53661346400003
            ],
            [
              -85.02469634999994,
              38.52421188400007
            ],
            [
              -85.02659606899994,
              38.51971054100005
            ],
            [
              -85.02939605699999,
              38.51221084600007
            ],
            [
              -85.02879333499999,
              38.50731277500006
            ],
            [
              -85.02579498399996,
              38.50491333000008
            ],
            [
              -85.01759338399995,
              38.504413605000025
            ],
            [
              -85.00369262699996,
              38.51581192000003
            ],
            [
              -84.99479675299995,
              38.51821136500007
            ],
            [
              -84.984397888,
              38.51821136500007
            ],
            [
              -84.97799682599998,
              38.51541137700008
            ],
            [
              -84.97760009799998,
              38.51261138900003
            ],
            [
              -84.99019622799995,
              38.49931335400004
            ],
            [
              -84.99239349499999,
              38.49391174300007
            ],
            [
              -84.99189758299997,
              38.490711212000065
            ],
            [
              -84.98979949999995,
              38.48791122400007
            ],
            [
              -84.96529388399995,
              38.47931289700006
            ],
            [
              -84.95409393299997,
              38.470413208000025
            ],
            [
              -84.95189666799996,
              38.46411132800006
            ],
            [
              -84.95189666799996,
              38.45731353800005
            ],
            [
              -84.95709991499996,
              38.44551086400003
            ],
            [
              -84.96309661899994,
              38.437313080000024
            ],
            [
              -84.95539855999994,
              38.42901229900008
            ],
            [
              -84.95099639899996,
              38.42681121800007
            ],
            [
              -84.94549560499996,
              38.426513672000056
            ],
            [
              -84.93809509299996,
              38.429512024000076
            ],
            [
              -84.93809509299996,
              38.45071029700006
            ],
            [
              -84.93459320199997,
              38.45751190200008
            ],
            [
              -84.92829894999994,
              38.46261215200008
            ],
            [
              -84.92219543599998,
              38.46471023600003
            ],
            [
              -84.91209411599993,
              38.45951080300006
            ],
            [
              -84.90919494599996,
              38.45301055900006
            ],
            [
              -84.91059875499997,
              38.449111938000044
            ],
            [
              -84.92629241899994,
              38.44061279300007
            ],
            [
              -84.92759704599996,
              38.434112549000076
            ],
            [
              -84.92569732699997,
              38.43171310400004
            ],
            [
              -84.91559600799997,
              38.430610657000045
            ],
            [
              -84.89649963399995,
              38.42541122400007
            ],
            [
              -84.88049316499996,
              38.41871261600005
            ],
            [
              -84.88069915799997,
              38.415313721000075
            ],
            [
              -84.89749908499994,
              38.38971328700006
            ],
            [
              -84.89869689899996,
              38.38071060200008
            ],
            [
              -84.89779663199994,
              38.37791061400003
            ],
            [
              -84.89459991499996,
              38.37561035200008
            ],
            [
              -84.87789916999998,
              38.37351226800007
            ],
            [
              -84.86869811999998,
              38.36921310400004
            ],
            [
              -84.86709594699994,
              38.36201095600006
            ],
            [
              -84.86929321299993,
              38.357013702000074
            ]
          ]
        ]
      }
    },
    {
      "type": "Feature",
      "properties": {
        "STATE": "KY",
        "ZONE": "063",
        "CWA": "LMK",
        "NAME": "Hart",
        "STATE_ZONE": "KY063",
        "TIME_ZONE": "C"
      },
      "geometry": {
        "type": "Polygon",
        "coordinates": [
          [
            [
              -86.03009796099997,
              37.448810577000074
            ],
            [
              -85.75,
              37.43101120000006
            ],
            [
              -85.73329925499996,
              37.42551040600006
            ],
            [
              -85.65739440899995,
              37.42241287200005
            ],
            [
              -85.65569305399998,
              37.42071151700003
            ],
            [
              -85.65749359199998,
              37.41201400800003
            ],
            [
              -85.65319824199997,
              37.40711212200006
            ],
            [
              -85.65159606899994,
              37.39621353100006
            ],
            [
              -85.65399932899999,
              37.39021301300005
            ],
            [
              -85.65309905999999,
              37.38831329300007
            ],
            [
              -85.65839386099998,
              37.38801193200004
            ],
            [
              -85.66049957299998,
              37.383613586000024
            ],
            [
              -85.67339324999995,
              37.37501144400005
            ],
            [
              -85.68589782699996,
              37.36101150500008
            ],
            [
              -85.68899536099997,
              37.351913452000076
            ],
            [
              -85.69579315199996,
              37.31161117600004
            ],
            [
              -85.69689941399997,
              37.301513672000056
            ],
            [
              -85.69299316399997,
              37.29971313500005
            ],
            [
              -85.68849945099998,
              37.29261016800007
            ],
            [
              -85.68259429899996,
              37.28821182300004
            ],
            [
              -85.67939758299997,
              37.278312683000024
            ],
            [
              -85.67979431199996,
              37.27111053500005
            ],
            [
              -85.66959381099997,
              37.268310547000056
            ],
            [
              -85.68000030499996,
              37.25851059000007
            ],
            [
              -85.67879486199996,
              37.25001144400005
            ],
            [
              -85.68669891399998,
              37.18231201200007
            ],
            [
              -85.74489593499999,
              37.169513702000074
            ],
            [
              -85.77519988999995,
              37.167510986000025
            ],
            [
              -85.80199432399996,
              37.163112640000065
            ],
            [
              -85.85839843799994,
              37.150611877000074
            ],
            [
              -85.90589904799998,
              37.14831161500007
            ],
            [
              -85.969993591,
              37.15591049200003
            ],
            [
              -85.99259948699995,
              37.15711212200006
            ],
            [
              -86.05639648399995,
              37.16721344000007
            ],
            [
              -86.04940032999997,
              37.215911865000066
            ],
            [
              -86.15760040299995,
              37.335514069000055
            ],
            [
              -86.15379333499999,
              37.338710785000046
            ],
            [
              -86.15779876699997,
              37.34331131000005
            ],
            [
              -86.16069793699995,
              37.35051345800008
            ],
            [
              -86.15699768099995,
              37.350914001000035
            ],
            [
              -86.15549468999995,
              37.34891128500004
            ],
            [
              -86.15589904899997,
              37.34571075400004
            ],
            [
              -86.15339660599994,
              37.34411239600007
            ],
            [
              -86.14830017099996,
              37.34371185300006
            ],
            [
              -86.14669799799998,
              37.34501266500007
            ],
            [
              -86.147895813,
              37.34921264600007
            ],
            [
              -86.14179992699997,
              37.34361267100007
            ],
            [
              -86.13499450699999,
              37.34331131000005
            ],
            [
              -86.13189697299998,
              37.33911132800006
            ],
            [
              -86.12929534999995,
              37.33831405600006
            ],
            [
              -86.12709808299996,
              37.33891296400003
            ],
            [
              -86.12149810799997,
              37.34571075400004
            ],
            [
              -86.11829376199995,
              37.34561157200005
            ],
            [
              -86.11589813199998,
              37.34361267100007
            ],
            [
              -86.12229919399994,
              37.33841323900003
            ],
            [
              -86.12399291999998,
              37.33551025400004
            ],
            [
              -86.12329864499998,
              37.333011627000076
            ],
            [
              -86.11959838899998,
              37.332611084000064
            ],
            [
              -86.11660003799994,
              37.33821106000005
            ],
            [
              -86.11369323699995,
              37.337913513000046
            ],
            [
              -86.10709381099997,
              37.332912445000034
            ],
            [
              -86.09669494599996,
              37.330013275000056
            ],
            [
              -86.09399414099994,
              37.33131027200005
            ],
            [
              -86.09529876799996,
              37.33311080900006
            ],
            [
              -86.10519409299997,
              37.33741378800005
            ],
            [
              -86.10579681499996,
              37.33951187100007
            ],
            [
              -86.10229492199994,
              37.342113495000035
            ],
            [
              -86.10459899899996,
              37.34701156600005
            ],
            [
              -86.10379791299994,
              37.35141372700008
            ],
            [
              -86.09980011,
              37.351913452000076
            ],
            [
              -86.09679412799994,
              37.346313477000024
            ],
            [
              -86.09309387199994,
              37.34521102900004
            ],
            [
              -86.09009551999998,
              37.346412659000066
            ],
            [
              -86.09140014599996,
              37.350811005000025
            ],
            [
              -86.08229827999997,
              37.351512909000064
            ],
            [
              -86.07969665499996,
              37.34911346400003
            ],
            [
              -86.08159637499995,
              37.34681320200008
            ],
            [
              -86.09089660599994,
              37.341812134000065
            ],
            [
              -86.08769988999995,
              37.33981323200004
            ],
            [
              -86.08059692399996,
              37.344512939000026
            ],
            [
              -86.07709503199999,
              37.34171295200008
            ],
            [
              -86.07099914599996,
              37.340911865000066
            ],
            [
              -86.07349395799997,
              37.34761047400008
            ],
            [
              -86.07049560499996,
              37.34911346400003
            ],
            [
              -86.06609344499998,
              37.34861373900003
            ],
            [
              -86.06340026899994,
              37.350612640000065
            ],
            [
              -86.07009887699996,
              37.355010986000025
            ],
            [
              -86.06679534899996,
              37.35711288500005
            ],
            [
              -86.06459808299996,
              37.36391067500006
            ],
            [
              -86.06799316399997,
              37.366611481000064
            ],
            [
              -86.06929779199999,
              37.37171173100006
            ],
            [
              -86.06279754599996,
              37.37411117600004
            ],
            [
              -86.07199859599996,
              37.381111145000034
            ],
            [
              -86.06649780299995,
              37.38321304300007
            ],
            [
              -86.065696716,
              37.38531112700008
            ],
            [
              -86.06999969499998,
              37.387912750000055
            ],
            [
              -86.06409454399994,
              37.389011383000025
            ],
            [
              -86.05709838899998,
              37.38471221900005
            ],
            [
              -86.05379486099997,
              37.384613037000065
            ],
            [
              -86.051498413,
              37.386310577000074
            ],
            [
              -86.05659484899996,
              37.39061355600006
            ],
            [
              -86.05529785199997,
              37.393310547000056
            ],
            [
              -86.05279540999999,
              37.39411163300008
            ],
            [
              -86.04419708299997,
              37.39231109600007
            ],
            [
              -86.04380035399998,
              37.394313812000064
            ],
            [
              -86.04159545899995,
              37.39501190200008
            ],
            [
              -86.03549957299998,
              37.39391326900005
            ],
            [
              -86.03349304199998,
              37.390010834000066
            ],
            [
              -86.03139495799996,
              37.39311218300003
            ],
            [
              -86.02329254199998,
              37.39321136500007
            ],
            [
              -86.01939392099996,
              37.39531326300005
            ],
            [
              -86.02499389599996,
              37.39731216400003
            ],
            [
              -86.02699279799998,
              37.40311050400004
            ],
            [
              -86.04249572799995,
              37.405212402000075
            ],
            [
              -86.04349517799994,
              37.40861129800004
            ],
            [
              -86.03839874399995,
              37.41101074200003
            ],
            [
              -86.03999328599997,
              37.41651153600003
            ],
            [
              -86.031799316,
              37.419410706000065
            ],
            [
              -86.03369903599997,
              37.42221069300007
            ],
            [
              -86.03319549599996,
              37.42701339700005
            ],
            [
              -86.04139709499998,
              37.42811203000008
            ],
            [
              -86.04380035399998,
              37.43031311000004
            ],
            [
              -86.03889465299994,
              37.434013367000034
            ],
            [
              -86.04660034199998,
              37.43631362900004
            ],
            [
              -86.04189300499996,
              37.44111251800007
            ],
            [
              -86.04949951299994,
              37.44111251800007
            ],
            [
              -86.05079650899995,
              37.442813873000034
            ],
            [
              -86.04509735099998,
              37.44861221300005
            ],
            [
              -86.03009796099997,
              37.448810577000074
            ]
          ],
          [
            [
              -86.03949737499994,
              37.38301086400003
            ],
            [
              -86.03919982899998,
              37.386711121000076
            ],
            [
              -86.04199981699998,
              37.38931274400005
            ],
            [
              -86.04609680199997,
              37.384410858000024
            ],
            [
              -86.04629516599994,
              37.38181304900007
            ],
            [
              -86.04219818099995,
              37.381511688000046
            ],
            [
              -86.03949737499994,
              37.38301086400003
            ]
          ]
        ]
      }
    },
    {
      "type": "Feature",
      "properties": {
        "STATE": "KY",
        "ZONE": "082",
        "CWA": "LMK",
        "NAME": "Clinton",
        "STATE_ZONE": "KY082",
        "TIME_ZONE": "C"
      },
      "geometry": {
        "type": "Polygon",
        "coordinates": [
          [
            [
              -85.06429290799997,
              36.85891342200006
            ],
            [
              -85.05919647299999,
              36.833312988000046
            ],
            [
              -85.02679443399995,
              36.807212830000026
            ],
            [
              -85.00829315199996,
              36.76571273800005
            ],
            [
              -85.00469970699999,
              36.75471115100004
            ],
            [
              -85.01689910899995,
              36.72901153600003
            ],
            [
              -85.01989746199996,
              36.71911239600007
            ],
            [
              -85.01409912099996,
              36.71571350100004
            ],
            [
              -85.013694763,
              36.713111877000074
            ],
            [
              -85.01699829099994,
              36.710910797000054
            ],
            [
              -85.02109527599998,
              36.70391082800006
            ],
            [
              -85.01969909699994,
              36.69321060200008
            ],
            [
              -85.01639556899994,
              36.68931198100006
            ],
            [
              -85.01179504399994,
              36.69001388500004
            ],
            [
              -85.00579833999996,
              36.68431091300005
            ],
            [
              -85.00619506799995,
              36.68121337900004
            ],
            [
              -85.00169372599998,
              36.67751312300004
            ],
            [
              -85.00370025599995,
              36.673213959000066
            ],
            [
              -85.00899505599995,
              36.668811798000036
            ],
            [
              -84.99919891399998,
              36.66481399500003
            ],
            [
              -84.99779510499997,
              36.64961242700008
            ],
            [
              -84.99889373899998,
              36.64691162100007
            ],
            [
              -85.004096985,
              36.643013
            ],
            [
              -85.00419616699998,
              36.63941192600004
            ],
            [
              -85.00339508099995,
              36.63411331200007
            ],
            [
              -84.99939727799995,
              36.63071060200008
            ],
            [
              -84.99959564199997,
              36.62681198100006
            ],
            [
              -84.99609374999994,
              36.623912811000025
            ],
            [
              -84.99179840099998,
              36.62291336100003
            ],
            [
              -84.98919677699996,
              36.61921310400004
            ],
            [
              -84.97769927999997,
              36.62021255500008
            ],
            [
              -84.97509765699994,
              36.61581039400005
            ],
            [
              -85.11689758299997,
              36.62331390400004
            ],
            [
              -85.24689483699996,
              36.62641143800005
            ],
            [
              -85.29639434799998,
              36.62571334800003
            ],
            [
              -85.24629974399994,
              36.74551391600005
            ],
            [
              -85.21569824199997,
              36.85431289700006
            ],
            [
              -85.21319580099998,
              36.856113434000065
            ],
            [
              -85.21279907199994,
              36.86001205400004
            ],
            [
              -85.21479797399996,
              36.86391067500006
            ],
            [
              -85.22380065899995,
              36.872711182000046
            ],
            [
              -85.23369598399995,
              36.87951278700007
            ],
            [
              -85.23529815699999,
              36.883712769000056
            ],
            [
              -85.23379516599994,
              36.886310577000074
            ],
            [
              -85.22859954799998,
              36.88761138900003
            ],
            [
              -85.21999359199998,
              36.88471221900005
            ],
            [
              -85.21309661899994,
              36.880012512000064
            ],
            [
              -85.19409942599998,
              36.87241363500004
            ],
            [
              -85.11819457999997,
              36.82771301300005
            ],
            [
              -85.06429290799997,
              36.85891342200006
            ]
          ]
        ]
      }
    }
  ],
  "metadata": {
    "schema_version": "0.1.0",
    "wfo": "LMK",
    "layer": "land_zones",
    "source": "https://www.weather.gov/source/gis/Shapefiles/WSOM/z_16ap26.zip",
    "public_release_status": "public-source-derived"
  }
}