{
  "type": "FeatureCollection",
  "metadata": {
    "schema_version": "0.2.4",
    "year": 2026,
    "month": 3,
    "wfo": "FGF",
    "start_utc": "2026-03-01T00:00:00Z",
    "end_utc": "2026-04-01T00:00:00Z",
    "generated_utc": "2026-05-29T12:30:12Z",
    "mode": "storm_data_prep",
    "public_release_status": "public-source-derived",
    "time_note": "Storm Data entry times should be reviewed in local Standard Time (ST), not daylight time. Candidate reports include standard_time_display.",
    "tornado_track_policy": "Tornado tracks must come from DAT. NCEI begin/end coordinates are not used as a tornado track substitute.",
    "source": "https://mesonet.agron.iastate.edu/cgi-bin/request/gis/lsr.py?wfo=FGF&sts=2026-03-01T00%3A00%3A00Z&ets=2026-04-01T00%3A00%3A00Z&fmt=csv"
  },
  "features": [
    {
      "type": "Feature",
      "id": "iem-lsr-FGF-1",
      "properties": {
        "report_id": "iem-lsr-FGF-1",
        "report_type": "SNOW",
        "event_category": "winter",
        "valid_utc": "202603100445",
        "standard_time_display": "2026-03-09 22:45 CST",
        "wfo": "FGF",
        "county_or_zone": "Wilkin",
        "city": "1 NE Breckenridge",
        "state": "MN",
        "magnitude": 0.5,
        "magnitude_units": null,
        "source": "Law Enforcement",
        "event_narrative": "Still snowing."
      },
      "geometry": {
        "type": "Point",
        "coordinates": [
          -96.58,
          46.27
        ]
      }
    },
    {
      "type": "Feature",
      "id": "iem-lsr-FGF-2",
      "properties": {
        "report_id": "iem-lsr-FGF-2",
        "report_type": "SNOW",
        "event_category": "winter",
        "valid_utc": "202603100500",
        "standard_time_display": "2026-03-09 23:00 CST",
        "wfo": "FGF",
        "county_or_zone": "Cass",
        "city": "3 S Fargo",
        "state": "ND",
        "magnitude": 0.3,
        "magnitude_units": null,
        "source": "CO-OP Observer",
        "event_narrative": "CO-OP Observer station FDRN8 Fargo ND 3 S."
      },
      "geometry": {
        "type": "Point",
        "coordinates": [
          -96.8,
          46.83
        ]
      }
    },
    {
      "type": "Feature",
      "id": "iem-lsr-FGF-3",
      "properties": {
        "report_id": "iem-lsr-FGF-3",
        "report_type": "SNOW",
        "event_category": "winter",
        "valid_utc": "202603100519",
        "standard_time_display": "2026-03-09 23:19 CST",
        "wfo": "FGF",
        "county_or_zone": "Clay",
        "city": "Moorhead",
        "state": "MN",
        "magnitude": 0.4,
        "magnitude_units": null,
        "source": "Broadcast Media",
        "event_narrative": "Total snowfalll from South Moorhead."
      },
      "geometry": {
        "type": "Point",
        "coordinates": [
          -96.76,
          46.86
        ]
      }
    },
    {
      "type": "Feature",
      "id": "iem-lsr-FGF-4",
      "properties": {
        "report_id": "iem-lsr-FGF-4",
        "report_type": "SNOW",
        "event_category": "winter",
        "valid_utc": "202603100708",
        "standard_time_display": "2026-03-10 01:08 CST",
        "wfo": "FGF",
        "county_or_zone": "Richland",
        "city": "Wahpeton",
        "state": "ND",
        "magnitude": 1.0,
        "magnitude_units": null,
        "source": "Public",
        "event_narrative": "nearnig 1 inch of snow so far.... still snowing."
      },
      "geometry": {
        "type": "Point",
        "coordinates": [
          -96.61,
          46.27
        ]
      }
    },
    {
      "type": "Feature",
      "id": "iem-lsr-FGF-5",
      "properties": {
        "report_id": "iem-lsr-FGF-5",
        "report_type": "SNOW",
        "event_category": "winter",
        "valid_utc": "202603100939",
        "standard_time_display": "2026-03-10 03:39 CST",
        "wfo": "FGF",
        "county_or_zone": "Wadena",
        "city": "Wadena",
        "state": "MN",
        "magnitude": 3.0,
        "magnitude_units": null,
        "source": "Public",
        "event_narrative": "ruler measurement."
      },
      "geometry": {
        "type": "Point",
        "coordinates": [
          -95.13,
          46.44
        ]
      }
    },
    {
      "type": "Feature",
      "id": "iem-lsr-FGF-6",
      "properties": {
        "report_id": "iem-lsr-FGF-6",
        "report_type": "SNOW",
        "event_category": "winter",
        "valid_utc": "202603100940",
        "standard_time_display": "2026-03-10 03:40 CST",
        "wfo": "FGF",
        "county_or_zone": "Otter Tail",
        "city": "Perham",
        "state": "MN",
        "magnitude": 3.0,
        "magnitude_units": null,
        "source": "Public",
        "event_narrative": null
      },
      "geometry": {
        "type": "Point",
        "coordinates": [
          -95.57,
          46.6
        ]
      }
    },
    {
      "type": "Feature",
      "id": "iem-lsr-FGF-7",
      "properties": {
        "report_id": "iem-lsr-FGF-7",
        "report_type": "SNOW",
        "event_category": "winter",
        "valid_utc": "202603100940",
        "standard_time_display": "2026-03-10 03:40 CST",
        "wfo": "FGF",
        "county_or_zone": "Otter Tail",
        "city": "Dalton",
        "state": "MN",
        "magnitude": 4.0,
        "magnitude_units": null,
        "source": "Public",
        "event_narrative": null
      },
      "geometry": {
        "type": "Point",
        "coordinates": [
          -95.92,
          46.17
        ]
      }
    },
    {
      "type": "Feature",
      "id": "iem-lsr-FGF-8",
      "properties": {
        "report_id": "iem-lsr-FGF-8",
        "report_type": "SNOW",
        "event_category": "winter",
        "valid_utc": "202603101006",
        "standard_time_display": "2026-03-10 04:06 CST",
        "wfo": "FGF",
        "county_or_zone": "Grant",
        "city": "Ashby",
        "state": "MN",
        "magnitude": 4.0,
        "magnitude_units": null,
        "source": "Public",
        "event_narrative": null
      },
      "geometry": {
        "type": "Point",
        "coordinates": [
          -95.82,
          46.09
        ]
      }
    },
    {
      "type": "Feature",
      "id": "iem-lsr-FGF-9",
      "properties": {
        "report_id": "iem-lsr-FGF-9",
        "report_type": "SNOW",
        "event_category": "winter",
        "valid_utc": "202603101007",
        "standard_time_display": "2026-03-10 04:07 CST",
        "wfo": "FGF",
        "county_or_zone": "Ransom",
        "city": "Lisbon",
        "state": "ND",
        "magnitude": 1.0,
        "magnitude_units": null,
        "source": "Public",
        "event_narrative": null
      },
      "geometry": {
        "type": "Point",
        "coordinates": [
          -97.68,
          46.44
        ]
      }
    },
    {
      "type": "Feature",
      "id": "iem-lsr-FGF-10",
      "properties": {
        "report_id": "iem-lsr-FGF-10",
        "report_type": "SNOW",
        "event_category": "winter",
        "valid_utc": "202603101007",
        "standard_time_display": "2026-03-10 04:07 CST",
        "wfo": "FGF",
        "county_or_zone": "Otter Tail",
        "city": "Fergus Falls",
        "state": "MN",
        "magnitude": 4.5,
        "magnitude_units": null,
        "source": "Public",
        "event_narrative": null
      },
      "geometry": {
        "type": "Point",
        "coordinates": [
          -96.07,
          46.28
        ]
      }
    },
    {
      "type": "Feature",
      "id": "iem-lsr-FGF-11",
      "properties": {
        "report_id": "iem-lsr-FGF-11",
        "report_type": "SNOW",
        "event_category": "winter",
        "valid_utc": "202603101055",
        "standard_time_display": "2026-03-10 04:55 CST",
        "wfo": "FGF",
        "county_or_zone": "Otter Tail",
        "city": "1 SSW Ottertail",
        "state": "MN",
        "magnitude": 4.0,
        "magnitude_units": null,
        "source": "CO-OP Observer",
        "event_narrative": "CO-OP Observer station OTTM5 Ottertail MN."
      },
      "geometry": {
        "type": "Point",
        "coordinates": [
          -95.57,
          46.42
        ]
      }
    },
    {
      "type": "Feature",
      "id": "iem-lsr-FGF-12",
      "properties": {
        "report_id": "iem-lsr-FGF-12",
        "report_type": "SNOW",
        "event_category": "winter",
        "valid_utc": "202603101100",
        "standard_time_display": "2026-03-10 05:00 CST",
        "wfo": "FGF",
        "county_or_zone": "Richland",
        "city": "Abercrombie",
        "state": "ND",
        "magnitude": 2.5,
        "magnitude_units": null,
        "source": "Cocorahs",
        "event_narrative": "Cocorahs station ND-RC-8 Abercrombie ND 0.2 NW."
      },
      "geometry": {
        "type": "Point",
        "coordinates": [
          -96.73,
          46.45
        ]
      }
    },
    {
      "type": "Feature",
      "id": "iem-lsr-FGF-13",
      "properties": {
        "report_id": "iem-lsr-FGF-13",
        "report_type": "SNOW",
        "event_category": "winter",
        "valid_utc": "202603101113",
        "standard_time_display": "2026-03-10 05:13 CST",
        "wfo": "FGF",
        "county_or_zone": "Richland",
        "city": "Fairmount",
        "state": "ND",
        "magnitude": 2.0,
        "magnitude_units": null,
        "source": "Public",
        "event_narrative": null
      },
      "geometry": {
        "type": "Point",
        "coordinates": [
          -96.6,
          46.05
        ]
      }
    },
    {
      "type": "Feature",
      "id": "iem-lsr-FGF-14",
      "properties": {
        "report_id": "iem-lsr-FGF-14",
        "report_type": "SNOW",
        "event_category": "winter",
        "valid_utc": "202603101113",
        "standard_time_display": "2026-03-10 05:13 CST",
        "wfo": "FGF",
        "county_or_zone": "Richland",
        "city": "Wahpeton",
        "state": "ND",
        "magnitude": 4.5,
        "magnitude_units": null,
        "source": "Public",
        "event_narrative": "Snow total."
      },
      "geometry": {
        "type": "Point",
        "coordinates": [
          -96.61,
          46.27
        ]
      }
    },
    {
      "type": "Feature",
      "id": "iem-lsr-FGF-15",
      "properties": {
        "report_id": "iem-lsr-FGF-15",
        "report_type": "SNOW",
        "event_category": "winter",
        "valid_utc": "202603101114",
        "standard_time_display": "2026-03-10 05:14 CST",
        "wfo": "FGF",
        "county_or_zone": "Sargent",
        "city": "Milnor",
        "state": "ND",
        "magnitude": 0.5,
        "magnitude_units": null,
        "source": "Public",
        "event_narrative": null
      },
      "geometry": {
        "type": "Point",
        "coordinates": [
          -97.46,
          46.26
        ]
      }
    },
    {
      "type": "Feature",
      "id": "iem-lsr-FGF-16",
      "properties": {
        "report_id": "iem-lsr-FGF-16",
        "report_type": "SNOW",
        "event_category": "winter",
        "valid_utc": "202603101114",
        "standard_time_display": "2026-03-10 05:14 CST",
        "wfo": "FGF",
        "county_or_zone": "Wadena",
        "city": "Verndale",
        "state": "MN",
        "magnitude": 3.0,
        "magnitude_units": null,
        "source": "Public",
        "event_narrative": null
      },
      "geometry": {
        "type": "Point",
        "coordinates": [
          -95.01,
          46.4
        ]
      }
    },
    {
      "type": "Feature",
      "id": "iem-lsr-FGF-17",
      "properties": {
        "report_id": "iem-lsr-FGF-17",
        "report_type": "SNOW",
        "event_category": "winter",
        "valid_utc": "202603101143",
        "standard_time_display": "2026-03-10 05:43 CST",
        "wfo": "FGF",
        "county_or_zone": "Sargent",
        "city": "Forman",
        "state": "ND",
        "magnitude": 2.0,
        "magnitude_units": null,
        "source": "Public",
        "event_narrative": null
      },
      "geometry": {
        "type": "Point",
        "coordinates": [
          -97.64,
          46.11
        ]
      }
    },
    {
      "type": "Feature",
      "id": "iem-lsr-FGF-18",
      "properties": {
        "report_id": "iem-lsr-FGF-18",
        "report_type": "SNOW",
        "event_category": "winter",
        "valid_utc": "202603101144",
        "standard_time_display": "2026-03-10 05:44 CST",
        "wfo": "FGF",
        "county_or_zone": "Wilkin",
        "city": "2 S Foxhome",
        "state": "MN",
        "magnitude": 4.0,
        "magnitude_units": null,
        "source": "Public",
        "event_narrative": null
      },
      "geometry": {
        "type": "Point",
        "coordinates": [
          -96.31,
          46.25
        ]
      }
    },
    {
      "type": "Feature",
      "id": "iem-lsr-FGF-19",
      "properties": {
        "report_id": "iem-lsr-FGF-19",
        "report_type": "SNOW",
        "event_category": "winter",
        "valid_utc": "202603101148",
        "standard_time_display": "2026-03-10 05:48 CST",
        "wfo": "FGF",
        "county_or_zone": "Ransom",
        "city": "Lisbon",
        "state": "ND",
        "magnitude": 2.9,
        "magnitude_units": null,
        "source": "Public",
        "event_narrative": "Storm total."
      },
      "geometry": {
        "type": "Point",
        "coordinates": [
          -97.68,
          46.44
        ]
      }
    },
    {
      "type": "Feature",
      "id": "iem-lsr-FGF-20",
      "properties": {
        "report_id": "iem-lsr-FGF-20",
        "report_type": "SNOW",
        "event_category": "winter",
        "valid_utc": "202603101149",
        "standard_time_display": "2026-03-10 05:49 CST",
        "wfo": "FGF",
        "county_or_zone": "Otter Tail",
        "city": "2 WSW Deer Creek",
        "state": "MN",
        "magnitude": 4.5,
        "magnitude_units": null,
        "source": "Cocorahs",
        "event_narrative": "MN-OT-7: Deer Creek 2.0 WSW."
      },
      "geometry": {
        "type": "Point",
        "coordinates": [
          -95.36,
          46.38
        ]
      }
    },
    {
      "type": "Feature",
      "id": "iem-lsr-FGF-21",
      "properties": {
        "report_id": "iem-lsr-FGF-21",
        "report_type": "SNOW",
        "event_category": "winter",
        "valid_utc": "202603101200",
        "standard_time_display": "2026-03-10 06:00 CST",
        "wfo": "FGF",
        "county_or_zone": "Hubbard",
        "city": "1 NNE Park Rapids",
        "state": "MN",
        "magnitude": 1.0,
        "magnitude_units": null,
        "source": "Cocorahs",
        "event_narrative": "Cocorahs station MN-HB-40 Park Rapids MN 1.0 NNE."
      },
      "geometry": {
        "type": "Point",
        "coordinates": [
          -95.05,
          46.93
        ]
      }
    },
    {
      "type": "Feature",
      "id": "iem-lsr-FGF-22",
      "properties": {
        "report_id": "iem-lsr-FGF-22",
        "report_type": "SNOW",
        "event_category": "winter",
        "valid_utc": "202603101200",
        "standard_time_display": "2026-03-10 06:00 CST",
        "wfo": "FGF",
        "county_or_zone": "Grant",
        "city": "4 WSW Hoffman",
        "state": "MN",
        "magnitude": 1.0,
        "magnitude_units": null,
        "source": "Cocorahs",
        "event_narrative": "Cocorahs station MN-GR-11 Hoffman MN 4.0 WSW."
      },
      "geometry": {
        "type": "Point",
        "coordinates": [
          -95.86,
          45.8
        ]
      }
    },
    {
      "type": "Feature",
      "id": "iem-lsr-FGF-23",
      "properties": {
        "report_id": "iem-lsr-FGF-23",
        "report_type": "SNOW",
        "event_category": "winter",
        "valid_utc": "202603101200",
        "standard_time_display": "2026-03-10 06:00 CST",
        "wfo": "FGF",
        "county_or_zone": "Becker",
        "city": "5 NNW Cormorant",
        "state": "MN",
        "magnitude": 1.1,
        "magnitude_units": null,
        "source": "Cocorahs",
        "event_narrative": "Cocorahs station MN-BK-6 Lake Park MN 6.0 S."
      },
      "geometry": {
        "type": "Point",
        "coordinates": [
          -96.12,
          46.8
        ]
      }
    },
    {
      "type": "Feature",
      "id": "iem-lsr-FGF-24",
      "properties": {
        "report_id": "iem-lsr-FGF-24",
        "report_type": "SNOW",
        "event_category": "winter",
        "valid_utc": "202603101200",
        "standard_time_display": "2026-03-10 06:00 CST",
        "wfo": "FGF",
        "county_or_zone": "Becker",
        "city": "Detroit Lakes",
        "state": "MN",
        "magnitude": 1.3,
        "magnitude_units": null,
        "source": "Cocorahs",
        "event_narrative": "Cocorahs station MN-BK-36 Detroit Lakes MN 0.5 NNW."
      },
      "geometry": {
        "type": "Point",
        "coordinates": [
          -95.85,
          46.81
        ]
      }
    },
    {
      "type": "Feature",
      "id": "iem-lsr-FGF-25",
      "properties": {
        "report_id": "iem-lsr-FGF-25",
        "report_type": "SNOW",
        "event_category": "winter",
        "valid_utc": "202603101200",
        "standard_time_display": "2026-03-10 06:00 CST",
        "wfo": "FGF",
        "county_or_zone": "Becker",
        "city": "4 W Menahga",
        "state": "MN",
        "magnitude": 2.5,
        "magnitude_units": null,
        "source": "Cocorahs",
        "event_narrative": "Cocorahs station MN-BK-33 Menahga MN 4.0 W."
      },
      "geometry": {
        "type": "Point",
        "coordinates": [
          -95.18,
          46.74
        ]
      }
    },
    {
      "type": "Feature",
      "id": "iem-lsr-FGF-26",
      "properties": {
        "report_id": "iem-lsr-FGF-26",
        "report_type": "SNOW",
        "event_category": "winter",
        "valid_utc": "202603101200",
        "standard_time_display": "2026-03-10 06:00 CST",
        "wfo": "FGF",
        "county_or_zone": "Ransom",
        "city": "Lisbon",
        "state": "ND",
        "magnitude": 2.8,
        "magnitude_units": null,
        "source": "CO-OP Observer",
        "event_narrative": "CO-OP Observer station LISN8 Lisbon ND."
      },
      "geometry": {
        "type": "Point",
        "coordinates": [
          -97.68,
          46.43
        ]
      }
    },
    {
      "type": "Feature",
      "id": "iem-lsr-FGF-27",
      "properties": {
        "report_id": "iem-lsr-FGF-27",
        "report_type": "SNOW",
        "event_category": "winter",
        "valid_utc": "202603101200",
        "standard_time_display": "2026-03-10 06:00 CST",
        "wfo": "FGF",
        "county_or_zone": "Otter Tail",
        "city": "4 NE Clitherall",
        "state": "MN",
        "magnitude": 3.0,
        "magnitude_units": null,
        "source": "Cocorahs",
        "event_narrative": "Cocorahs station MN-OT-58 Woodland Park MN 2.1 W."
      },
      "geometry": {
        "type": "Point",
        "coordinates": [
          -95.57,
          46.31
        ]
      }
    },
    {
      "type": "Feature",
      "id": "iem-lsr-FGF-28",
      "properties": {
        "report_id": "iem-lsr-FGF-28",
        "report_type": "SNOW",
        "event_category": "winter",
        "valid_utc": "202603101200",
        "standard_time_display": "2026-03-10 06:00 CST",
        "wfo": "FGF",
        "county_or_zone": "Otter Tail",
        "city": "Fergus Falls",
        "state": "MN",
        "magnitude": 3.2,
        "magnitude_units": null,
        "source": "Cocorahs",
        "event_narrative": "Cocorahs station MN-OT-5 Fergus Falls MN 0.5 E."
      },
      "geometry": {
        "type": "Point",
        "coordinates": [
          -96.07,
          46.29
        ]
      }
    },
    {
      "type": "Feature",
      "id": "iem-lsr-FGF-29",
      "properties": {
        "report_id": "iem-lsr-FGF-29",
        "report_type": "SNOW",
        "event_category": "winter",
        "valid_utc": "202603101200",
        "standard_time_display": "2026-03-10 06:00 CST",
        "wfo": "FGF",
        "county_or_zone": "Wadena",
        "city": "1 NE Wadena",
        "state": "MN",
        "magnitude": 3.5,
        "magnitude_units": null,
        "source": "Cocorahs",
        "event_narrative": "Cocorahs station MN-WD-12 Wadena MN 1.0 NE."
      },
      "geometry": {
        "type": "Point",
        "coordinates": [
          -95.12,
          46.45
        ]
      }
    },
    {
      "type": "Feature",
      "id": "iem-lsr-FGF-30",
      "properties": {
        "report_id": "iem-lsr-FGF-30",
        "report_type": "SNOW",
        "event_category": "winter",
        "valid_utc": "202603101200",
        "standard_time_display": "2026-03-10 06:00 CST",
        "wfo": "FGF",
        "county_or_zone": "Otter Tail",
        "city": "5 ENE Phelps",
        "state": "MN",
        "magnitude": 3.5,
        "magnitude_units": null,
        "source": "Cocorahs",
        "event_narrative": "Cocorahs station MN-OT-56 Battle Lake MN 7.6 N."
      },
      "geometry": {
        "type": "Point",
        "coordinates": [
          -95.72,
          46.39
        ]
      }
    },
    {
      "type": "Feature",
      "id": "iem-lsr-FGF-31",
      "properties": {
        "report_id": "iem-lsr-FGF-31",
        "report_type": "SNOW",
        "event_category": "winter",
        "valid_utc": "202603101200",
        "standard_time_display": "2026-03-10 06:00 CST",
        "wfo": "FGF",
        "county_or_zone": "Otter Tail",
        "city": "2 WSW Deer Creek",
        "state": "MN",
        "magnitude": 4.5,
        "magnitude_units": null,
        "source": "Cocorahs",
        "event_narrative": "Cocorahs station MN-OT-7 Deer Creek MN 2.0 WSW."
      },
      "geometry": {
        "type": "Point",
        "coordinates": [
          -95.36,
          46.38
        ]
      }
    },
    {
      "type": "Feature",
      "id": "iem-lsr-FGF-32",
      "properties": {
        "report_id": "iem-lsr-FGF-32",
        "report_type": "SNOW",
        "event_category": "winter",
        "valid_utc": "202603101200",
        "standard_time_display": "2026-03-10 06:00 CST",
        "wfo": "FGF",
        "county_or_zone": "Otter Tail",
        "city": "1 N Fergus Falls",
        "state": "MN",
        "magnitude": 4.6,
        "magnitude_units": null,
        "source": "Cocorahs",
        "event_narrative": "Cocorahs station MN-OT-2 Fergus Falls 0.9 NNE."
      },
      "geometry": {
        "type": "Point",
        "coordinates": [
          -96.07,
          46.3
        ]
      }
    },
    {
      "type": "Feature",
      "id": "iem-lsr-FGF-33",
      "properties": {
        "report_id": "iem-lsr-FGF-33",
        "report_type": "SNOW",
        "event_category": "winter",
        "valid_utc": "202603101200",
        "standard_time_display": "2026-03-10 06:00 CST",
        "wfo": "FGF",
        "county_or_zone": "Otter Tail",
        "city": "6 NNE Fergus Falls",
        "state": "MN",
        "magnitude": 4.6,
        "magnitude_units": null,
        "source": "Cocorahs",
        "event_narrative": "Cocorahs station MN-OT-16 Fergus Falls MN 5.6 NNE."
      },
      "geometry": {
        "type": "Point",
        "coordinates": [
          -96.01,
          46.35
        ]
      }
    },
    {
      "type": "Feature",
      "id": "iem-lsr-FGF-34",
      "properties": {
        "report_id": "iem-lsr-FGF-34",
        "report_type": "SNOW",
        "event_category": "winter",
        "valid_utc": "202603101200",
        "standard_time_display": "2026-03-10 06:00 CST",
        "wfo": "FGF",
        "county_or_zone": "Otter Tail",
        "city": "6 ENE Ashby",
        "state": "MN",
        "magnitude": 5.2,
        "magnitude_units": null,
        "source": "Cocorahs",
        "event_narrative": "Cocorahs station MN-OT-57 Ashby MN 5.5 ENE."
      },
      "geometry": {
        "type": "Point",
        "coordinates": [
          -95.72,
          46.13
        ]
      }
    },
    {
      "type": "Feature",
      "id": "iem-lsr-FGF-35",
      "properties": {
        "report_id": "iem-lsr-FGF-35",
        "report_type": "SNOW",
        "event_category": "winter",
        "valid_utc": "202603101230",
        "standard_time_display": "2026-03-10 06:30 CST",
        "wfo": "FGF",
        "county_or_zone": "Clay",
        "city": "5 S Rollag",
        "state": "MN",
        "magnitude": 1.4,
        "magnitude_units": null,
        "source": "Cocorahs",
        "event_narrative": "Cocorahs station MN-CY-45 Rollag 4.6 S."
      },
      "geometry": {
        "type": "Point",
        "coordinates": [
          -96.26,
          46.67
        ]
      }
    },
    {
      "type": "Feature",
      "id": "iem-lsr-FGF-36",
      "properties": {
        "report_id": "iem-lsr-FGF-36",
        "report_type": "SNOW",
        "event_category": "winter",
        "valid_utc": "202603101230",
        "standard_time_display": "2026-03-10 06:30 CST",
        "wfo": "FGF",
        "county_or_zone": "Otter Tail",
        "city": "1 ENE Rothsay",
        "state": "MN",
        "magnitude": 3.6,
        "magnitude_units": null,
        "source": "CO-OP Observer",
        "event_narrative": "CO-OP Observer station RHSM5 Rothsay MN."
      },
      "geometry": {
        "type": "Point",
        "coordinates": [
          -96.27,
          46.48
        ]
      }
    },
    {
      "type": "Feature",
      "id": "iem-lsr-FGF-37",
      "properties": {
        "report_id": "iem-lsr-FGF-37",
        "report_type": "SNOW",
        "event_category": "winter",
        "valid_utc": "202603101230",
        "standard_time_display": "2026-03-10 06:30 CST",
        "wfo": "FGF",
        "county_or_zone": "Otter Tail",
        "city": "1 SSW New York Mills",
        "state": "MN",
        "magnitude": 4.0,
        "magnitude_units": null,
        "source": "CO-OP Observer",
        "event_narrative": "CO-OP Observer station NYMM5 New York Mills MN."
      },
      "geometry": {
        "type": "Point",
        "coordinates": [
          -95.38,
          46.51
        ]
      }
    },
    {
      "type": "Feature",
      "id": "iem-lsr-FGF-38",
      "properties": {
        "report_id": "iem-lsr-FGF-38",
        "report_type": "SNOW",
        "event_category": "winter",
        "valid_utc": "202603101300",
        "standard_time_display": "2026-03-10 07:00 CST",
        "wfo": "FGF",
        "county_or_zone": "Wadena",
        "city": "3 N Menahga",
        "state": "MN",
        "magnitude": 1.0,
        "magnitude_units": null,
        "source": "Cocorahs",
        "event_narrative": "Cocorahs station MN-WD-11 Menahga MN 3.1 N."
      },
      "geometry": {
        "type": "Point",
        "coordinates": [
          -95.11,
          46.8
        ]
      }
    },
    {
      "type": "Feature",
      "id": "iem-lsr-FGF-39",
      "properties": {
        "report_id": "iem-lsr-FGF-39",
        "report_type": "SNOW",
        "event_category": "winter",
        "valid_utc": "202603101300",
        "standard_time_display": "2026-03-10 07:00 CST",
        "wfo": "FGF",
        "county_or_zone": "Wilkin",
        "city": "6 SW Lawndale",
        "state": "MN",
        "magnitude": 3.0,
        "magnitude_units": null,
        "source": "Cocorahs",
        "event_narrative": "Cocorahs station MN-WK-7 Rothsay MN 9.1 WNW."
      },
      "geometry": {
        "type": "Point",
        "coordinates": [
          -96.47,
          46.51
        ]
      }
    },
    {
      "type": "Feature",
      "id": "iem-lsr-FGF-40",
      "properties": {
        "report_id": "iem-lsr-FGF-40",
        "report_type": "SNOW",
        "event_category": "winter",
        "valid_utc": "202603101300",
        "standard_time_display": "2026-03-10 07:00 CST",
        "wfo": "FGF",
        "county_or_zone": "Grant",
        "city": "5 SSE Erdahl",
        "state": "MN",
        "magnitude": 3.1,
        "magnitude_units": null,
        "source": "Cocorahs",
        "event_narrative": "Cocorahs station MN-GR-15 Elbow Lake MN 10.1 ESE."
      },
      "geometry": {
        "type": "Point",
        "coordinates": [
          -95.79,
          45.93
        ]
      }
    },
    {
      "type": "Feature",
      "id": "iem-lsr-FGF-41",
      "properties": {
        "report_id": "iem-lsr-FGF-41",
        "report_type": "SNOW",
        "event_category": "winter",
        "valid_utc": "202603101300",
        "standard_time_display": "2026-03-10 07:00 CST",
        "wfo": "FGF",
        "county_or_zone": "Otter Tail",
        "city": "Pelican Rapids",
        "state": "MN",
        "magnitude": 3.8,
        "magnitude_units": null,
        "source": "Cocorahs",
        "event_narrative": "Cocorahs station MN-OT-66 Pelican Rapids MN 0.4 WNW."
      },
      "geometry": {
        "type": "Point",
        "coordinates": [
          -96.09,
          46.57
        ]
      }
    },
    {
      "type": "Feature",
      "id": "iem-lsr-FGF-42",
      "properties": {
        "report_id": "iem-lsr-FGF-42",
        "report_type": "SNOW",
        "event_category": "winter",
        "valid_utc": "202603101300",
        "standard_time_display": "2026-03-10 07:00 CST",
        "wfo": "FGF",
        "county_or_zone": "Wadena",
        "city": "Wadena",
        "state": "MN",
        "magnitude": 3.8,
        "magnitude_units": null,
        "source": "Cocorahs",
        "event_narrative": "Cocorahs station MN-WD-18 Wadena 0.3 ENE."
      },
      "geometry": {
        "type": "Point",
        "coordinates": [
          -95.13,
          46.44
        ]
      }
    },
    {
      "type": "Feature",
      "id": "iem-lsr-FGF-43",
      "properties": {
        "report_id": "iem-lsr-FGF-43",
        "report_type": "SNOW",
        "event_category": "winter",
        "valid_utc": "202603101300",
        "standard_time_display": "2026-03-10 07:00 CST",
        "wfo": "FGF",
        "county_or_zone": "Ransom",
        "city": "2 NNW Milnor",
        "state": "ND",
        "magnitude": 4.0,
        "magnitude_units": null,
        "source": "Cocorahs",
        "event_narrative": "Cocorahs station ND-RS-4 Milnor ND 1.8 NNW."
      },
      "geometry": {
        "type": "Point",
        "coordinates": [
          -97.48,
          46.28
        ]
      }
    },
    {
      "type": "Feature",
      "id": "iem-lsr-FGF-44",
      "properties": {
        "report_id": "iem-lsr-FGF-44",
        "report_type": "SNOW",
        "event_category": "winter",
        "valid_utc": "202603101300",
        "standard_time_display": "2026-03-10 07:00 CST",
        "wfo": "FGF",
        "county_or_zone": "Richland",
        "city": "4 SSW Wahpeton",
        "state": "ND",
        "magnitude": 4.0,
        "magnitude_units": null,
        "source": "Cocorahs",
        "event_narrative": "Cocorahs station ND-RC-18 Wahpeton ND 4.3 SSW."
      },
      "geometry": {
        "type": "Point",
        "coordinates": [
          -96.63,
          46.21
        ]
      }
    },
    {
      "type": "Feature",
      "id": "iem-lsr-FGF-45",
      "properties": {
        "report_id": "iem-lsr-FGF-45",
        "report_type": "SNOW",
        "event_category": "winter",
        "valid_utc": "202603101300",
        "standard_time_display": "2026-03-10 07:00 CST",
        "wfo": "FGF",
        "county_or_zone": "Otter Tail",
        "city": "3 NNE Fergus Falls",
        "state": "MN",
        "magnitude": 4.5,
        "magnitude_units": null,
        "source": "Cocorahs",
        "event_narrative": "Cocorahs station MN-OT-79 Fergus Falls 2.9 NNE."
      },
      "geometry": {
        "type": "Point",
        "coordinates": [
          -96.05,
          46.32
        ]
      }
    },
    {
      "type": "Feature",
      "id": "iem-lsr-FGF-46",
      "properties": {
        "report_id": "iem-lsr-FGF-46",
        "report_type": "SNOW",
        "event_category": "winter",
        "valid_utc": "202603101300",
        "standard_time_display": "2026-03-10 07:00 CST",
        "wfo": "FGF",
        "county_or_zone": "Otter Tail",
        "city": "5 W Ottertail",
        "state": "MN",
        "magnitude": 5.0,
        "magnitude_units": null,
        "source": "Cocorahs",
        "event_narrative": "Cocorahs station MN-OT-13 Richville MN 5.8 SSW."
      },
      "geometry": {
        "type": "Point",
        "coordinates": [
          -95.67,
          46.43
        ]
      }
    },
    {
      "type": "Feature",
      "id": "iem-lsr-FGF-47",
      "properties": {
        "report_id": "iem-lsr-FGF-47",
        "report_type": "SNOW",
        "event_category": "winter",
        "valid_utc": "202603101400",
        "standard_time_display": "2026-03-10 08:00 CST",
        "wfo": "FGF",
        "county_or_zone": "Otter Tail",
        "city": "Parkers Prairie",
        "state": "MN",
        "magnitude": 4.5,
        "magnitude_units": null,
        "source": "Broadcast Media",
        "event_narrative": "Broadcast media relayed report of 4 to 5 inches at Parkers Praire MN. Event total."
      },
      "geometry": {
        "type": "Point",
        "coordinates": [
          -95.33,
          46.15
        ]
      }
    },
    {
      "type": "Feature",
      "id": "iem-lsr-FGF-48",
      "properties": {
        "report_id": "iem-lsr-FGF-48",
        "report_type": "SNOW",
        "event_category": "winter",
        "valid_utc": "202603101430",
        "standard_time_display": "2026-03-10 08:30 CST",
        "wfo": "FGF",
        "county_or_zone": "Richland",
        "city": "3 ENE Mcleod",
        "state": "ND",
        "magnitude": 1.7,
        "magnitude_units": null,
        "source": "CO-OP Observer",
        "event_narrative": "CO-OP Observer station MCLN8 Mcleod ND 3 E."
      },
      "geometry": {
        "type": "Point",
        "coordinates": [
          -97.24,
          46.4
        ]
      }
    },
    {
      "type": "Feature",
      "id": "iem-lsr-FGF-49",
      "properties": {
        "report_id": "iem-lsr-FGF-49",
        "report_type": "SNOW",
        "event_category": "winter",
        "valid_utc": "202603122353",
        "standard_time_display": "2026-03-12 17:53 CST",
        "wfo": "FGF",
        "county_or_zone": "Pembina",
        "city": "8 SE Walhalla",
        "state": "ND",
        "magnitude": 4.5,
        "magnitude_units": null,
        "source": "Trained Spotter",
        "event_narrative": "Measured between 4.25 and 4.5 inches. Still snowing at the time of measurement."
      },
      "geometry": {
        "type": "Point",
        "coordinates": [
          -97.78,
          48.85
        ]
      }
    },
    {
      "type": "Feature",
      "id": "iem-lsr-FGF-50",
      "properties": {
        "report_id": "iem-lsr-FGF-50",
        "report_type": "NON-TSTM WND GST",
        "event_category": "thunderstorm_wind",
        "valid_utc": "202603130015",
        "standard_time_display": "2026-03-12 18:15 CST",
        "wfo": "FGF",
        "county_or_zone": "Towner",
        "city": "1 WSW Cando",
        "state": "ND",
        "magnitude": 47.0,
        "magnitude_units": null,
        "source": "AWOS",
        "event_narrative": "AWOS station K9D7 Cando AP ND."
      },
      "geometry": {
        "type": "Point",
        "coordinates": [
          -99.23,
          48.48
        ]
      }
    },
    {
      "type": "Feature",
      "id": "iem-lsr-FGF-51",
      "properties": {
        "report_id": "iem-lsr-FGF-51",
        "report_type": "NON-TSTM WND GST",
        "event_category": "thunderstorm_wind",
        "valid_utc": "202603130055",
        "standard_time_display": "2026-03-12 18:55 CST",
        "wfo": "FGF",
        "county_or_zone": "Benson",
        "city": "Baker",
        "state": "ND",
        "magnitude": 49.0,
        "magnitude_units": null,
        "source": "Mesonet",
        "event_narrative": "Mesonet station 320509 Baker ND NDAWN."
      },
      "geometry": {
        "type": "Point",
        "coordinates": [
          -99.65,
          48.17
        ]
      }
    },
    {
      "type": "Feature",
      "id": "iem-lsr-FGF-52",
      "properties": {
        "report_id": "iem-lsr-FGF-52",
        "report_type": "NON-TSTM WND GST",
        "event_category": "thunderstorm_wind",
        "valid_utc": "202603130104",
        "standard_time_display": "2026-03-12 19:04 CST",
        "wfo": "FGF",
        "county_or_zone": "Ramsey",
        "city": "3 W Devils Lake",
        "state": "ND",
        "magnitude": 46.0,
        "magnitude_units": null,
        "source": "AWOS",
        "event_narrative": "AWOS station KDVL Devils Lake AP ND."
      },
      "geometry": {
        "type": "Point",
        "coordinates": [
          -98.92,
          48.12
        ]
      }
    },
    {
      "type": "Feature",
      "id": "iem-lsr-FGF-53",
      "properties": {
        "report_id": "iem-lsr-FGF-53",
        "report_type": "NON-TSTM WND GST",
        "event_category": "thunderstorm_wind",
        "valid_utc": "202603130155",
        "standard_time_display": "2026-03-12 19:55 CST",
        "wfo": "FGF",
        "county_or_zone": "Sargent",
        "city": "2 WSW Brampton",
        "state": "ND",
        "magnitude": 49.0,
        "magnitude_units": null,
        "source": "Mesonet",
        "event_narrative": "Mesonet station 323117 Brampton ND NDAWN."
      },
      "geometry": {
        "type": "Point",
        "coordinates": [
          -97.82,
          45.98
        ]
      }
    },
    {
      "type": "Feature",
      "id": "iem-lsr-FGF-54",
      "properties": {
        "report_id": "iem-lsr-FGF-54",
        "report_type": "NON-TSTM WND GST",
        "event_category": "thunderstorm_wind",
        "valid_utc": "202603130247",
        "standard_time_display": "2026-03-12 20:47 CST",
        "wfo": "FGF",
        "county_or_zone": "Grand Forks",
        "city": "4 NNW Emerado",
        "state": "ND",
        "magnitude": 46.0,
        "magnitude_units": null,
        "source": "ASOS",
        "event_narrative": "ASOS station KRDR Grand Forks ND AFB."
      },
      "geometry": {
        "type": "Point",
        "coordinates": [
          -97.4,
          47.97
        ]
      }
    },
    {
      "type": "Feature",
      "id": "iem-lsr-FGF-55",
      "properties": {
        "report_id": "iem-lsr-FGF-55",
        "report_type": "NON-TSTM WND GST",
        "event_category": "thunderstorm_wind",
        "valid_utc": "202603130255",
        "standard_time_display": "2026-03-12 20:55 CST",
        "wfo": "FGF",
        "county_or_zone": "Barnes",
        "city": "5 NNE Kathryn",
        "state": "ND",
        "magnitude": 49.0,
        "magnitude_units": null,
        "source": "Mesonet",
        "event_narrative": "Mesonet station 322959 Fingal ND NDAWN."
      },
      "geometry": {
        "type": "Point",
        "coordinates": [
          -97.91,
          46.75
        ]
      }
    },
    {
      "type": "Feature",
      "id": "iem-lsr-FGF-56",
      "properties": {
        "report_id": "iem-lsr-FGF-56",
        "report_type": "NON-TSTM WND GST",
        "event_category": "thunderstorm_wind",
        "valid_utc": "202603130255",
        "standard_time_display": "2026-03-12 20:55 CST",
        "wfo": "FGF",
        "county_or_zone": "Grant",
        "city": "5 W Herman",
        "state": "MN",
        "magnitude": 51.0,
        "magnitude_units": null,
        "source": "Mesonet",
        "event_narrative": "Mesonet station MN131 Herman MN DOT."
      },
      "geometry": {
        "type": "Point",
        "coordinates": [
          -96.23,
          45.8
        ]
      }
    },
    {
      "type": "Feature",
      "id": "iem-lsr-FGF-57",
      "properties": {
        "report_id": "iem-lsr-FGF-57",
        "report_type": "NON-TSTM WND GST",
        "event_category": "thunderstorm_wind",
        "valid_utc": "202603130255",
        "standard_time_display": "2026-03-12 20:55 CST",
        "wfo": "FGF",
        "county_or_zone": "Sargent",
        "city": "1 ESE Gwinner",
        "state": "ND",
        "magnitude": 58.0,
        "magnitude_units": null,
        "source": "AWOS",
        "event_narrative": "Measured wind gust at Gwinner_ ND AWOS."
      },
      "geometry": {
        "type": "Point",
        "coordinates": [
          -97.64,
          46.22
        ]
      }
    },
    {
      "type": "Feature",
      "id": "iem-lsr-FGF-58",
      "properties": {
        "report_id": "iem-lsr-FGF-58",
        "report_type": "SNOW",
        "event_category": "winter",
        "valid_utc": "202603130315",
        "standard_time_display": "2026-03-12 21:15 CST",
        "wfo": "FGF",
        "county_or_zone": "Traill",
        "city": "Mayville",
        "state": "ND",
        "magnitude": 3.0,
        "magnitude_units": null,
        "source": "Emergency Mngr",
        "event_narrative": "Estimated snow amount in Mayville_ with significant blowing/drifting snow. Whiteout condtions at time of report with snow still falling."
      },
      "geometry": {
        "type": "Point",
        "coordinates": [
          -97.33,
          47.5
        ]
      }
    },
    {
      "type": "Feature",
      "id": "iem-lsr-FGF-59",
      "properties": {
        "report_id": "iem-lsr-FGF-59",
        "report_type": "NON-TSTM WND GST",
        "event_category": "thunderstorm_wind",
        "valid_utc": "202603130315",
        "standard_time_display": "2026-03-12 21:15 CST",
        "wfo": "FGF",
        "county_or_zone": "Sargent",
        "city": "1 SE Gwinner",
        "state": "ND",
        "magnitude": 67.0,
        "magnitude_units": null,
        "source": "AWOS",
        "event_narrative": "AWOS station KGWR Gwinner AP ND."
      },
      "geometry": {
        "type": "Point",
        "coordinates": [
          -97.65,
          46.22
        ]
      }
    },
    {
      "type": "Feature",
      "id": "iem-lsr-FGF-60",
      "properties": {
        "report_id": "iem-lsr-FGF-60",
        "report_type": "NON-TSTM WND GST",
        "event_category": "thunderstorm_wind",
        "valid_utc": "202603130320",
        "standard_time_display": "2026-03-12 21:20 CST",
        "wfo": "FGF",
        "county_or_zone": "Ransom",
        "city": "2 WNW Lisbon",
        "state": "ND",
        "magnitude": 54.0,
        "magnitude_units": null,
        "source": "Mesonet",
        "event_narrative": "Mesonet station 325239 Lisbon ND NDAWN."
      },
      "geometry": {
        "type": "Point",
        "coordinates": [
          -97.72,
          46.44
        ]
      }
    },
    {
      "type": "Feature",
      "id": "iem-lsr-FGF-61",
      "properties": {
        "report_id": "iem-lsr-FGF-61",
        "report_type": "NON-TSTM WND GST",
        "event_category": "thunderstorm_wind",
        "valid_utc": "202603130331",
        "standard_time_display": "2026-03-12 21:31 CST",
        "wfo": "FGF",
        "county_or_zone": "Grand Forks",
        "city": "6 WNW Grand Forks",
        "state": "ND",
        "magnitude": 53.0,
        "magnitude_units": null,
        "source": "ASOS",
        "event_narrative": "ASOS station KGFK Grand Forks AP ND."
      },
      "geometry": {
        "type": "Point",
        "coordinates": [
          -97.18,
          47.95
        ]
      }
    },
    {
      "type": "Feature",
      "id": "iem-lsr-FGF-62",
      "properties": {
        "report_id": "iem-lsr-FGF-62",
        "report_type": "NON-TSTM WND GST",
        "event_category": "thunderstorm_wind",
        "valid_utc": "202603130335",
        "standard_time_display": "2026-03-12 21:35 CST",
        "wfo": "FGF",
        "county_or_zone": "Sargent",
        "city": "2 WSW Brampton",
        "state": "ND",
        "magnitude": 51.0,
        "magnitude_units": null,
        "source": "Mesonet",
        "event_narrative": "Mesonet station 323117 Brampton ND NDAWN."
      },
      "geometry": {
        "type": "Point",
        "coordinates": [
          -97.82,
          45.98
        ]
      }
    },
    {
      "type": "Feature",
      "id": "iem-lsr-FGF-63",
      "properties": {
        "report_id": "iem-lsr-FGF-63",
        "report_type": "NON-TSTM WND GST",
        "event_category": "thunderstorm_wind",
        "valid_utc": "202603130345",
        "standard_time_display": "2026-03-12 21:45 CST",
        "wfo": "FGF",
        "county_or_zone": "Norman",
        "city": "4 ENE Hendrum",
        "state": "MN",
        "magnitude": 49.0,
        "magnitude_units": null,
        "source": "Mesonet",
        "event_narrative": "Mesonet station MN058 Halstad MN DOT."
      },
      "geometry": {
        "type": "Point",
        "coordinates": [
          -96.73,
          47.3
        ]
      }
    },
    {
      "type": "Feature",
      "id": "iem-lsr-FGF-64",
      "properties": {
        "report_id": "iem-lsr-FGF-64",
        "report_type": "NON-TSTM WND GST",
        "event_category": "thunderstorm_wind",
        "valid_utc": "202603130415",
        "standard_time_display": "2026-03-12 22:15 CST",
        "wfo": "FGF",
        "county_or_zone": "Cass",
        "city": "6 N Leonard",
        "state": "ND",
        "magnitude": 50.0,
        "magnitude_units": null,
        "source": "Mesonet",
        "event_narrative": "Mesonet station 324969 Leonard ND NDAWN."
      },
      "geometry": {
        "type": "Point",
        "coordinates": [
          -97.24,
          46.73
        ]
      }
    },
    {
      "type": "Feature",
      "id": "iem-lsr-FGF-65",
      "properties": {
        "report_id": "iem-lsr-FGF-65",
        "report_type": "NON-TSTM WND GST",
        "event_category": "thunderstorm_wind",
        "valid_utc": "202603130450",
        "standard_time_display": "2026-03-12 22:50 CST",
        "wfo": "FGF",
        "county_or_zone": "Richland",
        "city": "3 SSW Mooreton",
        "state": "ND",
        "magnitude": 54.0,
        "magnitude_units": null,
        "source": "Mesonet",
        "event_narrative": "Mesonet station 329709 Mooreton ND NDAWN."
      },
      "geometry": {
        "type": "Point",
        "coordinates": [
          -96.89,
          46.22
        ]
      }
    },
    {
      "type": "Feature",
      "id": "iem-lsr-FGF-66",
      "properties": {
        "report_id": "iem-lsr-FGF-66",
        "report_type": "NON-TSTM WND GST",
        "event_category": "thunderstorm_wind",
        "valid_utc": "202603130453",
        "standard_time_display": "2026-03-12 22:53 CST",
        "wfo": "FGF",
        "county_or_zone": "Cass",
        "city": "4 NNW Fargo",
        "state": "ND",
        "magnitude": 64.0,
        "magnitude_units": null,
        "source": "ASOS",
        "event_narrative": "ASOS station KFAR Fargo AP ND."
      },
      "geometry": {
        "type": "Point",
        "coordinates": [
          -96.82,
          46.93
        ]
      }
    },
    {
      "type": "Feature",
      "id": "iem-lsr-FGF-67",
      "properties": {
        "report_id": "iem-lsr-FGF-67",
        "report_type": "NON-TSTM WND GST",
        "event_category": "thunderstorm_wind",
        "valid_utc": "202603130455",
        "standard_time_display": "2026-03-12 22:55 CST",
        "wfo": "FGF",
        "county_or_zone": "Griggs",
        "city": "2 SSE Cooperstown",
        "state": "ND",
        "magnitude": 55.0,
        "magnitude_units": null,
        "source": "AWOS",
        "event_narrative": "AWOS station KS32 Cooperstown AP ND."
      },
      "geometry": {
        "type": "Point",
        "coordinates": [
          -98.1,
          47.42
        ]
      }
    },
    {
      "type": "Feature",
      "id": "iem-lsr-FGF-68",
      "properties": {
        "report_id": "iem-lsr-FGF-68",
        "report_type": "NON-TSTM WND GST",
        "event_category": "thunderstorm_wind",
        "valid_utc": "202603130455",
        "standard_time_display": "2026-03-12 22:55 CST",
        "wfo": "FGF",
        "county_or_zone": "Richland",
        "city": "1 SSW Wahpeton",
        "state": "ND",
        "magnitude": 62.0,
        "magnitude_units": null,
        "source": "AWOS",
        "event_narrative": "AWOS station KBWP Wahpeton AP ND."
      },
      "geometry": {
        "type": "Point",
        "coordinates": [
          -96.62,
          46.25
        ]
      }
    },
    {
      "type": "Feature",
      "id": "iem-lsr-FGF-69",
      "properties": {
        "report_id": "iem-lsr-FGF-69",
        "report_type": "SNOW",
        "event_category": "winter",
        "valid_utc": "202603130500",
        "standard_time_display": "2026-03-12 23:00 CST",
        "wfo": "FGF",
        "county_or_zone": "Ramsey",
        "city": "Devils Lake",
        "state": "ND",
        "magnitude": 4.0,
        "magnitude_units": null,
        "source": "Trained Spotter",
        "event_narrative": "Event total snow."
      },
      "geometry": {
        "type": "Point",
        "coordinates": [
          -98.86,
          48.11
        ]
      }
    },
    {
      "type": "Feature",
      "id": "iem-lsr-FGF-70",
      "properties": {
        "report_id": "iem-lsr-FGF-70",
        "report_type": "NON-TSTM WND GST",
        "event_category": "thunderstorm_wind",
        "valid_utc": "202603130505",
        "standard_time_display": "2026-03-12 23:05 CST",
        "wfo": "FGF",
        "county_or_zone": "Wilkin",
        "city": "3 NNW Kent",
        "state": "MN",
        "magnitude": 63.0,
        "magnitude_units": null,
        "source": "Mesonet",
        "event_narrative": "Mesonet station MN135 Kent MN DOT."
      },
      "geometry": {
        "type": "Point",
        "coordinates": [
          -96.71,
          46.47
        ]
      }
    },
    {
      "type": "Feature",
      "id": "iem-lsr-FGF-71",
      "properties": {
        "report_id": "iem-lsr-FGF-71",
        "report_type": "NON-TSTM WND GST",
        "event_category": "thunderstorm_wind",
        "valid_utc": "202603130510",
        "standard_time_display": "2026-03-12 23:10 CST",
        "wfo": "FGF",
        "county_or_zone": "Wilkin",
        "city": "1 N Rothsay",
        "state": "MN",
        "magnitude": 55.0,
        "magnitude_units": null,
        "source": "Mesonet",
        "event_narrative": "Mesonet station MN014 Rothsay MN DOT."
      },
      "geometry": {
        "type": "Point",
        "coordinates": [
          -96.29,
          46.49
        ]
      }
    },
    {
      "type": "Feature",
      "id": "iem-lsr-FGF-72",
      "properties": {
        "report_id": "iem-lsr-FGF-72",
        "report_type": "NON-TSTM WND GST",
        "event_category": "thunderstorm_wind",
        "valid_utc": "202603130515",
        "standard_time_display": "2026-03-12 23:15 CST",
        "wfo": "FGF",
        "county_or_zone": "Clay",
        "city": "3 SSE Dilworth",
        "state": "MN",
        "magnitude": 51.0,
        "magnitude_units": null,
        "source": "AWOS",
        "event_narrative": "AWOS station KJKJ Moorhead AP MN."
      },
      "geometry": {
        "type": "Point",
        "coordinates": [
          -96.67,
          46.83
        ]
      }
    },
    {
      "type": "Feature",
      "id": "iem-lsr-FGF-73",
      "properties": {
        "report_id": "iem-lsr-FGF-73",
        "report_type": "NON-TSTM WND GST",
        "event_category": "thunderstorm_wind",
        "valid_utc": "202603130515",
        "standard_time_display": "2026-03-12 23:15 CST",
        "wfo": "FGF",
        "county_or_zone": "Grant",
        "city": "1 WSW Elbow Lake",
        "state": "MN",
        "magnitude": 58.0,
        "magnitude_units": null,
        "source": "AWOS",
        "event_narrative": "AWOS station KY63 Elbow Lake AP MN."
      },
      "geometry": {
        "type": "Point",
        "coordinates": [
          -96.0,
          45.98
        ]
      }
    },
    {
      "type": "Feature",
      "id": "iem-lsr-FGF-74",
      "properties": {
        "report_id": "iem-lsr-FGF-74",
        "report_type": "NON-TSTM WND GST",
        "event_category": "thunderstorm_wind",
        "valid_utc": "202603130525",
        "standard_time_display": "2026-03-12 23:25 CST",
        "wfo": "FGF",
        "county_or_zone": "Richland",
        "city": "5 NE Dwight",
        "state": "ND",
        "magnitude": 53.0,
        "magnitude_units": null,
        "source": "Mesonet",
        "event_narrative": "Mesonet station 329109 Wahpeton ND NDAWN."
      },
      "geometry": {
        "type": "Point",
        "coordinates": [
          -96.67,
          46.35
        ]
      }
    },
    {
      "type": "Feature",
      "id": "iem-lsr-FGF-75",
      "properties": {
        "report_id": "iem-lsr-FGF-75",
        "report_type": "NON-TSTM WND GST",
        "event_category": "thunderstorm_wind",
        "valid_utc": "202603130549",
        "standard_time_display": "2026-03-12 23:49 CST",
        "wfo": "FGF",
        "county_or_zone": "Ransom",
        "city": "5 N Mcleod",
        "state": "ND",
        "magnitude": 52.0,
        "magnitude_units": null,
        "source": "Mesonet",
        "event_narrative": "Mesonet station SNGN8 Lisbon ND 18 E."
      },
      "geometry": {
        "type": "Point",
        "coordinates": [
          -97.32,
          46.47
        ]
      }
    },
    {
      "type": "Feature",
      "id": "iem-lsr-FGF-76",
      "properties": {
        "report_id": "iem-lsr-FGF-76",
        "report_type": "NON-TSTM WND GST",
        "event_category": "thunderstorm_wind",
        "valid_utc": "202603130550",
        "standard_time_display": "2026-03-12 23:50 CST",
        "wfo": "FGF",
        "county_or_zone": "Otter Tail",
        "city": "5 WNW Dalton",
        "state": "MN",
        "magnitude": 58.0,
        "magnitude_units": null,
        "source": "Mesonet",
        "event_narrative": "Mesonet station MN130 Fergus Falls MN DOT."
      },
      "geometry": {
        "type": "Point",
        "coordinates": [
          -96.02,
          46.21
        ]
      }
    },
    {
      "type": "Feature",
      "id": "iem-lsr-FGF-77",
      "properties": {
        "report_id": "iem-lsr-FGF-77",
        "report_type": "NON-TSTM WND GST",
        "event_category": "thunderstorm_wind",
        "valid_utc": "202603130550",
        "standard_time_display": "2026-03-12 23:50 CST",
        "wfo": "FGF",
        "county_or_zone": "Grant",
        "city": "5 W Herman",
        "state": "MN",
        "magnitude": 71.0,
        "magnitude_units": null,
        "source": "Mesonet",
        "event_narrative": "Mesonet station MN131 Herman MN DOT."
      },
      "geometry": {
        "type": "Point",
        "coordinates": [
          -96.23,
          45.8
        ]
      }
    },
    {
      "type": "Feature",
      "id": "iem-lsr-FGF-78",
      "properties": {
        "report_id": "iem-lsr-FGF-78",
        "report_type": "NON-TSTM WND GST",
        "event_category": "thunderstorm_wind",
        "valid_utc": "202603130555",
        "standard_time_display": "2026-03-12 23:55 CST",
        "wfo": "FGF",
        "county_or_zone": "Cass",
        "city": "1 NNW Fargo",
        "state": "ND",
        "magnitude": 49.0,
        "magnitude_units": null,
        "source": "Mesonet",
        "event_narrative": "Mesonet station 322858 Fargo ND NDAWN."
      },
      "geometry": {
        "type": "Point",
        "coordinates": [
          -96.81,
          46.9
        ]
      }
    },
    {
      "type": "Feature",
      "id": "iem-lsr-FGF-79",
      "properties": {
        "report_id": "iem-lsr-FGF-79",
        "report_type": "NON-TSTM WND GST",
        "event_category": "thunderstorm_wind",
        "valid_utc": "202603130555",
        "standard_time_display": "2026-03-12 23:55 CST",
        "wfo": "FGF",
        "county_or_zone": "Polk",
        "city": "Mallory",
        "state": "MN",
        "magnitude": 52.0,
        "magnitude_units": null,
        "source": "Mesonet",
        "event_narrative": "Mesonet station MN060 E Grand Forks MN DOT."
      },
      "geometry": {
        "type": "Point",
        "coordinates": [
          -96.92,
          47.88
        ]
      }
    },
    {
      "type": "Feature",
      "id": "iem-lsr-FGF-80",
      "properties": {
        "report_id": "iem-lsr-FGF-80",
        "report_type": "NON-TSTM WND GST",
        "event_category": "thunderstorm_wind",
        "valid_utc": "202603130555",
        "standard_time_display": "2026-03-12 23:55 CST",
        "wfo": "FGF",
        "county_or_zone": "Otter Tail",
        "city": "4 W Fergus Falls",
        "state": "MN",
        "magnitude": 56.0,
        "magnitude_units": null,
        "source": "AWOS",
        "event_narrative": "AWOS station KFFM Fergus Falls AP MN."
      },
      "geometry": {
        "type": "Point",
        "coordinates": [
          -96.15,
          46.28
        ]
      }
    },
    {
      "type": "Feature",
      "id": "iem-lsr-FGF-81",
      "properties": {
        "report_id": "iem-lsr-FGF-81",
        "report_type": "SNOW",
        "event_category": "winter",
        "valid_utc": "202603130600",
        "standard_time_display": "2026-03-13 00:00 CST",
        "wfo": "FGF",
        "county_or_zone": "Grand Forks",
        "city": "1 NNW Grand Forks",
        "state": "ND",
        "magnitude": 5.7,
        "magnitude_units": null,
        "source": "CO-OP Observer",
        "event_narrative": "Storm Total Snowfall. CO-OP Observer station GRFN8 Grand Forks ND (NWS)."
      },
      "geometry": {
        "type": "Point",
        "coordinates": [
          -97.08,
          47.93
        ]
      }
    },
    {
      "type": "Feature",
      "id": "iem-lsr-FGF-82",
      "properties": {
        "report_id": "iem-lsr-FGF-82",
        "report_type": "NON-TSTM WND GST",
        "event_category": "thunderstorm_wind",
        "valid_utc": "202603130600",
        "standard_time_display": "2026-03-13 00:00 CST",
        "wfo": "FGF",
        "county_or_zone": "Wilkin",
        "city": "2 W Tenney",
        "state": "MN",
        "magnitude": 64.0,
        "magnitude_units": null,
        "source": "Mesonet",
        "event_narrative": "Mesonet station MN054 Tenney MN DOT."
      },
      "geometry": {
        "type": "Point",
        "coordinates": [
          -96.49,
          46.04
        ]
      }
    },
    {
      "type": "Feature",
      "id": "iem-lsr-FGF-83",
      "properties": {
        "report_id": "iem-lsr-FGF-83",
        "report_type": "NON-TSTM WND GST",
        "event_category": "thunderstorm_wind",
        "valid_utc": "202603130645",
        "standard_time_display": "2026-03-13 00:45 CST",
        "wfo": "FGF",
        "county_or_zone": "Clay",
        "city": "2 SE Dilworth",
        "state": "MN",
        "magnitude": 52.0,
        "magnitude_units": null,
        "source": "Mesonet",
        "event_narrative": "Mesonet station MN013 Dilworth MN DOT."
      },
      "geometry": {
        "type": "Point",
        "coordinates": [
          -96.67,
          46.85
        ]
      }
    },
    {
      "type": "Feature",
      "id": "iem-lsr-FGF-84",
      "properties": {
        "report_id": "iem-lsr-FGF-84",
        "report_type": "NON-TSTM WND GST",
        "event_category": "thunderstorm_wind",
        "valid_utc": "202603130655",
        "standard_time_display": "2026-03-13 00:55 CST",
        "wfo": "FGF",
        "county_or_zone": "Wilkin",
        "city": "3 SE Campbell",
        "state": "MN",
        "magnitude": 54.0,
        "magnitude_units": null,
        "source": "Mesonet",
        "event_narrative": "Mesonet station 211245 Campbell MN NDAWN."
      },
      "geometry": {
        "type": "Point",
        "coordinates": [
          -96.37,
          46.06
        ]
      }
    },
    {
      "type": "Feature",
      "id": "iem-lsr-FGF-85",
      "properties": {
        "report_id": "iem-lsr-FGF-85",
        "report_type": "NON-TSTM WND GST",
        "event_category": "thunderstorm_wind",
        "valid_utc": "202603130720",
        "standard_time_display": "2026-03-13 01:20 CST",
        "wfo": "FGF",
        "county_or_zone": "Clay",
        "city": "2 ENE Sabin",
        "state": "MN",
        "magnitude": 47.0,
        "magnitude_units": null,
        "source": "Mesonet",
        "event_narrative": "Mesonet station 217409 Sabin MN NDAWN."
      },
      "geometry": {
        "type": "Point",
        "coordinates": [
          -96.61,
          46.79
        ]
      }
    },
    {
      "type": "Feature",
      "id": "iem-lsr-FGF-86",
      "properties": {
        "report_id": "iem-lsr-FGF-86",
        "report_type": "SNOW",
        "event_category": "winter",
        "valid_utc": "202603130800",
        "standard_time_display": "2026-03-13 02:00 CST",
        "wfo": "FGF",
        "county_or_zone": "Marshall",
        "city": "Oslo",
        "state": "MN",
        "magnitude": 5.5,
        "magnitude_units": null,
        "source": "Public",
        "event_narrative": "Event total snow. Report relayed by broadcast media."
      },
      "geometry": {
        "type": "Point",
        "coordinates": [
          -97.13,
          48.19
        ]
      }
    },
    {
      "type": "Feature",
      "id": "iem-lsr-FGF-87",
      "properties": {
        "report_id": "iem-lsr-FGF-87",
        "report_type": "SNOW",
        "event_category": "winter",
        "valid_utc": "202603130830",
        "standard_time_display": "2026-03-13 02:30 CST",
        "wfo": "FGF",
        "county_or_zone": "Becker",
        "city": "4 SE Westbury",
        "state": "MN",
        "magnitude": 5.0,
        "magnitude_units": null,
        "source": "Cocorahs",
        "event_narrative": "Cocorahs station MN-BK-10 Detroit Lakes MN 5.7 N."
      },
      "geometry": {
        "type": "Point",
        "coordinates": [
          -95.84,
          46.89
        ]
      }
    },
    {
      "type": "Feature",
      "id": "iem-lsr-FGF-88",
      "properties": {
        "report_id": "iem-lsr-FGF-88",
        "report_type": "NON-TSTM WND GST",
        "event_category": "thunderstorm_wind",
        "valid_utc": "202603130855",
        "standard_time_display": "2026-03-13 02:55 CST",
        "wfo": "FGF",
        "county_or_zone": "Otter Tail",
        "city": "1 SSE Frazee",
        "state": "MN",
        "magnitude": 50.0,
        "magnitude_units": null,
        "source": "Mesonet",
        "event_narrative": "Mesonet station MN132 Frazee MN DOT."
      },
      "geometry": {
        "type": "Point",
        "coordinates": [
          -95.69,
          46.71
        ]
      }
    },
    {
      "type": "Feature",
      "id": "iem-lsr-FGF-89",
      "properties": {
        "report_id": "iem-lsr-FGF-89",
        "report_type": "NON-TSTM WND GST",
        "event_category": "thunderstorm_wind",
        "valid_utc": "202603130945",
        "standard_time_display": "2026-03-13 03:45 CST",
        "wfo": "FGF",
        "county_or_zone": "Polk",
        "city": "2 N Beltrami",
        "state": "MN",
        "magnitude": 63.0,
        "magnitude_units": null,
        "source": "Mesonet",
        "event_narrative": "Mesonet station MN114 Beltrami MN DOT."
      },
      "geometry": {
        "type": "Point",
        "coordinates": [
          -96.53,
          47.57
        ]
      }
    },
    {
      "type": "Feature",
      "id": "iem-lsr-FGF-90",
      "properties": {
        "report_id": "iem-lsr-FGF-90",
        "report_type": "BLIZZARD",
        "event_category": "winter",
        "valid_utc": "202603130945",
        "standard_time_display": "2026-03-13 03:45 CST",
        "wfo": "FGF",
        "county_or_zone": "Marshall",
        "city": "Warren MN DOT",
        "state": "MN",
        "magnitude": null,
        "magnitude_units": null,
        "source": "Mesonet",
        "event_narrative": "MNDOT mesonet MN168: Blizzard conditions lasted from 1:15am to 4:45am."
      },
      "geometry": {
        "type": "Point",
        "coordinates": [
          -96.89,
          48.2
        ]
      }
    },
    {
      "type": "Feature",
      "id": "iem-lsr-FGF-91",
      "properties": {
        "report_id": "iem-lsr-FGF-91",
        "report_type": "SNOW",
        "event_category": "winter",
        "valid_utc": "202603131001",
        "standard_time_display": "2026-03-13 04:01 CST",
        "wfo": "FGF",
        "county_or_zone": "Becker",
        "city": "4 W Menahga",
        "state": "MN",
        "magnitude": 4.5,
        "magnitude_units": null,
        "source": "Public",
        "event_narrative": null
      },
      "geometry": {
        "type": "Point",
        "coordinates": [
          -95.19,
          46.75
        ]
      }
    },
    {
      "type": "Feature",
      "id": "iem-lsr-FGF-92",
      "properties": {
        "report_id": "iem-lsr-FGF-92",
        "report_type": "SNOW",
        "event_category": "winter",
        "valid_utc": "202603131015",
        "standard_time_display": "2026-03-13 04:15 CST",
        "wfo": "FGF",
        "county_or_zone": "Hubbard",
        "city": "3 WNW Guthrie",
        "state": "MN",
        "magnitude": 4.0,
        "magnitude_units": null,
        "source": "Cocorahs",
        "event_narrative": "Cocorahs station MN-HB-33 Laporte MN 8.0 NNW."
      },
      "geometry": {
        "type": "Point",
        "coordinates": [
          -94.85,
          47.31
        ]
      }
    },
    {
      "type": "Feature",
      "id": "iem-lsr-FGF-93",
      "properties": {
        "report_id": "iem-lsr-FGF-93",
        "report_type": "SNOW",
        "event_category": "winter",
        "valid_utc": "202603131023",
        "standard_time_display": "2026-03-13 04:23 CST",
        "wfo": "FGF",
        "county_or_zone": "Beltrami",
        "city": "Bemidji",
        "state": "MN",
        "magnitude": 4.0,
        "magnitude_units": null,
        "source": "Public",
        "event_narrative": null
      },
      "geometry": {
        "type": "Point",
        "coordinates": [
          -94.88,
          47.48
        ]
      }
    },
    {
      "type": "Feature",
      "id": "iem-lsr-FGF-94",
      "properties": {
        "report_id": "iem-lsr-FGF-94",
        "report_type": "SNOW",
        "event_category": "winter",
        "valid_utc": "202603131100",
        "standard_time_display": "2026-03-13 05:00 CST",
        "wfo": "FGF",
        "county_or_zone": "Otter Tail",
        "city": "2 WSW Deer Creek",
        "state": "MN",
        "magnitude": 2.5,
        "magnitude_units": null,
        "source": "Cocorahs",
        "event_narrative": "Cocorahs station MN-OT-7 Deer Creek MN 2.0 WSW."
      },
      "geometry": {
        "type": "Point",
        "coordinates": [
          -95.36,
          46.38
        ]
      }
    },
    {
      "type": "Feature",
      "id": "iem-lsr-FGF-95",
      "properties": {
        "report_id": "iem-lsr-FGF-95",
        "report_type": "SNOW",
        "event_category": "winter",
        "valid_utc": "202603131100",
        "standard_time_display": "2026-03-13 05:00 CST",
        "wfo": "FGF",
        "county_or_zone": "Pembina",
        "city": "1 NE Pembina",
        "state": "ND",
        "magnitude": 5.0,
        "magnitude_units": null,
        "source": "CO-OP Observer",
        "event_narrative": "CO-OP Observer station PBAN8 Pembina ND."
      },
      "geometry": {
        "type": "Point",
        "coordinates": [
          -97.24,
          48.97
        ]
      }
    },
    {
      "type": "Feature",
      "id": "iem-lsr-FGF-96",
      "properties": {
        "report_id": "iem-lsr-FGF-96",
        "report_type": "SNOW",
        "event_category": "winter",
        "valid_utc": "202603131100",
        "standard_time_display": "2026-03-13 05:00 CST",
        "wfo": "FGF",
        "county_or_zone": "Grand Forks",
        "city": "1 NNW Grand Forks",
        "state": "ND",
        "magnitude": 5.7,
        "magnitude_units": null,
        "source": "CO-OP Observer",
        "event_narrative": "CO-OP Observer station GRFN8 Grand Forks ND (NWS)."
      },
      "geometry": {
        "type": "Point",
        "coordinates": [
          -97.08,
          47.93
        ]
      }
    },
    {
      "type": "Feature",
      "id": "iem-lsr-FGF-97",
      "properties": {
        "report_id": "iem-lsr-FGF-97",
        "report_type": "SNOW",
        "event_category": "winter",
        "valid_utc": "202603131114",
        "standard_time_display": "2026-03-13 05:14 CST",
        "wfo": "FGF",
        "county_or_zone": "Traill",
        "city": "Hatton",
        "state": "ND",
        "magnitude": 5.0,
        "magnitude_units": null,
        "source": "Public",
        "event_narrative": "Storm Total."
      },
      "geometry": {
        "type": "Point",
        "coordinates": [
          -97.46,
          47.64
        ]
      }
    },
    {
      "type": "Feature",
      "id": "iem-lsr-FGF-98",
      "properties": {
        "report_id": "iem-lsr-FGF-98",
        "report_type": "SNOW",
        "event_category": "winter",
        "valid_utc": "202603131114",
        "standard_time_display": "2026-03-13 05:14 CST",
        "wfo": "FGF",
        "county_or_zone": "Pembina",
        "city": "Walhalla",
        "state": "ND",
        "magnitude": 5.3,
        "magnitude_units": null,
        "source": "Public",
        "event_narrative": "Storm total."
      },
      "geometry": {
        "type": "Point",
        "coordinates": [
          -97.92,
          48.92
        ]
      }
    },
    {
      "type": "Feature",
      "id": "iem-lsr-FGF-99",
      "properties": {
        "report_id": "iem-lsr-FGF-99",
        "report_type": "NON-TSTM WND GST",
        "event_category": "thunderstorm_wind",
        "valid_utc": "202603131115",
        "standard_time_display": "2026-03-13 05:15 CST",
        "wfo": "FGF",
        "county_or_zone": "Barnes",
        "city": "1 NW Valley City",
        "state": "ND",
        "magnitude": 52.0,
        "magnitude_units": null,
        "source": "AWOS",
        "event_narrative": "AWOS station KBAC Valley City AP ND."
      },
      "geometry": {
        "type": "Point",
        "coordinates": [
          -98.02,
          46.93
        ]
      }
    },
    {
      "type": "Feature",
      "id": "iem-lsr-FGF-100",
      "properties": {
        "report_id": "iem-lsr-FGF-100",
        "report_type": "SNOW",
        "event_category": "winter",
        "valid_utc": "202603131130",
        "standard_time_display": "2026-03-13 05:30 CST",
        "wfo": "FGF",
        "county_or_zone": "Griggs",
        "city": "Cooperstown",
        "state": "ND",
        "magnitude": 0.6,
        "magnitude_units": null,
        "source": "Cocorahs",
        "event_narrative": "Cocorahs station ND-GG-3 Cooperstown ND 0.4 WNW."
      },
      "geometry": {
        "type": "Point",
        "coordinates": [
          -98.13,
          47.45
        ]
      }
    },
    {
      "type": "Feature",
      "id": "iem-lsr-FGF-101",
      "properties": {
        "report_id": "iem-lsr-FGF-101",
        "report_type": "SNOW",
        "event_category": "winter",
        "valid_utc": "202603131130",
        "standard_time_display": "2026-03-13 05:30 CST",
        "wfo": "FGF",
        "county_or_zone": "Polk",
        "city": "1 ENE Crookston",
        "state": "MN",
        "magnitude": 5.5,
        "magnitude_units": null,
        "source": "Cocorahs",
        "event_narrative": "Cocorahs station MN-PK-13 Crookston MN 0.6 ENE."
      },
      "geometry": {
        "type": "Point",
        "coordinates": [
          -96.59,
          47.78
        ]
      }
    },
    {
      "type": "Feature",
      "id": "iem-lsr-FGF-102",
      "properties": {
        "report_id": "iem-lsr-FGF-102",
        "report_type": "SNOW",
        "event_category": "winter",
        "valid_utc": "202603131200",
        "standard_time_display": "2026-03-13 06:00 CST",
        "wfo": "FGF",
        "county_or_zone": "Cass",
        "city": "4 ENE Horace",
        "state": "ND",
        "magnitude": 0.0,
        "magnitude_units": null,
        "source": "Cocorahs",
        "event_narrative": "Cocorahs station ND-CS-77 Fargo ND 6.3 S."
      },
      "geometry": {
        "type": "Point",
        "coordinates": [
          -96.82,
          46.79
        ]
      }
    },
    {
      "type": "Feature",
      "id": "iem-lsr-FGF-103",
      "properties": {
        "report_id": "iem-lsr-FGF-103",
        "report_type": "SNOW",
        "event_category": "winter",
        "valid_utc": "202603131200",
        "standard_time_display": "2026-03-13 06:00 CST",
        "wfo": "FGF",
        "county_or_zone": "Cass",
        "city": "4 ENE Horace",
        "state": "ND",
        "magnitude": 0.0,
        "magnitude_units": null,
        "source": "Cocorahs",
        "event_narrative": "Trace Snow. Cocorahs station ND-CS-77 Fargo ND 6.3 S."
      },
      "geometry": {
        "type": "Point",
        "coordinates": [
          -96.82,
          46.79
        ]
      }
    },
    {
      "type": "Feature",
      "id": "iem-lsr-FGF-104",
      "properties": {
        "report_id": "iem-lsr-FGF-104",
        "report_type": "SNOW",
        "event_category": "winter",
        "valid_utc": "202603131200",
        "standard_time_display": "2026-03-13 06:00 CST",
        "wfo": "FGF",
        "county_or_zone": "Otter Tail",
        "city": "6 ENE Ashby",
        "state": "MN",
        "magnitude": 0.2,
        "magnitude_units": null,
        "source": "Cocorahs",
        "event_narrative": "Cocorahs station MN-OT-57 Ashby MN 5.5 ENE."
      },
      "geometry": {
        "type": "Point",
        "coordinates": [
          -95.72,
          46.13
        ]
      }
    },
    {
      "type": "Feature",
      "id": "iem-lsr-FGF-105",
      "properties": {
        "report_id": "iem-lsr-FGF-105",
        "report_type": "SNOW",
        "event_category": "winter",
        "valid_utc": "202603131200",
        "standard_time_display": "2026-03-13 06:00 CST",
        "wfo": "FGF",
        "county_or_zone": "Otter Tail",
        "city": "6 NNE Fergus Falls",
        "state": "MN",
        "magnitude": 0.2,
        "magnitude_units": null,
        "source": "Cocorahs",
        "event_narrative": "Cocorahs station MN-OT-16 Fergus Falls MN 5.6 NNE."
      },
      "geometry": {
        "type": "Point",
        "coordinates": [
          -96.01,
          46.35
        ]
      }
    },
    {
      "type": "Feature",
      "id": "iem-lsr-FGF-106",
      "properties": {
        "report_id": "iem-lsr-FGF-106",
        "report_type": "SNOW",
        "event_category": "winter",
        "valid_utc": "202603131200",
        "standard_time_display": "2026-03-13 06:00 CST",
        "wfo": "FGF",
        "county_or_zone": "Traill",
        "city": "7 ENE Grandin",
        "state": "ND",
        "magnitude": 0.5,
        "magnitude_units": null,
        "source": "Cocorahs",
        "event_narrative": "Cocorahs station ND-TR-3 Grandin ND 7.1 ENE."
      },
      "geometry": {
        "type": "Point",
        "coordinates": [
          -96.86,
          47.27
        ]
      }
    },
    {
      "type": "Feature",
      "id": "iem-lsr-FGF-107",
      "properties": {
        "report_id": "iem-lsr-FGF-107",
        "report_type": "SNOW",
        "event_category": "winter",
        "valid_utc": "202603131200",
        "standard_time_display": "2026-03-13 06:00 CST",
        "wfo": "FGF",
        "county_or_zone": "Becker",
        "city": "5 NNW Cormorant",
        "state": "MN",
        "magnitude": 1.0,
        "magnitude_units": null,
        "source": "Cocorahs",
        "event_narrative": "Cocorahs station MN-BK-6 Lake Park MN 6.0 S."
      },
      "geometry": {
        "type": "Point",
        "coordinates": [
          -96.12,
          46.8
        ]
      }
    },
    {
      "type": "Feature",
      "id": "iem-lsr-FGF-108",
      "properties": {
        "report_id": "iem-lsr-FGF-108",
        "report_type": "SNOW",
        "event_category": "winter",
        "valid_utc": "202603131200",
        "standard_time_display": "2026-03-13 06:00 CST",
        "wfo": "FGF",
        "county_or_zone": "Becker",
        "city": "Detroit Lakes",
        "state": "MN",
        "magnitude": 2.8,
        "magnitude_units": null,
        "source": "Cocorahs",
        "event_narrative": "Cocorahs station MN-BK-36 Detroit Lakes MN 0.5 NNW."
      },
      "geometry": {
        "type": "Point",
        "coordinates": [
          -95.85,
          46.81
        ]
      }
    },
    {
      "type": "Feature",
      "id": "iem-lsr-FGF-109",
      "properties": {
        "report_id": "iem-lsr-FGF-109",
        "report_type": "SNOW",
        "event_category": "winter",
        "valid_utc": "202603131200",
        "standard_time_display": "2026-03-13 06:00 CST",
        "wfo": "FGF",
        "county_or_zone": "Pembina",
        "city": "6 NW Cavalier",
        "state": "ND",
        "magnitude": 3.0,
        "magnitude_units": null,
        "source": "CO-OP Observer",
        "event_narrative": "CO-OP Observer station CVLN8 Cavalier ND 7 NW."
      },
      "geometry": {
        "type": "Point",
        "coordinates": [
          -97.7,
          48.86
        ]
      }
    },
    {
      "type": "Feature",
      "id": "iem-lsr-FGF-110",
      "properties": {
        "report_id": "iem-lsr-FGF-110",
        "report_type": "SNOW",
        "event_category": "winter",
        "valid_utc": "202603131200",
        "standard_time_display": "2026-03-13 06:00 CST",
        "wfo": "FGF",
        "county_or_zone": "Ramsey",
        "city": "6 NW Devils Lake",
        "state": "ND",
        "magnitude": 3.0,
        "magnitude_units": null,
        "source": "Cocorahs",
        "event_narrative": "Cocorahs station ND-RM-8 Devils Lake 5.6 NW."
      },
      "geometry": {
        "type": "Point",
        "coordinates": [
          -98.95,
          48.17
        ]
      }
    },
    {
      "type": "Feature",
      "id": "iem-lsr-FGF-111",
      "properties": {
        "report_id": "iem-lsr-FGF-111",
        "report_type": "SNOW",
        "event_category": "winter",
        "valid_utc": "202603131200",
        "standard_time_display": "2026-03-13 06:00 CST",
        "wfo": "FGF",
        "county_or_zone": "Traill",
        "city": "1 E Portland",
        "state": "ND",
        "magnitude": 4.0,
        "magnitude_units": null,
        "source": "CO-OP Observer",
        "event_narrative": "CO-OP Observer station MYVN8 Mayville ND."
      },
      "geometry": {
        "type": "Point",
        "coordinates": [
          -97.35,
          47.5
        ]
      }
    },
    {
      "type": "Feature",
      "id": "iem-lsr-FGF-112",
      "properties": {
        "report_id": "iem-lsr-FGF-112",
        "report_type": "SNOW",
        "event_category": "winter",
        "valid_utc": "202603131200",
        "standard_time_display": "2026-03-13 06:00 CST",
        "wfo": "FGF",
        "county_or_zone": "Roseau",
        "city": "4 WSW Warroad",
        "state": "MN",
        "magnitude": 4.0,
        "magnitude_units": null,
        "source": "CO-OP Observer",
        "event_narrative": "CO-OP Observer station WRUM5 Warroad MN 4 W."
      },
      "geometry": {
        "type": "Point",
        "coordinates": [
          -95.41,
          48.9
        ]
      }
    },
    {
      "type": "Feature",
      "id": "iem-lsr-FGF-113",
      "properties": {
        "report_id": "iem-lsr-FGF-113",
        "report_type": "SNOW",
        "event_category": "winter",
        "valid_utc": "202603131200",
        "standard_time_display": "2026-03-13 06:00 CST",
        "wfo": "FGF",
        "county_or_zone": "Beltrami",
        "city": "5 SSE Turtle River",
        "state": "MN",
        "magnitude": 4.7,
        "magnitude_units": null,
        "source": "Cocorahs",
        "event_narrative": "Cocorahs station MN-BM-15 Bemidji MN 7.8 ENE."
      },
      "geometry": {
        "type": "Point",
        "coordinates": [
          -94.72,
          47.52
        ]
      }
    },
    {
      "type": "Feature",
      "id": "iem-lsr-FGF-114",
      "properties": {
        "report_id": "iem-lsr-FGF-114",
        "report_type": "SNOW",
        "event_category": "winter",
        "valid_utc": "202603131200",
        "standard_time_display": "2026-03-13 06:00 CST",
        "wfo": "FGF",
        "county_or_zone": "Clearwater",
        "city": "Gonvick",
        "state": "MN",
        "magnitude": 5.0,
        "magnitude_units": null,
        "source": "Cocorahs",
        "event_narrative": "Cocorahs station MN-CL-5 Gonvick MN 0.2 ENE."
      },
      "geometry": {
        "type": "Point",
        "coordinates": [
          -95.51,
          47.74
        ]
      }
    },
    {
      "type": "Feature",
      "id": "iem-lsr-FGF-115",
      "properties": {
        "report_id": "iem-lsr-FGF-115",
        "report_type": "SNOW",
        "event_category": "winter",
        "valid_utc": "202603131200",
        "standard_time_display": "2026-03-13 06:00 CST",
        "wfo": "FGF",
        "county_or_zone": "Hubbard",
        "city": "2 NNW Park Rapids",
        "state": "MN",
        "magnitude": 5.5,
        "magnitude_units": null,
        "source": "Cocorahs",
        "event_narrative": "Cocorahs station MN-HB-16 Park Rapids MN 2.0 NNW."
      },
      "geometry": {
        "type": "Point",
        "coordinates": [
          -95.08,
          46.94
        ]
      }
    },
    {
      "type": "Feature",
      "id": "iem-lsr-FGF-116",
      "properties": {
        "report_id": "iem-lsr-FGF-116",
        "report_type": "SNOW",
        "event_category": "winter",
        "valid_utc": "202603131200",
        "standard_time_display": "2026-03-13 06:00 CST",
        "wfo": "FGF",
        "county_or_zone": "Grand Forks",
        "city": "Larimore",
        "state": "ND",
        "magnitude": 5.5,
        "magnitude_units": null,
        "source": "Cocorahs",
        "event_narrative": "Cocorahs station ND-GF-23 Larimore ND 0.4 SE."
      },
      "geometry": {
        "type": "Point",
        "coordinates": [
          -97.62,
          47.91
        ]
      }
    },
    {
      "type": "Feature",
      "id": "iem-lsr-FGF-117",
      "properties": {
        "report_id": "iem-lsr-FGF-117",
        "report_type": "SNOW",
        "event_category": "winter",
        "valid_utc": "202603131200",
        "standard_time_display": "2026-03-13 06:00 CST",
        "wfo": "FGF",
        "county_or_zone": "Hubbard",
        "city": "1 NNE Park Rapids",
        "state": "MN",
        "magnitude": 5.8,
        "magnitude_units": null,
        "source": "Cocorahs",
        "event_narrative": "Cocorahs station MN-HB-40 Park Rapids MN 1.0 NNE."
      },
      "geometry": {
        "type": "Point",
        "coordinates": [
          -95.05,
          46.93
        ]
      }
    },
    {
      "type": "Feature",
      "id": "iem-lsr-FGF-118",
      "properties": {
        "report_id": "iem-lsr-FGF-118",
        "report_type": "SNOW",
        "event_category": "winter",
        "valid_utc": "202603131200",
        "standard_time_display": "2026-03-13 06:00 CST",
        "wfo": "FGF",
        "county_or_zone": "Grand Forks",
        "city": "3 SSE Grand Forks",
        "state": "ND",
        "magnitude": 6.1,
        "magnitude_units": null,
        "source": "Cocorahs",
        "event_narrative": "Cocorahs station ND-GF-14 Grand Forks ND 3.4 SSE."
      },
      "geometry": {
        "type": "Point",
        "coordinates": [
          -97.03,
          47.87
        ]
      }
    },
    {
      "type": "Feature",
      "id": "iem-lsr-FGF-119",
      "properties": {
        "report_id": "iem-lsr-FGF-119",
        "report_type": "SNOW",
        "event_category": "winter",
        "valid_utc": "202603131200",
        "standard_time_display": "2026-03-13 06:00 CST",
        "wfo": "FGF",
        "county_or_zone": "Walsh",
        "city": "1 W Grafton",
        "state": "ND",
        "magnitude": 7.0,
        "magnitude_units": null,
        "source": "Emergency Mngr",
        "event_narrative": null
      },
      "geometry": {
        "type": "Point",
        "coordinates": [
          -97.42,
          48.41
        ]
      }
    },
    {
      "type": "Feature",
      "id": "iem-lsr-FGF-120",
      "properties": {
        "report_id": "iem-lsr-FGF-120",
        "report_type": "SNOW",
        "event_category": "winter",
        "valid_utc": "202603131200",
        "standard_time_display": "2026-03-13 06:00 CST",
        "wfo": "FGF",
        "county_or_zone": "Hubbard",
        "city": "4 N Park Rapids",
        "state": "MN",
        "magnitude": 7.0,
        "magnitude_units": null,
        "source": "Cocorahs",
        "event_narrative": "Cocorahs station MN-HB-42 Park Rapids MN 3.7 N."
      },
      "geometry": {
        "type": "Point",
        "coordinates": [
          -95.06,
          46.97
        ]
      }
    },
    {
      "type": "Feature",
      "id": "iem-lsr-FGF-121",
      "properties": {
        "report_id": "iem-lsr-FGF-121",
        "report_type": "SNOW",
        "event_category": "winter",
        "valid_utc": "202603131200",
        "standard_time_display": "2026-03-13 06:00 CST",
        "wfo": "FGF",
        "county_or_zone": "Polk",
        "city": "5 N East Grand Forks",
        "state": "MN",
        "magnitude": 7.0,
        "magnitude_units": null,
        "source": "Cocorahs",
        "event_narrative": "Cocorahs station MN-PK-22 East Grand Forks MN 4.9 N."
      },
      "geometry": {
        "type": "Point",
        "coordinates": [
          -97.02,
          48.0
        ]
      }
    },
    {
      "type": "Feature",
      "id": "iem-lsr-FGF-122",
      "properties": {
        "report_id": "iem-lsr-FGF-122",
        "report_type": "SNOW",
        "event_category": "winter",
        "valid_utc": "202603131200",
        "standard_time_display": "2026-03-13 06:00 CST",
        "wfo": "FGF",
        "county_or_zone": "Hubbard",
        "city": "4 NW Park Rapids",
        "state": "MN",
        "magnitude": 7.5,
        "magnitude_units": null,
        "source": "Cocorahs",
        "event_narrative": "Cocorahs station MN-HB-47 Park Rapids 4.1 NNW."
      },
      "geometry": {
        "type": "Point",
        "coordinates": [
          -95.11,
          46.97
        ]
      }
    },
    {
      "type": "Feature",
      "id": "iem-lsr-FGF-123",
      "properties": {
        "report_id": "iem-lsr-FGF-123",
        "report_type": "SNOW",
        "event_category": "winter",
        "valid_utc": "202603131215",
        "standard_time_display": "2026-03-13 06:15 CST",
        "wfo": "FGF",
        "county_or_zone": "Clay",
        "city": "Sabin",
        "state": "MN",
        "magnitude": 0.1,
        "magnitude_units": null,
        "source": "CO-OP Observer",
        "event_narrative": "CO-OP Observer station SBNM5 Sabin MN."
      },
      "geometry": {
        "type": "Point",
        "coordinates": [
          -96.66,
          46.78
        ]
      }
    },
    {
      "type": "Feature",
      "id": "iem-lsr-FGF-124",
      "properties": {
        "report_id": "iem-lsr-FGF-124",
        "report_type": "SNOW",
        "event_category": "winter",
        "valid_utc": "202603131230",
        "standard_time_display": "2026-03-13 06:30 CST",
        "wfo": "FGF",
        "county_or_zone": "Clay",
        "city": "5 S Rollag",
        "state": "MN",
        "magnitude": 0.0,
        "magnitude_units": null,
        "source": "Cocorahs",
        "event_narrative": "Cocorahs station MN-CY-45 Rollag 4.6 S."
      },
      "geometry": {
        "type": "Point",
        "coordinates": [
          -96.26,
          46.67
        ]
      }
    },
    {
      "type": "Feature",
      "id": "iem-lsr-FGF-125",
      "properties": {
        "report_id": "iem-lsr-FGF-125",
        "report_type": "SNOW",
        "event_category": "winter",
        "valid_utc": "202603131230",
        "standard_time_display": "2026-03-13 06:30 CST",
        "wfo": "FGF",
        "county_or_zone": "Clay",
        "city": "5 S Rollag",
        "state": "MN",
        "magnitude": 0.0,
        "magnitude_units": null,
        "source": "Cocorahs",
        "event_narrative": "Trace Snow. Cocorahs station MN-CY-45 Rollag 4.6 S."
      },
      "geometry": {
        "type": "Point",
        "coordinates": [
          -96.26,
          46.67
        ]
      }
    },
    {
      "type": "Feature",
      "id": "iem-lsr-FGF-126",
      "properties": {
        "report_id": "iem-lsr-FGF-126",
        "report_type": "SNOW",
        "event_category": "winter",
        "valid_utc": "202603131230",
        "standard_time_display": "2026-03-13 06:30 CST",
        "wfo": "FGF",
        "county_or_zone": "Otter Tail",
        "city": "1 SSW New York Mills",
        "state": "MN",
        "magnitude": 1.0,
        "magnitude_units": null,
        "source": "CO-OP Observer",
        "event_narrative": "CO-OP Observer station NYMM5 New York Mills MN."
      },
      "geometry": {
        "type": "Point",
        "coordinates": [
          -95.38,
          46.51
        ]
      }
    },
    {
      "type": "Feature",
      "id": "iem-lsr-FGF-127",
      "properties": {
        "report_id": "iem-lsr-FGF-127",
        "report_type": "SNOW",
        "event_category": "winter",
        "valid_utc": "202603131240",
        "standard_time_display": "2026-03-13 06:40 CST",
        "wfo": "FGF",
        "county_or_zone": "Kittson",
        "city": "Karlstad",
        "state": "MN",
        "magnitude": 4.1,
        "magnitude_units": null,
        "source": "Cocorahs",
        "event_narrative": "Cocorahs station MN-KT-2 Karlstad MN 0.2 SSW."
      },
      "geometry": {
        "type": "Point",
        "coordinates": [
          -96.52,
          48.58
        ]
      }
    },
    {
      "type": "Feature",
      "id": "iem-lsr-FGF-128",
      "properties": {
        "report_id": "iem-lsr-FGF-128",
        "report_type": "SNOW",
        "event_category": "winter",
        "valid_utc": "202603131240",
        "standard_time_display": "2026-03-13 06:40 CST",
        "wfo": "FGF",
        "county_or_zone": "Hubbard",
        "city": "1 W Nevis",
        "state": "MN",
        "magnitude": 6.0,
        "magnitude_units": null,
        "source": "Public",
        "event_narrative": null
      },
      "geometry": {
        "type": "Point",
        "coordinates": [
          -94.85,
          46.96
        ]
      }
    },
    {
      "type": "Feature",
      "id": "iem-lsr-FGF-129",
      "properties": {
        "report_id": "iem-lsr-FGF-129",
        "report_type": "SNOW",
        "event_category": "winter",
        "valid_utc": "202603131300",
        "standard_time_display": "2026-03-13 07:00 CST",
        "wfo": "FGF",
        "county_or_zone": "Clay",
        "city": "4 SSW Kragnes",
        "state": "MN",
        "magnitude": 0.0,
        "magnitude_units": null,
        "source": "Cocorahs",
        "event_narrative": "Cocorahs station MN-CY-41 Moorhead MN 6.1 NNW."
      },
      "geometry": {
        "type": "Point",
        "coordinates": [
          -96.79,
          46.94
        ]
      }
    },
    {
      "type": "Feature",
      "id": "iem-lsr-FGF-130",
      "properties": {
        "report_id": "iem-lsr-FGF-130",
        "report_type": "SNOW",
        "event_category": "winter",
        "valid_utc": "202603131300",
        "standard_time_display": "2026-03-13 07:00 CST",
        "wfo": "FGF",
        "county_or_zone": "Clay",
        "city": "4 SSW Kragnes",
        "state": "MN",
        "magnitude": 0.0,
        "magnitude_units": null,
        "source": "Cocorahs",
        "event_narrative": "Trace Snow. Cocorahs station MN-CY-41 Moorhead MN 6.1 NNW."
      },
      "geometry": {
        "type": "Point",
        "coordinates": [
          -96.79,
          46.94
        ]
      }
    },
    {
      "type": "Feature",
      "id": "iem-lsr-FGF-131",
      "properties": {
        "report_id": "iem-lsr-FGF-131",
        "report_type": "SNOW",
        "event_category": "winter",
        "valid_utc": "202603131300",
        "standard_time_display": "2026-03-13 07:00 CST",
        "wfo": "FGF",
        "county_or_zone": "Otter Tail",
        "city": "5 W Ottertail",
        "state": "MN",
        "magnitude": 0.0,
        "magnitude_units": null,
        "source": "Cocorahs",
        "event_narrative": "Cocorahs station MN-OT-13 Richville MN 5.8 SSW."
      },
      "geometry": {
        "type": "Point",
        "coordinates": [
          -95.67,
          46.43
        ]
      }
    },
    {
      "type": "Feature",
      "id": "iem-lsr-FGF-132",
      "properties": {
        "report_id": "iem-lsr-FGF-132",
        "report_type": "SNOW",
        "event_category": "winter",
        "valid_utc": "202603131300",
        "standard_time_display": "2026-03-13 07:00 CST",
        "wfo": "FGF",
        "county_or_zone": "Otter Tail",
        "city": "5 W Ottertail",
        "state": "MN",
        "magnitude": 0.0,
        "magnitude_units": null,
        "source": "Cocorahs",
        "event_narrative": "Trace Snow. Cocorahs station MN-OT-13 Richville MN 5.8 SSW."
      },
      "geometry": {
        "type": "Point",
        "coordinates": [
          -95.67,
          46.43
        ]
      }
    },
    {
      "type": "Feature",
      "id": "iem-lsr-FGF-133",
      "properties": {
        "report_id": "iem-lsr-FGF-133",
        "report_type": "SNOW",
        "event_category": "winter",
        "valid_utc": "202603131300",
        "standard_time_display": "2026-03-13 07:00 CST",
        "wfo": "FGF",
        "county_or_zone": "Wadena",
        "city": "Wadena",
        "state": "MN",
        "magnitude": 0.3,
        "magnitude_units": null,
        "source": "Cocorahs",
        "event_narrative": "Cocorahs station MN-WD-18 Wadena 0.3 ENE."
      },
      "geometry": {
        "type": "Point",
        "coordinates": [
          -95.13,
          46.44
        ]
      }
    },
    {
      "type": "Feature",
      "id": "iem-lsr-FGF-134",
      "properties": {
        "report_id": "iem-lsr-FGF-134",
        "report_type": "SNOW",
        "event_category": "winter",
        "valid_utc": "202603131300",
        "standard_time_display": "2026-03-13 07:00 CST",
        "wfo": "FGF",
        "county_or_zone": "Wadena",
        "city": "1 NE Wadena",
        "state": "MN",
        "magnitude": 0.6,
        "magnitude_units": null,
        "source": "Cocorahs",
        "event_narrative": "Cocorahs station MN-WD-12 Wadena MN 1.0 NE."
      },
      "geometry": {
        "type": "Point",
        "coordinates": [
          -95.12,
          46.45
        ]
      }
    },
    {
      "type": "Feature",
      "id": "iem-lsr-FGF-135",
      "properties": {
        "report_id": "iem-lsr-FGF-135",
        "report_type": "SNOW",
        "event_category": "winter",
        "valid_utc": "202603131300",
        "standard_time_display": "2026-03-13 07:00 CST",
        "wfo": "FGF",
        "county_or_zone": "Norman",
        "city": "Twin Valley",
        "state": "MN",
        "magnitude": 1.0,
        "magnitude_units": null,
        "source": "Cocorahs",
        "event_narrative": "Cocorahs station MN-NR-1 Twin Valley MN 0.1 NE."
      },
      "geometry": {
        "type": "Point",
        "coordinates": [
          -96.26,
          47.26
        ]
      }
    },
    {
      "type": "Feature",
      "id": "iem-lsr-FGF-136",
      "properties": {
        "report_id": "iem-lsr-FGF-136",
        "report_type": "SNOW",
        "event_category": "winter",
        "valid_utc": "202603131300",
        "standard_time_display": "2026-03-13 07:00 CST",
        "wfo": "FGF",
        "county_or_zone": "Beltrami",
        "city": "2 S Solway",
        "state": "MN",
        "magnitude": 2.6,
        "magnitude_units": null,
        "source": "Cocorahs",
        "event_narrative": "Cocorahs station MN-BM-14 Solway MN 2.1 S."
      },
      "geometry": {
        "type": "Point",
        "coordinates": [
          -95.12,
          47.49
        ]
      }
    },
    {
      "type": "Feature",
      "id": "iem-lsr-FGF-137",
      "properties": {
        "report_id": "iem-lsr-FGF-137",
        "report_type": "SNOW",
        "event_category": "winter",
        "valid_utc": "202603131300",
        "standard_time_display": "2026-03-13 07:00 CST",
        "wfo": "FGF",
        "county_or_zone": "Wadena",
        "city": "3 N Menahga",
        "state": "MN",
        "magnitude": 3.0,
        "magnitude_units": null,
        "source": "Cocorahs",
        "event_narrative": "Cocorahs station MN-WD-11 Menahga MN 3.1 N."
      },
      "geometry": {
        "type": "Point",
        "coordinates": [
          -95.11,
          46.8
        ]
      }
    },
    {
      "type": "Feature",
      "id": "iem-lsr-FGF-138",
      "properties": {
        "report_id": "iem-lsr-FGF-138",
        "report_type": "SNOW",
        "event_category": "winter",
        "valid_utc": "202603131300",
        "standard_time_display": "2026-03-13 07:00 CST",
        "wfo": "FGF",
        "county_or_zone": "Norman",
        "city": "Shelly",
        "state": "MN",
        "magnitude": 4.0,
        "magnitude_units": null,
        "source": "Cocorahs",
        "event_narrative": "Cocorahs station MN-NR-5 Shelly MN 0.2 SW."
      },
      "geometry": {
        "type": "Point",
        "coordinates": [
          -96.82,
          47.46
        ]
      }
    },
    {
      "type": "Feature",
      "id": "iem-lsr-FGF-139",
      "properties": {
        "report_id": "iem-lsr-FGF-139",
        "report_type": "SNOW",
        "event_category": "winter",
        "valid_utc": "202603131300",
        "standard_time_display": "2026-03-13 07:00 CST",
        "wfo": "FGF",
        "county_or_zone": "Grand Forks",
        "city": "4 N Grand Forks",
        "state": "ND",
        "magnitude": 4.1,
        "magnitude_units": null,
        "source": "Cocorahs",
        "event_narrative": "Cocorahs station ND-GF-22 Grand Forks ND 3.9 N."
      },
      "geometry": {
        "type": "Point",
        "coordinates": [
          -97.07,
          47.97
        ]
      }
    },
    {
      "type": "Feature",
      "id": "iem-lsr-FGF-140",
      "properties": {
        "report_id": "iem-lsr-FGF-140",
        "report_type": "SNOW",
        "event_category": "winter",
        "valid_utc": "202603131300",
        "standard_time_display": "2026-03-13 07:00 CST",
        "wfo": "FGF",
        "county_or_zone": "Kittson",
        "city": "2 ESE Lake Bronson",
        "state": "MN",
        "magnitude": 4.5,
        "magnitude_units": null,
        "source": "CO-OP Observer",
        "event_narrative": "CO-OP Observer station LBRM5 Lake Bronson Dam MN."
      },
      "geometry": {
        "type": "Point",
        "coordinates": [
          -96.62,
          48.72
        ]
      }
    },
    {
      "type": "Feature",
      "id": "iem-lsr-FGF-141",
      "properties": {
        "report_id": "iem-lsr-FGF-141",
        "report_type": "SNOW",
        "event_category": "winter",
        "valid_utc": "202603131300",
        "standard_time_display": "2026-03-13 07:00 CST",
        "wfo": "FGF",
        "county_or_zone": "Polk",
        "city": "6 SE Maple Bay",
        "state": "MN",
        "magnitude": 4.7,
        "magnitude_units": null,
        "source": "Cocorahs",
        "event_narrative": "Cocorahs station MN-PK-2 Erksine MN 7.6 SSW."
      },
      "geometry": {
        "type": "Point",
        "coordinates": [
          -96.13,
          47.59
        ]
      }
    },
    {
      "type": "Feature",
      "id": "iem-lsr-FGF-142",
      "properties": {
        "report_id": "iem-lsr-FGF-142",
        "report_type": "SNOW",
        "event_category": "winter",
        "valid_utc": "202603131300",
        "standard_time_display": "2026-03-13 07:00 CST",
        "wfo": "FGF",
        "county_or_zone": "Lake of the Woods",
        "city": "3 E Williams",
        "state": "MN",
        "magnitude": 5.0,
        "magnitude_units": null,
        "source": "Cocorahs",
        "event_narrative": "Cocorahs station MN-LW-5 Williams MN 2.9 E."
      },
      "geometry": {
        "type": "Point",
        "coordinates": [
          -94.89,
          48.76
        ]
      }
    },
    {
      "type": "Feature",
      "id": "iem-lsr-FGF-143",
      "properties": {
        "report_id": "iem-lsr-FGF-143",
        "report_type": "SNOW",
        "event_category": "winter",
        "valid_utc": "202603131300",
        "standard_time_display": "2026-03-13 07:00 CST",
        "wfo": "FGF",
        "county_or_zone": "Marshall",
        "city": "Warren",
        "state": "MN",
        "magnitude": 5.0,
        "magnitude_units": null,
        "source": "CO-OP Observer",
        "event_narrative": "CO-OP Observer station WAAM5 Warren MN."
      },
      "geometry": {
        "type": "Point",
        "coordinates": [
          -96.78,
          48.2
        ]
      }
    },
    {
      "type": "Feature",
      "id": "iem-lsr-FGF-144",
      "properties": {
        "report_id": "iem-lsr-FGF-144",
        "report_type": "SNOW",
        "event_category": "winter",
        "valid_utc": "202603131300",
        "standard_time_display": "2026-03-13 07:00 CST",
        "wfo": "FGF",
        "county_or_zone": "Becker",
        "city": "3 NW Two Inlets",
        "state": "MN",
        "magnitude": 6.7,
        "magnitude_units": null,
        "source": "Cocorahs",
        "event_narrative": "Cocorahs station MN-BK-16 Park Rapids MN 15.3 NW."
      },
      "geometry": {
        "type": "Point",
        "coordinates": [
          -95.27,
          47.09
        ]
      }
    },
    {
      "type": "Feature",
      "id": "iem-lsr-FGF-145",
      "properties": {
        "report_id": "iem-lsr-FGF-145",
        "report_type": "SNOW",
        "event_category": "winter",
        "valid_utc": "202603131307",
        "standard_time_display": "2026-03-13 07:07 CST",
        "wfo": "FGF",
        "county_or_zone": "Beltrami",
        "city": "Bemidji",
        "state": "MN",
        "magnitude": 5.0,
        "magnitude_units": null,
        "source": "Park/Forest Srvc",
        "event_narrative": "Bemidji had 4 to 6 inches of snow with some drifting."
      },
      "geometry": {
        "type": "Point",
        "coordinates": [
          -94.88,
          47.48
        ]
      }
    },
    {
      "type": "Feature",
      "id": "iem-lsr-FGF-146",
      "properties": {
        "report_id": "iem-lsr-FGF-146",
        "report_type": "SNOW",
        "event_category": "winter",
        "valid_utc": "202603131500",
        "standard_time_display": "2026-03-13 09:00 CST",
        "wfo": "FGF",
        "county_or_zone": "Cavalier",
        "city": "2 ESE Langdon",
        "state": "ND",
        "magnitude": 6.5,
        "magnitude_units": null,
        "source": "CO-OP Observer",
        "event_narrative": "CO-OP Observer station LNGN8 Langdon ND 1 E."
      },
      "geometry": {
        "type": "Point",
        "coordinates": [
          -98.33,
          48.75
        ]
      }
    },
    {
      "type": "Feature",
      "id": "iem-lsr-FGF-147",
      "properties": {
        "report_id": "iem-lsr-FGF-147",
        "report_type": "SNOW",
        "event_category": "winter",
        "valid_utc": "202603131600",
        "standard_time_display": "2026-03-13 10:00 CST",
        "wfo": "FGF",
        "county_or_zone": "Pembina",
        "city": "12 NW Cavalier",
        "state": "ND",
        "magnitude": 7.0,
        "magnitude_units": null,
        "source": "Public",
        "event_narrative": "Report via social media."
      },
      "geometry": {
        "type": "Point",
        "coordinates": [
          -97.81,
          48.92
        ]
      }
    },
    {
      "type": "Feature",
      "id": "iem-lsr-FGF-148",
      "properties": {
        "report_id": "iem-lsr-FGF-148",
        "report_type": "SNOW",
        "event_category": "winter",
        "valid_utc": "202603131700",
        "standard_time_display": "2026-03-13 11:00 CST",
        "wfo": "FGF",
        "county_or_zone": "Becker",
        "city": "4 ENE White Earth",
        "state": "MN",
        "magnitude": 5.0,
        "magnitude_units": null,
        "source": "Public",
        "event_narrative": "Relayed by broadcast media."
      },
      "geometry": {
        "type": "Point",
        "coordinates": [
          -95.76,
          47.12
        ]
      }
    },
    {
      "type": "Feature",
      "id": "iem-lsr-FGF-149",
      "properties": {
        "report_id": "iem-lsr-FGF-149",
        "report_type": "SNOW",
        "event_category": "winter",
        "valid_utc": "202603131700",
        "standard_time_display": "2026-03-13 11:00 CST",
        "wfo": "FGF",
        "county_or_zone": "Walsh",
        "city": "Grafton",
        "state": "ND",
        "magnitude": 5.4,
        "magnitude_units": null,
        "source": "Public",
        "event_narrative": "Relayed by broadcast media."
      },
      "geometry": {
        "type": "Point",
        "coordinates": [
          -97.4,
          48.42
        ]
      }
    },
    {
      "type": "Feature",
      "id": "iem-lsr-FGF-150",
      "properties": {
        "report_id": "iem-lsr-FGF-150",
        "report_type": "SNOW",
        "event_category": "winter",
        "valid_utc": "202603131700",
        "standard_time_display": "2026-03-13 11:00 CST",
        "wfo": "FGF",
        "county_or_zone": "Kittson",
        "city": "Hallock",
        "state": "MN",
        "magnitude": 6.3,
        "magnitude_units": null,
        "source": "Public",
        "event_narrative": "Relayed by broadcast media."
      },
      "geometry": {
        "type": "Point",
        "coordinates": [
          -96.94,
          48.77
        ]
      }
    },
    {
      "type": "Feature",
      "id": "iem-lsr-FGF-151",
      "properties": {
        "report_id": "iem-lsr-FGF-151",
        "report_type": "NON-TSTM WND GST",
        "event_category": "thunderstorm_wind",
        "valid_utc": "202603131715",
        "standard_time_display": "2026-03-13 11:15 CST",
        "wfo": "FGF",
        "county_or_zone": "Barnes",
        "city": "1 NW Valley City",
        "state": "ND",
        "magnitude": 52.0,
        "magnitude_units": null,
        "source": "AWOS",
        "event_narrative": "AWOS station KBAC Valley City AP ND."
      },
      "geometry": {
        "type": "Point",
        "coordinates": [
          -98.02,
          46.93
        ]
      }
    },
    {
      "type": "Feature",
      "id": "iem-lsr-FGF-152",
      "properties": {
        "report_id": "iem-lsr-FGF-152",
        "report_type": "SNOW",
        "event_category": "winter",
        "valid_utc": "202603131759",
        "standard_time_display": "2026-03-13 11:59 CST",
        "wfo": "FGF",
        "county_or_zone": "Clearwater",
        "city": "4 S Bagley",
        "state": "MN",
        "magnitude": 6.0,
        "magnitude_units": null,
        "source": "Public",
        "event_narrative": null
      },
      "geometry": {
        "type": "Point",
        "coordinates": [
          -95.38,
          47.47
        ]
      }
    },
    {
      "type": "Feature",
      "id": "iem-lsr-FGF-153",
      "properties": {
        "report_id": "iem-lsr-FGF-153",
        "report_type": "SNOW",
        "event_category": "winter",
        "valid_utc": "202603131946",
        "standard_time_display": "2026-03-13 13:46 CST",
        "wfo": "FGF",
        "county_or_zone": "Cavalier",
        "city": "Langdon",
        "state": "ND",
        "magnitude": 5.0,
        "magnitude_units": null,
        "source": "Emergency Mngr",
        "event_narrative": null
      },
      "geometry": {
        "type": "Point",
        "coordinates": [
          -98.37,
          48.76
        ]
      }
    },
    {
      "type": "Feature",
      "id": "iem-lsr-FGF-154",
      "properties": {
        "report_id": "iem-lsr-FGF-154",
        "report_type": "SNOW",
        "event_category": "winter",
        "valid_utc": "202603131947",
        "standard_time_display": "2026-03-13 13:47 CST",
        "wfo": "FGF",
        "county_or_zone": "Marshall",
        "city": "Warren",
        "state": "MN",
        "magnitude": 3.0,
        "magnitude_units": null,
        "source": "Emergency Mngr",
        "event_narrative": null
      },
      "geometry": {
        "type": "Point",
        "coordinates": [
          -96.77,
          48.2
        ]
      }
    },
    {
      "type": "Feature",
      "id": "iem-lsr-FGF-155",
      "properties": {
        "report_id": "iem-lsr-FGF-155",
        "report_type": "SNOW",
        "event_category": "winter",
        "valid_utc": "202603131947",
        "standard_time_display": "2026-03-13 13:47 CST",
        "wfo": "FGF",
        "county_or_zone": "Nelson",
        "city": "Michigan",
        "state": "ND",
        "magnitude": 4.0,
        "magnitude_units": null,
        "source": "Emergency Mngr",
        "event_narrative": null
      },
      "geometry": {
        "type": "Point",
        "coordinates": [
          -98.12,
          48.02
        ]
      }
    },
    {
      "type": "Feature",
      "id": "iem-lsr-FGF-156",
      "properties": {
        "report_id": "iem-lsr-FGF-156",
        "report_type": "SNOW",
        "event_category": "winter",
        "valid_utc": "202603132045",
        "standard_time_display": "2026-03-13 14:45 CST",
        "wfo": "FGF",
        "county_or_zone": "Towner",
        "city": "Cando",
        "state": "ND",
        "magnitude": 7.0,
        "magnitude_units": null,
        "source": "Emergency Mngr",
        "event_narrative": null
      },
      "geometry": {
        "type": "Point",
        "coordinates": [
          -99.2,
          48.49
        ]
      }
    },
    {
      "type": "Feature",
      "id": "iem-lsr-FGF-157",
      "properties": {
        "report_id": "iem-lsr-FGF-157",
        "report_type": "SNOW",
        "event_category": "winter",
        "valid_utc": "202603132200",
        "standard_time_display": "2026-03-13 16:00 CST",
        "wfo": "FGF",
        "county_or_zone": "Ramsey",
        "city": "Devils Lake",
        "state": "ND",
        "magnitude": 4.0,
        "magnitude_units": null,
        "source": "Trained Spotter",
        "event_narrative": null
      },
      "geometry": {
        "type": "Point",
        "coordinates": [
          -98.86,
          48.11
        ]
      }
    },
    {
      "type": "Feature",
      "id": "iem-lsr-FGF-158",
      "properties": {
        "report_id": "iem-lsr-FGF-158",
        "report_type": "SNOW",
        "event_category": "winter",
        "valid_utc": "202603141500",
        "standard_time_display": "2026-03-14 09:00 CST",
        "wfo": "FGF",
        "county_or_zone": "Grant",
        "city": "Herman",
        "state": "MN",
        "magnitude": 4.0,
        "magnitude_units": null,
        "source": "Public",
        "event_narrative": "Public report via social media. Estimated. Event total. Reporter said By 10 pm last night_ before the wind moved in_ I had cleared 4 inches off my steps and walk_ after that the wind picked up so I n"
      },
      "geometry": {
        "type": "Point",
        "coordinates": [
          -96.14,
          45.81
        ]
      }
    },
    {
      "type": "Feature",
      "id": "iem-lsr-FGF-159",
      "properties": {
        "report_id": "iem-lsr-FGF-159",
        "report_type": "SNOW",
        "event_category": "winter",
        "valid_utc": "202603150600",
        "standard_time_display": "2026-03-15 00:00 CST",
        "wfo": "FGF",
        "county_or_zone": "Cass",
        "city": "3 S Fargo",
        "state": "ND",
        "magnitude": 0.9,
        "magnitude_units": null,
        "source": "CO-OP Observer",
        "event_narrative": "Total at 1 am. Still Light Snow Falling. CO-OP Observer station FDRN8 Fargo ND 3 S."
      },
      "geometry": {
        "type": "Point",
        "coordinates": [
          -96.8,
          46.83
        ]
      }
    },
    {
      "type": "Feature",
      "id": "iem-lsr-FGF-160",
      "properties": {
        "report_id": "iem-lsr-FGF-160",
        "report_type": "SNOW",
        "event_category": "winter",
        "valid_utc": "202603150610",
        "standard_time_display": "2026-03-15 00:10 CST",
        "wfo": "FGF",
        "county_or_zone": "Richland",
        "city": "Fairmount",
        "state": "ND",
        "magnitude": 5.0,
        "magnitude_units": null,
        "source": "Public",
        "event_narrative": "Light snow current."
      },
      "geometry": {
        "type": "Point",
        "coordinates": [
          -96.6,
          46.05
        ]
      }
    },
    {
      "type": "Feature",
      "id": "iem-lsr-FGF-161",
      "properties": {
        "report_id": "iem-lsr-FGF-161",
        "report_type": "SNOW",
        "event_category": "winter",
        "valid_utc": "202603150635",
        "standard_time_display": "2026-03-15 00:35 CST",
        "wfo": "FGF",
        "county_or_zone": "Otter Tail",
        "city": "Dent",
        "state": "MN",
        "magnitude": 1.0,
        "magnitude_units": null,
        "source": "Public",
        "event_narrative": "Light Snow Falling."
      },
      "geometry": {
        "type": "Point",
        "coordinates": [
          -95.72,
          46.55
        ]
      }
    },
    {
      "type": "Feature",
      "id": "iem-lsr-FGF-162",
      "properties": {
        "report_id": "iem-lsr-FGF-162",
        "report_type": "SNOW",
        "event_category": "winter",
        "valid_utc": "202603150636",
        "standard_time_display": "2026-03-15 00:36 CST",
        "wfo": "FGF",
        "county_or_zone": "Wadena",
        "city": "Wadena",
        "state": "MN",
        "magnitude": 2.5,
        "magnitude_units": null,
        "source": "Public",
        "event_narrative": "Report of 2-3 inches. Light snow falling."
      },
      "geometry": {
        "type": "Point",
        "coordinates": [
          -95.13,
          46.44
        ]
      }
    },
    {
      "type": "Feature",
      "id": "iem-lsr-FGF-163",
      "properties": {
        "report_id": "iem-lsr-FGF-163",
        "report_type": "SNOW",
        "event_category": "winter",
        "valid_utc": "202603150639",
        "standard_time_display": "2026-03-15 00:39 CST",
        "wfo": "FGF",
        "county_or_zone": "Richland",
        "city": "Wahpeton",
        "state": "ND",
        "magnitude": 4.5,
        "magnitude_units": null,
        "source": "Public",
        "event_narrative": "Report of 4-5 inches. Light Snow currently."
      },
      "geometry": {
        "type": "Point",
        "coordinates": [
          -96.61,
          46.27
        ]
      }
    },
    {
      "type": "Feature",
      "id": "iem-lsr-FGF-164",
      "properties": {
        "report_id": "iem-lsr-FGF-164",
        "report_type": "SNOW",
        "event_category": "winter",
        "valid_utc": "202603150830",
        "standard_time_display": "2026-03-15 02:30 CST",
        "wfo": "FGF",
        "county_or_zone": "Becker",
        "city": "4 SE Westbury",
        "state": "MN",
        "magnitude": 0.3,
        "magnitude_units": null,
        "source": "Cocorahs",
        "event_narrative": "Cocorahs station MN-BK-10 Detroit Lakes MN 5.7 N."
      },
      "geometry": {
        "type": "Point",
        "coordinates": [
          -95.84,
          46.89
        ]
      }
    },
    {
      "type": "Feature",
      "id": "iem-lsr-FGF-165",
      "properties": {
        "report_id": "iem-lsr-FGF-165",
        "report_type": "SNOW",
        "event_category": "winter",
        "valid_utc": "202603150900",
        "standard_time_display": "2026-03-15 03:00 CST",
        "wfo": "FGF",
        "county_or_zone": "Otter Tail",
        "city": "Henning",
        "state": "MN",
        "magnitude": 1.0,
        "magnitude_units": null,
        "source": "Public",
        "event_narrative": "Light snow currently."
      },
      "geometry": {
        "type": "Point",
        "coordinates": [
          -95.44,
          46.32
        ]
      }
    },
    {
      "type": "Feature",
      "id": "iem-lsr-FGF-166",
      "properties": {
        "report_id": "iem-lsr-FGF-166",
        "report_type": "SNOW",
        "event_category": "winter",
        "valid_utc": "202603150920",
        "standard_time_display": "2026-03-15 03:20 CST",
        "wfo": "FGF",
        "county_or_zone": "Richland",
        "city": "Great Bend",
        "state": "ND",
        "magnitude": 6.0,
        "magnitude_units": null,
        "source": "Public",
        "event_narrative": "light snow at time of report."
      },
      "geometry": {
        "type": "Point",
        "coordinates": [
          -96.8,
          46.15
        ]
      }
    },
    {
      "type": "Feature",
      "id": "iem-lsr-FGF-167",
      "properties": {
        "report_id": "iem-lsr-FGF-167",
        "report_type": "SNOW",
        "event_category": "winter",
        "valid_utc": "202603151022",
        "standard_time_display": "2026-03-15 04:22 CST",
        "wfo": "FGF",
        "county_or_zone": "Otter Tail",
        "city": "New York Mills",
        "state": "MN",
        "magnitude": 3.0,
        "magnitude_units": null,
        "source": "Public",
        "event_narrative": null
      },
      "geometry": {
        "type": "Point",
        "coordinates": [
          -95.37,
          46.52
        ]
      }
    },
    {
      "type": "Feature",
      "id": "iem-lsr-FGF-168",
      "properties": {
        "report_id": "iem-lsr-FGF-168",
        "report_type": "SNOW",
        "event_category": "winter",
        "valid_utc": "202603151100",
        "standard_time_display": "2026-03-15 05:00 CST",
        "wfo": "FGF",
        "county_or_zone": "Richland",
        "city": "Abercrombie",
        "state": "ND",
        "magnitude": 2.0,
        "magnitude_units": null,
        "source": "Cocorahs",
        "event_narrative": "Cocorahs station ND-RC-8 Abercrombie ND 0.2 NW."
      },
      "geometry": {
        "type": "Point",
        "coordinates": [
          -96.73,
          46.45
        ]
      }
    },
    {
      "type": "Feature",
      "id": "iem-lsr-FGF-169",
      "properties": {
        "report_id": "iem-lsr-FGF-169",
        "report_type": "SNOW",
        "event_category": "winter",
        "valid_utc": "202603151100",
        "standard_time_display": "2026-03-15 05:00 CST",
        "wfo": "FGF",
        "county_or_zone": "Otter Tail",
        "city": "Fergus Falls",
        "state": "MN",
        "magnitude": 4.0,
        "magnitude_units": null,
        "source": "Public",
        "event_narrative": null
      },
      "geometry": {
        "type": "Point",
        "coordinates": [
          -96.07,
          46.28
        ]
      }
    },
    {
      "type": "Feature",
      "id": "iem-lsr-FGF-170",
      "properties": {
        "report_id": "iem-lsr-FGF-170",
        "report_type": "SNOW",
        "event_category": "winter",
        "valid_utc": "202603151109",
        "standard_time_display": "2026-03-15 05:09 CST",
        "wfo": "FGF",
        "county_or_zone": "Richland",
        "city": "Hankinson",
        "state": "ND",
        "magnitude": 6.0,
        "magnitude_units": null,
        "source": "Public",
        "event_narrative": null
      },
      "geometry": {
        "type": "Point",
        "coordinates": [
          -96.89,
          46.07
        ]
      }
    },
    {
      "type": "Feature",
      "id": "iem-lsr-FGF-171",
      "properties": {
        "report_id": "iem-lsr-FGF-171",
        "report_type": "SNOW",
        "event_category": "winter",
        "valid_utc": "202603151138",
        "standard_time_display": "2026-03-15 05:38 CST",
        "wfo": "FGF",
        "county_or_zone": "Clay",
        "city": "Moorhead",
        "state": "MN",
        "magnitude": 1.5,
        "magnitude_units": null,
        "source": "Public",
        "event_narrative": null
      },
      "geometry": {
        "type": "Point",
        "coordinates": [
          -96.76,
          46.86
        ]
      }
    },
    {
      "type": "Feature",
      "id": "iem-lsr-FGF-172",
      "properties": {
        "report_id": "iem-lsr-FGF-172",
        "report_type": "SNOW",
        "event_category": "winter",
        "valid_utc": "202603151138",
        "standard_time_display": "2026-03-15 05:38 CST",
        "wfo": "FGF",
        "county_or_zone": "Otter Tail",
        "city": "2 S Parkers Prairie",
        "state": "MN",
        "magnitude": 6.0,
        "magnitude_units": null,
        "source": "Public",
        "event_narrative": "Report from along the Douglas and Otter Tail county line."
      },
      "geometry": {
        "type": "Point",
        "coordinates": [
          -95.33,
          46.12
        ]
      }
    },
    {
      "type": "Feature",
      "id": "iem-lsr-FGF-173",
      "properties": {
        "report_id": "iem-lsr-FGF-173",
        "report_type": "SNOW",
        "event_category": "winter",
        "valid_utc": "202603151139",
        "standard_time_display": "2026-03-15 05:39 CST",
        "wfo": "FGF",
        "county_or_zone": "Hubbard",
        "city": "Park Rapids",
        "state": "MN",
        "magnitude": 0.2,
        "magnitude_units": null,
        "source": "Public",
        "event_narrative": null
      },
      "geometry": {
        "type": "Point",
        "coordinates": [
          -95.06,
          46.92
        ]
      }
    },
    {
      "type": "Feature",
      "id": "iem-lsr-FGF-174",
      "properties": {
        "report_id": "iem-lsr-FGF-174",
        "report_type": "SNOW",
        "event_category": "winter",
        "valid_utc": "202603151139",
        "standard_time_display": "2026-03-15 05:39 CST",
        "wfo": "FGF",
        "county_or_zone": "Ransom",
        "city": "Enderlin",
        "state": "ND",
        "magnitude": 4.0,
        "magnitude_units": null,
        "source": "Public",
        "event_narrative": null
      },
      "geometry": {
        "type": "Point",
        "coordinates": [
          -97.6,
          46.62
        ]
      }
    },
    {
      "type": "Feature",
      "id": "iem-lsr-FGF-175",
      "properties": {
        "report_id": "iem-lsr-FGF-175",
        "report_type": "SNOW",
        "event_category": "winter",
        "valid_utc": "202603151200",
        "standard_time_display": "2026-03-15 06:00 CST",
        "wfo": "FGF",
        "county_or_zone": "Hubbard",
        "city": "1 NNE Park Rapids",
        "state": "MN",
        "magnitude": 0.2,
        "magnitude_units": null,
        "source": "Cocorahs",
        "event_narrative": "Cocorahs station MN-HB-40 Park Rapids MN 1.0 NNE."
      },
      "geometry": {
        "type": "Point",
        "coordinates": [
          -95.05,
          46.93
        ]
      }
    },
    {
      "type": "Feature",
      "id": "iem-lsr-FGF-176",
      "properties": {
        "report_id": "iem-lsr-FGF-176",
        "report_type": "SNOW",
        "event_category": "winter",
        "valid_utc": "202603151200",
        "standard_time_display": "2026-03-15 06:00 CST",
        "wfo": "FGF",
        "county_or_zone": "Hubbard",
        "city": "2 NNW Park Rapids",
        "state": "MN",
        "magnitude": 0.2,
        "magnitude_units": null,
        "source": "Cocorahs",
        "event_narrative": "Cocorahs station MN-HB-16 Park Rapids MN 2.0 NNW."
      },
      "geometry": {
        "type": "Point",
        "coordinates": [
          -95.08,
          46.94
        ]
      }
    },
    {
      "type": "Feature",
      "id": "iem-lsr-FGF-177",
      "properties": {
        "report_id": "iem-lsr-FGF-177",
        "report_type": "SNOW",
        "event_category": "winter",
        "valid_utc": "202603151200",
        "standard_time_display": "2026-03-15 06:00 CST",
        "wfo": "FGF",
        "county_or_zone": "Clay",
        "city": "4 N Muskoda",
        "state": "MN",
        "magnitude": 0.3,
        "magnitude_units": null,
        "source": "Cocorahs",
        "event_narrative": "Cocorahs station MN-CY-20 Hawley MN 5.2 WNW."
      },
      "geometry": {
        "type": "Point",
        "coordinates": [
          -96.41,
          46.92
        ]
      }
    },
    {
      "type": "Feature",
      "id": "iem-lsr-FGF-178",
      "properties": {
        "report_id": "iem-lsr-FGF-178",
        "report_type": "SNOW",
        "event_category": "winter",
        "valid_utc": "202603151200",
        "standard_time_display": "2026-03-15 06:00 CST",
        "wfo": "FGF",
        "county_or_zone": "Becker",
        "city": "4 W Menahga",
        "state": "MN",
        "magnitude": 0.5,
        "magnitude_units": null,
        "source": "Cocorahs",
        "event_narrative": "Cocorahs station MN-BK-33 Menahga MN 4.0 W."
      },
      "geometry": {
        "type": "Point",
        "coordinates": [
          -95.18,
          46.74
        ]
      }
    },
    {
      "type": "Feature",
      "id": "iem-lsr-FGF-179",
      "properties": {
        "report_id": "iem-lsr-FGF-179",
        "report_type": "SNOW",
        "event_category": "winter",
        "valid_utc": "202603151200",
        "standard_time_display": "2026-03-15 06:00 CST",
        "wfo": "FGF",
        "county_or_zone": "Becker",
        "city": "Detroit Lakes",
        "state": "MN",
        "magnitude": 0.5,
        "magnitude_units": null,
        "source": "Cocorahs",
        "event_narrative": "Cocorahs station MN-BK-36 Detroit Lakes MN 0.5 NNW."
      },
      "geometry": {
        "type": "Point",
        "coordinates": [
          -95.85,
          46.81
        ]
      }
    },
    {
      "type": "Feature",
      "id": "iem-lsr-FGF-180",
      "properties": {
        "report_id": "iem-lsr-FGF-180",
        "report_type": "SNOW",
        "event_category": "winter",
        "valid_utc": "202603151200",
        "standard_time_display": "2026-03-15 06:00 CST",
        "wfo": "FGF",
        "county_or_zone": "Cass",
        "city": "2 SSW West Fargo",
        "state": "ND",
        "magnitude": 0.8,
        "magnitude_units": null,
        "source": "Cocorahs",
        "event_narrative": "Cocorahs station ND-CS-79 West Fargo 2.1 SSW."
      },
      "geometry": {
        "type": "Point",
        "coordinates": [
          -96.92,
          46.85
        ]
      }
    },
    {
      "type": "Feature",
      "id": "iem-lsr-FGF-181",
      "properties": {
        "report_id": "iem-lsr-FGF-181",
        "report_type": "SNOW",
        "event_category": "winter",
        "valid_utc": "202603151200",
        "standard_time_display": "2026-03-15 06:00 CST",
        "wfo": "FGF",
        "county_or_zone": "Becker",
        "city": "5 NNW Cormorant",
        "state": "MN",
        "magnitude": 0.8,
        "magnitude_units": null,
        "source": "Cocorahs",
        "event_narrative": "Cocorahs station MN-BK-6 Lake Park MN 6.0 S."
      },
      "geometry": {
        "type": "Point",
        "coordinates": [
          -96.12,
          46.8
        ]
      }
    },
    {
      "type": "Feature",
      "id": "iem-lsr-FGF-182",
      "properties": {
        "report_id": "iem-lsr-FGF-182",
        "report_type": "SNOW",
        "event_category": "winter",
        "valid_utc": "202603151200",
        "standard_time_display": "2026-03-15 06:00 CST",
        "wfo": "FGF",
        "county_or_zone": "Cass",
        "city": "3 N Fargo",
        "state": "ND",
        "magnitude": 1.0,
        "magnitude_units": null,
        "source": "Cocorahs",
        "event_narrative": "Cocorahs station ND-CS-45 Fargo ND 3.6 NNE."
      },
      "geometry": {
        "type": "Point",
        "coordinates": [
          -96.79,
          46.93
        ]
      }
    },
    {
      "type": "Feature",
      "id": "iem-lsr-FGF-183",
      "properties": {
        "report_id": "iem-lsr-FGF-183",
        "report_type": "SNOW",
        "event_category": "winter",
        "valid_utc": "202603151200",
        "standard_time_display": "2026-03-15 06:00 CST",
        "wfo": "FGF",
        "county_or_zone": "Cass",
        "city": "3 S Fargo",
        "state": "ND",
        "magnitude": 1.3,
        "magnitude_units": null,
        "source": "CO-OP Observer",
        "event_narrative": "Storm Total Snow past 24 hours. CO-OP Observer station FDRN8 Fargo ND 3 S."
      },
      "geometry": {
        "type": "Point",
        "coordinates": [
          -96.8,
          46.83
        ]
      }
    },
    {
      "type": "Feature",
      "id": "iem-lsr-FGF-184",
      "properties": {
        "report_id": "iem-lsr-FGF-184",
        "report_type": "SNOW",
        "event_category": "winter",
        "valid_utc": "202603151200",
        "standard_time_display": "2026-03-15 06:00 CST",
        "wfo": "FGF",
        "county_or_zone": "Cass",
        "city": "4 ENE Horace",
        "state": "ND",
        "magnitude": 1.5,
        "magnitude_units": null,
        "source": "Cocorahs",
        "event_narrative": "Cocorahs station ND-CS-77 Fargo ND 6.3 S."
      },
      "geometry": {
        "type": "Point",
        "coordinates": [
          -96.82,
          46.79
        ]
      }
    },
    {
      "type": "Feature",
      "id": "iem-lsr-FGF-185",
      "properties": {
        "report_id": "iem-lsr-FGF-185",
        "report_type": "SNOW",
        "event_category": "winter",
        "valid_utc": "202603151200",
        "standard_time_display": "2026-03-15 06:00 CST",
        "wfo": "FGF",
        "county_or_zone": "Wadena",
        "city": "1 NE Wadena",
        "state": "MN",
        "magnitude": 2.0,
        "magnitude_units": null,
        "source": "Cocorahs",
        "event_narrative": "Cocorahs station MN-WD-12 Wadena MN 1.0 NE."
      },
      "geometry": {
        "type": "Point",
        "coordinates": [
          -95.12,
          46.45
        ]
      }
    },
    {
      "type": "Feature",
      "id": "iem-lsr-FGF-186",
      "properties": {
        "report_id": "iem-lsr-FGF-186",
        "report_type": "SNOW",
        "event_category": "winter",
        "valid_utc": "202603151200",
        "standard_time_display": "2026-03-15 06:00 CST",
        "wfo": "FGF",
        "county_or_zone": "Otter Tail",
        "city": "2 WSW Deer Creek",
        "state": "MN",
        "magnitude": 2.5,
        "magnitude_units": null,
        "source": "Cocorahs",
        "event_narrative": "Cocorahs station MN-OT-7 Deer Creek MN 2.0 WSW."
      },
      "geometry": {
        "type": "Point",
        "coordinates": [
          -95.36,
          46.38
        ]
      }
    },
    {
      "type": "Feature",
      "id": "iem-lsr-FGF-187",
      "properties": {
        "report_id": "iem-lsr-FGF-187",
        "report_type": "SNOW",
        "event_category": "winter",
        "valid_utc": "202603151200",
        "standard_time_display": "2026-03-15 06:00 CST",
        "wfo": "FGF",
        "county_or_zone": "Otter Tail",
        "city": "6 ENE Ashby",
        "state": "MN",
        "magnitude": 2.8,
        "magnitude_units": null,
        "source": "Cocorahs",
        "event_narrative": "Cocorahs station MN-OT-57 Ashby MN 5.5 ENE."
      },
      "geometry": {
        "type": "Point",
        "coordinates": [
          -95.72,
          46.13
        ]
      }
    },
    {
      "type": "Feature",
      "id": "iem-lsr-FGF-188",
      "properties": {
        "report_id": "iem-lsr-FGF-188",
        "report_type": "SNOW",
        "event_category": "winter",
        "valid_utc": "202603151200",
        "standard_time_display": "2026-03-15 06:00 CST",
        "wfo": "FGF",
        "county_or_zone": "Otter Tail",
        "city": "6 NNE Fergus Falls",
        "state": "MN",
        "magnitude": 2.8,
        "magnitude_units": null,
        "source": "Cocorahs",
        "event_narrative": "Cocorahs station MN-OT-16 Fergus Falls MN 5.6 NNE."
      },
      "geometry": {
        "type": "Point",
        "coordinates": [
          -96.01,
          46.35
        ]
      }
    },
    {
      "type": "Feature",
      "id": "iem-lsr-FGF-189",
      "properties": {
        "report_id": "iem-lsr-FGF-189",
        "report_type": "SNOW",
        "event_category": "winter",
        "valid_utc": "202603151200",
        "standard_time_display": "2026-03-15 06:00 CST",
        "wfo": "FGF",
        "county_or_zone": "Grant",
        "city": "3 S Hoffman",
        "state": "MN",
        "magnitude": 3.0,
        "magnitude_units": null,
        "source": "Cocorahs",
        "event_narrative": "Cocorahs station MN-GR-4 Kensington MN 4.1 W."
      },
      "geometry": {
        "type": "Point",
        "coordinates": [
          -95.78,
          45.78
        ]
      }
    },
    {
      "type": "Feature",
      "id": "iem-lsr-FGF-190",
      "properties": {
        "report_id": "iem-lsr-FGF-190",
        "report_type": "SNOW",
        "event_category": "winter",
        "valid_utc": "202603151200",
        "standard_time_display": "2026-03-15 06:00 CST",
        "wfo": "FGF",
        "county_or_zone": "Ransom",
        "city": "Lisbon",
        "state": "ND",
        "magnitude": 3.1,
        "magnitude_units": null,
        "source": "CO-OP Observer",
        "event_narrative": "CO-OP Observer station LISN8 Lisbon ND."
      },
      "geometry": {
        "type": "Point",
        "coordinates": [
          -97.68,
          46.43
        ]
      }
    },
    {
      "type": "Feature",
      "id": "iem-lsr-FGF-191",
      "properties": {
        "report_id": "iem-lsr-FGF-191",
        "report_type": "SNOW",
        "event_category": "winter",
        "valid_utc": "202603151200",
        "standard_time_display": "2026-03-15 06:00 CST",
        "wfo": "FGF",
        "county_or_zone": "Otter Tail",
        "city": "4 NE Clitherall",
        "state": "MN",
        "magnitude": 3.5,
        "magnitude_units": null,
        "source": "Cocorahs",
        "event_narrative": "Cocorahs station MN-OT-58 Woodland Park MN 2.1 W."
      },
      "geometry": {
        "type": "Point",
        "coordinates": [
          -95.57,
          46.31
        ]
      }
    },
    {
      "type": "Feature",
      "id": "iem-lsr-FGF-192",
      "properties": {
        "report_id": "iem-lsr-FGF-192",
        "report_type": "SNOW",
        "event_category": "winter",
        "valid_utc": "202603151230",
        "standard_time_display": "2026-03-15 06:30 CST",
        "wfo": "FGF",
        "county_or_zone": "Clay",
        "city": "5 S Rollag",
        "state": "MN",
        "magnitude": 0.9,
        "magnitude_units": null,
        "source": "Cocorahs",
        "event_narrative": "Cocorahs station MN-CY-45 Rollag 4.6 S."
      },
      "geometry": {
        "type": "Point",
        "coordinates": [
          -96.26,
          46.67
        ]
      }
    },
    {
      "type": "Feature",
      "id": "iem-lsr-FGF-193",
      "properties": {
        "report_id": "iem-lsr-FGF-193",
        "report_type": "SNOW",
        "event_category": "winter",
        "valid_utc": "202603151230",
        "standard_time_display": "2026-03-15 06:30 CST",
        "wfo": "FGF",
        "county_or_zone": "Otter Tail",
        "city": "1 SSW New York Mills",
        "state": "MN",
        "magnitude": 2.0,
        "magnitude_units": null,
        "source": "CO-OP Observer",
        "event_narrative": "CO-OP Observer station NYMM5 New York Mills MN."
      },
      "geometry": {
        "type": "Point",
        "coordinates": [
          -95.38,
          46.51
        ]
      }
    },
    {
      "type": "Feature",
      "id": "iem-lsr-FGF-194",
      "properties": {
        "report_id": "iem-lsr-FGF-194",
        "report_type": "SNOW",
        "event_category": "winter",
        "valid_utc": "202603151252",
        "standard_time_display": "2026-03-15 06:52 CST",
        "wfo": "FGF",
        "county_or_zone": "Cass",
        "city": "West Fargo",
        "state": "ND",
        "magnitude": 2.1,
        "magnitude_units": null,
        "source": "Public",
        "event_narrative": null
      },
      "geometry": {
        "type": "Point",
        "coordinates": [
          -96.9,
          46.87
        ]
      }
    },
    {
      "type": "Feature",
      "id": "iem-lsr-FGF-195",
      "properties": {
        "report_id": "iem-lsr-FGF-195",
        "report_type": "SNOW",
        "event_category": "winter",
        "valid_utc": "202603151300",
        "standard_time_display": "2026-03-15 07:00 CST",
        "wfo": "FGF",
        "county_or_zone": "Hubbard",
        "city": "1 N Park Rapids",
        "state": "MN",
        "magnitude": 0.1,
        "magnitude_units": null,
        "source": "Cocorahs",
        "event_narrative": "Cocorahs station MN-HB-38 Park Rapids MN 0.8 N."
      },
      "geometry": {
        "type": "Point",
        "coordinates": [
          -95.06,
          46.93
        ]
      }
    },
    {
      "type": "Feature",
      "id": "iem-lsr-FGF-196",
      "properties": {
        "report_id": "iem-lsr-FGF-196",
        "report_type": "SNOW",
        "event_category": "winter",
        "valid_utc": "202603151300",
        "standard_time_display": "2026-03-15 07:00 CST",
        "wfo": "FGF",
        "county_or_zone": "Wadena",
        "city": "3 N Menahga",
        "state": "MN",
        "magnitude": 0.5,
        "magnitude_units": null,
        "source": "Cocorahs",
        "event_narrative": "Cocorahs station MN-WD-11 Menahga MN 3.1 N."
      },
      "geometry": {
        "type": "Point",
        "coordinates": [
          -95.11,
          46.8
        ]
      }
    },
    {
      "type": "Feature",
      "id": "iem-lsr-FGF-197",
      "properties": {
        "report_id": "iem-lsr-FGF-197",
        "report_type": "SNOW",
        "event_category": "winter",
        "valid_utc": "202603151300",
        "standard_time_display": "2026-03-15 07:00 CST",
        "wfo": "FGF",
        "county_or_zone": "Clay",
        "city": "4 SSW Kragnes",
        "state": "MN",
        "magnitude": 1.5,
        "magnitude_units": null,
        "source": "Cocorahs",
        "event_narrative": "Cocorahs station MN-CY-41 Moorhead MN 6.1 NNW."
      },
      "geometry": {
        "type": "Point",
        "coordinates": [
          -96.79,
          46.94
        ]
      }
    },
    {
      "type": "Feature",
      "id": "iem-lsr-FGF-198",
      "properties": {
        "report_id": "iem-lsr-FGF-198",
        "report_type": "SNOW",
        "event_category": "winter",
        "valid_utc": "202603151300",
        "standard_time_display": "2026-03-15 07:00 CST",
        "wfo": "FGF",
        "county_or_zone": "Wadena",
        "city": "5 S Menahga",
        "state": "MN",
        "magnitude": 1.5,
        "magnitude_units": null,
        "source": "Public",
        "event_narrative": "Public report via social media. Estimated. Event total."
      },
      "geometry": {
        "type": "Point",
        "coordinates": [
          -95.1,
          46.68
        ]
      }
    },
    {
      "type": "Feature",
      "id": "iem-lsr-FGF-199",
      "properties": {
        "report_id": "iem-lsr-FGF-199",
        "report_type": "SNOW",
        "event_category": "winter",
        "valid_utc": "202603151300",
        "standard_time_display": "2026-03-15 07:00 CST",
        "wfo": "FGF",
        "county_or_zone": "Wilkin",
        "city": "6 SW Lawndale",
        "state": "MN",
        "magnitude": 2.0,
        "magnitude_units": null,
        "source": "Cocorahs",
        "event_narrative": "Cocorahs station MN-WK-7 Rothsay MN 9.1 WNW."
      },
      "geometry": {
        "type": "Point",
        "coordinates": [
          -96.47,
          46.51
        ]
      }
    },
    {
      "type": "Feature",
      "id": "iem-lsr-FGF-200",
      "properties": {
        "report_id": "iem-lsr-FGF-200",
        "report_type": "SNOW",
        "event_category": "winter",
        "valid_utc": "202603151300",
        "standard_time_display": "2026-03-15 07:00 CST",
        "wfo": "FGF",
        "county_or_zone": "Otter Tail",
        "city": "5 W Ottertail",
        "state": "MN",
        "magnitude": 2.1,
        "magnitude_units": null,
        "source": "Cocorahs",
        "event_narrative": "Cocorahs station MN-OT-13 Richville MN 5.8 SSW."
      },
      "geometry": {
        "type": "Point",
        "coordinates": [
          -95.67,
          46.43
        ]
      }
    },
    {
      "type": "Feature",
      "id": "iem-lsr-FGF-201",
      "properties": {
        "report_id": "iem-lsr-FGF-201",
        "report_type": "SNOW",
        "event_category": "winter",
        "valid_utc": "202603151300",
        "standard_time_display": "2026-03-15 07:00 CST",
        "wfo": "FGF",
        "county_or_zone": "Ransom",
        "city": "2 NNW Milnor",
        "state": "ND",
        "magnitude": 2.7,
        "magnitude_units": null,
        "source": "Cocorahs",
        "event_narrative": "Cocorahs station ND-RS-4 Milnor ND 1.8 NNW."
      },
      "geometry": {
        "type": "Point",
        "coordinates": [
          -97.48,
          46.28
        ]
      }
    },
    {
      "type": "Feature",
      "id": "iem-lsr-FGF-202",
      "properties": {
        "report_id": "iem-lsr-FGF-202",
        "report_type": "SNOW",
        "event_category": "winter",
        "valid_utc": "202603151309",
        "standard_time_display": "2026-03-15 07:09 CST",
        "wfo": "FGF",
        "county_or_zone": "Clay",
        "city": "Moorhead",
        "state": "MN",
        "magnitude": 1.5,
        "magnitude_units": null,
        "source": "Broadcast Media",
        "event_narrative": null
      },
      "geometry": {
        "type": "Point",
        "coordinates": [
          -96.76,
          46.86
        ]
      }
    },
    {
      "type": "Feature",
      "id": "iem-lsr-FGF-203",
      "properties": {
        "report_id": "iem-lsr-FGF-203",
        "report_type": "SNOW",
        "event_category": "winter",
        "valid_utc": "202603151309",
        "standard_time_display": "2026-03-15 07:09 CST",
        "wfo": "FGF",
        "county_or_zone": "Cass",
        "city": "West Fargo",
        "state": "ND",
        "magnitude": 1.7,
        "magnitude_units": null,
        "source": "Broadcast Media",
        "event_narrative": null
      },
      "geometry": {
        "type": "Point",
        "coordinates": [
          -96.9,
          46.87
        ]
      }
    },
    {
      "type": "Feature",
      "id": "iem-lsr-FGF-204",
      "properties": {
        "report_id": "iem-lsr-FGF-204",
        "report_type": "SNOW",
        "event_category": "winter",
        "valid_utc": "202603151309",
        "standard_time_display": "2026-03-15 07:09 CST",
        "wfo": "FGF",
        "county_or_zone": "Otter Tail",
        "city": "Pelican Rapids",
        "state": "MN",
        "magnitude": 2.0,
        "magnitude_units": null,
        "source": "Broadcast Media",
        "event_narrative": null
      },
      "geometry": {
        "type": "Point",
        "coordinates": [
          -96.09,
          46.57
        ]
      }
    },
    {
      "type": "Feature",
      "id": "iem-lsr-FGF-205",
      "properties": {
        "report_id": "iem-lsr-FGF-205",
        "report_type": "SNOW",
        "event_category": "winter",
        "valid_utc": "202603151400",
        "standard_time_display": "2026-03-15 08:00 CST",
        "wfo": "FGF",
        "county_or_zone": "Otter Tail",
        "city": "Battle Lake",
        "state": "MN",
        "magnitude": 4.0,
        "magnitude_units": null,
        "source": "Public",
        "event_narrative": "Public report via social media. Estimated. Event total. Reporter said Around 4\" in rural Battle Lake MN."
      },
      "geometry": {
        "type": "Point",
        "coordinates": [
          -95.72,
          46.29
        ]
      }
    },
    {
      "type": "Feature",
      "id": "iem-lsr-FGF-206",
      "properties": {
        "report_id": "iem-lsr-FGF-206",
        "report_type": "SNOW",
        "event_category": "winter",
        "valid_utc": "202603151415",
        "standard_time_display": "2026-03-15 08:15 CST",
        "wfo": "FGF",
        "county_or_zone": "Clay",
        "city": "Sabin",
        "state": "MN",
        "magnitude": 2.0,
        "magnitude_units": null,
        "source": "CO-OP Observer",
        "event_narrative": "CO-OP Observer station SBNM5 Sabin MN."
      },
      "geometry": {
        "type": "Point",
        "coordinates": [
          -96.66,
          46.78
        ]
      }
    },
    {
      "type": "Feature",
      "id": "iem-lsr-FGF-207",
      "properties": {
        "report_id": "iem-lsr-FGF-207",
        "report_type": "SNOW",
        "event_category": "winter",
        "valid_utc": "202603151500",
        "standard_time_display": "2026-03-15 09:00 CST",
        "wfo": "FGF",
        "county_or_zone": "Otter Tail",
        "city": "3 WNW Urbank",
        "state": "MN",
        "magnitude": 2.0,
        "magnitude_units": null,
        "source": "Public",
        "event_narrative": "Public report via social media. Estimated. Event total. Reporter said Only 2 inches by inspiration peak_ ottertail county."
      },
      "geometry": {
        "type": "Point",
        "coordinates": [
          -95.57,
          46.14
        ]
      }
    },
    {
      "type": "Feature",
      "id": "iem-lsr-FGF-208",
      "properties": {
        "report_id": "iem-lsr-FGF-208",
        "report_type": "SNOW",
        "event_category": "winter",
        "valid_utc": "202603151500",
        "standard_time_display": "2026-03-15 09:00 CST",
        "wfo": "FGF",
        "county_or_zone": "Richland",
        "city": "3 ENE Mcleod",
        "state": "ND",
        "magnitude": 2.5,
        "magnitude_units": null,
        "source": "CO-OP Observer",
        "event_narrative": "CO-OP Observer station MCLN8 Mcleod ND 3 E."
      },
      "geometry": {
        "type": "Point",
        "coordinates": [
          -97.24,
          46.4
        ]
      }
    },
    {
      "type": "Feature",
      "id": "iem-lsr-FGF-209",
      "properties": {
        "report_id": "iem-lsr-FGF-209",
        "report_type": "SNOW",
        "event_category": "winter",
        "valid_utc": "202603310800",
        "standard_time_display": "2026-03-31 02:00 CST",
        "wfo": "FGF",
        "county_or_zone": "Pembina",
        "city": "Bathgate",
        "state": "ND",
        "magnitude": 4.0,
        "magnitude_units": null,
        "source": "Public",
        "event_narrative": "24 hour snowfall."
      },
      "geometry": {
        "type": "Point",
        "coordinates": [
          -97.48,
          48.88
        ]
      }
    },
    {
      "type": "Feature",
      "id": "iem-lsr-FGF-210",
      "properties": {
        "report_id": "iem-lsr-FGF-210",
        "report_type": "SNOW",
        "event_category": "winter",
        "valid_utc": "202603311100",
        "standard_time_display": "2026-03-31 05:00 CST",
        "wfo": "FGF",
        "county_or_zone": "Pembina",
        "city": "1 NE Pembina",
        "state": "ND",
        "magnitude": 5.2,
        "magnitude_units": null,
        "source": "CO-OP Observer",
        "event_narrative": "CO-OP Observer station PBAN8 Pembina ND."
      },
      "geometry": {
        "type": "Point",
        "coordinates": [
          -97.24,
          48.97
        ]
      }
    },
    {
      "type": "Feature",
      "id": "iem-lsr-FGF-211",
      "properties": {
        "report_id": "iem-lsr-FGF-211",
        "report_type": "SNOW",
        "event_category": "winter",
        "valid_utc": "202603311130",
        "standard_time_display": "2026-03-31 05:30 CST",
        "wfo": "FGF",
        "county_or_zone": "Griggs",
        "city": "Cooperstown",
        "state": "ND",
        "magnitude": 0.2,
        "magnitude_units": null,
        "source": "Cocorahs",
        "event_narrative": "Cocorahs station ND-GG-3 Cooperstown ND 0.4 WNW."
      },
      "geometry": {
        "type": "Point",
        "coordinates": [
          -98.13,
          47.45
        ]
      }
    },
    {
      "type": "Feature",
      "id": "iem-lsr-FGF-212",
      "properties": {
        "report_id": "iem-lsr-FGF-212",
        "report_type": "SNOW",
        "event_category": "winter",
        "valid_utc": "202603311200",
        "standard_time_display": "2026-03-31 06:00 CST",
        "wfo": "FGF",
        "county_or_zone": "Grand Forks",
        "city": "3 SSE Grand Forks",
        "state": "ND",
        "magnitude": 0.2,
        "magnitude_units": null,
        "source": "Cocorahs",
        "event_narrative": "Cocorahs station ND-GF-14 Grand Forks ND 3.4 SSE."
      },
      "geometry": {
        "type": "Point",
        "coordinates": [
          -97.03,
          47.87
        ]
      }
    },
    {
      "type": "Feature",
      "id": "iem-lsr-FGF-213",
      "properties": {
        "report_id": "iem-lsr-FGF-213",
        "report_type": "SNOW",
        "event_category": "winter",
        "valid_utc": "202603311200",
        "standard_time_display": "2026-03-31 06:00 CST",
        "wfo": "FGF",
        "county_or_zone": "Traill",
        "city": "7 ENE Grandin",
        "state": "ND",
        "magnitude": 0.2,
        "magnitude_units": null,
        "source": "Cocorahs",
        "event_narrative": "Cocorahs station ND-TR-3 Grandin ND 7.1 ENE."
      },
      "geometry": {
        "type": "Point",
        "coordinates": [
          -96.86,
          47.27
        ]
      }
    },
    {
      "type": "Feature",
      "id": "iem-lsr-FGF-214",
      "properties": {
        "report_id": "iem-lsr-FGF-214",
        "report_type": "SNOW",
        "event_category": "winter",
        "valid_utc": "202603311200",
        "standard_time_display": "2026-03-31 06:00 CST",
        "wfo": "FGF",
        "county_or_zone": "Grand Forks",
        "city": "Larimore",
        "state": "ND",
        "magnitude": 0.4,
        "magnitude_units": null,
        "source": "Cocorahs",
        "event_narrative": "Cocorahs station ND-GF-23 Larimore ND 0.4 SE."
      },
      "geometry": {
        "type": "Point",
        "coordinates": [
          -97.62,
          47.91
        ]
      }
    },
    {
      "type": "Feature",
      "id": "iem-lsr-FGF-215",
      "properties": {
        "report_id": "iem-lsr-FGF-215",
        "report_type": "SNOW",
        "event_category": "winter",
        "valid_utc": "202603311200",
        "standard_time_display": "2026-03-31 06:00 CST",
        "wfo": "FGF",
        "county_or_zone": "Roseau",
        "city": "4 WSW Warroad",
        "state": "MN",
        "magnitude": 0.8,
        "magnitude_units": null,
        "source": "CO-OP Observer",
        "event_narrative": "CO-OP Observer station WRUM5 Warroad MN 4 W."
      },
      "geometry": {
        "type": "Point",
        "coordinates": [
          -95.41,
          48.9
        ]
      }
    },
    {
      "type": "Feature",
      "id": "iem-lsr-FGF-216",
      "properties": {
        "report_id": "iem-lsr-FGF-216",
        "report_type": "SNOW",
        "event_category": "winter",
        "valid_utc": "202603311235",
        "standard_time_display": "2026-03-31 06:35 CST",
        "wfo": "FGF",
        "county_or_zone": "Grand Forks",
        "city": "1 NNW Grand Forks",
        "state": "ND",
        "magnitude": 0.4,
        "magnitude_units": null,
        "source": "CO-OP Observer",
        "event_narrative": "CO-OP Observer station GRFN8 Grand Forks ND (NWS)."
      },
      "geometry": {
        "type": "Point",
        "coordinates": [
          -97.08,
          47.93
        ]
      }
    }
  ]
}