{
  "type": "FeatureCollection",
  "metadata": {
    "schema_version": "0.2.4",
    "year": 2026,
    "month": 4,
    "wfo": "PIH",
    "start_utc": "2026-04-01T00:00:00Z",
    "end_utc": "2026-05-01T00:00:00Z",
    "generated_utc": "2026-06-16T14:30:52Z",
    "mode": "storm_data_prep",
    "public_release_status": "public-source-derived",
    "time_note": "Storm Data entry times should be reviewed in local Standard Time (ST), not daylight time. Candidate reports include standard_time_display.",
    "tornado_track_policy": "Tornado tracks must come from DAT. NCEI begin/end coordinates are not used as a tornado track substitute.",
    "source": "https://mesonet.agron.iastate.edu/cgi-bin/request/gis/lsr.py?wfo=PIH&sts=2026-04-01T00%3A00%3A00Z&ets=2026-05-01T00%3A00%3A00Z&fmt=csv"
  },
  "features": [
    {
      "type": "Feature",
      "id": "iem-lsr-PIH-1",
      "properties": {
        "report_id": "iem-lsr-PIH-1",
        "report_type": "NON-TSTM WND GST",
        "event_category": "thunderstorm_wind",
        "valid_utc": "202604020620",
        "standard_time_display": "2026-04-01 23:20 MST",
        "wfo": "PIH",
        "county_or_zone": "Clark",
        "city": "9 NW Small",
        "state": "ID",
        "magnitude": 52.0,
        "magnitude_units": null,
        "source": "Mesonet",
        "event_narrative": "Mesonet station PC371 Medicine Lodge."
      },
      "geometry": {
        "type": "Point",
        "coordinates": [
          -112.52,
          44.31
        ]
      }
    },
    {
      "type": "Feature",
      "id": "iem-lsr-PIH-2",
      "properties": {
        "report_id": "iem-lsr-PIH-2",
        "report_type": "TSTM WND GST",
        "event_category": "thunderstorm_wind",
        "valid_utc": "202604020800",
        "standard_time_display": "2026-04-02 01:00 MST",
        "wfo": "PIH",
        "county_or_zone": "Power",
        "city": "2 WSW Cold Water",
        "state": "ID",
        "magnitude": 54.0,
        "magnitude_units": null,
        "source": "Mesonet",
        "event_narrative": "Mesonet station 2248 D5 Coldwater I-86."
      },
      "geometry": {
        "type": "Point",
        "coordinates": [
          -113.15,
          42.61
        ]
      }
    },
    {
      "type": "Feature",
      "id": "iem-lsr-PIH-3",
      "properties": {
        "report_id": "iem-lsr-PIH-3",
        "report_type": "TSTM WND GST",
        "event_category": "thunderstorm_wind",
        "valid_utc": "202604020835",
        "standard_time_display": "2026-04-02 01:35 MST",
        "wfo": "PIH",
        "county_or_zone": "Butte",
        "city": "9 NW Atomic City",
        "state": "ID",
        "magnitude": 52.0,
        "magnitude_units": null,
        "source": "Mesonet",
        "event_narrative": "Mesonet station 690 INL Central Facilities."
      },
      "geometry": {
        "type": "Point",
        "coordinates": [
          -112.95,
          43.53
        ]
      }
    },
    {
      "type": "Feature",
      "id": "iem-lsr-PIH-4",
      "properties": {
        "report_id": "iem-lsr-PIH-4",
        "report_type": "TSTM WND GST",
        "event_category": "thunderstorm_wind",
        "valid_utc": "202604020835",
        "standard_time_display": "2026-04-02 01:35 MST",
        "wfo": "PIH",
        "county_or_zone": "Butte",
        "city": "9 NW Atomic City",
        "state": "ID",
        "magnitude": 52.0,
        "magnitude_units": null,
        "source": "Mesonet",
        "event_narrative": "Mesonet station SOCFA Central Facilities Area Building."
      },
      "geometry": {
        "type": "Point",
        "coordinates": [
          -112.95,
          43.53
        ]
      }
    },
    {
      "type": "Feature",
      "id": "iem-lsr-PIH-5",
      "properties": {
        "report_id": "iem-lsr-PIH-5",
        "report_type": "TSTM WND GST",
        "event_category": "thunderstorm_wind",
        "valid_utc": "202604020841",
        "standard_time_display": "2026-04-02 01:41 MST",
        "wfo": "PIH",
        "county_or_zone": "Power",
        "city": "1 S Michaud",
        "state": "ID",
        "magnitude": 59.0,
        "magnitude_units": null,
        "source": "ASOS",
        "event_narrative": "ASOS station KPIH Pocatello Regional Airport."
      },
      "geometry": {
        "type": "Point",
        "coordinates": [
          -112.57,
          42.92
        ]
      }
    },
    {
      "type": "Feature",
      "id": "iem-lsr-PIH-6",
      "properties": {
        "report_id": "iem-lsr-PIH-6",
        "report_type": "TSTM WND GST",
        "event_category": "thunderstorm_wind",
        "valid_utc": "202604020900",
        "standard_time_display": "2026-04-02 02:00 MST",
        "wfo": "PIH",
        "county_or_zone": "Bannock",
        "city": "2 E Fort Hall",
        "state": "ID",
        "magnitude": 51.0,
        "magnitude_units": null,
        "source": "Mesonet",
        "event_narrative": "Mesonet station FOR 2 E Fort Hall."
      },
      "geometry": {
        "type": "Point",
        "coordinates": [
          -112.41,
          43.02
        ]
      }
    },
    {
      "type": "Feature",
      "id": "iem-lsr-PIH-7",
      "properties": {
        "report_id": "iem-lsr-PIH-7",
        "report_type": "TSTM WND GST",
        "event_category": "thunderstorm_wind",
        "valid_utc": "202604020900",
        "standard_time_display": "2026-04-02 02:00 MST",
        "wfo": "PIH",
        "county_or_zone": "Bingham",
        "city": "2 ENE Fort Hall",
        "state": "ID",
        "magnitude": 51.0,
        "magnitude_units": null,
        "source": "Mesonet",
        "event_narrative": "Mesonet station 8436 D5 Fort Hall I-15."
      },
      "geometry": {
        "type": "Point",
        "coordinates": [
          -112.41,
          43.03
        ]
      }
    },
    {
      "type": "Feature",
      "id": "iem-lsr-PIH-8",
      "properties": {
        "report_id": "iem-lsr-PIH-8",
        "report_type": "NON-TSTM WND GST",
        "event_category": "thunderstorm_wind",
        "valid_utc": "202604020905",
        "standard_time_display": "2026-04-02 02:05 MST",
        "wfo": "PIH",
        "county_or_zone": "Bingham",
        "city": "11 N Rose",
        "state": "ID",
        "magnitude": 48.0,
        "magnitude_units": null,
        "source": "Mesonet",
        "event_narrative": "Mesonet station DVI04307 Rising River."
      },
      "geometry": {
        "type": "Point",
        "coordinates": [
          -112.37,
          43.41
        ]
      }
    },
    {
      "type": "Feature",
      "id": "iem-lsr-PIH-9",
      "properties": {
        "report_id": "iem-lsr-PIH-9",
        "report_type": "NON-TSTM WND GST",
        "event_category": "thunderstorm_wind",
        "valid_utc": "202604020915",
        "standard_time_display": "2026-04-02 02:15 MST",
        "wfo": "PIH",
        "county_or_zone": "Bingham",
        "city": "4 W Firth",
        "state": "ID",
        "magnitude": 45.0,
        "magnitude_units": null,
        "source": "Mesonet",
        "event_narrative": "Mesonet station 2978 D5 Blackfoot Rest Area I-15."
      },
      "geometry": {
        "type": "Point",
        "coordinates": [
          -112.27,
          43.3
        ]
      }
    },
    {
      "type": "Feature",
      "id": "iem-lsr-PIH-10",
      "properties": {
        "report_id": "iem-lsr-PIH-10",
        "report_type": "TSTM WND GST",
        "event_category": "thunderstorm_wind",
        "valid_utc": "202604020922",
        "standard_time_display": "2026-04-02 02:22 MST",
        "wfo": "PIH",
        "county_or_zone": "Bonneville",
        "city": "2 NW Idaho Falls",
        "state": "ID",
        "magnitude": 68.0,
        "magnitude_units": null,
        "source": "ASOS",
        "event_narrative": "ASOS station KIDA Idaho Falls Regional Airport."
      },
      "geometry": {
        "type": "Point",
        "coordinates": [
          -112.07,
          43.52
        ]
      }
    },
    {
      "type": "Feature",
      "id": "iem-lsr-PIH-11",
      "properties": {
        "report_id": "iem-lsr-PIH-11",
        "report_type": "TSTM WND GST",
        "event_category": "thunderstorm_wind",
        "valid_utc": "202604020925",
        "standard_time_display": "2026-04-02 02:25 MST",
        "wfo": "PIH",
        "county_or_zone": "Jefferson",
        "city": "1 NE Terreton",
        "state": "ID",
        "magnitude": 54.0,
        "magnitude_units": null,
        "source": "Mesonet",
        "event_narrative": "Mesonet station SOTER Terreton."
      },
      "geometry": {
        "type": "Point",
        "coordinates": [
          -112.42,
          43.84
        ]
      }
    },
    {
      "type": "Feature",
      "id": "iem-lsr-PIH-12",
      "properties": {
        "report_id": "iem-lsr-PIH-12",
        "report_type": "TSTM WND GST",
        "event_category": "thunderstorm_wind",
        "valid_utc": "202604020925",
        "standard_time_display": "2026-04-02 02:25 MST",
        "wfo": "PIH",
        "county_or_zone": "Jefferson",
        "city": "1 NE Terreton",
        "state": "ID",
        "magnitude": 54.0,
        "magnitude_units": null,
        "source": "Mesonet",
        "event_narrative": "Mesonet station TER 1 NE Terreton."
      },
      "geometry": {
        "type": "Point",
        "coordinates": [
          -112.42,
          43.84
        ]
      }
    },
    {
      "type": "Feature",
      "id": "iem-lsr-PIH-13",
      "properties": {
        "report_id": "iem-lsr-PIH-13",
        "report_type": "NON-TSTM WND GST",
        "event_category": "thunderstorm_wind",
        "valid_utc": "202604020930",
        "standard_time_display": "2026-04-02 02:30 MST",
        "wfo": "PIH",
        "county_or_zone": "Bonneville",
        "city": "4 NNW Shelley",
        "state": "ID",
        "magnitude": 48.0,
        "magnitude_units": null,
        "source": "Mesonet",
        "event_narrative": "Mesonet station SHLI 4 NNW Shelley."
      },
      "geometry": {
        "type": "Point",
        "coordinates": [
          -112.14,
          43.43
        ]
      }
    },
    {
      "type": "Feature",
      "id": "iem-lsr-PIH-14",
      "properties": {
        "report_id": "iem-lsr-PIH-14",
        "report_type": "TSTM WND GST",
        "event_category": "thunderstorm_wind",
        "valid_utc": "202604020940",
        "standard_time_display": "2026-04-02 02:40 MST",
        "wfo": "PIH",
        "county_or_zone": "Jefferson",
        "city": "1 WNW Camas",
        "state": "ID",
        "magnitude": 50.0,
        "magnitude_units": null,
        "source": "Mesonet",
        "event_narrative": "Mesonet station HAM 1 WNW Camas."
      },
      "geometry": {
        "type": "Point",
        "coordinates": [
          -112.24,
          44.01
        ]
      }
    },
    {
      "type": "Feature",
      "id": "iem-lsr-PIH-15",
      "properties": {
        "report_id": "iem-lsr-PIH-15",
        "report_type": "TSTM WND GST",
        "event_category": "thunderstorm_wind",
        "valid_utc": "202604020940",
        "standard_time_display": "2026-04-02 02:40 MST",
        "wfo": "PIH",
        "county_or_zone": "Jefferson",
        "city": "1 WNW Camas",
        "state": "ID",
        "magnitude": 50.0,
        "magnitude_units": null,
        "source": "Mesonet",
        "event_narrative": "Mesonet station SOHAM Hamer."
      },
      "geometry": {
        "type": "Point",
        "coordinates": [
          -112.24,
          44.01
        ]
      }
    },
    {
      "type": "Feature",
      "id": "iem-lsr-PIH-16",
      "properties": {
        "report_id": "iem-lsr-PIH-16",
        "report_type": "NON-TSTM WND GST",
        "event_category": "thunderstorm_wind",
        "valid_utc": "202604020945",
        "standard_time_display": "2026-04-02 02:45 MST",
        "wfo": "PIH",
        "county_or_zone": "Jefferson",
        "city": "2 E Rigby",
        "state": "ID",
        "magnitude": 45.0,
        "magnitude_units": null,
        "source": "Mesonet",
        "event_narrative": "Mesonet station RGBI 2 E Rigby."
      },
      "geometry": {
        "type": "Point",
        "coordinates": [
          -111.88,
          43.68
        ]
      }
    },
    {
      "type": "Feature",
      "id": "iem-lsr-PIH-17",
      "properties": {
        "report_id": "iem-lsr-PIH-17",
        "report_type": "NON-TSTM WND GST",
        "event_category": "thunderstorm_wind",
        "valid_utc": "202604020945",
        "standard_time_display": "2026-04-02 02:45 MST",
        "wfo": "PIH",
        "county_or_zone": "Caribou",
        "city": "3 E Lund",
        "state": "ID",
        "magnitude": 46.0,
        "magnitude_units": null,
        "source": "Mesonet",
        "event_narrative": "Mesonet station ITDC3 D5 Gem Valley US-30."
      },
      "geometry": {
        "type": "Point",
        "coordinates": [
          -111.83,
          42.65
        ]
      }
    },
    {
      "type": "Feature",
      "id": "iem-lsr-PIH-18",
      "properties": {
        "report_id": "iem-lsr-PIH-18",
        "report_type": "TSTM WND GST",
        "event_category": "thunderstorm_wind",
        "valid_utc": "202604020947",
        "standard_time_display": "2026-04-02 01:47 PST",
        "wfo": "PIH",
        "county_or_zone": "Cassia",
        "city": "17 WSW Marion",
        "state": "ID",
        "magnitude": 59.0,
        "magnitude_units": null,
        "source": "Mesonet",
        "event_narrative": "Mesonet station CRII1 Cotton Ridge."
      },
      "geometry": {
        "type": "Point",
        "coordinates": [
          -114.2,
          42.17
        ]
      }
    },
    {
      "type": "Feature",
      "id": "iem-lsr-PIH-19",
      "properties": {
        "report_id": "iem-lsr-PIH-19",
        "report_type": "TSTM WND GST",
        "event_category": "thunderstorm_wind",
        "valid_utc": "202604021050",
        "standard_time_display": "2026-04-02 03:50 MST",
        "wfo": "PIH",
        "county_or_zone": "Oneida",
        "city": "8 N Malad City",
        "state": "ID",
        "magnitude": 53.0,
        "magnitude_units": null,
        "source": "Mesonet",
        "event_narrative": "Mesonet station PC497 Station Canyon."
      },
      "geometry": {
        "type": "Point",
        "coordinates": [
          -112.24,
          42.31
        ]
      }
    },
    {
      "type": "Feature",
      "id": "iem-lsr-PIH-20",
      "properties": {
        "report_id": "iem-lsr-PIH-20",
        "report_type": "NON-TSTM WND GST",
        "event_category": "thunderstorm_wind",
        "valid_utc": "202604021120",
        "standard_time_display": "2026-04-02 04:20 MST",
        "wfo": "PIH",
        "county_or_zone": "Franklin",
        "city": "3 NNW Mink Creek",
        "state": "ID",
        "magnitude": 46.0,
        "magnitude_units": null,
        "source": "Mesonet",
        "event_narrative": "Mesonet station PC362 Oneida Narrows."
      },
      "geometry": {
        "type": "Point",
        "coordinates": [
          -111.74,
          42.28
        ]
      }
    },
    {
      "type": "Feature",
      "id": "iem-lsr-PIH-21",
      "properties": {
        "report_id": "iem-lsr-PIH-21",
        "report_type": "NON-TSTM WND GST",
        "event_category": "thunderstorm_wind",
        "valid_utc": "202604021130",
        "standard_time_display": "2026-04-02 04:30 MST",
        "wfo": "PIH",
        "county_or_zone": "Cassia",
        "city": "3 E Idahome",
        "state": "ID",
        "magnitude": 45.0,
        "magnitude_units": null,
        "source": "Mesonet",
        "event_narrative": "Mesonet station 3003 D4 Idahome Interchange I-84."
      },
      "geometry": {
        "type": "Point",
        "coordinates": [
          -113.32,
          42.41
        ]
      }
    },
    {
      "type": "Feature",
      "id": "iem-lsr-PIH-22",
      "properties": {
        "report_id": "iem-lsr-PIH-22",
        "report_type": "TSTM WND GST",
        "event_category": "thunderstorm_wind",
        "valid_utc": "202604021130",
        "standard_time_display": "2026-04-02 04:30 MST",
        "wfo": "PIH",
        "county_or_zone": "Butte",
        "city": "6 NW Atomic City",
        "state": "ID",
        "magnitude": 51.0,
        "magnitude_units": null,
        "source": "Mesonet",
        "event_narrative": "Mesonet station 3699 D6 INL Puzzle US-20/US-26."
      },
      "geometry": {
        "type": "Point",
        "coordinates": [
          -112.89,
          43.51
        ]
      }
    },
    {
      "type": "Feature",
      "id": "iem-lsr-PIH-23",
      "properties": {
        "report_id": "iem-lsr-PIH-23",
        "report_type": "NON-TSTM WND GST",
        "event_category": "thunderstorm_wind",
        "valid_utc": "202604021145",
        "standard_time_display": "2026-04-02 03:45 PST",
        "wfo": "PIH",
        "county_or_zone": "Lincoln",
        "city": "11 N Shoshone",
        "state": "ID",
        "magnitude": 48.0,
        "magnitude_units": null,
        "source": "Mesonet",
        "event_narrative": "Mesonet station 3006 D4 Kinsey Butte ID-75."
      },
      "geometry": {
        "type": "Point",
        "coordinates": [
          -114.37,
          43.1
        ]
      }
    },
    {
      "type": "Feature",
      "id": "iem-lsr-PIH-24",
      "properties": {
        "report_id": "iem-lsr-PIH-24",
        "report_type": "NON-TSTM WND GST",
        "event_category": "thunderstorm_wind",
        "valid_utc": "202604021200",
        "standard_time_display": "2026-04-02 05:00 MST",
        "wfo": "PIH",
        "county_or_zone": "Minidoka",
        "city": "3 WSW Paul",
        "state": "ID",
        "magnitude": 45.0,
        "magnitude_units": null,
        "source": "Mesonet",
        "event_narrative": "Mesonet station RPTI 3 WSW Paul."
      },
      "geometry": {
        "type": "Point",
        "coordinates": [
          -113.84,
          42.59
        ]
      }
    },
    {
      "type": "Feature",
      "id": "iem-lsr-PIH-25",
      "properties": {
        "report_id": "iem-lsr-PIH-25",
        "report_type": "NON-TSTM WND GST",
        "event_category": "thunderstorm_wind",
        "valid_utc": "202604021230",
        "standard_time_display": "2026-04-02 05:30 MST",
        "wfo": "PIH",
        "county_or_zone": "Oneida",
        "city": "6 WNW Pleasantview",
        "state": "ID",
        "magnitude": 50.0,
        "magnitude_units": null,
        "source": "Mesonet",
        "event_narrative": "Mesonet station PC401 Pleasant View Hill."
      },
      "geometry": {
        "type": "Point",
        "coordinates": [
          -112.45,
          42.19
        ]
      }
    },
    {
      "type": "Feature",
      "id": "iem-lsr-PIH-26",
      "properties": {
        "report_id": "iem-lsr-PIH-26",
        "report_type": "TSTM WND GST",
        "event_category": "thunderstorm_wind",
        "valid_utc": "202604021233",
        "standard_time_display": "2026-04-02 05:33 MST",
        "wfo": "PIH",
        "county_or_zone": "Caribou",
        "city": "7 WSW Grace",
        "state": "ID",
        "magnitude": 74.0,
        "magnitude_units": null,
        "source": "Mesonet",
        "event_narrative": "Mesonet station GRAI1 Grace."
      },
      "geometry": {
        "type": "Point",
        "coordinates": [
          -111.86,
          42.54
        ]
      }
    },
    {
      "type": "Feature",
      "id": "iem-lsr-PIH-27",
      "properties": {
        "report_id": "iem-lsr-PIH-27",
        "report_type": "RAIN",
        "event_category": "other",
        "valid_utc": "202604021250",
        "standard_time_display": "2026-04-02 05:50 MST",
        "wfo": "PIH",
        "county_or_zone": "Bannock",
        "city": "5 N Inkom",
        "state": "ID",
        "magnitude": 0.55,
        "magnitude_units": null,
        "source": "Cocorahs",
        "event_narrative": "Cocorahs station ID-BK-27 Inkom 5.5 N."
      },
      "geometry": {
        "type": "Point",
        "coordinates": [
          -112.23,
          42.88
        ]
      }
    },
    {
      "type": "Feature",
      "id": "iem-lsr-PIH-28",
      "properties": {
        "report_id": "iem-lsr-PIH-28",
        "report_type": "RAIN",
        "event_category": "other",
        "valid_utc": "202604021300",
        "standard_time_display": "2026-04-02 06:00 MST",
        "wfo": "PIH",
        "county_or_zone": "Bonneville",
        "city": "6 ENE Palisades",
        "state": "ID",
        "magnitude": 0.27,
        "magnitude_units": null,
        "source": "Mesonet",
        "event_narrative": "Mesonet station MBSBT Mount Baird - Snow."
      },
      "geometry": {
        "type": "Point",
        "coordinates": [
          -111.1,
          43.37
        ]
      }
    },
    {
      "type": "Feature",
      "id": "iem-lsr-PIH-29",
      "properties": {
        "report_id": "iem-lsr-PIH-29",
        "report_type": "RAIN",
        "event_category": "other",
        "valid_utc": "202604021300",
        "standard_time_display": "2026-04-02 06:00 MST",
        "wfo": "PIH",
        "county_or_zone": "Cassia",
        "city": "3 WNW Heglar",
        "state": "ID",
        "magnitude": 0.28,
        "magnitude_units": null,
        "source": "Cocorahs",
        "event_narrative": "Cocorahs station ID-CS-3 Malta 15.2 NE."
      },
      "geometry": {
        "type": "Point",
        "coordinates": [
          -113.2,
          42.49
        ]
      }
    },
    {
      "type": "Feature",
      "id": "iem-lsr-PIH-30",
      "properties": {
        "report_id": "iem-lsr-PIH-30",
        "report_type": "RAIN",
        "event_category": "other",
        "valid_utc": "202604021300",
        "standard_time_display": "2026-04-02 06:00 MST",
        "wfo": "PIH",
        "county_or_zone": "Cassia",
        "city": "Burley",
        "state": "ID",
        "magnitude": 0.28,
        "magnitude_units": null,
        "source": "Cocorahs",
        "event_narrative": "Cocorahs station ID-CS-6 Burley 0.3 N."
      },
      "geometry": {
        "type": "Point",
        "coordinates": [
          -113.79,
          42.54
        ]
      }
    },
    {
      "type": "Feature",
      "id": "iem-lsr-PIH-31",
      "properties": {
        "report_id": "iem-lsr-PIH-31",
        "report_type": "RAIN",
        "event_category": "other",
        "valid_utc": "202604021300",
        "standard_time_display": "2026-04-02 06:00 MST",
        "wfo": "PIH",
        "county_or_zone": "Caribou",
        "city": "Soda Springs",
        "state": "ID",
        "magnitude": 0.29,
        "magnitude_units": null,
        "source": "Cocorahs",
        "event_narrative": "Cocorahs station ID-CR-1 Soda Springs."
      },
      "geometry": {
        "type": "Point",
        "coordinates": [
          -111.59,
          42.66
        ]
      }
    },
    {
      "type": "Feature",
      "id": "iem-lsr-PIH-32",
      "properties": {
        "report_id": "iem-lsr-PIH-32",
        "report_type": "RAIN",
        "event_category": "other",
        "valid_utc": "202604021300",
        "standard_time_display": "2026-04-02 06:00 MST",
        "wfo": "PIH",
        "county_or_zone": "Bear Lake",
        "city": "4 E St. Charles",
        "state": "ID",
        "magnitude": 0.38,
        "magnitude_units": null,
        "source": "CO-OP Observer",
        "event_narrative": "CO-OP Observer station LFTI1 3.9 E St. Charles."
      },
      "geometry": {
        "type": "Point",
        "coordinates": [
          -111.31,
          42.12
        ]
      }
    },
    {
      "type": "Feature",
      "id": "iem-lsr-PIH-33",
      "properties": {
        "report_id": "iem-lsr-PIH-33",
        "report_type": "RAIN",
        "event_category": "other",
        "valid_utc": "202604021300",
        "standard_time_display": "2026-04-02 06:00 MST",
        "wfo": "PIH",
        "county_or_zone": "Bannock",
        "city": "2 WSW Lava Hot Springs",
        "state": "ID",
        "magnitude": 0.42,
        "magnitude_units": null,
        "source": "Cocorahs",
        "event_narrative": "Cocorahs station ID-BK-31 Lava Hot Springs 1.9 WSW."
      },
      "geometry": {
        "type": "Point",
        "coordinates": [
          -112.05,
          42.61
        ]
      }
    },
    {
      "type": "Feature",
      "id": "iem-lsr-PIH-34",
      "properties": {
        "report_id": "iem-lsr-PIH-34",
        "report_type": "RAIN",
        "event_category": "other",
        "valid_utc": "202604021300",
        "standard_time_display": "2026-04-02 05:00 PST",
        "wfo": "PIH",
        "county_or_zone": "Blaine",
        "city": "2 SW Sun Valley",
        "state": "ID",
        "magnitude": 0.75,
        "magnitude_units": null,
        "source": "Cocorahs",
        "event_narrative": "Cocorahs station ID-BN-7 Ketchum 2.2 SSE."
      },
      "geometry": {
        "type": "Point",
        "coordinates": [
          -114.35,
          43.66
        ]
      }
    },
    {
      "type": "Feature",
      "id": "iem-lsr-PIH-35",
      "properties": {
        "report_id": "iem-lsr-PIH-35",
        "report_type": "NON-TSTM WND GST",
        "event_category": "thunderstorm_wind",
        "valid_utc": "202604021300",
        "standard_time_display": "2026-04-02 06:00 MST",
        "wfo": "PIH",
        "county_or_zone": "Power",
        "city": "7 SSE Rockland",
        "state": "ID",
        "magnitude": 45.0,
        "magnitude_units": null,
        "source": "Mesonet",
        "event_narrative": "Mesonet station ITDD8 D5 Big Canyon ID-37."
      },
      "geometry": {
        "type": "Point",
        "coordinates": [
          -112.84,
          42.47
        ]
      }
    },
    {
      "type": "Feature",
      "id": "iem-lsr-PIH-36",
      "properties": {
        "report_id": "iem-lsr-PIH-36",
        "report_type": "RAIN",
        "event_category": "other",
        "valid_utc": "202604021330",
        "standard_time_display": "2026-04-02 06:30 MST",
        "wfo": "PIH",
        "county_or_zone": "Teton",
        "city": "3 NNE Driggs",
        "state": "ID",
        "magnitude": 0.29,
        "magnitude_units": null,
        "source": "Cocorahs",
        "event_narrative": "Cocorahs station ID-TT-1 3 NNE Driggs."
      },
      "geometry": {
        "type": "Point",
        "coordinates": [
          -111.08,
          43.77
        ]
      }
    },
    {
      "type": "Feature",
      "id": "iem-lsr-PIH-37",
      "properties": {
        "report_id": "iem-lsr-PIH-37",
        "report_type": "RAIN",
        "event_category": "other",
        "valid_utc": "202604021330",
        "standard_time_display": "2026-04-02 05:30 PST",
        "wfo": "PIH",
        "county_or_zone": "Blaine",
        "city": "Bellevue",
        "state": "ID",
        "magnitude": 0.7,
        "magnitude_units": null,
        "source": "Cocorahs",
        "event_narrative": "Cocorahs station ID-BN-3 Bellevue."
      },
      "geometry": {
        "type": "Point",
        "coordinates": [
          -114.26,
          43.46
        ]
      }
    },
    {
      "type": "Feature",
      "id": "iem-lsr-PIH-38",
      "properties": {
        "report_id": "iem-lsr-PIH-38",
        "report_type": "NON-TSTM WND GST",
        "event_category": "thunderstorm_wind",
        "valid_utc": "202604021345",
        "standard_time_display": "2026-04-02 06:45 MST",
        "wfo": "PIH",
        "county_or_zone": "Oneida",
        "city": "9 N Black Pine",
        "state": "ID",
        "magnitude": 45.0,
        "magnitude_units": null,
        "source": "Mesonet",
        "event_narrative": "Mesonet station 3004 D4 Juniper Interchange I-84."
      },
      "geometry": {
        "type": "Point",
        "coordinates": [
          -112.98,
          42.14
        ]
      }
    },
    {
      "type": "Feature",
      "id": "iem-lsr-PIH-39",
      "properties": {
        "report_id": "iem-lsr-PIH-39",
        "report_type": "NON-TSTM WND GST",
        "event_category": "thunderstorm_wind",
        "valid_utc": "202604021350",
        "standard_time_display": "2026-04-02 06:50 MST",
        "wfo": "PIH",
        "county_or_zone": "Bear Lake",
        "city": "4 E Montpelier",
        "state": "ID",
        "magnitude": 48.0,
        "magnitude_units": null,
        "source": "Mesonet",
        "event_narrative": "Mesonet station PC506 Sheep Creek Hills."
      },
      "geometry": {
        "type": "Point",
        "coordinates": [
          -111.22,
          42.32
        ]
      }
    },
    {
      "type": "Feature",
      "id": "iem-lsr-PIH-40",
      "properties": {
        "report_id": "iem-lsr-PIH-40",
        "report_type": "RAIN",
        "event_category": "other",
        "valid_utc": "202604021400",
        "standard_time_display": "2026-04-02 07:00 MST",
        "wfo": "PIH",
        "county_or_zone": "Bonneville",
        "city": "2 E Swan Valley",
        "state": "ID",
        "magnitude": 0.4,
        "magnitude_units": null,
        "source": "CO-OP Observer",
        "event_narrative": "CO-OP Observer station SWNI1 Swan Valley."
      },
      "geometry": {
        "type": "Point",
        "coordinates": [
          -111.28,
          43.44
        ]
      }
    },
    {
      "type": "Feature",
      "id": "iem-lsr-PIH-41",
      "properties": {
        "report_id": "iem-lsr-PIH-41",
        "report_type": "RAIN",
        "event_category": "other",
        "valid_utc": "202604021400",
        "standard_time_display": "2026-04-02 07:00 MST",
        "wfo": "PIH",
        "county_or_zone": "Bannock",
        "city": "Inkom",
        "state": "ID",
        "magnitude": 0.44,
        "magnitude_units": null,
        "source": "CO-OP Observer",
        "event_narrative": "CO-OP Observer station IKMI1 Inkom 1 NW."
      },
      "geometry": {
        "type": "Point",
        "coordinates": [
          -112.26,
          42.8
        ]
      }
    },
    {
      "type": "Feature",
      "id": "iem-lsr-PIH-42",
      "properties": {
        "report_id": "iem-lsr-PIH-42",
        "report_type": "RAIN",
        "event_category": "other",
        "valid_utc": "202604021400",
        "standard_time_display": "2026-04-02 07:00 MST",
        "wfo": "PIH",
        "county_or_zone": "Bear Lake",
        "city": "Bern",
        "state": "ID",
        "magnitude": 0.5,
        "magnitude_units": null,
        "source": "CO-OP Observer",
        "event_narrative": "CO-OP Observer station BERI1 Bern."
      },
      "geometry": {
        "type": "Point",
        "coordinates": [
          -111.39,
          42.34
        ]
      }
    },
    {
      "type": "Feature",
      "id": "iem-lsr-PIH-43",
      "properties": {
        "report_id": "iem-lsr-PIH-43",
        "report_type": "NON-TSTM WND GST",
        "event_category": "thunderstorm_wind",
        "valid_utc": "202604021400",
        "standard_time_display": "2026-04-02 07:00 MST",
        "wfo": "PIH",
        "county_or_zone": "Cassia",
        "city": "7 NNW Idahome",
        "state": "ID",
        "magnitude": 57.0,
        "magnitude_units": null,
        "source": "Mesonet",
        "event_narrative": "Mesonet station 3258 D4 Yale I-84."
      },
      "geometry": {
        "type": "Point",
        "coordinates": [
          -113.42,
          42.52
        ]
      }
    },
    {
      "type": "Feature",
      "id": "iem-lsr-PIH-44",
      "properties": {
        "report_id": "iem-lsr-PIH-44",
        "report_type": "RAIN",
        "event_category": "other",
        "valid_utc": "202604021415",
        "standard_time_display": "2026-04-02 07:15 MST",
        "wfo": "PIH",
        "county_or_zone": "Power",
        "city": "3 N Roy",
        "state": "ID",
        "magnitude": 0.27,
        "magnitude_units": null,
        "source": "Cocorahs",
        "event_narrative": "Cocorahs station ID-PW-6 Rockland 11.1 SSE."
      },
      "geometry": {
        "type": "Point",
        "coordinates": [
          -112.82,
          42.42
        ]
      }
    },
    {
      "type": "Feature",
      "id": "iem-lsr-PIH-45",
      "properties": {
        "report_id": "iem-lsr-PIH-45",
        "report_type": "NON-TSTM WND GST",
        "event_category": "thunderstorm_wind",
        "valid_utc": "202604021415",
        "standard_time_display": "2026-04-02 07:15 MST",
        "wfo": "PIH",
        "county_or_zone": "Oneida",
        "city": "4 SSE Cherry Creek",
        "state": "ID",
        "magnitude": 47.0,
        "magnitude_units": null,
        "source": "Mesonet",
        "event_narrative": "Mesonet station ITDC2 D5 Samaria I-15."
      },
      "geometry": {
        "type": "Point",
        "coordinates": [
          -112.21,
          42.04
        ]
      }
    },
    {
      "type": "Feature",
      "id": "iem-lsr-PIH-46",
      "properties": {
        "report_id": "iem-lsr-PIH-46",
        "report_type": "NON-TSTM WND GST",
        "event_category": "thunderstorm_wind",
        "valid_utc": "202604021430",
        "standard_time_display": "2026-04-02 07:30 MST",
        "wfo": "PIH",
        "county_or_zone": "Bingham",
        "city": "8 ENE Atomic City",
        "state": "ID",
        "magnitude": 68.0,
        "magnitude_units": null,
        "source": "Mesonet",
        "event_narrative": "Mesonet station SOEST East Butte."
      },
      "geometry": {
        "type": "Point",
        "coordinates": [
          -112.67,
          43.5
        ]
      }
    },
    {
      "type": "Feature",
      "id": "iem-lsr-PIH-47",
      "properties": {
        "report_id": "iem-lsr-PIH-47",
        "report_type": "NON-TSTM WND GST",
        "event_category": "thunderstorm_wind",
        "valid_utc": "202604021439",
        "standard_time_display": "2026-04-02 07:39 MST",
        "wfo": "PIH",
        "county_or_zone": "Cassia",
        "city": "9 W Black Pine",
        "state": "ID",
        "magnitude": 67.0,
        "magnitude_units": null,
        "source": "Mesonet",
        "event_narrative": "Mesonet station MOFI1 Moburg Canyon."
      },
      "geometry": {
        "type": "Point",
        "coordinates": [
          -113.15,
          42.04
        ]
      }
    },
    {
      "type": "Feature",
      "id": "iem-lsr-PIH-48",
      "properties": {
        "report_id": "iem-lsr-PIH-48",
        "report_type": "NON-TSTM WND GST",
        "event_category": "thunderstorm_wind",
        "valid_utc": "202604021445",
        "standard_time_display": "2026-04-02 07:45 MST",
        "wfo": "PIH",
        "county_or_zone": "Cassia",
        "city": "2 NW Idahome",
        "state": "ID",
        "magnitude": 52.0,
        "magnitude_units": null,
        "source": "Mesonet",
        "event_narrative": "Mesonet station MALI 2 NW Idahome."
      },
      "geometry": {
        "type": "Point",
        "coordinates": [
          -113.41,
          42.44
        ]
      }
    },
    {
      "type": "Feature",
      "id": "iem-lsr-PIH-49",
      "properties": {
        "report_id": "iem-lsr-PIH-49",
        "report_type": "RAIN",
        "event_category": "other",
        "valid_utc": "202604021500",
        "standard_time_display": "2026-04-02 08:00 MST",
        "wfo": "PIH",
        "county_or_zone": "Butte",
        "city": "3 NNW Craters of Moon",
        "state": "ID",
        "magnitude": 0.25,
        "magnitude_units": null,
        "source": "Mesonet",
        "event_narrative": "Mesonet station CRTI1 CRATERS OF MOON PRSRV ARCO 17 SW ID US."
      },
      "geometry": {
        "type": "Point",
        "coordinates": [
          -113.56,
          43.47
        ]
      }
    },
    {
      "type": "Feature",
      "id": "iem-lsr-PIH-50",
      "properties": {
        "report_id": "iem-lsr-PIH-50",
        "report_type": "NON-TSTM WND GST",
        "event_category": "thunderstorm_wind",
        "valid_utc": "202604021500",
        "standard_time_display": "2026-04-02 08:00 MST",
        "wfo": "PIH",
        "county_or_zone": "Fremont",
        "city": "2 ENE Chester",
        "state": "ID",
        "magnitude": 47.0,
        "magnitude_units": null,
        "source": "Mesonet",
        "event_narrative": "Mesonet station 10817 D6 Fall River US-20."
      },
      "geometry": {
        "type": "Point",
        "coordinates": [
          -111.54,
          44.01
        ]
      }
    },
    {
      "type": "Feature",
      "id": "iem-lsr-PIH-51",
      "properties": {
        "report_id": "iem-lsr-PIH-51",
        "report_type": "NON-TSTM WND GST",
        "event_category": "thunderstorm_wind",
        "valid_utc": "202604021500",
        "standard_time_display": "2026-04-02 08:00 MST",
        "wfo": "PIH",
        "county_or_zone": "Bingham",
        "city": "4 SSE Bone",
        "state": "ID",
        "magnitude": 47.0,
        "magnitude_units": null,
        "source": "Mesonet",
        "event_narrative": "Mesonet station PC622 Long Valley Rd."
      },
      "geometry": {
        "type": "Point",
        "coordinates": [
          -111.78,
          43.27
        ]
      }
    },
    {
      "type": "Feature",
      "id": "iem-lsr-PIH-52",
      "properties": {
        "report_id": "iem-lsr-PIH-52",
        "report_type": "NON-TSTM WND GST",
        "event_category": "thunderstorm_wind",
        "valid_utc": "202604021500",
        "standard_time_display": "2026-04-02 08:00 MST",
        "wfo": "PIH",
        "county_or_zone": "Bingham",
        "city": "14 NE Atomic City",
        "state": "ID",
        "magnitude": 51.0,
        "magnitude_units": null,
        "source": "Mesonet",
        "event_narrative": "Mesonet station 3672 D6 Telegraph Hill US-20."
      },
      "geometry": {
        "type": "Point",
        "coordinates": [
          -112.59,
          43.55
        ]
      }
    },
    {
      "type": "Feature",
      "id": "iem-lsr-PIH-53",
      "properties": {
        "report_id": "iem-lsr-PIH-53",
        "report_type": "RAIN",
        "event_category": "other",
        "valid_utc": "202604021600",
        "standard_time_display": "2026-04-02 08:00 PST",
        "wfo": "PIH",
        "county_or_zone": "Cassia",
        "city": "17 WSW Oakley",
        "state": "ID",
        "magnitude": 0.3,
        "magnitude_units": null,
        "source": "Mesonet",
        "event_narrative": "Mesonet station BTRI1 17.0 W Marion (SNOTEL)."
      },
      "geometry": {
        "type": "Point",
        "coordinates": [
          -114.19,
          42.16
        ]
      }
    },
    {
      "type": "Feature",
      "id": "iem-lsr-PIH-54",
      "properties": {
        "report_id": "iem-lsr-PIH-54",
        "report_type": "RAIN",
        "event_category": "other",
        "valid_utc": "202604021600",
        "standard_time_display": "2026-04-02 09:00 MST",
        "wfo": "PIH",
        "county_or_zone": "Caribou",
        "city": "2 SSE Wayan",
        "state": "ID",
        "magnitude": 0.3,
        "magnitude_units": null,
        "source": "Mesonet",
        "event_narrative": "Mesonet station SORI1 2.0 S Wayan (SNOTEL)."
      },
      "geometry": {
        "type": "Point",
        "coordinates": [
          -111.36,
          42.95
        ]
      }
    },
    {
      "type": "Feature",
      "id": "iem-lsr-PIH-55",
      "properties": {
        "report_id": "iem-lsr-PIH-55",
        "report_type": "RAIN",
        "event_category": "other",
        "valid_utc": "202604021600",
        "standard_time_display": "2026-04-02 09:00 MST",
        "wfo": "PIH",
        "county_or_zone": "Franklin",
        "city": "5 W Sharon",
        "state": "ID",
        "magnitude": 0.3,
        "magnitude_units": null,
        "source": "Mesonet",
        "event_narrative": "Mesonet station EMSI1 4.7 W Sharon (SNOTEL)."
      },
      "geometry": {
        "type": "Point",
        "coordinates": [
          -111.56,
          42.36
        ]
      }
    },
    {
      "type": "Feature",
      "id": "iem-lsr-PIH-56",
      "properties": {
        "report_id": "iem-lsr-PIH-56",
        "report_type": "RAIN",
        "event_category": "other",
        "valid_utc": "202604021600",
        "standard_time_display": "2026-04-02 09:00 MST",
        "wfo": "PIH",
        "county_or_zone": "Bannock",
        "city": "8 S Pocatello",
        "state": "ID",
        "magnitude": 0.3,
        "magnitude_units": null,
        "source": "Mesonet",
        "event_narrative": "Mesonet station WHDI1 8.2 S Pocatello (SNOTEL)."
      },
      "geometry": {
        "type": "Point",
        "coordinates": [
          -112.48,
          42.76
        ]
      }
    },
    {
      "type": "Feature",
      "id": "iem-lsr-PIH-57",
      "properties": {
        "report_id": "iem-lsr-PIH-57",
        "report_type": "RAIN",
        "event_category": "other",
        "valid_utc": "202604021600",
        "standard_time_display": "2026-04-02 08:00 PST",
        "wfo": "PIH",
        "county_or_zone": "Custer",
        "city": "14 NNE Sun Valley",
        "state": "ID",
        "magnitude": 0.4,
        "magnitude_units": null,
        "source": "Mesonet",
        "event_narrative": "Mesonet station STMI1 13.8 NE Sun Valley (SNOTEL)."
      },
      "geometry": {
        "type": "Point",
        "coordinates": [
          -114.21,
          43.86
        ]
      }
    },
    {
      "type": "Feature",
      "id": "iem-lsr-PIH-58",
      "properties": {
        "report_id": "iem-lsr-PIH-58",
        "report_type": "RAIN",
        "event_category": "other",
        "valid_utc": "202604021600",
        "standard_time_display": "2026-04-02 09:00 MST",
        "wfo": "PIH",
        "county_or_zone": "Caribou",
        "city": "5 WNW Pebble",
        "state": "ID",
        "magnitude": 0.4,
        "magnitude_units": null,
        "source": "Mesonet",
        "event_narrative": "Mesonet station PEBI1 Pebble Creek."
      },
      "geometry": {
        "type": "Point",
        "coordinates": [
          -112.11,
          42.77
        ]
      }
    },
    {
      "type": "Feature",
      "id": "iem-lsr-PIH-59",
      "properties": {
        "report_id": "iem-lsr-PIH-59",
        "report_type": "RAIN",
        "event_category": "other",
        "valid_utc": "202604021600",
        "standard_time_display": "2026-04-02 09:00 MST",
        "wfo": "PIH",
        "county_or_zone": "Blaine",
        "city": "16 WSW Grouse",
        "state": "ID",
        "magnitude": 0.5,
        "magnitude_units": null,
        "source": "Mesonet",
        "event_narrative": "Mesonet station GARI1 21.5 N Carey (SNOTEL)."
      },
      "geometry": {
        "type": "Point",
        "coordinates": [
          -113.93,
          43.61
        ]
      }
    },
    {
      "type": "Feature",
      "id": "iem-lsr-PIH-60",
      "properties": {
        "report_id": "iem-lsr-PIH-60",
        "report_type": "RAIN",
        "event_category": "other",
        "valid_utc": "202604021600",
        "standard_time_display": "2026-04-02 08:00 PST",
        "wfo": "PIH",
        "county_or_zone": "Blaine",
        "city": "16 WSW Ketchum",
        "state": "ID",
        "magnitude": 0.5,
        "magnitude_units": null,
        "source": "Mesonet",
        "event_narrative": "Mesonet station DHDI1 17.1 NE Soldier (SNOTEL)."
      },
      "geometry": {
        "type": "Point",
        "coordinates": [
          -114.67,
          43.6
        ]
      }
    },
    {
      "type": "Feature",
      "id": "iem-lsr-PIH-61",
      "properties": {
        "report_id": "iem-lsr-PIH-61",
        "report_type": "RAIN",
        "event_category": "other",
        "valid_utc": "202604021600",
        "standard_time_display": "2026-04-02 08:00 PST",
        "wfo": "PIH",
        "county_or_zone": "Blaine",
        "city": "1 WNW Galena",
        "state": "ID",
        "magnitude": 0.5,
        "magnitude_units": null,
        "source": "Mesonet",
        "event_narrative": "Mesonet station GLNI1 1.2 W Galena (SNOTEL)."
      },
      "geometry": {
        "type": "Point",
        "coordinates": [
          -114.67,
          43.88
        ]
      }
    },
    {
      "type": "Feature",
      "id": "iem-lsr-PIH-62",
      "properties": {
        "report_id": "iem-lsr-PIH-62",
        "report_type": "RAIN",
        "event_category": "other",
        "valid_utc": "202604021600",
        "standard_time_display": "2026-04-02 09:00 MST",
        "wfo": "PIH",
        "county_or_zone": "Cassia",
        "city": "6 NW Elba",
        "state": "ID",
        "magnitude": 0.5,
        "magnitude_units": null,
        "source": "Mesonet",
        "event_narrative": "Mesonet station HWCI1 6.5 S Albion (SNOTEL)."
      },
      "geometry": {
        "type": "Point",
        "coordinates": [
          -113.62,
          42.32
        ]
      }
    },
    {
      "type": "Feature",
      "id": "iem-lsr-PIH-63",
      "properties": {
        "report_id": "iem-lsr-PIH-63",
        "report_type": "RAIN",
        "event_category": "other",
        "valid_utc": "202604021600",
        "standard_time_display": "2026-04-02 09:00 MST",
        "wfo": "PIH",
        "county_or_zone": "Custer",
        "city": "10 NE Mackay",
        "state": "ID",
        "magnitude": 0.6,
        "magnitude_units": null,
        "source": "Mesonet",
        "event_narrative": "Mesonet station HLTI1 10.1 NE Mackay (SNOTEL)."
      },
      "geometry": {
        "type": "Point",
        "coordinates": [
          -113.47,
          44.02
        ]
      }
    },
    {
      "type": "Feature",
      "id": "iem-lsr-PIH-64",
      "properties": {
        "report_id": "iem-lsr-PIH-64",
        "report_type": "RAIN",
        "event_category": "other",
        "valid_utc": "202604021600",
        "standard_time_display": "2026-04-02 09:00 MST",
        "wfo": "PIH",
        "county_or_zone": "Blaine",
        "city": "18 WSW Grouse",
        "state": "ID",
        "magnitude": 0.6,
        "magnitude_units": null,
        "source": "Mesonet",
        "event_narrative": "Mesonet station SWPI1 22.5 N Carey (SNOTEL)."
      },
      "geometry": {
        "type": "Point",
        "coordinates": [
          -113.97,
          43.63
        ]
      }
    },
    {
      "type": "Feature",
      "id": "iem-lsr-PIH-65",
      "properties": {
        "report_id": "iem-lsr-PIH-65",
        "report_type": "RAIN",
        "event_category": "other",
        "valid_utc": "202604021600",
        "standard_time_display": "2026-04-02 09:00 MST",
        "wfo": "PIH",
        "county_or_zone": "Fremont",
        "city": "4 NNE Rea",
        "state": "ID",
        "magnitude": 0.6,
        "magnitude_units": null,
        "source": "Mesonet",
        "event_narrative": "Mesonet station WHEI1 4.4 N Rea (SNOTEL)."
      },
      "geometry": {
        "type": "Point",
        "coordinates": [
          -111.41,
          44.53
        ]
      }
    },
    {
      "type": "Feature",
      "id": "iem-lsr-PIH-66",
      "properties": {
        "report_id": "iem-lsr-PIH-66",
        "report_type": "RAIN",
        "event_category": "other",
        "valid_utc": "202604021600",
        "standard_time_display": "2026-04-02 08:00 PST",
        "wfo": "PIH",
        "county_or_zone": "Blaine",
        "city": "9 ENE Sun Valley",
        "state": "ID",
        "magnitude": 0.6,
        "magnitude_units": null,
        "source": "Mesonet",
        "event_narrative": "Mesonet station HYNI1 8.7 E Sun Valley (SNOTEL)."
      },
      "geometry": {
        "type": "Point",
        "coordinates": [
          -114.16,
          43.71
        ]
      }
    },
    {
      "type": "Feature",
      "id": "iem-lsr-PIH-67",
      "properties": {
        "report_id": "iem-lsr-PIH-67",
        "report_type": "RAIN",
        "event_category": "other",
        "valid_utc": "202604021600",
        "standard_time_display": "2026-04-02 09:00 MST",
        "wfo": "PIH",
        "county_or_zone": "Custer",
        "city": "11 WNW Grouse",
        "state": "ID",
        "magnitude": 0.7,
        "magnitude_units": null,
        "source": "Mesonet",
        "event_narrative": "Mesonet station SMMI1 11.2 W Grouse (SNOTEL)."
      },
      "geometry": {
        "type": "Point",
        "coordinates": [
          -113.83,
          43.73
        ]
      }
    },
    {
      "type": "Feature",
      "id": "iem-lsr-PIH-68",
      "properties": {
        "report_id": "iem-lsr-PIH-68",
        "report_type": "RAIN",
        "event_category": "other",
        "valid_utc": "202604021600",
        "standard_time_display": "2026-04-02 08:00 PST",
        "wfo": "PIH",
        "county_or_zone": "Blaine",
        "city": "11 WSW Galena",
        "state": "ID",
        "magnitude": 0.7,
        "magnitude_units": null,
        "source": "Mesonet",
        "event_narrative": "Mesonet station VNNI1 13.9 S Obsidian (SNOTEL)."
      },
      "geometry": {
        "type": "Point",
        "coordinates": [
          -114.85,
          43.8
        ]
      }
    },
    {
      "type": "Feature",
      "id": "iem-lsr-PIH-69",
      "properties": {
        "report_id": "iem-lsr-PIH-69",
        "report_type": "RAIN",
        "event_category": "other",
        "valid_utc": "202604021600",
        "standard_time_display": "2026-04-02 09:00 MST",
        "wfo": "PIH",
        "county_or_zone": "Custer",
        "city": "16 WNW Grouse",
        "state": "ID",
        "magnitude": 0.8,
        "magnitude_units": null,
        "source": "Mesonet",
        "event_narrative": "Mesonet station BECI1 16.5 W Grouse (SNOTEL)."
      },
      "geometry": {
        "type": "Point",
        "coordinates": [
          -113.94,
          43.74
        ]
      }
    },
    {
      "type": "Feature",
      "id": "iem-lsr-PIH-70",
      "properties": {
        "report_id": "iem-lsr-PIH-70",
        "report_type": "RAIN",
        "event_category": "other",
        "valid_utc": "202604021600",
        "standard_time_display": "2026-04-02 09:00 MST",
        "wfo": "PIH",
        "county_or_zone": "Franklin",
        "city": "8 ESE Mapleton",
        "state": "ID",
        "magnitude": 0.8,
        "magnitude_units": null,
        "source": "Mesonet",
        "event_narrative": "Mesonet station FBNI1 6.8 NW Beaver Mtn (SNOTEL)."
      },
      "geometry": {
        "type": "Point",
        "coordinates": [
          -111.6,
          42.05
        ]
      }
    },
    {
      "type": "Feature",
      "id": "iem-lsr-PIH-71",
      "properties": {
        "report_id": "iem-lsr-PIH-71",
        "report_type": "NON-TSTM WND GST",
        "event_category": "thunderstorm_wind",
        "valid_utc": "202604021615",
        "standard_time_display": "2026-04-02 09:15 MST",
        "wfo": "PIH",
        "county_or_zone": "Bonneville",
        "city": "1 WSW Poplar",
        "state": "ID",
        "magnitude": 49.0,
        "magnitude_units": null,
        "source": "Mesonet",
        "event_narrative": "Mesonet station 3300 D6 Ririe US-26."
      },
      "geometry": {
        "type": "Point",
        "coordinates": [
          -111.71,
          43.61
        ]
      }
    },
    {
      "type": "Feature",
      "id": "iem-lsr-PIH-72",
      "properties": {
        "report_id": "iem-lsr-PIH-72",
        "report_type": "NON-TSTM WND GST",
        "event_category": "thunderstorm_wind",
        "valid_utc": "202604021620",
        "standard_time_display": "2026-04-02 09:20 MST",
        "wfo": "PIH",
        "county_or_zone": "Madison",
        "city": "1 NW Rexburg",
        "state": "ID",
        "magnitude": 51.0,
        "magnitude_units": null,
        "source": "ASOS",
        "event_narrative": "ASOS station KRXE Rexburg-Madison Airport."
      },
      "geometry": {
        "type": "Point",
        "coordinates": [
          -111.8,
          43.83
        ]
      }
    },
    {
      "type": "Feature",
      "id": "iem-lsr-PIH-73",
      "properties": {
        "report_id": "iem-lsr-PIH-73",
        "report_type": "RAIN",
        "event_category": "other",
        "valid_utc": "202604021626",
        "standard_time_display": "2026-04-02 09:26 MST",
        "wfo": "PIH",
        "county_or_zone": "Power",
        "city": "1 NNW Arbon Valley",
        "state": "ID",
        "magnitude": 0.49,
        "magnitude_units": null,
        "source": "Mesonet",
        "event_narrative": "Mesonet station TS586 Nws Iwos 2."
      },
      "geometry": {
        "type": "Point",
        "coordinates": [
          -112.6,
          42.9
        ]
      }
    },
    {
      "type": "Feature",
      "id": "iem-lsr-PIH-74",
      "properties": {
        "report_id": "iem-lsr-PIH-74",
        "report_type": "RAIN",
        "event_category": "other",
        "valid_utc": "202604021630",
        "standard_time_display": "2026-04-02 09:30 MST",
        "wfo": "PIH",
        "county_or_zone": "Bingham",
        "city": "Blackfoot",
        "state": "ID",
        "magnitude": 0.4,
        "magnitude_units": null,
        "source": "CO-OP Observer",
        "event_narrative": "CO-OP Observer station BKFI1 Blackfoot 1 NW."
      },
      "geometry": {
        "type": "Point",
        "coordinates": [
          -112.35,
          43.19
        ]
      }
    },
    {
      "type": "Feature",
      "id": "iem-lsr-PIH-75",
      "properties": {
        "report_id": "iem-lsr-PIH-75",
        "report_type": "RAIN",
        "event_category": "other",
        "valid_utc": "202604021700",
        "standard_time_display": "2026-04-02 10:00 MST",
        "wfo": "PIH",
        "county_or_zone": "Bonneville",
        "city": "2 NE Osgood",
        "state": "ID",
        "magnitude": 0.25,
        "magnitude_units": null,
        "source": "Mesonet",
        "event_narrative": "Mesonet station OSGI 2 NE Osgood."
      },
      "geometry": {
        "type": "Point",
        "coordinates": [
          -112.08,
          43.59
        ]
      }
    },
    {
      "type": "Feature",
      "id": "iem-lsr-PIH-76",
      "properties": {
        "report_id": "iem-lsr-PIH-76",
        "report_type": "RAIN",
        "event_category": "other",
        "valid_utc": "202604021700",
        "standard_time_display": "2026-04-02 10:00 MST",
        "wfo": "PIH",
        "county_or_zone": "Bonneville",
        "city": "1 WSW Poplar",
        "state": "ID",
        "magnitude": 0.26,
        "magnitude_units": null,
        "source": "Mesonet",
        "event_narrative": "Mesonet station RRII 1 WSW Poplar."
      },
      "geometry": {
        "type": "Point",
        "coordinates": [
          -111.7,
          43.61
        ]
      }
    },
    {
      "type": "Feature",
      "id": "iem-lsr-PIH-77",
      "properties": {
        "report_id": "iem-lsr-PIH-77",
        "report_type": "RAIN",
        "event_category": "other",
        "valid_utc": "202604021700",
        "standard_time_display": "2026-04-02 10:00 MST",
        "wfo": "PIH",
        "county_or_zone": "Bingham",
        "city": "1 SW Gibson",
        "state": "ID",
        "magnitude": 0.3,
        "magnitude_units": null,
        "source": "Mesonet",
        "event_narrative": "Mesonet station FTHI 1 SW Gibson."
      },
      "geometry": {
        "type": "Point",
        "coordinates": [
          -112.43,
          43.07
        ]
      }
    },
    {
      "type": "Feature",
      "id": "iem-lsr-PIH-78",
      "properties": {
        "report_id": "iem-lsr-PIH-78",
        "report_type": "RAIN",
        "event_category": "other",
        "valid_utc": "202604021700",
        "standard_time_display": "2026-04-02 10:00 MST",
        "wfo": "PIH",
        "county_or_zone": "Teton",
        "city": "5 WSW Victor",
        "state": "ID",
        "magnitude": 0.3,
        "magnitude_units": null,
        "source": "Mesonet",
        "event_narrative": "Mesonet station PCPI1 5.4 W Victor (SNOTEL)."
      },
      "geometry": {
        "type": "Point",
        "coordinates": [
          -111.21,
          43.57
        ]
      }
    },
    {
      "type": "Feature",
      "id": "iem-lsr-PIH-79",
      "properties": {
        "report_id": "iem-lsr-PIH-79",
        "report_type": "RAIN",
        "event_category": "other",
        "valid_utc": "202604021700",
        "standard_time_display": "2026-04-02 09:00 PST",
        "wfo": "PIH",
        "county_or_zone": "Blaine",
        "city": "6 NNW Ketchum",
        "state": "ID",
        "magnitude": 0.3,
        "magnitude_units": null,
        "source": "Mesonet",
        "event_narrative": "Mesonet station CHOI1 5.9 NW Ketchum (SNOTEL)."
      },
      "geometry": {
        "type": "Point",
        "coordinates": [
          -114.42,
          43.77
        ]
      }
    },
    {
      "type": "Feature",
      "id": "iem-lsr-PIH-80",
      "properties": {
        "report_id": "iem-lsr-PIH-80",
        "report_type": "RAIN",
        "event_category": "other",
        "valid_utc": "202604021700",
        "standard_time_display": "2026-04-02 10:00 MST",
        "wfo": "PIH",
        "county_or_zone": "Clark",
        "city": "6 WNW Kilgore",
        "state": "ID",
        "magnitude": 0.3,
        "magnitude_units": null,
        "source": "Mesonet",
        "event_narrative": "Mesonet station CRBI1 6.5 NW Idmon (SNOTEL)."
      },
      "geometry": {
        "type": "Point",
        "coordinates": [
          -111.99,
          44.44
        ]
      }
    },
    {
      "type": "Feature",
      "id": "iem-lsr-PIH-81",
      "properties": {
        "report_id": "iem-lsr-PIH-81",
        "report_type": "RAIN",
        "event_category": "other",
        "valid_utc": "202604021700",
        "standard_time_display": "2026-04-02 09:00 PST",
        "wfo": "PIH",
        "county_or_zone": "Blaine",
        "city": "3 SSE Gannett",
        "state": "ID",
        "magnitude": 0.37,
        "magnitude_units": null,
        "source": "Mesonet",
        "event_narrative": "Mesonet station PICI 3 SSE Gannett."
      },
      "geometry": {
        "type": "Point",
        "coordinates": [
          -114.17,
          43.31
        ]
      }
    },
    {
      "type": "Feature",
      "id": "iem-lsr-PIH-82",
      "properties": {
        "report_id": "iem-lsr-PIH-82",
        "report_type": "RAIN",
        "event_category": "other",
        "valid_utc": "202604021700",
        "standard_time_display": "2026-04-02 09:00 PST",
        "wfo": "PIH",
        "county_or_zone": "Blaine",
        "city": "3 W Galena",
        "state": "ID",
        "magnitude": 0.4,
        "magnitude_units": null,
        "source": "Mesonet",
        "event_narrative": "Mesonet station GLSI1 3.2 W Galena (SNOTEL)."
      },
      "geometry": {
        "type": "Point",
        "coordinates": [
          -114.71,
          43.88
        ]
      }
    },
    {
      "type": "Feature",
      "id": "iem-lsr-PIH-83",
      "properties": {
        "report_id": "iem-lsr-PIH-83",
        "report_type": "RAIN",
        "event_category": "other",
        "valid_utc": "202604021700",
        "standard_time_display": "2026-04-02 10:00 MST",
        "wfo": "PIH",
        "county_or_zone": "Caribou",
        "city": "7 NNE Georgetown",
        "state": "ID",
        "magnitude": 0.4,
        "magnitude_units": null,
        "source": "Mesonet",
        "event_narrative": "Mesonet station SLGI1 6.8 NE Georgetown (SNOTEL)."
      },
      "geometry": {
        "type": "Point",
        "coordinates": [
          -111.3,
          42.56
        ]
      }
    },
    {
      "type": "Feature",
      "id": "iem-lsr-PIH-84",
      "properties": {
        "report_id": "iem-lsr-PIH-84",
        "report_type": "RAIN",
        "event_category": "other",
        "valid_utc": "202604021700",
        "standard_time_display": "2026-04-02 10:00 MST",
        "wfo": "PIH",
        "county_or_zone": "Bear Lake",
        "city": "7 NW Geneva",
        "state": "ID",
        "magnitude": 0.4,
        "magnitude_units": null,
        "source": "Mesonet",
        "event_narrative": "Mesonet station GIVI1 6.6 NW Geneva (SNOTEL)."
      },
      "geometry": {
        "type": "Point",
        "coordinates": [
          -111.17,
          42.41
        ]
      }
    },
    {
      "type": "Feature",
      "id": "iem-lsr-PIH-85",
      "properties": {
        "report_id": "iem-lsr-PIH-85",
        "report_type": "RAIN",
        "event_category": "other",
        "valid_utc": "202604021700",
        "standard_time_display": "2026-04-02 09:00 PST",
        "wfo": "PIH",
        "county_or_zone": "Blaine",
        "city": "3 W Galena",
        "state": "ID",
        "magnitude": 0.5,
        "magnitude_units": null,
        "source": "Mesonet",
        "event_narrative": "Mesonet station GLSI1 3.2 W Galena (SNOTEL)."
      },
      "geometry": {
        "type": "Point",
        "coordinates": [
          -114.71,
          43.88
        ]
      }
    },
    {
      "type": "Feature",
      "id": "iem-lsr-PIH-86",
      "properties": {
        "report_id": "iem-lsr-PIH-86",
        "report_type": "RAIN",
        "event_category": "other",
        "valid_utc": "202604021700",
        "standard_time_display": "2026-04-02 09:00 PST",
        "wfo": "PIH",
        "county_or_zone": "Blaine",
        "city": "10 NNE Sun Valley",
        "state": "ID",
        "magnitude": 0.6,
        "magnitude_units": null,
        "source": "Mesonet",
        "event_narrative": "Mesonet station LWDI1 10.4 NE Sun Valley (SNOTEL)."
      },
      "geometry": {
        "type": "Point",
        "coordinates": [
          -114.26,
          43.82
        ]
      }
    },
    {
      "type": "Feature",
      "id": "iem-lsr-PIH-87",
      "properties": {
        "report_id": "iem-lsr-PIH-87",
        "report_type": "RAIN",
        "event_category": "other",
        "valid_utc": "202604021700",
        "standard_time_display": "2026-04-02 09:00 PST",
        "wfo": "PIH",
        "county_or_zone": "Blaine",
        "city": "6 NNW Ketchum",
        "state": "ID",
        "magnitude": 0.7,
        "magnitude_units": null,
        "source": "Mesonet",
        "event_narrative": "Mesonet station CHOI1 5.9 NW Ketchum (SNOTEL)."
      },
      "geometry": {
        "type": "Point",
        "coordinates": [
          -114.42,
          43.77
        ]
      }
    },
    {
      "type": "Feature",
      "id": "iem-lsr-PIH-88",
      "properties": {
        "report_id": "iem-lsr-PIH-88",
        "report_type": "RAIN",
        "event_category": "other",
        "valid_utc": "202604021700",
        "standard_time_display": "2026-04-02 10:00 MST",
        "wfo": "PIH",
        "county_or_zone": "Caribou",
        "city": "7 NNE Georgetown",
        "state": "ID",
        "magnitude": 0.7,
        "magnitude_units": null,
        "source": "Mesonet",
        "event_narrative": "Mesonet station SLGI1 6.8 NE Georgetown (SNOTEL)."
      },
      "geometry": {
        "type": "Point",
        "coordinates": [
          -111.3,
          42.56
        ]
      }
    },
    {
      "type": "Feature",
      "id": "iem-lsr-PIH-89",
      "properties": {
        "report_id": "iem-lsr-PIH-89",
        "report_type": "RAIN",
        "event_category": "other",
        "valid_utc": "202604021700",
        "standard_time_display": "2026-04-02 10:00 MST",
        "wfo": "PIH",
        "county_or_zone": "Bear Lake",
        "city": "7 NW Geneva",
        "state": "ID",
        "magnitude": 0.7,
        "magnitude_units": null,
        "source": "Mesonet",
        "event_narrative": "Mesonet station GIVI1 6.6 NW Geneva (SNOTEL)."
      },
      "geometry": {
        "type": "Point",
        "coordinates": [
          -111.17,
          42.41
        ]
      }
    },
    {
      "type": "Feature",
      "id": "iem-lsr-PIH-90",
      "properties": {
        "report_id": "iem-lsr-PIH-90",
        "report_type": "RAIN",
        "event_category": "other",
        "valid_utc": "202604021700",
        "standard_time_display": "2026-04-02 09:00 PST",
        "wfo": "PIH",
        "county_or_zone": "Blaine",
        "city": "10 NNE Sun Valley",
        "state": "ID",
        "magnitude": 0.8,
        "magnitude_units": null,
        "source": "Mesonet",
        "event_narrative": "Mesonet station LWDI1 10.4 NE Sun Valley (SNOTEL)."
      },
      "geometry": {
        "type": "Point",
        "coordinates": [
          -114.26,
          43.82
        ]
      }
    },
    {
      "type": "Feature",
      "id": "iem-lsr-PIH-91",
      "properties": {
        "report_id": "iem-lsr-PIH-91",
        "report_type": "NON-TSTM WND GST",
        "event_category": "thunderstorm_wind",
        "valid_utc": "202604021710",
        "standard_time_display": "2026-04-02 10:10 MST",
        "wfo": "PIH",
        "county_or_zone": "Butte",
        "city": "7 S Howe",
        "state": "ID",
        "magnitude": 52.0,
        "magnitude_units": null,
        "source": "Mesonet",
        "event_narrative": "Mesonet station SOBAS Base Of Howe Peak."
      },
      "geometry": {
        "type": "Point",
        "coordinates": [
          -113.01,
          43.68
        ]
      }
    },
    {
      "type": "Feature",
      "id": "iem-lsr-PIH-92",
      "properties": {
        "report_id": "iem-lsr-PIH-92",
        "report_type": "NON-TSTM WND GST",
        "event_category": "thunderstorm_wind",
        "valid_utc": "202604021720",
        "standard_time_display": "2026-04-02 10:20 MST",
        "wfo": "PIH",
        "county_or_zone": "Butte",
        "city": "7 S Howe",
        "state": "ID",
        "magnitude": 53.0,
        "magnitude_units": null,
        "source": "Mesonet",
        "event_narrative": "Mesonet station BAS Base of Howe Peak."
      },
      "geometry": {
        "type": "Point",
        "coordinates": [
          -113.01,
          43.68
        ]
      }
    },
    {
      "type": "Feature",
      "id": "iem-lsr-PIH-93",
      "properties": {
        "report_id": "iem-lsr-PIH-93",
        "report_type": "NON-TSTM WND GST",
        "event_category": "thunderstorm_wind",
        "valid_utc": "202604021725",
        "standard_time_display": "2026-04-02 10:25 MST",
        "wfo": "PIH",
        "county_or_zone": "Butte",
        "city": "11 WSW Monteview",
        "state": "ID",
        "magnitude": 52.0,
        "magnitude_units": null,
        "source": "Mesonet",
        "event_narrative": "Mesonet station SOSMC Specific Manufacturing Capabilit."
      },
      "geometry": {
        "type": "Point",
        "coordinates": [
          -112.73,
          43.86
        ]
      }
    },
    {
      "type": "Feature",
      "id": "iem-lsr-PIH-94",
      "properties": {
        "report_id": "iem-lsr-PIH-94",
        "report_type": "NON-TSTM WND GST",
        "event_category": "thunderstorm_wind",
        "valid_utc": "202604021725",
        "standard_time_display": "2026-04-02 10:25 MST",
        "wfo": "PIH",
        "county_or_zone": "Butte",
        "city": "9 E Butte City",
        "state": "ID",
        "magnitude": 53.0,
        "magnitude_units": null,
        "source": "Mesonet",
        "event_narrative": "Mesonet station SODEA Dead Man Canyon."
      },
      "geometry": {
        "type": "Point",
        "coordinates": [
          -113.06,
          43.63
        ]
      }
    },
    {
      "type": "Feature",
      "id": "iem-lsr-PIH-95",
      "properties": {
        "report_id": "iem-lsr-PIH-95",
        "report_type": "NON-TSTM WND GST",
        "event_category": "thunderstorm_wind",
        "valid_utc": "202604021730",
        "standard_time_display": "2026-04-02 10:30 MST",
        "wfo": "PIH",
        "county_or_zone": "Butte",
        "city": "5 WSW Craters of Moon",
        "state": "ID",
        "magnitude": 54.0,
        "magnitude_units": null,
        "source": "Mesonet",
        "event_narrative": "Mesonet station 3021 D6 Tom Cat Summit US-20."
      },
      "geometry": {
        "type": "Point",
        "coordinates": [
          -113.63,
          43.41
        ]
      }
    },
    {
      "type": "Feature",
      "id": "iem-lsr-PIH-96",
      "properties": {
        "report_id": "iem-lsr-PIH-96",
        "report_type": "NON-TSTM WND GST",
        "event_category": "thunderstorm_wind",
        "valid_utc": "202604021740",
        "standard_time_display": "2026-04-02 10:40 MST",
        "wfo": "PIH",
        "county_or_zone": "Butte",
        "city": "12 NW Atomic City",
        "state": "ID",
        "magnitude": 50.0,
        "magnitude_units": null,
        "source": "Mesonet",
        "event_narrative": "Mesonet station SOATR Advanced Test Reactor Complex."
      },
      "geometry": {
        "type": "Point",
        "coordinates": [
          -112.97,
          43.58
        ]
      }
    },
    {
      "type": "Feature",
      "id": "iem-lsr-PIH-97",
      "properties": {
        "report_id": "iem-lsr-PIH-97",
        "report_type": "NON-TSTM WND GST",
        "event_category": "thunderstorm_wind",
        "valid_utc": "202604021740",
        "standard_time_display": "2026-04-02 10:40 MST",
        "wfo": "PIH",
        "county_or_zone": "Butte",
        "city": "12 NW Atomic City",
        "state": "ID",
        "magnitude": 50.0,
        "magnitude_units": null,
        "source": "Mesonet",
        "event_narrative": "Mesonet station TRA INL Reactor Tech Complex."
      },
      "geometry": {
        "type": "Point",
        "coordinates": [
          -112.97,
          43.58
        ]
      }
    },
    {
      "type": "Feature",
      "id": "iem-lsr-PIH-98",
      "properties": {
        "report_id": "iem-lsr-PIH-98",
        "report_type": "RAIN",
        "event_category": "other",
        "valid_utc": "202604021744",
        "standard_time_display": "2026-04-02 09:44 PST",
        "wfo": "PIH",
        "county_or_zone": "Blaine",
        "city": "6 S Sun Valley",
        "state": "ID",
        "magnitude": 0.25,
        "magnitude_units": null,
        "source": "Mesonet",
        "event_narrative": "Mesonet station OHOI1 Ohio Gulch."
      },
      "geometry": {
        "type": "Point",
        "coordinates": [
          -114.32,
          43.6
        ]
      }
    },
    {
      "type": "Feature",
      "id": "iem-lsr-PIH-99",
      "properties": {
        "report_id": "iem-lsr-PIH-99",
        "report_type": "RAIN",
        "event_category": "other",
        "valid_utc": "202604021745",
        "standard_time_display": "2026-04-02 09:45 PST",
        "wfo": "PIH",
        "county_or_zone": "Blaine",
        "city": "1 NW Hailey",
        "state": "ID",
        "magnitude": 0.25,
        "magnitude_units": null,
        "source": "Mesonet",
        "event_narrative": "Mesonet station HLSI1 1 NW Hailey."
      },
      "geometry": {
        "type": "Point",
        "coordinates": [
          -114.31,
          43.52
        ]
      }
    },
    {
      "type": "Feature",
      "id": "iem-lsr-PIH-100",
      "properties": {
        "report_id": "iem-lsr-PIH-100",
        "report_type": "RAIN",
        "event_category": "other",
        "valid_utc": "202604021745",
        "standard_time_display": "2026-04-02 09:45 PST",
        "wfo": "PIH",
        "county_or_zone": "Blaine",
        "city": "1 SE Ketchum",
        "state": "ID",
        "magnitude": 0.3,
        "magnitude_units": null,
        "source": "Mesonet",
        "event_narrative": "Mesonet station KETI1 0.8 SE Ketchum."
      },
      "geometry": {
        "type": "Point",
        "coordinates": [
          -114.36,
          43.68
        ]
      }
    },
    {
      "type": "Feature",
      "id": "iem-lsr-PIH-101",
      "properties": {
        "report_id": "iem-lsr-PIH-101",
        "report_type": "RAIN",
        "event_category": "other",
        "valid_utc": "202604021745",
        "standard_time_display": "2026-04-02 10:45 MST",
        "wfo": "PIH",
        "county_or_zone": "Franklin",
        "city": "3 ESE Weston",
        "state": "ID",
        "magnitude": 0.31,
        "magnitude_units": null,
        "source": "Mesonet",
        "event_narrative": "Mesonet station BIUI1 3.2 NE Cornish."
      },
      "geometry": {
        "type": "Point",
        "coordinates": [
          -111.92,
          42.01
        ]
      }
    },
    {
      "type": "Feature",
      "id": "iem-lsr-PIH-102",
      "properties": {
        "report_id": "iem-lsr-PIH-102",
        "report_type": "RAIN",
        "event_category": "other",
        "valid_utc": "202604021745",
        "standard_time_display": "2026-04-02 09:45 PST",
        "wfo": "PIH",
        "county_or_zone": "Custer",
        "city": "4 W Clayton",
        "state": "ID",
        "magnitude": 0.34,
        "magnitude_units": null,
        "source": "Mesonet",
        "event_narrative": "Mesonet station 8962 D4 Clayton ID-75."
      },
      "geometry": {
        "type": "Point",
        "coordinates": [
          -114.48,
          44.26
        ]
      }
    },
    {
      "type": "Feature",
      "id": "iem-lsr-PIH-103",
      "properties": {
        "report_id": "iem-lsr-PIH-103",
        "report_type": "RAIN",
        "event_category": "other",
        "valid_utc": "202604021745",
        "standard_time_display": "2026-04-02 10:45 MST",
        "wfo": "PIH",
        "county_or_zone": "Fremont",
        "city": "10 N Macks Inn",
        "state": "ID",
        "magnitude": 0.37,
        "magnitude_units": null,
        "source": "Mesonet",
        "event_narrative": "Mesonet station VLVI1 10 N Macks Inn."
      },
      "geometry": {
        "type": "Point",
        "coordinates": [
          -111.33,
          44.65
        ]
      }
    },
    {
      "type": "Feature",
      "id": "iem-lsr-PIH-104",
      "properties": {
        "report_id": "iem-lsr-PIH-104",
        "report_type": "RAIN",
        "event_category": "other",
        "valid_utc": "202604021745",
        "standard_time_display": "2026-04-02 10:45 MST",
        "wfo": "PIH",
        "county_or_zone": "Fremont",
        "city": "10 N Macks Inn",
        "state": "ID",
        "magnitude": 0.54,
        "magnitude_units": null,
        "source": "Mesonet",
        "event_narrative": "Mesonet station VLVI1 10 N Macks Inn."
      },
      "geometry": {
        "type": "Point",
        "coordinates": [
          -111.33,
          44.65
        ]
      }
    },
    {
      "type": "Feature",
      "id": "iem-lsr-PIH-105",
      "properties": {
        "report_id": "iem-lsr-PIH-105",
        "report_type": "NON-TSTM WND GST",
        "event_category": "thunderstorm_wind",
        "valid_utc": "202604021745",
        "standard_time_display": "2026-04-02 10:45 MST",
        "wfo": "PIH",
        "county_or_zone": "Butte",
        "city": "8 ESE Berenice",
        "state": "ID",
        "magnitude": 49.0,
        "magnitude_units": null,
        "source": "Mesonet",
        "event_narrative": "Mesonet station ITDD3 D6 Junction Summit ID-22/ID-33."
      },
      "geometry": {
        "type": "Point",
        "coordinates": [
          -112.84,
          43.81
        ]
      }
    },
    {
      "type": "Feature",
      "id": "iem-lsr-PIH-106",
      "properties": {
        "report_id": "iem-lsr-PIH-106",
        "report_type": "TSTM WND GST",
        "event_category": "thunderstorm_wind",
        "valid_utc": "202604021745",
        "standard_time_display": "2026-04-02 10:45 MST",
        "wfo": "PIH",
        "county_or_zone": "Butte",
        "city": "12 E Howe",
        "state": "ID",
        "magnitude": 51.0,
        "magnitude_units": null,
        "source": "Mesonet",
        "event_narrative": "Mesonet station SAN 12 E Howe."
      },
      "geometry": {
        "type": "Point",
        "coordinates": [
          -112.76,
          43.78
        ]
      }
    },
    {
      "type": "Feature",
      "id": "iem-lsr-PIH-107",
      "properties": {
        "report_id": "iem-lsr-PIH-107",
        "report_type": "NON-TSTM WND GST",
        "event_category": "thunderstorm_wind",
        "valid_utc": "202604021745",
        "standard_time_display": "2026-04-02 10:45 MST",
        "wfo": "PIH",
        "county_or_zone": "Minidoka",
        "city": "6 NW Minidoka",
        "state": "ID",
        "magnitude": 51.0,
        "magnitude_units": null,
        "source": "Mesonet",
        "event_narrative": "Mesonet station MIN 6 NW Minidoka."
      },
      "geometry": {
        "type": "Point",
        "coordinates": [
          -113.59,
          42.8
        ]
      }
    },
    {
      "type": "Feature",
      "id": "iem-lsr-PIH-108",
      "properties": {
        "report_id": "iem-lsr-PIH-108",
        "report_type": "NON-TSTM WND GST",
        "event_category": "thunderstorm_wind",
        "valid_utc": "202604021745",
        "standard_time_display": "2026-04-02 10:45 MST",
        "wfo": "PIH",
        "county_or_zone": "Minidoka",
        "city": "6 NW Minidoka",
        "state": "ID",
        "magnitude": 51.0,
        "magnitude_units": null,
        "source": "Mesonet",
        "event_narrative": "Mesonet station SOMIN Minidoka."
      },
      "geometry": {
        "type": "Point",
        "coordinates": [
          -113.59,
          42.8
        ]
      }
    },
    {
      "type": "Feature",
      "id": "iem-lsr-PIH-109",
      "properties": {
        "report_id": "iem-lsr-PIH-109",
        "report_type": "RAIN",
        "event_category": "other",
        "valid_utc": "202604021747",
        "standard_time_display": "2026-04-02 10:47 MST",
        "wfo": "PIH",
        "county_or_zone": "Power",
        "city": "17 W Aberdeen",
        "state": "ID",
        "magnitude": 0.29,
        "magnitude_units": null,
        "source": "Mesonet",
        "event_narrative": "Mesonet station CYFI1 17 W Aberdeen."
      },
      "geometry": {
        "type": "Point",
        "coordinates": [
          -113.18,
          42.99
        ]
      }
    },
    {
      "type": "Feature",
      "id": "iem-lsr-PIH-110",
      "properties": {
        "report_id": "iem-lsr-PIH-110",
        "report_type": "RAIN",
        "event_category": "other",
        "valid_utc": "202604021747",
        "standard_time_display": "2026-04-02 10:47 MST",
        "wfo": "PIH",
        "county_or_zone": "Power",
        "city": "17 W Aberdeen",
        "state": "ID",
        "magnitude": 0.31,
        "magnitude_units": null,
        "source": "Mesonet",
        "event_narrative": "Mesonet station CYFI1 17 W Aberdeen."
      },
      "geometry": {
        "type": "Point",
        "coordinates": [
          -113.18,
          42.99
        ]
      }
    },
    {
      "type": "Feature",
      "id": "iem-lsr-PIH-111",
      "properties": {
        "report_id": "iem-lsr-PIH-111",
        "report_type": "TSTM WND GST",
        "event_category": "thunderstorm_wind",
        "valid_utc": "202604021750",
        "standard_time_display": "2026-04-02 10:50 MST",
        "wfo": "PIH",
        "county_or_zone": "Butte",
        "city": "12 E Howe",
        "state": "ID",
        "magnitude": 51.0,
        "magnitude_units": null,
        "source": "Mesonet",
        "event_narrative": "Mesonet station SOSAN Sand Dunes."
      },
      "geometry": {
        "type": "Point",
        "coordinates": [
          -112.76,
          43.78
        ]
      }
    },
    {
      "type": "Feature",
      "id": "iem-lsr-PIH-112",
      "properties": {
        "report_id": "iem-lsr-PIH-112",
        "report_type": "RAIN",
        "event_category": "other",
        "valid_utc": "202604021751",
        "standard_time_display": "2026-04-02 09:51 PST",
        "wfo": "PIH",
        "county_or_zone": "Custer",
        "city": "3 S Stanley",
        "state": "ID",
        "magnitude": 0.47,
        "magnitude_units": null,
        "source": "ASOS",
        "event_narrative": "ASOS station KSNT Stanley Airport."
      },
      "geometry": {
        "type": "Point",
        "coordinates": [
          -114.93,
          44.17
        ]
      }
    },
    {
      "type": "Feature",
      "id": "iem-lsr-PIH-113",
      "properties": {
        "report_id": "iem-lsr-PIH-113",
        "report_type": "RAIN",
        "event_category": "other",
        "valid_utc": "202604021751",
        "standard_time_display": "2026-04-02 09:51 PST",
        "wfo": "PIH",
        "county_or_zone": "Custer",
        "city": "3 S Stanley",
        "state": "ID",
        "magnitude": 0.64,
        "magnitude_units": null,
        "source": "ASOS",
        "event_narrative": "ASOS station KSNT Stanley Airport."
      },
      "geometry": {
        "type": "Point",
        "coordinates": [
          -114.93,
          44.17
        ]
      }
    },
    {
      "type": "Feature",
      "id": "iem-lsr-PIH-114",
      "properties": {
        "report_id": "iem-lsr-PIH-114",
        "report_type": "RAIN",
        "event_category": "other",
        "valid_utc": "202604021753",
        "standard_time_display": "2026-04-02 10:53 MST",
        "wfo": "PIH",
        "county_or_zone": "Minidoka",
        "city": "Heyburn",
        "state": "ID",
        "magnitude": 0.32,
        "magnitude_units": null,
        "source": "ASOS",
        "event_narrative": "ASOS station KBYI Burley Municipal Airport."
      },
      "geometry": {
        "type": "Point",
        "coordinates": [
          -113.77,
          42.55
        ]
      }
    },
    {
      "type": "Feature",
      "id": "iem-lsr-PIH-115",
      "properties": {
        "report_id": "iem-lsr-PIH-115",
        "report_type": "RAIN",
        "event_category": "other",
        "valid_utc": "202604021753",
        "standard_time_display": "2026-04-02 10:53 MST",
        "wfo": "PIH",
        "county_or_zone": "Minidoka",
        "city": "Heyburn",
        "state": "ID",
        "magnitude": 0.33,
        "magnitude_units": null,
        "source": "ASOS",
        "event_narrative": "ASOS station KBYI Burley Municipal Airport."
      },
      "geometry": {
        "type": "Point",
        "coordinates": [
          -113.77,
          42.55
        ]
      }
    },
    {
      "type": "Feature",
      "id": "iem-lsr-PIH-116",
      "properties": {
        "report_id": "iem-lsr-PIH-116",
        "report_type": "RAIN",
        "event_category": "other",
        "valid_utc": "202604021753",
        "standard_time_display": "2026-04-02 10:53 MST",
        "wfo": "PIH",
        "county_or_zone": "Power",
        "city": "1 S Michaud",
        "state": "ID",
        "magnitude": 0.43,
        "magnitude_units": null,
        "source": "ASOS",
        "event_narrative": "ASOS station KPIH Pocatello Regional Airport."
      },
      "geometry": {
        "type": "Point",
        "coordinates": [
          -112.57,
          42.92
        ]
      }
    },
    {
      "type": "Feature",
      "id": "iem-lsr-PIH-117",
      "properties": {
        "report_id": "iem-lsr-PIH-117",
        "report_type": "RAIN",
        "event_category": "other",
        "valid_utc": "202604021754",
        "standard_time_display": "2026-04-02 10:54 MST",
        "wfo": "PIH",
        "county_or_zone": "Fremont",
        "city": "Island Park",
        "state": "ID",
        "magnitude": 0.27,
        "magnitude_units": null,
        "source": "Mesonet",
        "event_narrative": "Mesonet station IPFI1 1 SW Island Park."
      },
      "geometry": {
        "type": "Point",
        "coordinates": [
          -111.37,
          44.42
        ]
      }
    },
    {
      "type": "Feature",
      "id": "iem-lsr-PIH-118",
      "properties": {
        "report_id": "iem-lsr-PIH-118",
        "report_type": "RAIN",
        "event_category": "other",
        "valid_utc": "202604021754",
        "standard_time_display": "2026-04-02 10:54 MST",
        "wfo": "PIH",
        "county_or_zone": "Fremont",
        "city": "Island Park",
        "state": "ID",
        "magnitude": 0.33,
        "magnitude_units": null,
        "source": "Mesonet",
        "event_narrative": "Mesonet station IPFI1 1 SW Island Park."
      },
      "geometry": {
        "type": "Point",
        "coordinates": [
          -111.37,
          44.42
        ]
      }
    },
    {
      "type": "Feature",
      "id": "iem-lsr-PIH-119",
      "properties": {
        "report_id": "iem-lsr-PIH-119",
        "report_type": "RAIN",
        "event_category": "other",
        "valid_utc": "202604021756",
        "standard_time_display": "2026-04-02 10:56 MST",
        "wfo": "PIH",
        "county_or_zone": "Teton",
        "city": "2 NNE Driggs",
        "state": "ID",
        "magnitude": 0.27,
        "magnitude_units": null,
        "source": "AWOS",
        "event_narrative": "AWOS station KDIJ Driggs-Reed Memorial Airport."
      },
      "geometry": {
        "type": "Point",
        "coordinates": [
          -111.1,
          43.75
        ]
      }
    },
    {
      "type": "Feature",
      "id": "iem-lsr-PIH-120",
      "properties": {
        "report_id": "iem-lsr-PIH-120",
        "report_type": "RAIN",
        "event_category": "other",
        "valid_utc": "202604021800",
        "standard_time_display": "2026-04-02 11:00 MST",
        "wfo": "PIH",
        "county_or_zone": "Teton",
        "city": "6 WSW Victor",
        "state": "ID",
        "magnitude": 0.25,
        "magnitude_units": null,
        "source": "Mesonet",
        "event_narrative": "Mesonet station ITDE6 D6 Pine Creek Pass ID-31."
      },
      "geometry": {
        "type": "Point",
        "coordinates": [
          -111.22,
          43.57
        ]
      }
    },
    {
      "type": "Feature",
      "id": "iem-lsr-PIH-121",
      "properties": {
        "report_id": "iem-lsr-PIH-121",
        "report_type": "RAIN",
        "event_category": "other",
        "valid_utc": "202604021800",
        "standard_time_display": "2026-04-02 11:00 MST",
        "wfo": "PIH",
        "county_or_zone": "Jefferson",
        "city": "2 E Rigby",
        "state": "ID",
        "magnitude": 0.26,
        "magnitude_units": null,
        "source": "Mesonet",
        "event_narrative": "Mesonet station RGBI 2 E Rigby."
      },
      "geometry": {
        "type": "Point",
        "coordinates": [
          -111.88,
          43.68
        ]
      }
    },
    {
      "type": "Feature",
      "id": "iem-lsr-PIH-122",
      "properties": {
        "report_id": "iem-lsr-PIH-122",
        "report_type": "RAIN",
        "event_category": "other",
        "valid_utc": "202604021800",
        "standard_time_display": "2026-04-02 11:00 MST",
        "wfo": "PIH",
        "county_or_zone": "Minidoka",
        "city": "3 WSW Paul",
        "state": "ID",
        "magnitude": 0.26,
        "magnitude_units": null,
        "source": "Mesonet",
        "event_narrative": "Mesonet station RPTI 3 WSW Paul."
      },
      "geometry": {
        "type": "Point",
        "coordinates": [
          -113.84,
          42.59
        ]
      }
    },
    {
      "type": "Feature",
      "id": "iem-lsr-PIH-123",
      "properties": {
        "report_id": "iem-lsr-PIH-123",
        "report_type": "RAIN",
        "event_category": "other",
        "valid_utc": "202604021800",
        "standard_time_display": "2026-04-02 11:00 MST",
        "wfo": "PIH",
        "county_or_zone": "Oneida",
        "city": "4 SSE Cherry Creek",
        "state": "ID",
        "magnitude": 0.26,
        "magnitude_units": null,
        "source": "Mesonet",
        "event_narrative": "Mesonet station ITDC2 D5 Samaria I-15."
      },
      "geometry": {
        "type": "Point",
        "coordinates": [
          -112.21,
          42.04
        ]
      }
    },
    {
      "type": "Feature",
      "id": "iem-lsr-PIH-124",
      "properties": {
        "report_id": "iem-lsr-PIH-124",
        "report_type": "RAIN",
        "event_category": "other",
        "valid_utc": "202604021800",
        "standard_time_display": "2026-04-02 11:00 MST",
        "wfo": "PIH",
        "county_or_zone": "Bear Lake",
        "city": "4 NNW Georgetown",
        "state": "ID",
        "magnitude": 0.27,
        "magnitude_units": null,
        "source": "Mesonet",
        "event_narrative": "Mesonet station 2249 D5 Georgetown Summit US-30."
      },
      "geometry": {
        "type": "Point",
        "coordinates": [
          -111.4,
          42.53
        ]
      }
    },
    {
      "type": "Feature",
      "id": "iem-lsr-PIH-125",
      "properties": {
        "report_id": "iem-lsr-PIH-125",
        "report_type": "RAIN",
        "event_category": "other",
        "valid_utc": "202604021800",
        "standard_time_display": "2026-04-02 11:00 MST",
        "wfo": "PIH",
        "county_or_zone": "Bear Lake",
        "city": "1 SSE Bloomington",
        "state": "ID",
        "magnitude": 0.28,
        "magnitude_units": null,
        "source": "Mesonet",
        "event_narrative": "Mesonet station ITDD6 D5 Bloomington US-89."
      },
      "geometry": {
        "type": "Point",
        "coordinates": [
          -111.4,
          42.18
        ]
      }
    },
    {
      "type": "Feature",
      "id": "iem-lsr-PIH-126",
      "properties": {
        "report_id": "iem-lsr-PIH-126",
        "report_type": "RAIN",
        "event_category": "other",
        "valid_utc": "202604021800",
        "standard_time_display": "2026-04-02 11:00 MST",
        "wfo": "PIH",
        "county_or_zone": "Cassia",
        "city": "7 NNW Idahome",
        "state": "ID",
        "magnitude": 0.28,
        "magnitude_units": null,
        "source": "Mesonet",
        "event_narrative": "Mesonet station 3258 D4 Yale I-84."
      },
      "geometry": {
        "type": "Point",
        "coordinates": [
          -113.42,
          42.52
        ]
      }
    },
    {
      "type": "Feature",
      "id": "iem-lsr-PIH-127",
      "properties": {
        "report_id": "iem-lsr-PIH-127",
        "report_type": "RAIN",
        "event_category": "other",
        "valid_utc": "202604021800",
        "standard_time_display": "2026-04-02 11:00 MST",
        "wfo": "PIH",
        "county_or_zone": "Bonneville",
        "city": "2 NE Osgood",
        "state": "ID",
        "magnitude": 0.29,
        "magnitude_units": null,
        "source": "Mesonet",
        "event_narrative": "Mesonet station OSGI 2 NE Osgood."
      },
      "geometry": {
        "type": "Point",
        "coordinates": [
          -112.08,
          43.59
        ]
      }
    },
    {
      "type": "Feature",
      "id": "iem-lsr-PIH-128",
      "properties": {
        "report_id": "iem-lsr-PIH-128",
        "report_type": "RAIN",
        "event_category": "other",
        "valid_utc": "202604021800",
        "standard_time_display": "2026-04-02 11:00 MST",
        "wfo": "PIH",
        "county_or_zone": "Bingham",
        "city": "10 SE Bone",
        "state": "ID",
        "magnitude": 0.3,
        "magnitude_units": null,
        "source": "Mesonet",
        "event_narrative": "Mesonet station SPMI1 9.5 SE Bone (SNOTEL)."
      },
      "geometry": {
        "type": "Point",
        "coordinates": [
          -111.69,
          43.21
        ]
      }
    },
    {
      "type": "Feature",
      "id": "iem-lsr-PIH-129",
      "properties": {
        "report_id": "iem-lsr-PIH-129",
        "report_type": "RAIN",
        "event_category": "other",
        "valid_utc": "202604021800",
        "standard_time_display": "2026-04-02 11:00 MST",
        "wfo": "PIH",
        "county_or_zone": "Bannock",
        "city": "2 E Chubbuck",
        "state": "ID",
        "magnitude": 0.3,
        "magnitude_units": null,
        "source": "Mesonet",
        "event_narrative": "Mesonet station FW8877 2 E Chubbuck."
      },
      "geometry": {
        "type": "Point",
        "coordinates": [
          -112.42,
          42.92
        ]
      }
    },
    {
      "type": "Feature",
      "id": "iem-lsr-PIH-130",
      "properties": {
        "report_id": "iem-lsr-PIH-130",
        "report_type": "RAIN",
        "event_category": "other",
        "valid_utc": "202604021800",
        "standard_time_display": "2026-04-02 11:00 MST",
        "wfo": "PIH",
        "county_or_zone": "Oneida",
        "city": "6 W Oxford",
        "state": "ID",
        "magnitude": 0.3,
        "magnitude_units": null,
        "source": "Mesonet",
        "event_narrative": "Mesonet station OXSI1 5.6 W Oxford (SNOTEL)."
      },
      "geometry": {
        "type": "Point",
        "coordinates": [
          -112.13,
          42.26
        ]
      }
    },
    {
      "type": "Feature",
      "id": "iem-lsr-PIH-131",
      "properties": {
        "report_id": "iem-lsr-PIH-131",
        "report_type": "RAIN",
        "event_category": "other",
        "valid_utc": "202604021800",
        "standard_time_display": "2026-04-02 11:00 MST",
        "wfo": "PIH",
        "county_or_zone": "Bannock",
        "city": "8 S Pocatello",
        "state": "ID",
        "magnitude": 0.3,
        "magnitude_units": null,
        "source": "Mesonet",
        "event_narrative": "Mesonet station WHDI1 8.2 S Pocatello (SNOTEL)."
      },
      "geometry": {
        "type": "Point",
        "coordinates": [
          -112.48,
          42.76
        ]
      }
    },
    {
      "type": "Feature",
      "id": "iem-lsr-PIH-132",
      "properties": {
        "report_id": "iem-lsr-PIH-132",
        "report_type": "RAIN",
        "event_category": "other",
        "valid_utc": "202604021800",
        "standard_time_display": "2026-04-02 11:00 MST",
        "wfo": "PIH",
        "county_or_zone": "Bonneville",
        "city": "1 WSW Poplar",
        "state": "ID",
        "magnitude": 0.31,
        "magnitude_units": null,
        "source": "Mesonet",
        "event_narrative": "Mesonet station RRII 1 WSW Poplar."
      },
      "geometry": {
        "type": "Point",
        "coordinates": [
          -111.7,
          43.61
        ]
      }
    },
    {
      "type": "Feature",
      "id": "iem-lsr-PIH-133",
      "properties": {
        "report_id": "iem-lsr-PIH-133",
        "report_type": "RAIN",
        "event_category": "other",
        "valid_utc": "202604021800",
        "standard_time_display": "2026-04-02 11:00 MST",
        "wfo": "PIH",
        "county_or_zone": "Bannock",
        "city": "2 NW Pocatello",
        "state": "ID",
        "magnitude": 0.31,
        "magnitude_units": null,
        "source": "Mesonet",
        "event_narrative": "Mesonet station FW4083 2 NW Pocatello."
      },
      "geometry": {
        "type": "Point",
        "coordinates": [
          -112.5,
          42.9
        ]
      }
    },
    {
      "type": "Feature",
      "id": "iem-lsr-PIH-134",
      "properties": {
        "report_id": "iem-lsr-PIH-134",
        "report_type": "RAIN",
        "event_category": "other",
        "valid_utc": "202604021800",
        "standard_time_display": "2026-04-02 11:00 MST",
        "wfo": "PIH",
        "county_or_zone": "Bear Lake",
        "city": "2 WNW Sharon",
        "state": "ID",
        "magnitude": 0.31,
        "magnitude_units": null,
        "source": "Mesonet",
        "event_narrative": "Mesonet station ITDD4 D5 Emigration Canyon ID-36."
      },
      "geometry": {
        "type": "Point",
        "coordinates": [
          -111.5,
          42.36
        ]
      }
    },
    {
      "type": "Feature",
      "id": "iem-lsr-PIH-135",
      "properties": {
        "report_id": "iem-lsr-PIH-135",
        "report_type": "RAIN",
        "event_category": "other",
        "valid_utc": "202604021800",
        "standard_time_display": "2026-04-02 10:00 PST",
        "wfo": "PIH",
        "county_or_zone": "Blaine",
        "city": "6 SSE Obsidian",
        "state": "ID",
        "magnitude": 0.32,
        "magnitude_units": null,
        "source": "Mesonet",
        "event_narrative": "Mesonet station 3019 D4 Smiley Creek Airport ID-75."
      },
      "geometry": {
        "type": "Point",
        "coordinates": [
          -114.8,
          43.91
        ]
      }
    },
    {
      "type": "Feature",
      "id": "iem-lsr-PIH-136",
      "properties": {
        "report_id": "iem-lsr-PIH-136",
        "report_type": "RAIN",
        "event_category": "other",
        "valid_utc": "202604021800",
        "standard_time_display": "2026-04-02 11:00 MST",
        "wfo": "PIH",
        "county_or_zone": "Bannock",
        "city": "1 WSW Lava Hot Springs",
        "state": "ID",
        "magnitude": 0.33,
        "magnitude_units": null,
        "source": "Mesonet",
        "event_narrative": "Mesonet station GW0773 1 WSW Lava Hot Springs."
      },
      "geometry": {
        "type": "Point",
        "coordinates": [
          -112.03,
          42.61
        ]
      }
    },
    {
      "type": "Feature",
      "id": "iem-lsr-PIH-137",
      "properties": {
        "report_id": "iem-lsr-PIH-137",
        "report_type": "RAIN",
        "event_category": "other",
        "valid_utc": "202604021800",
        "standard_time_display": "2026-04-02 11:00 MST",
        "wfo": "PIH",
        "county_or_zone": "Fremont",
        "city": "8 NW Warm River",
        "state": "ID",
        "magnitude": 0.35,
        "magnitude_units": null,
        "source": "Mesonet",
        "event_narrative": "Mesonet station 9001 D6 Sheep Falls US-20."
      },
      "geometry": {
        "type": "Point",
        "coordinates": [
          -111.45,
          44.19
        ]
      }
    },
    {
      "type": "Feature",
      "id": "iem-lsr-PIH-138",
      "properties": {
        "report_id": "iem-lsr-PIH-138",
        "report_type": "RAIN",
        "event_category": "other",
        "valid_utc": "202604021800",
        "standard_time_display": "2026-04-02 11:00 MST",
        "wfo": "PIH",
        "county_or_zone": "Bannock",
        "city": "2 SE Pocatello",
        "state": "ID",
        "magnitude": 0.38,
        "magnitude_units": null,
        "source": "Mesonet",
        "event_narrative": "Mesonet station FW6372 2 SE Pocatello."
      },
      "geometry": {
        "type": "Point",
        "coordinates": [
          -112.43,
          42.86
        ]
      }
    },
    {
      "type": "Feature",
      "id": "iem-lsr-PIH-139",
      "properties": {
        "report_id": "iem-lsr-PIH-139",
        "report_type": "RAIN",
        "event_category": "other",
        "valid_utc": "202604021800",
        "standard_time_display": "2026-04-02 10:00 PST",
        "wfo": "PIH",
        "county_or_zone": "Custer",
        "city": "11 NE Custer",
        "state": "ID",
        "magnitude": 0.4,
        "magnitude_units": null,
        "source": "Mesonet",
        "event_narrative": "Mesonet station MLKI1 11.3 NE Custer (SNOTEL)."
      },
      "geometry": {
        "type": "Point",
        "coordinates": [
          -114.49,
          44.47
        ]
      }
    },
    {
      "type": "Feature",
      "id": "iem-lsr-PIH-140",
      "properties": {
        "report_id": "iem-lsr-PIH-140",
        "report_type": "RAIN",
        "event_category": "other",
        "valid_utc": "202604021800",
        "standard_time_display": "2026-04-02 11:00 MST",
        "wfo": "PIH",
        "county_or_zone": "Bannock",
        "city": "7 SSE Lava Hot Springs",
        "state": "ID",
        "magnitude": 0.4,
        "magnitude_units": null,
        "source": "Mesonet",
        "event_narrative": "Mesonet station SEPI1 7.1 SE Lava Hot Springs (SNOTEL)."
      },
      "geometry": {
        "type": "Point",
        "coordinates": [
          -111.96,
          42.52
        ]
      }
    },
    {
      "type": "Feature",
      "id": "iem-lsr-PIH-141",
      "properties": {
        "report_id": "iem-lsr-PIH-141",
        "report_type": "RAIN",
        "event_category": "other",
        "valid_utc": "202604021800",
        "standard_time_display": "2026-04-02 11:00 MST",
        "wfo": "PIH",
        "county_or_zone": "Bingham",
        "city": "1 SW Gibson",
        "state": "ID",
        "magnitude": 0.42,
        "magnitude_units": null,
        "source": "Mesonet",
        "event_narrative": "Mesonet station FTHI 1 SW Gibson."
      },
      "geometry": {
        "type": "Point",
        "coordinates": [
          -112.43,
          43.07
        ]
      }
    },
    {
      "type": "Feature",
      "id": "iem-lsr-PIH-142",
      "properties": {
        "report_id": "iem-lsr-PIH-142",
        "report_type": "RAIN",
        "event_category": "other",
        "valid_utc": "202604021800",
        "standard_time_display": "2026-04-02 11:00 MST",
        "wfo": "PIH",
        "county_or_zone": "Caribou",
        "city": "1 NW Niter",
        "state": "ID",
        "magnitude": 0.43,
        "magnitude_units": null,
        "source": "Mesonet",
        "event_narrative": "Mesonet station GREI 1 NW Niter."
      },
      "geometry": {
        "type": "Point",
        "coordinates": [
          -111.74,
          42.52
        ]
      }
    },
    {
      "type": "Feature",
      "id": "iem-lsr-PIH-143",
      "properties": {
        "report_id": "iem-lsr-PIH-143",
        "report_type": "RAIN",
        "event_category": "other",
        "valid_utc": "202604021800",
        "standard_time_display": "2026-04-02 11:00 MST",
        "wfo": "PIH",
        "county_or_zone": "Fremont",
        "city": "1 WSW Island Park",
        "state": "ID",
        "magnitude": 0.5,
        "magnitude_units": null,
        "source": "Mesonet",
        "event_narrative": "Mesonet station ISPI1 0.8 W Island Park (SNOTEL)."
      },
      "geometry": {
        "type": "Point",
        "coordinates": [
          -111.39,
          44.42
        ]
      }
    },
    {
      "type": "Feature",
      "id": "iem-lsr-PIH-144",
      "properties": {
        "report_id": "iem-lsr-PIH-144",
        "report_type": "RAIN",
        "event_category": "other",
        "valid_utc": "202604021800",
        "standard_time_display": "2026-04-02 11:00 MST",
        "wfo": "PIH",
        "county_or_zone": "Franklin",
        "city": "5 W Sharon",
        "state": "ID",
        "magnitude": 0.5,
        "magnitude_units": null,
        "source": "Mesonet",
        "event_narrative": "Mesonet station EMSI1 4.7 W Sharon (SNOTEL)."
      },
      "geometry": {
        "type": "Point",
        "coordinates": [
          -111.56,
          42.36
        ]
      }
    },
    {
      "type": "Feature",
      "id": "iem-lsr-PIH-145",
      "properties": {
        "report_id": "iem-lsr-PIH-145",
        "report_type": "RAIN",
        "event_category": "other",
        "valid_utc": "202604021800",
        "standard_time_display": "2026-04-02 10:00 PST",
        "wfo": "PIH",
        "county_or_zone": "Blaine",
        "city": "3 SSE Gannett",
        "state": "ID",
        "magnitude": 0.65,
        "magnitude_units": null,
        "source": "Mesonet",
        "event_narrative": "Mesonet station PICI 3 SSE Gannett."
      },
      "geometry": {
        "type": "Point",
        "coordinates": [
          -114.17,
          43.31
        ]
      }
    },
    {
      "type": "Feature",
      "id": "iem-lsr-PIH-146",
      "properties": {
        "report_id": "iem-lsr-PIH-146",
        "report_type": "RAIN",
        "event_category": "other",
        "valid_utc": "202604021800",
        "standard_time_display": "2026-04-02 11:00 MST",
        "wfo": "PIH",
        "county_or_zone": "Custer",
        "city": "10 NE Mackay",
        "state": "ID",
        "magnitude": 0.7,
        "magnitude_units": null,
        "source": "Mesonet",
        "event_narrative": "Mesonet station HLTI1 10.1 NE Mackay (SNOTEL)."
      },
      "geometry": {
        "type": "Point",
        "coordinates": [
          -113.47,
          44.02
        ]
      }
    },
    {
      "type": "Feature",
      "id": "iem-lsr-PIH-147",
      "properties": {
        "report_id": "iem-lsr-PIH-147",
        "report_type": "RAIN",
        "event_category": "other",
        "valid_utc": "202604021800",
        "standard_time_display": "2026-04-02 11:00 MST",
        "wfo": "PIH",
        "county_or_zone": "Blaine",
        "city": "10 SSW Grouse",
        "state": "ID",
        "magnitude": 0.7,
        "magnitude_units": null,
        "source": "Mesonet",
        "event_narrative": "Mesonet station FSHI1 Fish Creek."
      },
      "geometry": {
        "type": "Point",
        "coordinates": [
          -113.72,
          43.56
        ]
      }
    },
    {
      "type": "Feature",
      "id": "iem-lsr-PIH-148",
      "properties": {
        "report_id": "iem-lsr-PIH-148",
        "report_type": "RAIN",
        "event_category": "other",
        "valid_utc": "202604021800",
        "standard_time_display": "2026-04-02 10:00 PST",
        "wfo": "PIH",
        "county_or_zone": "Custer",
        "city": "14 NNE Sun Valley",
        "state": "ID",
        "magnitude": 0.7,
        "magnitude_units": null,
        "source": "Mesonet",
        "event_narrative": "Mesonet station STMI1 13.8 NE Sun Valley (SNOTEL)."
      },
      "geometry": {
        "type": "Point",
        "coordinates": [
          -114.21,
          43.86
        ]
      }
    },
    {
      "type": "Feature",
      "id": "iem-lsr-PIH-149",
      "properties": {
        "report_id": "iem-lsr-PIH-149",
        "report_type": "RAIN",
        "event_category": "other",
        "valid_utc": "202604021800",
        "standard_time_display": "2026-04-02 10:00 PST",
        "wfo": "PIH",
        "county_or_zone": "Cassia",
        "city": "17 WSW Oakley",
        "state": "ID",
        "magnitude": 0.7,
        "magnitude_units": null,
        "source": "Mesonet",
        "event_narrative": "Mesonet station BTRI1 17.0 W Marion (SNOTEL)."
      },
      "geometry": {
        "type": "Point",
        "coordinates": [
          -114.19,
          42.16
        ]
      }
    },
    {
      "type": "Feature",
      "id": "iem-lsr-PIH-150",
      "properties": {
        "report_id": "iem-lsr-PIH-150",
        "report_type": "RAIN",
        "event_category": "other",
        "valid_utc": "202604021800",
        "standard_time_display": "2026-04-02 11:00 MST",
        "wfo": "PIH",
        "county_or_zone": "Blaine",
        "city": "18 WSW Grouse",
        "state": "ID",
        "magnitude": 0.7,
        "magnitude_units": null,
        "source": "Mesonet",
        "event_narrative": "Mesonet station SWPI1 22.5 N Carey (SNOTEL)."
      },
      "geometry": {
        "type": "Point",
        "coordinates": [
          -113.97,
          43.63
        ]
      }
    },
    {
      "type": "Feature",
      "id": "iem-lsr-PIH-151",
      "properties": {
        "report_id": "iem-lsr-PIH-151",
        "report_type": "RAIN",
        "event_category": "other",
        "valid_utc": "202604021800",
        "standard_time_display": "2026-04-02 10:00 PST",
        "wfo": "PIH",
        "county_or_zone": "Blaine",
        "city": "1 WNW Galena",
        "state": "ID",
        "magnitude": 0.7,
        "magnitude_units": null,
        "source": "Mesonet",
        "event_narrative": "Mesonet station GLNI1 1.2 W Galena (SNOTEL)."
      },
      "geometry": {
        "type": "Point",
        "coordinates": [
          -114.67,
          43.88
        ]
      }
    },
    {
      "type": "Feature",
      "id": "iem-lsr-PIH-152",
      "properties": {
        "report_id": "iem-lsr-PIH-152",
        "report_type": "RAIN",
        "event_category": "other",
        "valid_utc": "202604021800",
        "standard_time_display": "2026-04-02 11:00 MST",
        "wfo": "PIH",
        "county_or_zone": "Caribou",
        "city": "2 SSE Wayan",
        "state": "ID",
        "magnitude": 0.7,
        "magnitude_units": null,
        "source": "Mesonet",
        "event_narrative": "Mesonet station SORI1 2.0 S Wayan (SNOTEL)."
      },
      "geometry": {
        "type": "Point",
        "coordinates": [
          -111.36,
          42.95
        ]
      }
    },
    {
      "type": "Feature",
      "id": "iem-lsr-PIH-153",
      "properties": {
        "report_id": "iem-lsr-PIH-153",
        "report_type": "RAIN",
        "event_category": "other",
        "valid_utc": "202604021800",
        "standard_time_display": "2026-04-02 11:00 MST",
        "wfo": "PIH",
        "county_or_zone": "Cassia",
        "city": "6 NW Elba",
        "state": "ID",
        "magnitude": 0.7,
        "magnitude_units": null,
        "source": "Mesonet",
        "event_narrative": "Mesonet station HWCI1 6.5 S Albion (SNOTEL)."
      },
      "geometry": {
        "type": "Point",
        "coordinates": [
          -113.62,
          42.32
        ]
      }
    },
    {
      "type": "Feature",
      "id": "iem-lsr-PIH-154",
      "properties": {
        "report_id": "iem-lsr-PIH-154",
        "report_type": "RAIN",
        "event_category": "other",
        "valid_utc": "202604021800",
        "standard_time_display": "2026-04-02 10:00 PST",
        "wfo": "PIH",
        "county_or_zone": "Blaine",
        "city": "9 ENE Sun Valley",
        "state": "ID",
        "magnitude": 0.7,
        "magnitude_units": null,
        "source": "Mesonet",
        "event_narrative": "Mesonet station HYNI1 8.7 E Sun Valley (SNOTEL)."
      },
      "geometry": {
        "type": "Point",
        "coordinates": [
          -114.16,
          43.71
        ]
      }
    },
    {
      "type": "Feature",
      "id": "iem-lsr-PIH-155",
      "properties": {
        "report_id": "iem-lsr-PIH-155",
        "report_type": "RAIN",
        "event_category": "other",
        "valid_utc": "202604021800",
        "standard_time_display": "2026-04-02 11:00 MST",
        "wfo": "PIH",
        "county_or_zone": "Custer",
        "city": "11 WNW Grouse",
        "state": "ID",
        "magnitude": 0.8,
        "magnitude_units": null,
        "source": "Mesonet",
        "event_narrative": "Mesonet station SMMI1 11.2 W Grouse (SNOTEL)."
      },
      "geometry": {
        "type": "Point",
        "coordinates": [
          -113.83,
          43.73
        ]
      }
    },
    {
      "type": "Feature",
      "id": "iem-lsr-PIH-156",
      "properties": {
        "report_id": "iem-lsr-PIH-156",
        "report_type": "RAIN",
        "event_category": "other",
        "valid_utc": "202604021800",
        "standard_time_display": "2026-04-02 11:00 MST",
        "wfo": "PIH",
        "county_or_zone": "Caribou",
        "city": "5 WNW Pebble",
        "state": "ID",
        "magnitude": 0.8,
        "magnitude_units": null,
        "source": "Mesonet",
        "event_narrative": "Mesonet station PEBI1 Pebble Creek."
      },
      "geometry": {
        "type": "Point",
        "coordinates": [
          -112.11,
          42.77
        ]
      }
    },
    {
      "type": "Feature",
      "id": "iem-lsr-PIH-157",
      "properties": {
        "report_id": "iem-lsr-PIH-157",
        "report_type": "RAIN",
        "event_category": "other",
        "valid_utc": "202604021800",
        "standard_time_display": "2026-04-02 10:00 PST",
        "wfo": "PIH",
        "county_or_zone": "Blaine",
        "city": "11 WSW Galena",
        "state": "ID",
        "magnitude": 1.0,
        "magnitude_units": null,
        "source": "Mesonet",
        "event_narrative": "Mesonet station VNNI1 13.9 S Obsidian (SNOTEL)."
      },
      "geometry": {
        "type": "Point",
        "coordinates": [
          -114.85,
          43.8
        ]
      }
    },
    {
      "type": "Feature",
      "id": "iem-lsr-PIH-158",
      "properties": {
        "report_id": "iem-lsr-PIH-158",
        "report_type": "RAIN",
        "event_category": "other",
        "valid_utc": "202604021800",
        "standard_time_display": "2026-04-02 11:00 MST",
        "wfo": "PIH",
        "county_or_zone": "Custer",
        "city": "16 WNW Grouse",
        "state": "ID",
        "magnitude": 1.0,
        "magnitude_units": null,
        "source": "Mesonet",
        "event_narrative": "Mesonet station BECI1 16.5 W Grouse (SNOTEL)."
      },
      "geometry": {
        "type": "Point",
        "coordinates": [
          -113.94,
          43.74
        ]
      }
    },
    {
      "type": "Feature",
      "id": "iem-lsr-PIH-159",
      "properties": {
        "report_id": "iem-lsr-PIH-159",
        "report_type": "RAIN",
        "event_category": "other",
        "valid_utc": "202604021800",
        "standard_time_display": "2026-04-02 10:00 PST",
        "wfo": "PIH",
        "county_or_zone": "Blaine",
        "city": "16 WSW Ketchum",
        "state": "ID",
        "magnitude": 1.0,
        "magnitude_units": null,
        "source": "Mesonet",
        "event_narrative": "Mesonet station DHDI1 17.1 NE Soldier (SNOTEL)."
      },
      "geometry": {
        "type": "Point",
        "coordinates": [
          -114.67,
          43.6
        ]
      }
    },
    {
      "type": "Feature",
      "id": "iem-lsr-PIH-160",
      "properties": {
        "report_id": "iem-lsr-PIH-160",
        "report_type": "RAIN",
        "event_category": "other",
        "valid_utc": "202604021800",
        "standard_time_display": "2026-04-02 11:00 MST",
        "wfo": "PIH",
        "county_or_zone": "Fremont",
        "city": "4 NNE Rea",
        "state": "ID",
        "magnitude": 1.0,
        "magnitude_units": null,
        "source": "Mesonet",
        "event_narrative": "Mesonet station WHEI1 4.4 N Rea (SNOTEL)."
      },
      "geometry": {
        "type": "Point",
        "coordinates": [
          -111.41,
          44.53
        ]
      }
    },
    {
      "type": "Feature",
      "id": "iem-lsr-PIH-161",
      "properties": {
        "report_id": "iem-lsr-PIH-161",
        "report_type": "RAIN",
        "event_category": "other",
        "valid_utc": "202604021800",
        "standard_time_display": "2026-04-02 11:00 MST",
        "wfo": "PIH",
        "county_or_zone": "Franklin",
        "city": "8 ESE Mapleton",
        "state": "ID",
        "magnitude": 1.2,
        "magnitude_units": null,
        "source": "Mesonet",
        "event_narrative": "Mesonet station FBNI1 6.8 NW Beaver Mtn (SNOTEL)."
      },
      "geometry": {
        "type": "Point",
        "coordinates": [
          -111.6,
          42.05
        ]
      }
    },
    {
      "type": "Feature",
      "id": "iem-lsr-PIH-162",
      "properties": {
        "report_id": "iem-lsr-PIH-162",
        "report_type": "RAIN",
        "event_category": "other",
        "valid_utc": "202604021800",
        "standard_time_display": "2026-04-02 11:00 MST",
        "wfo": "PIH",
        "county_or_zone": "Blaine",
        "city": "16 WSW Grouse",
        "state": "ID",
        "magnitude": 1.3,
        "magnitude_units": null,
        "source": "Mesonet",
        "event_narrative": "Mesonet station GARI1 21.5 N Carey (SNOTEL)."
      },
      "geometry": {
        "type": "Point",
        "coordinates": [
          -113.93,
          43.61
        ]
      }
    },
    {
      "type": "Feature",
      "id": "iem-lsr-PIH-163",
      "properties": {
        "report_id": "iem-lsr-PIH-163",
        "report_type": "NON-TSTM WND GST",
        "event_category": "thunderstorm_wind",
        "valid_utc": "202604021800",
        "standard_time_display": "2026-04-02 11:00 MST",
        "wfo": "PIH",
        "county_or_zone": "Butte",
        "city": "11 WSW Monteview",
        "state": "ID",
        "magnitude": 49.0,
        "magnitude_units": null,
        "source": "Mesonet",
        "event_narrative": "Mesonet station LOF INL Specific Manufacturing."
      },
      "geometry": {
        "type": "Point",
        "coordinates": [
          -112.73,
          43.86
        ]
      }
    },
    {
      "type": "Feature",
      "id": "iem-lsr-PIH-164",
      "properties": {
        "report_id": "iem-lsr-PIH-164",
        "report_type": "NON-TSTM WND GST",
        "event_category": "thunderstorm_wind",
        "valid_utc": "202604021800",
        "standard_time_display": "2026-04-02 11:00 MST",
        "wfo": "PIH",
        "county_or_zone": "Jefferson",
        "city": "1 WNW Camas",
        "state": "ID",
        "magnitude": 50.0,
        "magnitude_units": null,
        "source": "Mesonet",
        "event_narrative": "Mesonet station HAM 1 WNW Camas."
      },
      "geometry": {
        "type": "Point",
        "coordinates": [
          -112.24,
          44.01
        ]
      }
    },
    {
      "type": "Feature",
      "id": "iem-lsr-PIH-165",
      "properties": {
        "report_id": "iem-lsr-PIH-165",
        "report_type": "NON-TSTM WND GST",
        "event_category": "thunderstorm_wind",
        "valid_utc": "202604021800",
        "standard_time_display": "2026-04-02 11:00 MST",
        "wfo": "PIH",
        "county_or_zone": "Teton",
        "city": "1 NNE Clementsville",
        "state": "ID",
        "magnitude": 52.0,
        "magnitude_units": null,
        "source": "Mesonet",
        "event_narrative": "Mesonet station 2979 D6 Botts ID-33."
      },
      "geometry": {
        "type": "Point",
        "coordinates": [
          -111.36,
          43.88
        ]
      }
    },
    {
      "type": "Feature",
      "id": "iem-lsr-PIH-166",
      "properties": {
        "report_id": "iem-lsr-PIH-166",
        "report_type": "NON-TSTM WND GST",
        "event_category": "thunderstorm_wind",
        "valid_utc": "202604021800",
        "standard_time_display": "2026-04-02 11:00 MST",
        "wfo": "PIH",
        "county_or_zone": "Jefferson",
        "city": "9 SSW Mud Lake",
        "state": "ID",
        "magnitude": 52.0,
        "magnitude_units": null,
        "source": "Mesonet",
        "event_narrative": "Mesonet station SOROV Rover."
      },
      "geometry": {
        "type": "Point",
        "coordinates": [
          -112.53,
          43.72
        ]
      }
    },
    {
      "type": "Feature",
      "id": "iem-lsr-PIH-167",
      "properties": {
        "report_id": "iem-lsr-PIH-167",
        "report_type": "NON-TSTM WND GST",
        "event_category": "thunderstorm_wind",
        "valid_utc": "202604021800",
        "standard_time_display": "2026-04-02 11:00 MST",
        "wfo": "PIH",
        "county_or_zone": "Butte",
        "city": "6 NW Atomic City",
        "state": "ID",
        "magnitude": 53.0,
        "magnitude_units": null,
        "source": "Mesonet",
        "event_narrative": "Mesonet station 3699 D6 INL Puzzle US-20/US-26."
      },
      "geometry": {
        "type": "Point",
        "coordinates": [
          -112.89,
          43.51
        ]
      }
    },
    {
      "type": "Feature",
      "id": "iem-lsr-PIH-168",
      "properties": {
        "report_id": "iem-lsr-PIH-168",
        "report_type": "RAIN",
        "event_category": "other",
        "valid_utc": "202604021803",
        "standard_time_display": "2026-04-02 11:03 MST",
        "wfo": "PIH",
        "county_or_zone": "Bannock",
        "city": "8 NE Crystal",
        "state": "ID",
        "magnitude": 0.45,
        "magnitude_units": null,
        "source": "Mesonet",
        "event_narrative": "Mesonet station SCTI1 8 NE Crystal."
      },
      "geometry": {
        "type": "Point",
        "coordinates": [
          -112.36,
          42.7
        ]
      }
    },
    {
      "type": "Feature",
      "id": "iem-lsr-PIH-169",
      "properties": {
        "report_id": "iem-lsr-PIH-169",
        "report_type": "NON-TSTM WND GST",
        "event_category": "thunderstorm_wind",
        "valid_utc": "202604021805",
        "standard_time_display": "2026-04-02 11:05 MST",
        "wfo": "PIH",
        "county_or_zone": "Butte",
        "city": "12 ESE Butte City",
        "state": "ID",
        "magnitude": 50.0,
        "magnitude_units": null,
        "source": "Mesonet",
        "event_narrative": "Mesonet station SOLOS Lost River Rest Area."
      },
      "geometry": {
        "type": "Point",
        "coordinates": [
          -113.01,
          43.55
        ]
      }
    },
    {
      "type": "Feature",
      "id": "iem-lsr-PIH-170",
      "properties": {
        "report_id": "iem-lsr-PIH-170",
        "report_type": "NON-TSTM WND GST",
        "event_category": "thunderstorm_wind",
        "valid_utc": "202604021805",
        "standard_time_display": "2026-04-02 11:05 MST",
        "wfo": "PIH",
        "county_or_zone": "Jefferson",
        "city": "9 SSW Mud Lake",
        "state": "ID",
        "magnitude": 51.0,
        "magnitude_units": null,
        "source": "Mesonet",
        "event_narrative": "Mesonet station ROV 9 SSW Mud Lake."
      },
      "geometry": {
        "type": "Point",
        "coordinates": [
          -112.53,
          43.72
        ]
      }
    },
    {
      "type": "Feature",
      "id": "iem-lsr-PIH-171",
      "properties": {
        "report_id": "iem-lsr-PIH-171",
        "report_type": "NON-TSTM WND GST",
        "event_category": "thunderstorm_wind",
        "valid_utc": "202604021805",
        "standard_time_display": "2026-04-02 11:05 MST",
        "wfo": "PIH",
        "county_or_zone": "Butte",
        "city": "12 E Howe",
        "state": "ID",
        "magnitude": 52.0,
        "magnitude_units": null,
        "source": "Mesonet",
        "event_narrative": "Mesonet station SAN 12 E Howe."
      },
      "geometry": {
        "type": "Point",
        "coordinates": [
          -112.76,
          43.78
        ]
      }
    },
    {
      "type": "Feature",
      "id": "iem-lsr-PIH-172",
      "properties": {
        "report_id": "iem-lsr-PIH-172",
        "report_type": "NON-TSTM WND GST",
        "event_category": "thunderstorm_wind",
        "valid_utc": "202604021805",
        "standard_time_display": "2026-04-02 11:05 MST",
        "wfo": "PIH",
        "county_or_zone": "Butte",
        "city": "12 E Howe",
        "state": "ID",
        "magnitude": 52.0,
        "magnitude_units": null,
        "source": "Mesonet",
        "event_narrative": "Mesonet station SOSAN Sand Dunes."
      },
      "geometry": {
        "type": "Point",
        "coordinates": [
          -112.76,
          43.78
        ]
      }
    },
    {
      "type": "Feature",
      "id": "iem-lsr-PIH-173",
      "properties": {
        "report_id": "iem-lsr-PIH-173",
        "report_type": "NON-TSTM WND GST",
        "event_category": "thunderstorm_wind",
        "valid_utc": "202604021805",
        "standard_time_display": "2026-04-02 11:05 MST",
        "wfo": "PIH",
        "county_or_zone": "Butte",
        "city": "12 SE Butte City",
        "state": "ID",
        "magnitude": 54.0,
        "magnitude_units": null,
        "source": "Mesonet",
        "event_narrative": "Mesonet station RWM INL Radioactive Waste Mgmt."
      },
      "geometry": {
        "type": "Point",
        "coordinates": [
          -113.05,
          43.5
        ]
      }
    },
    {
      "type": "Feature",
      "id": "iem-lsr-PIH-174",
      "properties": {
        "report_id": "iem-lsr-PIH-174",
        "report_type": "NON-TSTM WND GST",
        "event_category": "thunderstorm_wind",
        "valid_utc": "202604021805",
        "standard_time_display": "2026-04-02 11:05 MST",
        "wfo": "PIH",
        "county_or_zone": "Butte",
        "city": "12 SE Butte City",
        "state": "ID",
        "magnitude": 54.0,
        "magnitude_units": null,
        "source": "Mesonet",
        "event_narrative": "Mesonet station SORWM Radioactive Waste Management."
      },
      "geometry": {
        "type": "Point",
        "coordinates": [
          -113.05,
          43.5
        ]
      }
    },
    {
      "type": "Feature",
      "id": "iem-lsr-PIH-175",
      "properties": {
        "report_id": "iem-lsr-PIH-175",
        "report_type": "RAIN",
        "event_category": "other",
        "valid_utc": "202604021808",
        "standard_time_display": "2026-04-02 11:08 MST",
        "wfo": "PIH",
        "county_or_zone": "Bonneville",
        "city": "7 E Palisades",
        "state": "ID",
        "magnitude": 0.28,
        "magnitude_units": null,
        "source": "Mesonet",
        "event_narrative": "Mesonet station AX082 VICTOR."
      },
      "geometry": {
        "type": "Point",
        "coordinates": [
          -111.08,
          43.35
        ]
      }
    },
    {
      "type": "Feature",
      "id": "iem-lsr-PIH-176",
      "properties": {
        "report_id": "iem-lsr-PIH-176",
        "report_type": "RAIN",
        "event_category": "other",
        "valid_utc": "202604021809",
        "standard_time_display": "2026-04-02 11:09 MST",
        "wfo": "PIH",
        "county_or_zone": "Oneida",
        "city": "3 SE Cherry Creek",
        "state": "ID",
        "magnitude": 0.32,
        "magnitude_units": null,
        "source": "Mesonet",
        "event_narrative": "Mesonet station FLFI1 3 SE Cherry Creek."
      },
      "geometry": {
        "type": "Point",
        "coordinates": [
          -112.19,
          42.07
        ]
      }
    },
    {
      "type": "Feature",
      "id": "iem-lsr-PIH-177",
      "properties": {
        "report_id": "iem-lsr-PIH-177",
        "report_type": "RAIN",
        "event_category": "other",
        "valid_utc": "202604021809",
        "standard_time_display": "2026-04-02 11:09 MST",
        "wfo": "PIH",
        "county_or_zone": "Bonneville",
        "city": "4 ENE Shelley",
        "state": "ID",
        "magnitude": 0.32,
        "magnitude_units": null,
        "source": "Mesonet",
        "event_narrative": "Mesonet station FW8093 4 ENE Shelley."
      },
      "geometry": {
        "type": "Point",
        "coordinates": [
          -112.05,
          43.41
        ]
      }
    },
    {
      "type": "Feature",
      "id": "iem-lsr-PIH-178",
      "properties": {
        "report_id": "iem-lsr-PIH-178",
        "report_type": "RAIN",
        "event_category": "other",
        "valid_utc": "202604021809",
        "standard_time_display": "2026-04-02 11:09 MST",
        "wfo": "PIH",
        "county_or_zone": "Oneida",
        "city": "3 SE Cherry Creek",
        "state": "ID",
        "magnitude": 0.37,
        "magnitude_units": null,
        "source": "Mesonet",
        "event_narrative": "Mesonet station FLFI1 3 SE Cherry Creek."
      },
      "geometry": {
        "type": "Point",
        "coordinates": [
          -112.19,
          42.07
        ]
      }
    },
    {
      "type": "Feature",
      "id": "iem-lsr-PIH-179",
      "properties": {
        "report_id": "iem-lsr-PIH-179",
        "report_type": "RAIN",
        "event_category": "other",
        "valid_utc": "202604021815",
        "standard_time_display": "2026-04-02 11:15 MST",
        "wfo": "PIH",
        "county_or_zone": "Bannock",
        "city": "4 W Lava Hot Springs",
        "state": "ID",
        "magnitude": 0.39,
        "magnitude_units": null,
        "source": "CO-OP Observer",
        "event_narrative": "CO-OP Observer station TOPI1 4.0 W Lava Hot Springs."
      },
      "geometry": {
        "type": "Point",
        "coordinates": [
          -112.09,
          42.63
        ]
      }
    },
    {
      "type": "Feature",
      "id": "iem-lsr-PIH-180",
      "properties": {
        "report_id": "iem-lsr-PIH-180",
        "report_type": "RAIN",
        "event_category": "other",
        "valid_utc": "202604021819",
        "standard_time_display": "2026-04-02 11:19 MST",
        "wfo": "PIH",
        "county_or_zone": "Cassia",
        "city": "8 NW Heglar",
        "state": "ID",
        "magnitude": 0.48,
        "magnitude_units": null,
        "source": "Mesonet",
        "event_narrative": "Mesonet station RFTI1 8 NW Heglar."
      },
      "geometry": {
        "type": "Point",
        "coordinates": [
          -113.26,
          42.55
        ]
      }
    },
    {
      "type": "Feature",
      "id": "iem-lsr-PIH-181",
      "properties": {
        "report_id": "iem-lsr-PIH-181",
        "report_type": "RAIN",
        "event_category": "other",
        "valid_utc": "202604021821",
        "standard_time_display": "2026-04-02 11:21 MST",
        "wfo": "PIH",
        "county_or_zone": "Power",
        "city": "6 E Roy",
        "state": "ID",
        "magnitude": 0.32,
        "magnitude_units": null,
        "source": "Mesonet",
        "event_narrative": "Mesonet station DPKI1 Bull Canyon."
      },
      "geometry": {
        "type": "Point",
        "coordinates": [
          -112.71,
          42.37
        ]
      }
    },
    {
      "type": "Feature",
      "id": "iem-lsr-PIH-182",
      "properties": {
        "report_id": "iem-lsr-PIH-182",
        "report_type": "RAIN",
        "event_category": "other",
        "valid_utc": "202604021830",
        "standard_time_display": "2026-04-02 10:30 PST",
        "wfo": "PIH",
        "county_or_zone": "Lincoln",
        "city": "11 N Shoshone",
        "state": "ID",
        "magnitude": 0.28,
        "magnitude_units": null,
        "source": "Mesonet",
        "event_narrative": "Mesonet station 3006 D4 Kinsey Butte ID-75."
      },
      "geometry": {
        "type": "Point",
        "coordinates": [
          -114.37,
          43.1
        ]
      }
    },
    {
      "type": "Feature",
      "id": "iem-lsr-PIH-183",
      "properties": {
        "report_id": "iem-lsr-PIH-183",
        "report_type": "RAIN",
        "event_category": "other",
        "valid_utc": "202604021830",
        "standard_time_display": "2026-04-02 11:30 MST",
        "wfo": "PIH",
        "county_or_zone": "Bear Lake",
        "city": "4 NNW Georgetown",
        "state": "ID",
        "magnitude": 0.28,
        "magnitude_units": null,
        "source": "Mesonet",
        "event_narrative": "Mesonet station 2249 D5 Georgetown Summit US-30."
      },
      "geometry": {
        "type": "Point",
        "coordinates": [
          -111.4,
          42.53
        ]
      }
    },
    {
      "type": "Feature",
      "id": "iem-lsr-PIH-184",
      "properties": {
        "report_id": "iem-lsr-PIH-184",
        "report_type": "RAIN",
        "event_category": "other",
        "valid_utc": "202604021830",
        "standard_time_display": "2026-04-02 11:30 MST",
        "wfo": "PIH",
        "county_or_zone": "Oneida",
        "city": "4 SSE Cherry Creek",
        "state": "ID",
        "magnitude": 0.28,
        "magnitude_units": null,
        "source": "Mesonet",
        "event_narrative": "Mesonet station ITDC2 D5 Samaria I-15."
      },
      "geometry": {
        "type": "Point",
        "coordinates": [
          -112.21,
          42.04
        ]
      }
    },
    {
      "type": "Feature",
      "id": "iem-lsr-PIH-185",
      "properties": {
        "report_id": "iem-lsr-PIH-185",
        "report_type": "RAIN",
        "event_category": "other",
        "valid_utc": "202604021830",
        "standard_time_display": "2026-04-02 11:30 MST",
        "wfo": "PIH",
        "county_or_zone": "Bear Lake",
        "city": "4 SW Alton",
        "state": "ID",
        "magnitude": 0.28,
        "magnitude_units": null,
        "source": "Mesonet",
        "event_narrative": "Mesonet station 8831 D5 Rocky Point US-30."
      },
      "geometry": {
        "type": "Point",
        "coordinates": [
          -111.2,
          42.19
        ]
      }
    },
    {
      "type": "Feature",
      "id": "iem-lsr-PIH-186",
      "properties": {
        "report_id": "iem-lsr-PIH-186",
        "report_type": "RAIN",
        "event_category": "other",
        "valid_utc": "202604021830",
        "standard_time_display": "2026-04-02 11:30 MST",
        "wfo": "PIH",
        "county_or_zone": "Power",
        "city": "7 SSE Rockland",
        "state": "ID",
        "magnitude": 0.31,
        "magnitude_units": null,
        "source": "Mesonet",
        "event_narrative": "Mesonet station ITDD8 D5 Big Canyon ID-37."
      },
      "geometry": {
        "type": "Point",
        "coordinates": [
          -112.84,
          42.47
        ]
      }
    },
    {
      "type": "Feature",
      "id": "iem-lsr-PIH-187",
      "properties": {
        "report_id": "iem-lsr-PIH-187",
        "report_type": "RAIN",
        "event_category": "other",
        "valid_utc": "202604021830",
        "standard_time_display": "2026-04-02 10:30 PST",
        "wfo": "PIH",
        "county_or_zone": "Blaine",
        "city": "5 WSW Gannett",
        "state": "ID",
        "magnitude": 0.32,
        "magnitude_units": null,
        "source": "Mesonet",
        "event_narrative": "Mesonet station 3020 D4 Timmerman Hill ID-75."
      },
      "geometry": {
        "type": "Point",
        "coordinates": [
          -114.28,
          43.33
        ]
      }
    },
    {
      "type": "Feature",
      "id": "iem-lsr-PIH-188",
      "properties": {
        "report_id": "iem-lsr-PIH-188",
        "report_type": "RAIN",
        "event_category": "other",
        "valid_utc": "202604021830",
        "standard_time_display": "2026-04-02 10:30 PST",
        "wfo": "PIH",
        "county_or_zone": "Blaine",
        "city": "6 S Sun Valley",
        "state": "ID",
        "magnitude": 0.32,
        "magnitude_units": null,
        "source": "Mesonet",
        "event_narrative": "Mesonet station 3272 D4 Wood River ID-75."
      },
      "geometry": {
        "type": "Point",
        "coordinates": [
          -114.34,
          43.59
        ]
      }
    },
    {
      "type": "Feature",
      "id": "iem-lsr-PIH-189",
      "properties": {
        "report_id": "iem-lsr-PIH-189",
        "report_type": "RAIN",
        "event_category": "other",
        "valid_utc": "202604021830",
        "standard_time_display": "2026-04-02 11:30 MST",
        "wfo": "PIH",
        "county_or_zone": "Power",
        "city": "2 WSW Cold Water",
        "state": "ID",
        "magnitude": 0.33,
        "magnitude_units": null,
        "source": "Mesonet",
        "event_narrative": "Mesonet station 2248 D5 Coldwater I-86."
      },
      "geometry": {
        "type": "Point",
        "coordinates": [
          -113.15,
          42.61
        ]
      }
    },
    {
      "type": "Feature",
      "id": "iem-lsr-PIH-190",
      "properties": {
        "report_id": "iem-lsr-PIH-190",
        "report_type": "RAIN",
        "event_category": "other",
        "valid_utc": "202604021830",
        "standard_time_display": "2026-04-02 11:30 MST",
        "wfo": "PIH",
        "county_or_zone": "Teton",
        "city": "6 WSW Victor",
        "state": "ID",
        "magnitude": 0.35,
        "magnitude_units": null,
        "source": "Mesonet",
        "event_narrative": "Mesonet station ITDE6 D6 Pine Creek Pass ID-31."
      },
      "geometry": {
        "type": "Point",
        "coordinates": [
          -111.22,
          43.57
        ]
      }
    },
    {
      "type": "Feature",
      "id": "iem-lsr-PIH-191",
      "properties": {
        "report_id": "iem-lsr-PIH-191",
        "report_type": "RAIN",
        "event_category": "other",
        "valid_utc": "202604021830",
        "standard_time_display": "2026-04-02 11:30 MST",
        "wfo": "PIH",
        "county_or_zone": "Fremont",
        "city": "8 NW Warm River",
        "state": "ID",
        "magnitude": 0.35,
        "magnitude_units": null,
        "source": "Mesonet",
        "event_narrative": "Mesonet station 9001 D6 Sheep Falls US-20."
      },
      "geometry": {
        "type": "Point",
        "coordinates": [
          -111.45,
          44.19
        ]
      }
    },
    {
      "type": "Feature",
      "id": "iem-lsr-PIH-192",
      "properties": {
        "report_id": "iem-lsr-PIH-192",
        "report_type": "RAIN",
        "event_category": "other",
        "valid_utc": "202604021830",
        "standard_time_display": "2026-04-02 11:30 MST",
        "wfo": "PIH",
        "county_or_zone": "Franklin",
        "city": "Franklin",
        "state": "ID",
        "magnitude": 0.35,
        "magnitude_units": null,
        "source": "Mesonet",
        "event_narrative": "Mesonet station 8433 D5 Franklin US-91."
      },
      "geometry": {
        "type": "Point",
        "coordinates": [
          -111.81,
          42.01
        ]
      }
    },
    {
      "type": "Feature",
      "id": "iem-lsr-PIH-193",
      "properties": {
        "report_id": "iem-lsr-PIH-193",
        "report_type": "RAIN",
        "event_category": "other",
        "valid_utc": "202604021830",
        "standard_time_display": "2026-04-02 11:30 MST",
        "wfo": "PIH",
        "county_or_zone": "Bear Lake",
        "city": "4 WSW Geneva",
        "state": "ID",
        "magnitude": 0.36,
        "magnitude_units": null,
        "source": "Mesonet",
        "event_narrative": "Mesonet station ITDE2 D5 Geneva Summit US-89."
      },
      "geometry": {
        "type": "Point",
        "coordinates": [
          -111.14,
          42.33
        ]
      }
    },
    {
      "type": "Feature",
      "id": "iem-lsr-PIH-194",
      "properties": {
        "report_id": "iem-lsr-PIH-194",
        "report_type": "RAIN",
        "event_category": "other",
        "valid_utc": "202604021830",
        "standard_time_display": "2026-04-02 11:30 MST",
        "wfo": "PIH",
        "county_or_zone": "Bear Lake",
        "city": "1 SSE Bloomington",
        "state": "ID",
        "magnitude": 0.38,
        "magnitude_units": null,
        "source": "Mesonet",
        "event_narrative": "Mesonet station ITDD6 D5 Bloomington US-89."
      },
      "geometry": {
        "type": "Point",
        "coordinates": [
          -111.4,
          42.18
        ]
      }
    },
    {
      "type": "Feature",
      "id": "iem-lsr-PIH-195",
      "properties": {
        "report_id": "iem-lsr-PIH-195",
        "report_type": "RAIN",
        "event_category": "other",
        "valid_utc": "202604021830",
        "standard_time_display": "2026-04-02 11:30 MST",
        "wfo": "PIH",
        "county_or_zone": "Bear Lake",
        "city": "2 WNW Sharon",
        "state": "ID",
        "magnitude": 0.4,
        "magnitude_units": null,
        "source": "Mesonet",
        "event_narrative": "Mesonet station ITDD4 D5 Emigration Canyon ID-36."
      },
      "geometry": {
        "type": "Point",
        "coordinates": [
          -111.5,
          42.36
        ]
      }
    },
    {
      "type": "Feature",
      "id": "iem-lsr-PIH-196",
      "properties": {
        "report_id": "iem-lsr-PIH-196",
        "report_type": "RAIN",
        "event_category": "other",
        "valid_utc": "202604021830",
        "standard_time_display": "2026-04-02 11:30 MST",
        "wfo": "PIH",
        "county_or_zone": "Cassia",
        "city": "10 SE Acequia",
        "state": "ID",
        "magnitude": 0.41,
        "magnitude_units": null,
        "source": "Mesonet",
        "event_narrative": "Mesonet station 3253 D4 Raft River I-86."
      },
      "geometry": {
        "type": "Point",
        "coordinates": [
          -113.44,
          42.58
        ]
      }
    },
    {
      "type": "Feature",
      "id": "iem-lsr-PIH-197",
      "properties": {
        "report_id": "iem-lsr-PIH-197",
        "report_type": "RAIN",
        "event_category": "other",
        "valid_utc": "202604021830",
        "standard_time_display": "2026-04-02 11:30 MST",
        "wfo": "PIH",
        "county_or_zone": "Cassia",
        "city": "7 NNW Idahome",
        "state": "ID",
        "magnitude": 0.41,
        "magnitude_units": null,
        "source": "Mesonet",
        "event_narrative": "Mesonet station 3258 D4 Yale I-84."
      },
      "geometry": {
        "type": "Point",
        "coordinates": [
          -113.42,
          42.52
        ]
      }
    },
    {
      "type": "Feature",
      "id": "iem-lsr-PIH-198",
      "properties": {
        "report_id": "iem-lsr-PIH-198",
        "report_type": "RAIN",
        "event_category": "other",
        "valid_utc": "202604021830",
        "standard_time_display": "2026-04-02 11:30 MST",
        "wfo": "PIH",
        "county_or_zone": "Bannock",
        "city": "4 W Lava Hot Springs",
        "state": "ID",
        "magnitude": 0.42,
        "magnitude_units": null,
        "source": "Mesonet",
        "event_narrative": "Mesonet station 8434 D5 Topaz US-30."
      },
      "geometry": {
        "type": "Point",
        "coordinates": [
          -112.09,
          42.62
        ]
      }
    },
    {
      "type": "Feature",
      "id": "iem-lsr-PIH-199",
      "properties": {
        "report_id": "iem-lsr-PIH-199",
        "report_type": "RAIN",
        "event_category": "other",
        "valid_utc": "202604021830",
        "standard_time_display": "2026-04-02 10:30 PST",
        "wfo": "PIH",
        "county_or_zone": "Custer",
        "city": "4 W Clayton",
        "state": "ID",
        "magnitude": 0.47,
        "magnitude_units": null,
        "source": "Mesonet",
        "event_narrative": "Mesonet station 8962 D4 Clayton ID-75."
      },
      "geometry": {
        "type": "Point",
        "coordinates": [
          -114.48,
          44.26
        ]
      }
    },
    {
      "type": "Feature",
      "id": "iem-lsr-PIH-200",
      "properties": {
        "report_id": "iem-lsr-PIH-200",
        "report_type": "RAIN",
        "event_category": "other",
        "valid_utc": "202604021830",
        "standard_time_display": "2026-04-02 10:30 PST",
        "wfo": "PIH",
        "county_or_zone": "Blaine",
        "city": "6 SSE Obsidian",
        "state": "ID",
        "magnitude": 0.48,
        "magnitude_units": null,
        "source": "Mesonet",
        "event_narrative": "Mesonet station 3019 D4 Smiley Creek Airport ID-75."
      },
      "geometry": {
        "type": "Point",
        "coordinates": [
          -114.8,
          43.91
        ]
      }
    },
    {
      "type": "Feature",
      "id": "iem-lsr-PIH-201",
      "properties": {
        "report_id": "iem-lsr-PIH-201",
        "report_type": "NON-TSTM WND GST",
        "event_category": "thunderstorm_wind",
        "valid_utc": "202604021830",
        "standard_time_display": "2026-04-02 11:30 MST",
        "wfo": "PIH",
        "county_or_zone": "Jefferson",
        "city": "7 S Hamer",
        "state": "ID",
        "magnitude": 45.0,
        "magnitude_units": null,
        "source": "Mesonet",
        "event_narrative": "Mesonet station 3704 D6 Sage Junction I-15."
      },
      "geometry": {
        "type": "Point",
        "coordinates": [
          -112.2,
          43.83
        ]
      }
    },
    {
      "type": "Feature",
      "id": "iem-lsr-PIH-202",
      "properties": {
        "report_id": "iem-lsr-PIH-202",
        "report_type": "RAIN",
        "event_category": "other",
        "valid_utc": "202604021833",
        "standard_time_display": "2026-04-02 11:33 MST",
        "wfo": "PIH",
        "county_or_zone": "Caribou",
        "city": "7 WSW Grace",
        "state": "ID",
        "magnitude": 0.3,
        "magnitude_units": null,
        "source": "Mesonet",
        "event_narrative": "Mesonet station GRAI1 Grace."
      },
      "geometry": {
        "type": "Point",
        "coordinates": [
          -111.86,
          42.54
        ]
      }
    },
    {
      "type": "Feature",
      "id": "iem-lsr-PIH-203",
      "properties": {
        "report_id": "iem-lsr-PIH-203",
        "report_type": "RAIN",
        "event_category": "other",
        "valid_utc": "202604021839",
        "standard_time_display": "2026-04-02 10:39 PST",
        "wfo": "PIH",
        "county_or_zone": "Blaine",
        "city": "7 NNW Ketchum",
        "state": "ID",
        "magnitude": 0.38,
        "magnitude_units": null,
        "source": "Mesonet",
        "event_narrative": "Mesonet station NFFI1 7 NNW Ketchum."
      },
      "geometry": {
        "type": "Point",
        "coordinates": [
          -114.42,
          43.79
        ]
      }
    },
    {
      "type": "Feature",
      "id": "iem-lsr-PIH-204",
      "properties": {
        "report_id": "iem-lsr-PIH-204",
        "report_type": "RAIN",
        "event_category": "other",
        "valid_utc": "202604021840",
        "standard_time_display": "2026-04-02 10:40 PST",
        "wfo": "PIH",
        "county_or_zone": "Blaine",
        "city": "5 S Sun Valley",
        "state": "ID",
        "magnitude": 0.42,
        "magnitude_units": null,
        "source": "Mesonet",
        "event_narrative": "Mesonet station 1228D 5 S Sun Valley."
      },
      "geometry": {
        "type": "Point",
        "coordinates": [
          -114.33,
          43.6
        ]
      }
    },
    {
      "type": "Feature",
      "id": "iem-lsr-PIH-205",
      "properties": {
        "report_id": "iem-lsr-PIH-205",
        "report_type": "NON-TSTM WND GST",
        "event_category": "thunderstorm_wind",
        "valid_utc": "202604021840",
        "standard_time_display": "2026-04-02 11:40 MST",
        "wfo": "PIH",
        "county_or_zone": "Clark",
        "city": "18 NNE Berenice",
        "state": "ID",
        "magnitude": 45.0,
        "magnitude_units": null,
        "source": "Mesonet",
        "event_narrative": "Mesonet station BLU Blue Dome."
      },
      "geometry": {
        "type": "Point",
        "coordinates": [
          -112.84,
          44.07
        ]
      }
    },
    {
      "type": "Feature",
      "id": "iem-lsr-PIH-206",
      "properties": {
        "report_id": "iem-lsr-PIH-206",
        "report_type": "NON-TSTM WND GST",
        "event_category": "thunderstorm_wind",
        "valid_utc": "202604021840",
        "standard_time_display": "2026-04-02 11:40 MST",
        "wfo": "PIH",
        "county_or_zone": "Butte",
        "city": "12 NNW Atomic City",
        "state": "ID",
        "magnitude": 52.0,
        "magnitude_units": null,
        "source": "Mesonet",
        "event_narrative": "Mesonet station GRI INL INTEC/Grid 3."
      },
      "geometry": {
        "type": "Point",
        "coordinates": [
          -112.94,
          43.59
        ]
      }
    },
    {
      "type": "Feature",
      "id": "iem-lsr-PIH-207",
      "properties": {
        "report_id": "iem-lsr-PIH-207",
        "report_type": "NON-TSTM WND GST",
        "event_category": "thunderstorm_wind",
        "valid_utc": "202604021840",
        "standard_time_display": "2026-04-02 11:40 MST",
        "wfo": "PIH",
        "county_or_zone": "Butte",
        "city": "12 NW Atomic City",
        "state": "ID",
        "magnitude": 52.0,
        "magnitude_units": null,
        "source": "Mesonet",
        "event_narrative": "Mesonet station TRA INL Reactor Tech Complex."
      },
      "geometry": {
        "type": "Point",
        "coordinates": [
          -112.97,
          43.58
        ]
      }
    },
    {
      "type": "Feature",
      "id": "iem-lsr-PIH-208",
      "properties": {
        "report_id": "iem-lsr-PIH-208",
        "report_type": "RAIN",
        "event_category": "other",
        "valid_utc": "202604021844",
        "standard_time_display": "2026-04-02 10:44 PST",
        "wfo": "PIH",
        "county_or_zone": "Blaine",
        "city": "6 S Sun Valley",
        "state": "ID",
        "magnitude": 0.33,
        "magnitude_units": null,
        "source": "Mesonet",
        "event_narrative": "Mesonet station OHOI1 Ohio Gulch."
      },
      "geometry": {
        "type": "Point",
        "coordinates": [
          -114.32,
          43.6
        ]
      }
    },
    {
      "type": "Feature",
      "id": "iem-lsr-PIH-209",
      "properties": {
        "report_id": "iem-lsr-PIH-209",
        "report_type": "RAIN",
        "event_category": "other",
        "valid_utc": "202604021845",
        "standard_time_display": "2026-04-02 10:45 PST",
        "wfo": "PIH",
        "county_or_zone": "Blaine",
        "city": "7 NNW Carey",
        "state": "ID",
        "magnitude": 0.33,
        "magnitude_units": null,
        "source": "Mesonet",
        "event_narrative": "Mesonet station WODI1 7 NNW Carey."
      },
      "geometry": {
        "type": "Point",
        "coordinates": [
          -114.0,
          43.39
        ]
      }
    },
    {
      "type": "Feature",
      "id": "iem-lsr-PIH-210",
      "properties": {
        "report_id": "iem-lsr-PIH-210",
        "report_type": "RAIN",
        "event_category": "other",
        "valid_utc": "202604021845",
        "standard_time_display": "2026-04-02 11:45 MST",
        "wfo": "PIH",
        "county_or_zone": "Bannock",
        "city": "1 WSW Lava Hot Springs",
        "state": "ID",
        "magnitude": 0.41,
        "magnitude_units": null,
        "source": "Mesonet",
        "event_narrative": "Mesonet station GW0773 1 WSW Lava Hot Springs."
      },
      "geometry": {
        "type": "Point",
        "coordinates": [
          -112.03,
          42.61
        ]
      }
    },
    {
      "type": "Feature",
      "id": "iem-lsr-PIH-211",
      "properties": {
        "report_id": "iem-lsr-PIH-211",
        "report_type": "RAIN",
        "event_category": "other",
        "valid_utc": "202604021845",
        "standard_time_display": "2026-04-02 10:45 PST",
        "wfo": "PIH",
        "county_or_zone": "Blaine",
        "city": "5 S Sun Valley",
        "state": "ID",
        "magnitude": 0.42,
        "magnitude_units": null,
        "source": "Mesonet",
        "event_narrative": "Mesonet station 1228D 5 S Sun Valley."
      },
      "geometry": {
        "type": "Point",
        "coordinates": [
          -114.33,
          43.6
        ]
      }
    },
    {
      "type": "Feature",
      "id": "iem-lsr-PIH-212",
      "properties": {
        "report_id": "iem-lsr-PIH-212",
        "report_type": "RAIN",
        "event_category": "other",
        "valid_utc": "202604021845",
        "standard_time_display": "2026-04-02 11:45 MST",
        "wfo": "PIH",
        "county_or_zone": "Bannock",
        "city": "2 NW Pocatello",
        "state": "ID",
        "magnitude": 0.44,
        "magnitude_units": null,
        "source": "Mesonet",
        "event_narrative": "Mesonet station FW4083 2 NW Pocatello."
      },
      "geometry": {
        "type": "Point",
        "coordinates": [
          -112.5,
          42.9
        ]
      }
    },
    {
      "type": "Feature",
      "id": "iem-lsr-PIH-213",
      "properties": {
        "report_id": "iem-lsr-PIH-213",
        "report_type": "RAIN",
        "event_category": "other",
        "valid_utc": "202604021845",
        "standard_time_display": "2026-04-02 11:45 MST",
        "wfo": "PIH",
        "county_or_zone": "Bannock",
        "city": "2 E Chubbuck",
        "state": "ID",
        "magnitude": 0.46,
        "magnitude_units": null,
        "source": "Mesonet",
        "event_narrative": "Mesonet station FW8877 2 E Chubbuck."
      },
      "geometry": {
        "type": "Point",
        "coordinates": [
          -112.42,
          42.92
        ]
      }
    },
    {
      "type": "Feature",
      "id": "iem-lsr-PIH-214",
      "properties": {
        "report_id": "iem-lsr-PIH-214",
        "report_type": "RAIN",
        "event_category": "other",
        "valid_utc": "202604021845",
        "standard_time_display": "2026-04-02 11:45 MST",
        "wfo": "PIH",
        "county_or_zone": "Bannock",
        "city": "3 E Chubbuck",
        "state": "ID",
        "magnitude": 0.46,
        "magnitude_units": null,
        "source": "Mesonet",
        "event_narrative": "Mesonet station FW3187 3 E Chubbuck."
      },
      "geometry": {
        "type": "Point",
        "coordinates": [
          -112.41,
          42.92
        ]
      }
    },
    {
      "type": "Feature",
      "id": "iem-lsr-PIH-215",
      "properties": {
        "report_id": "iem-lsr-PIH-215",
        "report_type": "RAIN",
        "event_category": "other",
        "valid_utc": "202604021845",
        "standard_time_display": "2026-04-02 11:45 MST",
        "wfo": "PIH",
        "county_or_zone": "Bannock",
        "city": "2 SE Pocatello",
        "state": "ID",
        "magnitude": 0.51,
        "magnitude_units": null,
        "source": "Mesonet",
        "event_narrative": "Mesonet station FW6372 2 SE Pocatello."
      },
      "geometry": {
        "type": "Point",
        "coordinates": [
          -112.43,
          42.86
        ]
      }
    },
    {
      "type": "Feature",
      "id": "iem-lsr-PIH-216",
      "properties": {
        "report_id": "iem-lsr-PIH-216",
        "report_type": "NON-TSTM WND GST",
        "event_category": "thunderstorm_wind",
        "valid_utc": "202604021845",
        "standard_time_display": "2026-04-02 11:45 MST",
        "wfo": "PIH",
        "county_or_zone": "Bingham",
        "city": "4 NNW Sterling",
        "state": "ID",
        "magnitude": 51.0,
        "magnitude_units": null,
        "source": "Mesonet",
        "event_narrative": "Mesonet station 2250 D5 Sterling ID-39."
      },
      "geometry": {
        "type": "Point",
        "coordinates": [
          -112.78,
          43.08
        ]
      }
    },
    {
      "type": "Feature",
      "id": "iem-lsr-PIH-217",
      "properties": {
        "report_id": "iem-lsr-PIH-217",
        "report_type": "NON-TSTM WND GST",
        "event_category": "thunderstorm_wind",
        "valid_utc": "202604021845",
        "standard_time_display": "2026-04-02 11:45 MST",
        "wfo": "PIH",
        "county_or_zone": "Bingham",
        "city": "13 NE Atomic City",
        "state": "ID",
        "magnitude": 54.0,
        "magnitude_units": null,
        "source": "Mesonet",
        "event_narrative": "Mesonet station EBR INL Materials Fuels Complex."
      },
      "geometry": {
        "type": "Point",
        "coordinates": [
          -112.65,
          43.59
        ]
      }
    },
    {
      "type": "Feature",
      "id": "iem-lsr-PIH-218",
      "properties": {
        "report_id": "iem-lsr-PIH-218",
        "report_type": "NON-TSTM WND GST",
        "event_category": "thunderstorm_wind",
        "valid_utc": "202604021845",
        "standard_time_display": "2026-04-02 11:45 MST",
        "wfo": "PIH",
        "county_or_zone": "Butte",
        "city": "6 NW Atomic City",
        "state": "ID",
        "magnitude": 58.0,
        "magnitude_units": null,
        "source": "Mesonet",
        "event_narrative": "Mesonet station 3699 D6 INL Puzzle US-20/US-26."
      },
      "geometry": {
        "type": "Point",
        "coordinates": [
          -112.89,
          43.51
        ]
      }
    },
    {
      "type": "Feature",
      "id": "iem-lsr-PIH-219",
      "properties": {
        "report_id": "iem-lsr-PIH-219",
        "report_type": "RAIN",
        "event_category": "other",
        "valid_utc": "202604021847",
        "standard_time_display": "2026-04-02 11:47 MST",
        "wfo": "PIH",
        "county_or_zone": "Power",
        "city": "17 W Aberdeen",
        "state": "ID",
        "magnitude": 0.31,
        "magnitude_units": null,
        "source": "Mesonet",
        "event_narrative": "Mesonet station CYFI1 17 W Aberdeen."
      },
      "geometry": {
        "type": "Point",
        "coordinates": [
          -113.18,
          42.99
        ]
      }
    },
    {
      "type": "Feature",
      "id": "iem-lsr-PIH-220",
      "properties": {
        "report_id": "iem-lsr-PIH-220",
        "report_type": "RAIN",
        "event_category": "other",
        "valid_utc": "202604021849",
        "standard_time_display": "2026-04-02 11:49 MST",
        "wfo": "PIH",
        "county_or_zone": "Bonneville",
        "city": "7 E Palisades",
        "state": "ID",
        "magnitude": 0.41,
        "magnitude_units": null,
        "source": "Mesonet",
        "event_narrative": "Mesonet station AX082 VICTOR."
      },
      "geometry": {
        "type": "Point",
        "coordinates": [
          -111.08,
          43.35
        ]
      }
    },
    {
      "type": "Feature",
      "id": "iem-lsr-PIH-221",
      "properties": {
        "report_id": "iem-lsr-PIH-221",
        "report_type": "RAIN",
        "event_category": "other",
        "valid_utc": "202604021850",
        "standard_time_display": "2026-04-02 11:50 MST",
        "wfo": "PIH",
        "county_or_zone": "Bonneville",
        "city": "4 ENE Shelley",
        "state": "ID",
        "magnitude": 0.38,
        "magnitude_units": null,
        "source": "Mesonet",
        "event_narrative": "Mesonet station FW8093 4 ENE Shelley."
      },
      "geometry": {
        "type": "Point",
        "coordinates": [
          -112.05,
          43.41
        ]
      }
    },
    {
      "type": "Feature",
      "id": "iem-lsr-PIH-222",
      "properties": {
        "report_id": "iem-lsr-PIH-222",
        "report_type": "NON-TSTM WND GST",
        "event_category": "thunderstorm_wind",
        "valid_utc": "202604021850",
        "standard_time_display": "2026-04-02 11:50 MST",
        "wfo": "PIH",
        "county_or_zone": "Bingham",
        "city": "3 W Taber",
        "state": "ID",
        "magnitude": 53.0,
        "magnitude_units": null,
        "source": "Mesonet",
        "event_narrative": "Mesonet station TAB 3 W Taber."
      },
      "geometry": {
        "type": "Point",
        "coordinates": [
          -112.69,
          43.32
        ]
      }
    },
    {
      "type": "Feature",
      "id": "iem-lsr-PIH-223",
      "properties": {
        "report_id": "iem-lsr-PIH-223",
        "report_type": "NON-TSTM WND GST",
        "event_category": "thunderstorm_wind",
        "valid_utc": "202604021900",
        "standard_time_display": "2026-04-02 12:00 MST",
        "wfo": "PIH",
        "county_or_zone": "Bonneville",
        "city": "1 NW Ucon",
        "state": "ID",
        "magnitude": 46.0,
        "magnitude_units": null,
        "source": "Mesonet",
        "event_narrative": "Mesonet station ITDC1 D6 Ucon US-20."
      },
      "geometry": {
        "type": "Point",
        "coordinates": [
          -111.96,
          43.6
        ]
      }
    },
    {
      "type": "Feature",
      "id": "iem-lsr-PIH-224",
      "properties": {
        "report_id": "iem-lsr-PIH-224",
        "report_type": "NON-TSTM WND GST",
        "event_category": "thunderstorm_wind",
        "valid_utc": "202604021900",
        "standard_time_display": "2026-04-02 12:00 MST",
        "wfo": "PIH",
        "county_or_zone": "Butte",
        "city": "8 NNW Atomic City",
        "state": "ID",
        "magnitude": 60.0,
        "magnitude_units": null,
        "source": "Mesonet",
        "event_narrative": "Mesonet station PBF INL Critical Infrastructure."
      },
      "geometry": {
        "type": "Point",
        "coordinates": [
          -112.87,
          43.55
        ]
      }
    },
    {
      "type": "Feature",
      "id": "iem-lsr-PIH-225",
      "properties": {
        "report_id": "iem-lsr-PIH-225",
        "report_type": "NON-TSTM WND GST",
        "event_category": "thunderstorm_wind",
        "valid_utc": "202604021905",
        "standard_time_display": "2026-04-02 12:05 MST",
        "wfo": "PIH",
        "county_or_zone": "Butte",
        "city": "10 SSE Howe",
        "state": "ID",
        "magnitude": 51.0,
        "magnitude_units": null,
        "source": "Mesonet",
        "event_narrative": "Mesonet station NRF INL Naval Reactors Facility."
      },
      "geometry": {
        "type": "Point",
        "coordinates": [
          -112.91,
          43.65
        ]
      }
    },
    {
      "type": "Feature",
      "id": "iem-lsr-PIH-226",
      "properties": {
        "report_id": "iem-lsr-PIH-226",
        "report_type": "NON-TSTM WND GST",
        "event_category": "thunderstorm_wind",
        "valid_utc": "202604021905",
        "standard_time_display": "2026-04-02 12:05 MST",
        "wfo": "PIH",
        "county_or_zone": "Butte",
        "city": "12 NW Atomic City",
        "state": "ID",
        "magnitude": 52.0,
        "magnitude_units": null,
        "source": "Mesonet",
        "event_narrative": "Mesonet station LOS Lost River Rest Area."
      },
      "geometry": {
        "type": "Point",
        "coordinates": [
          -113.01,
          43.55
        ]
      }
    },
    {
      "type": "Feature",
      "id": "iem-lsr-PIH-227",
      "properties": {
        "report_id": "iem-lsr-PIH-227",
        "report_type": "NON-TSTM WND GST",
        "event_category": "thunderstorm_wind",
        "valid_utc": "202604021905",
        "standard_time_display": "2026-04-02 12:05 MST",
        "wfo": "PIH",
        "county_or_zone": "Jefferson",
        "city": "9 SSW Mud Lake",
        "state": "ID",
        "magnitude": 57.0,
        "magnitude_units": null,
        "source": "Mesonet",
        "event_narrative": "Mesonet station ROV 9 SSW Mud Lake."
      },
      "geometry": {
        "type": "Point",
        "coordinates": [
          -112.53,
          43.72
        ]
      }
    },
    {
      "type": "Feature",
      "id": "iem-lsr-PIH-228",
      "properties": {
        "report_id": "iem-lsr-PIH-228",
        "report_type": "NON-TSTM WND GST",
        "event_category": "thunderstorm_wind",
        "valid_utc": "202604021910",
        "standard_time_display": "2026-04-02 11:10 PST",
        "wfo": "PIH",
        "county_or_zone": "Lincoln",
        "city": "1 ENE Richfield",
        "state": "ID",
        "magnitude": 53.0,
        "magnitude_units": null,
        "source": "Mesonet",
        "event_narrative": "Mesonet station RIC 1 ENE Richfield."
      },
      "geometry": {
        "type": "Point",
        "coordinates": [
          -114.13,
          43.06
        ]
      }
    },
    {
      "type": "Feature",
      "id": "iem-lsr-PIH-229",
      "properties": {
        "report_id": "iem-lsr-PIH-229",
        "report_type": "NON-TSTM WND GST",
        "event_category": "thunderstorm_wind",
        "valid_utc": "202604021910",
        "standard_time_display": "2026-04-02 12:10 MST",
        "wfo": "PIH",
        "county_or_zone": "Butte",
        "city": "12 SE Butte City",
        "state": "ID",
        "magnitude": 55.0,
        "magnitude_units": null,
        "source": "Mesonet",
        "event_narrative": "Mesonet station RWM INL Radioactive Waste Mgmt."
      },
      "geometry": {
        "type": "Point",
        "coordinates": [
          -113.05,
          43.5
        ]
      }
    },
    {
      "type": "Feature",
      "id": "iem-lsr-PIH-230",
      "properties": {
        "report_id": "iem-lsr-PIH-230",
        "report_type": "NON-TSTM WND GST",
        "event_category": "thunderstorm_wind",
        "valid_utc": "202604021915",
        "standard_time_display": "2026-04-02 12:15 MST",
        "wfo": "PIH",
        "county_or_zone": "Butte",
        "city": "1 SSE Arco",
        "state": "ID",
        "magnitude": 45.0,
        "magnitude_units": null,
        "source": "Mesonet",
        "event_narrative": "Mesonet station ARC 1 SSE Arco."
      },
      "geometry": {
        "type": "Point",
        "coordinates": [
          -113.3,
          43.62
        ]
      }
    },
    {
      "type": "Feature",
      "id": "iem-lsr-PIH-231",
      "properties": {
        "report_id": "iem-lsr-PIH-231",
        "report_type": "NON-TSTM WND GST",
        "event_category": "thunderstorm_wind",
        "valid_utc": "202604021915",
        "standard_time_display": "2026-04-02 12:15 MST",
        "wfo": "PIH",
        "county_or_zone": "Butte",
        "city": "1 SSE Arco",
        "state": "ID",
        "magnitude": 45.0,
        "magnitude_units": null,
        "source": "Mesonet",
        "event_narrative": "Mesonet station ARCSO Arco."
      },
      "geometry": {
        "type": "Point",
        "coordinates": [
          -113.3,
          43.62
        ]
      }
    },
    {
      "type": "Feature",
      "id": "iem-lsr-PIH-232",
      "properties": {
        "report_id": "iem-lsr-PIH-232",
        "report_type": "NON-TSTM WND GST",
        "event_category": "thunderstorm_wind",
        "valid_utc": "202604021915",
        "standard_time_display": "2026-04-02 12:15 MST",
        "wfo": "PIH",
        "county_or_zone": "Bingham",
        "city": "3 NNW Taber",
        "state": "ID",
        "magnitude": 49.0,
        "magnitude_units": null,
        "source": "Mesonet",
        "event_narrative": "Mesonet station ITDC4 D5 Tilden Flats US-26."
      },
      "geometry": {
        "type": "Point",
        "coordinates": [
          -112.64,
          43.36
        ]
      }
    },
    {
      "type": "Feature",
      "id": "iem-lsr-PIH-233",
      "properties": {
        "report_id": "iem-lsr-PIH-233",
        "report_type": "NON-TSTM WND GST",
        "event_category": "thunderstorm_wind",
        "valid_utc": "202604021915",
        "standard_time_display": "2026-04-02 12:15 MST",
        "wfo": "PIH",
        "county_or_zone": "Jefferson",
        "city": "1 NW Camas",
        "state": "ID",
        "magnitude": 51.0,
        "magnitude_units": null,
        "source": "Mesonet",
        "event_narrative": "Mesonet station ITDE3 D6 Camas I-15."
      },
      "geometry": {
        "type": "Point",
        "coordinates": [
          -112.23,
          44.01
        ]
      }
    },
    {
      "type": "Feature",
      "id": "iem-lsr-PIH-234",
      "properties": {
        "report_id": "iem-lsr-PIH-234",
        "report_type": "NON-TSTM WND GST",
        "event_category": "thunderstorm_wind",
        "valid_utc": "202604021915",
        "standard_time_display": "2026-04-02 12:15 MST",
        "wfo": "PIH",
        "county_or_zone": "Bingham",
        "city": "14 NE Atomic City",
        "state": "ID",
        "magnitude": 53.0,
        "magnitude_units": null,
        "source": "Mesonet",
        "event_narrative": "Mesonet station 3672 D6 Telegraph Hill US-20."
      },
      "geometry": {
        "type": "Point",
        "coordinates": [
          -112.59,
          43.55
        ]
      }
    },
    {
      "type": "Feature",
      "id": "iem-lsr-PIH-235",
      "properties": {
        "report_id": "iem-lsr-PIH-235",
        "report_type": "NON-TSTM WND GST",
        "event_category": "thunderstorm_wind",
        "valid_utc": "202604021915",
        "standard_time_display": "2026-04-02 12:15 MST",
        "wfo": "PIH",
        "county_or_zone": "Butte",
        "city": "9 E Butte City",
        "state": "ID",
        "magnitude": 53.0,
        "magnitude_units": null,
        "source": "Mesonet",
        "event_narrative": "Mesonet station DEA Dead Man Canyon."
      },
      "geometry": {
        "type": "Point",
        "coordinates": [
          -113.06,
          43.62
        ]
      }
    },
    {
      "type": "Feature",
      "id": "iem-lsr-PIH-236",
      "properties": {
        "report_id": "iem-lsr-PIH-236",
        "report_type": "NON-TSTM WND GST",
        "event_category": "thunderstorm_wind",
        "valid_utc": "202604021920",
        "standard_time_display": "2026-04-02 12:20 MST",
        "wfo": "PIH",
        "county_or_zone": "Jefferson",
        "city": "6 N Monteview",
        "state": "ID",
        "magnitude": 55.0,
        "magnitude_units": null,
        "source": "Mesonet",
        "event_narrative": "Mesonet station MON 6 N Monteview."
      },
      "geometry": {
        "type": "Point",
        "coordinates": [
          -112.54,
          44.02
        ]
      }
    },
    {
      "type": "Feature",
      "id": "iem-lsr-PIH-237",
      "properties": {
        "report_id": "iem-lsr-PIH-237",
        "report_type": "NON-TSTM WND GST",
        "event_category": "thunderstorm_wind",
        "valid_utc": "202604021930",
        "standard_time_display": "2026-04-02 12:30 MST",
        "wfo": "PIH",
        "county_or_zone": "Madison",
        "city": "Thornton",
        "state": "ID",
        "magnitude": 47.0,
        "magnitude_units": null,
        "source": "Mesonet",
        "event_narrative": "Mesonet station 8472 D6 Thornton US-20."
      },
      "geometry": {
        "type": "Point",
        "coordinates": [
          -111.85,
          43.76
        ]
      }
    },
    {
      "type": "Feature",
      "id": "iem-lsr-PIH-238",
      "properties": {
        "report_id": "iem-lsr-PIH-238",
        "report_type": "NON-TSTM WND GST",
        "event_category": "thunderstorm_wind",
        "valid_utc": "202604021930",
        "standard_time_display": "2026-04-02 11:30 PST",
        "wfo": "PIH",
        "county_or_zone": "Blaine",
        "city": "5 WSW Gannett",
        "state": "ID",
        "magnitude": 48.0,
        "magnitude_units": null,
        "source": "Mesonet",
        "event_narrative": "Mesonet station 3020 D4 Timmerman Hill ID-75."
      },
      "geometry": {
        "type": "Point",
        "coordinates": [
          -114.28,
          43.33
        ]
      }
    },
    {
      "type": "Feature",
      "id": "iem-lsr-PIH-239",
      "properties": {
        "report_id": "iem-lsr-PIH-239",
        "report_type": "NON-TSTM WND GST",
        "event_category": "thunderstorm_wind",
        "valid_utc": "202604021930",
        "standard_time_display": "2026-04-02 12:30 MST",
        "wfo": "PIH",
        "county_or_zone": "Jefferson",
        "city": "3 SW Camas",
        "state": "ID",
        "magnitude": 49.0,
        "magnitude_units": null,
        "source": "Mesonet",
        "event_narrative": "Mesonet station PC136 Refuge."
      },
      "geometry": {
        "type": "Point",
        "coordinates": [
          -112.26,
          43.96
        ]
      }
    },
    {
      "type": "Feature",
      "id": "iem-lsr-PIH-240",
      "properties": {
        "report_id": "iem-lsr-PIH-240",
        "report_type": "NON-TSTM WND GST",
        "event_category": "thunderstorm_wind",
        "valid_utc": "202604021930",
        "standard_time_display": "2026-04-02 12:30 MST",
        "wfo": "PIH",
        "county_or_zone": "Butte",
        "city": "9 NW Atomic City",
        "state": "ID",
        "magnitude": 53.0,
        "magnitude_units": null,
        "source": "Mesonet",
        "event_narrative": "Mesonet station 690 INL Central Facilities."
      },
      "geometry": {
        "type": "Point",
        "coordinates": [
          -112.95,
          43.53
        ]
      }
    },
    {
      "type": "Feature",
      "id": "iem-lsr-PIH-241",
      "properties": {
        "report_id": "iem-lsr-PIH-241",
        "report_type": "NON-TSTM WND GST",
        "event_category": "thunderstorm_wind",
        "valid_utc": "202604021940",
        "standard_time_display": "2026-04-02 12:40 MST",
        "wfo": "PIH",
        "county_or_zone": "Bingham",
        "city": "Atomic City",
        "state": "ID",
        "magnitude": 52.0,
        "magnitude_units": null,
        "source": "Mesonet",
        "event_narrative": "Mesonet station ATO Atomic City."
      },
      "geometry": {
        "type": "Point",
        "coordinates": [
          -112.81,
          43.44
        ]
      }
    },
    {
      "type": "Feature",
      "id": "iem-lsr-PIH-242",
      "properties": {
        "report_id": "iem-lsr-PIH-242",
        "report_type": "NON-TSTM WND GST",
        "event_category": "thunderstorm_wind",
        "valid_utc": "202604021945",
        "standard_time_display": "2026-04-02 12:45 MST",
        "wfo": "PIH",
        "county_or_zone": "Cassia",
        "city": "6 SE Albion",
        "state": "ID",
        "magnitude": 52.0,
        "magnitude_units": null,
        "source": "Mesonet",
        "event_narrative": "Mesonet station 2983 D4 Conner Summit ID-77."
      },
      "geometry": {
        "type": "Point",
        "coordinates": [
          -113.52,
          42.35
        ]
      }
    },
    {
      "type": "Feature",
      "id": "iem-lsr-PIH-243",
      "properties": {
        "report_id": "iem-lsr-PIH-243",
        "report_type": "NON-TSTM WND GST",
        "event_category": "thunderstorm_wind",
        "valid_utc": "202604021955",
        "standard_time_display": "2026-04-02 12:55 MST",
        "wfo": "PIH",
        "county_or_zone": "Clark",
        "city": "5 NNE Dubois",
        "state": "ID",
        "magnitude": 47.0,
        "magnitude_units": null,
        "source": "Mesonet",
        "event_narrative": "Mesonet station DUB 5 NNE Dubois."
      },
      "geometry": {
        "type": "Point",
        "coordinates": [
          -112.2,
          44.24
        ]
      }
    },
    {
      "type": "Feature",
      "id": "iem-lsr-PIH-244",
      "properties": {
        "report_id": "iem-lsr-PIH-244",
        "report_type": "NON-TSTM WND GST",
        "event_category": "thunderstorm_wind",
        "valid_utc": "202604021955",
        "standard_time_display": "2026-04-02 12:55 MST",
        "wfo": "PIH",
        "county_or_zone": "Jefferson",
        "city": "1 N Roberts",
        "state": "ID",
        "magnitude": 49.0,
        "magnitude_units": null,
        "source": "Mesonet",
        "event_narrative": "Mesonet station ROB 1 N Roberts."
      },
      "geometry": {
        "type": "Point",
        "coordinates": [
          -112.13,
          43.74
        ]
      }
    },
    {
      "type": "Feature",
      "id": "iem-lsr-PIH-245",
      "properties": {
        "report_id": "iem-lsr-PIH-245",
        "report_type": "NON-TSTM WND GST",
        "event_category": "thunderstorm_wind",
        "valid_utc": "202604022000",
        "standard_time_display": "2026-04-02 13:00 MST",
        "wfo": "PIH",
        "county_or_zone": "Jefferson",
        "city": "5 SW Hamer",
        "state": "ID",
        "magnitude": 46.0,
        "magnitude_units": null,
        "source": "Mesonet",
        "event_narrative": "Mesonet station TRTI 5 SW Hamer."
      },
      "geometry": {
        "type": "Point",
        "coordinates": [
          -112.26,
          43.87
        ]
      }
    },
    {
      "type": "Feature",
      "id": "iem-lsr-PIH-246",
      "properties": {
        "report_id": "iem-lsr-PIH-246",
        "report_type": "NON-TSTM WND GST",
        "event_category": "thunderstorm_wind",
        "valid_utc": "202604022000",
        "standard_time_display": "2026-04-02 13:00 MST",
        "wfo": "PIH",
        "county_or_zone": "Butte",
        "city": "5 WSW Craters of Moon",
        "state": "ID",
        "magnitude": 60.0,
        "magnitude_units": null,
        "source": "Mesonet",
        "event_narrative": "Mesonet station 3021 D6 Tom Cat Summit US-20."
      },
      "geometry": {
        "type": "Point",
        "coordinates": [
          -113.63,
          43.41
        ]
      }
    },
    {
      "type": "Feature",
      "id": "iem-lsr-PIH-247",
      "properties": {
        "report_id": "iem-lsr-PIH-247",
        "report_type": "NON-TSTM WND GST",
        "event_category": "thunderstorm_wind",
        "valid_utc": "202604022030",
        "standard_time_display": "2026-04-02 13:30 MST",
        "wfo": "PIH",
        "county_or_zone": "Bonneville",
        "city": "16 W Osgood",
        "state": "ID",
        "magnitude": 49.0,
        "magnitude_units": null,
        "source": "Mesonet",
        "event_narrative": "Mesonet station 8419 D6 Kettle Butte US-20."
      },
      "geometry": {
        "type": "Point",
        "coordinates": [
          -112.42,
          43.55
        ]
      }
    },
    {
      "type": "Feature",
      "id": "iem-lsr-PIH-248",
      "properties": {
        "report_id": "iem-lsr-PIH-248",
        "report_type": "NON-TSTM WND GST",
        "event_category": "thunderstorm_wind",
        "valid_utc": "202604022030",
        "standard_time_display": "2026-04-02 13:30 MST",
        "wfo": "PIH",
        "county_or_zone": "Madison",
        "city": "2 NNE Sugar City",
        "state": "ID",
        "magnitude": 49.0,
        "magnitude_units": null,
        "source": "Mesonet",
        "event_narrative": "Mesonet station SUG 2 NNE Sugar City."
      },
      "geometry": {
        "type": "Point",
        "coordinates": [
          -111.74,
          43.9
        ]
      }
    },
    {
      "type": "Feature",
      "id": "iem-lsr-PIH-249",
      "properties": {
        "report_id": "iem-lsr-PIH-249",
        "report_type": "NON-TSTM WND GST",
        "event_category": "thunderstorm_wind",
        "valid_utc": "202604022035",
        "standard_time_display": "2026-04-02 13:35 MST",
        "wfo": "PIH",
        "county_or_zone": "Bonneville",
        "city": "11 W Osgood",
        "state": "ID",
        "magnitude": 55.0,
        "magnitude_units": null,
        "source": "Mesonet",
        "event_narrative": "Mesonet station KET Kettle Butte."
      },
      "geometry": {
        "type": "Point",
        "coordinates": [
          -112.33,
          43.55
        ]
      }
    },
    {
      "type": "Feature",
      "id": "iem-lsr-PIH-250",
      "properties": {
        "report_id": "iem-lsr-PIH-250",
        "report_type": "NON-TSTM WND GST",
        "event_category": "thunderstorm_wind",
        "valid_utc": "202604022040",
        "standard_time_display": "2026-04-02 13:40 MST",
        "wfo": "PIH",
        "county_or_zone": "Butte",
        "city": "20 ESE Craters of Moon",
        "state": "ID",
        "magnitude": 54.0,
        "magnitude_units": null,
        "source": "Mesonet",
        "event_narrative": "Mesonet station BIG Coxs Well."
      },
      "geometry": {
        "type": "Point",
        "coordinates": [
          -113.18,
          43.29
        ]
      }
    },
    {
      "type": "Feature",
      "id": "iem-lsr-PIH-251",
      "properties": {
        "report_id": "iem-lsr-PIH-251",
        "report_type": "NON-TSTM WND GST",
        "event_category": "thunderstorm_wind",
        "valid_utc": "202604022054",
        "standard_time_display": "2026-04-02 13:54 MST",
        "wfo": "PIH",
        "county_or_zone": "Blaine",
        "city": "14 S Craters of Moon",
        "state": "ID",
        "magnitude": 49.0,
        "magnitude_units": null,
        "source": "Mesonet",
        "event_narrative": "Mesonet station PBUI1 Potter Butte."
      },
      "geometry": {
        "type": "Point",
        "coordinates": [
          -113.57,
          43.23
        ]
      }
    },
    {
      "type": "Feature",
      "id": "iem-lsr-PIH-252",
      "properties": {
        "report_id": "iem-lsr-PIH-252",
        "report_type": "NON-TSTM WND GST",
        "event_category": "thunderstorm_wind",
        "valid_utc": "202604022130",
        "standard_time_display": "2026-04-02 14:30 MST",
        "wfo": "PIH",
        "county_or_zone": "Jefferson",
        "city": "5 SSE Roberts",
        "state": "ID",
        "magnitude": 48.0,
        "magnitude_units": null,
        "source": "Mesonet",
        "event_narrative": "Mesonet station 3306 D6 Osgood I-15."
      },
      "geometry": {
        "type": "Point",
        "coordinates": [
          -112.1,
          43.65
        ]
      }
    },
    {
      "type": "Feature",
      "id": "iem-lsr-PIH-253",
      "properties": {
        "report_id": "iem-lsr-PIH-253",
        "report_type": "NON-TSTM WND GST",
        "event_category": "thunderstorm_wind",
        "valid_utc": "202604022130",
        "standard_time_display": "2026-04-02 14:30 MST",
        "wfo": "PIH",
        "county_or_zone": "Bonneville",
        "city": "1 NW Idaho Falls",
        "state": "ID",
        "magnitude": 50.0,
        "magnitude_units": null,
        "source": "Mesonet",
        "event_narrative": "Mesonet station 8466 D6 Idaho Falls I-15."
      },
      "geometry": {
        "type": "Point",
        "coordinates": [
          -112.06,
          43.5
        ]
      }
    },
    {
      "type": "Feature",
      "id": "iem-lsr-PIH-254",
      "properties": {
        "report_id": "iem-lsr-PIH-254",
        "report_type": "NON-TSTM WND GST",
        "event_category": "thunderstorm_wind",
        "valid_utc": "202604022147",
        "standard_time_display": "2026-04-02 14:47 MST",
        "wfo": "PIH",
        "county_or_zone": "Power",
        "city": "17 W Aberdeen",
        "state": "ID",
        "magnitude": 47.0,
        "magnitude_units": null,
        "source": "Mesonet",
        "event_narrative": "Mesonet station CYFI1 17 W Aberdeen."
      },
      "geometry": {
        "type": "Point",
        "coordinates": [
          -113.18,
          42.99
        ]
      }
    },
    {
      "type": "Feature",
      "id": "iem-lsr-PIH-255",
      "properties": {
        "report_id": "iem-lsr-PIH-255",
        "report_type": "NON-TSTM WND GST",
        "event_category": "thunderstorm_wind",
        "valid_utc": "202604022155",
        "standard_time_display": "2026-04-02 14:55 MST",
        "wfo": "PIH",
        "county_or_zone": "Bingham",
        "city": "1 ESE Blackfoot",
        "state": "ID",
        "magnitude": 45.0,
        "magnitude_units": null,
        "source": "Mesonet",
        "event_narrative": "Mesonet station BLK 1 ESE Blackfoot."
      },
      "geometry": {
        "type": "Point",
        "coordinates": [
          -112.33,
          43.19
        ]
      }
    },
    {
      "type": "Feature",
      "id": "iem-lsr-PIH-256",
      "properties": {
        "report_id": "iem-lsr-PIH-256",
        "report_type": "NON-TSTM WND GST",
        "event_category": "thunderstorm_wind",
        "valid_utc": "202604022200",
        "standard_time_display": "2026-04-02 15:00 MST",
        "wfo": "PIH",
        "county_or_zone": "Fremont",
        "city": "3 SSW Ashton",
        "state": "ID",
        "magnitude": 48.0,
        "magnitude_units": null,
        "source": "Mesonet",
        "event_narrative": "Mesonet station AHTI 3 SSW Ashton."
      },
      "geometry": {
        "type": "Point",
        "coordinates": [
          -111.47,
          44.02
        ]
      }
    },
    {
      "type": "Feature",
      "id": "iem-lsr-PIH-257",
      "properties": {
        "report_id": "iem-lsr-PIH-257",
        "report_type": "NON-TSTM WND GST",
        "event_category": "thunderstorm_wind",
        "valid_utc": "202604022200",
        "standard_time_display": "2026-04-02 15:00 MST",
        "wfo": "PIH",
        "county_or_zone": "Caribou",
        "city": "2 SW Lund",
        "state": "ID",
        "magnitude": 53.0,
        "magnitude_units": null,
        "source": "Mesonet",
        "event_narrative": "Mesonet station 2989 D5 Fish Creek Summit US-30."
      },
      "geometry": {
        "type": "Point",
        "coordinates": [
          -111.92,
          42.63
        ]
      }
    },
    {
      "type": "Feature",
      "id": "iem-lsr-PIH-258",
      "properties": {
        "report_id": "iem-lsr-PIH-258",
        "report_type": "NON-TSTM WND GST",
        "event_category": "thunderstorm_wind",
        "valid_utc": "202604022210",
        "standard_time_display": "2026-04-02 15:10 MST",
        "wfo": "PIH",
        "county_or_zone": "Bonneville",
        "city": "2 NNW Ozone",
        "state": "ID",
        "magnitude": 48.0,
        "magnitude_units": null,
        "source": "Mesonet",
        "event_narrative": "Mesonet station PC219 Galbraith."
      },
      "geometry": {
        "type": "Point",
        "coordinates": [
          -111.86,
          43.43
        ]
      }
    },
    {
      "type": "Feature",
      "id": "iem-lsr-PIH-259",
      "properties": {
        "report_id": "iem-lsr-PIH-259",
        "report_type": "NON-TSTM WND GST",
        "event_category": "thunderstorm_wind",
        "valid_utc": "202604022250",
        "standard_time_display": "2026-04-02 15:50 MST",
        "wfo": "PIH",
        "county_or_zone": "Madison",
        "city": "5 SSW Clementsville",
        "state": "ID",
        "magnitude": 47.0,
        "magnitude_units": null,
        "source": "Mesonet",
        "event_narrative": "Mesonet station PC141 Canyon Creek."
      },
      "geometry": {
        "type": "Point",
        "coordinates": [
          -111.42,
          43.81
        ]
      }
    },
    {
      "type": "Feature",
      "id": "iem-lsr-PIH-260",
      "properties": {
        "report_id": "iem-lsr-PIH-260",
        "report_type": "NON-TSTM WND GST",
        "event_category": "thunderstorm_wind",
        "valid_utc": "202604022300",
        "standard_time_display": "2026-04-02 16:00 MST",
        "wfo": "PIH",
        "county_or_zone": "Bingham",
        "city": "1 NE Aberdeen",
        "state": "ID",
        "magnitude": 46.0,
        "magnitude_units": null,
        "source": "Mesonet",
        "event_narrative": "Mesonet station ABE 1 NE Aberdeen."
      },
      "geometry": {
        "type": "Point",
        "coordinates": [
          -112.82,
          42.95
        ]
      }
    },
    {
      "type": "Feature",
      "id": "iem-lsr-PIH-261",
      "properties": {
        "report_id": "iem-lsr-PIH-261",
        "report_type": "NON-TSTM WND GST",
        "event_category": "thunderstorm_wind",
        "valid_utc": "202604022300",
        "standard_time_display": "2026-04-02 16:00 MST",
        "wfo": "PIH",
        "county_or_zone": "Power",
        "city": "3 W Arbon Valley",
        "state": "ID",
        "magnitude": 46.0,
        "magnitude_units": null,
        "source": "Mesonet",
        "event_narrative": "Mesonet station 2977 D5 Arbon Valley I-86."
      },
      "geometry": {
        "type": "Point",
        "coordinates": [
          -112.66,
          42.88
        ]
      }
    },
    {
      "type": "Feature",
      "id": "iem-lsr-PIH-262",
      "properties": {
        "report_id": "iem-lsr-PIH-262",
        "report_type": "NON-TSTM WND GST",
        "event_category": "thunderstorm_wind",
        "valid_utc": "202604022330",
        "standard_time_display": "2026-04-02 16:30 MST",
        "wfo": "PIH",
        "county_or_zone": "Clark",
        "city": "4 NNW Humphrey",
        "state": "ID",
        "magnitude": 50.0,
        "magnitude_units": null,
        "source": "Mesonet",
        "event_narrative": "Mesonet station 10385 D6 Monida Pass I-15."
      },
      "geometry": {
        "type": "Point",
        "coordinates": [
          -112.27,
          44.53
        ]
      }
    },
    {
      "type": "Feature",
      "id": "iem-lsr-PIH-263",
      "properties": {
        "report_id": "iem-lsr-PIH-263",
        "report_type": "NON-TSTM WND GST",
        "event_category": "thunderstorm_wind",
        "valid_utc": "202604022345",
        "standard_time_display": "2026-04-02 16:45 MST",
        "wfo": "PIH",
        "county_or_zone": "Oneida",
        "city": "Holbrook",
        "state": "ID",
        "magnitude": 46.0,
        "magnitude_units": null,
        "source": "Mesonet",
        "event_narrative": "Mesonet station ITDD9 D5 Holbrook ID-38."
      },
      "geometry": {
        "type": "Point",
        "coordinates": [
          -112.66,
          42.17
        ]
      }
    },
    {
      "type": "Feature",
      "id": "iem-lsr-PIH-264",
      "properties": {
        "report_id": "iem-lsr-PIH-264",
        "report_type": "NON-TSTM WND GST",
        "event_category": "thunderstorm_wind",
        "valid_utc": "202604030027",
        "standard_time_display": "2026-04-02 17:27 MST",
        "wfo": "PIH",
        "county_or_zone": "Minidoka",
        "city": "Heyburn",
        "state": "ID",
        "magnitude": 45.0,
        "magnitude_units": null,
        "source": "ASOS",
        "event_narrative": "ASOS station KBYI Burley Municipal Airport."
      },
      "geometry": {
        "type": "Point",
        "coordinates": [
          -113.77,
          42.55
        ]
      }
    },
    {
      "type": "Feature",
      "id": "iem-lsr-PIH-265",
      "properties": {
        "report_id": "iem-lsr-PIH-265",
        "report_type": "NON-TSTM WND GST",
        "event_category": "thunderstorm_wind",
        "valid_utc": "202604030100",
        "standard_time_display": "2026-04-02 18:00 MST",
        "wfo": "PIH",
        "county_or_zone": "Butte",
        "city": "1 ENE Howe",
        "state": "ID",
        "magnitude": 44.0,
        "magnitude_units": null,
        "source": "Mesonet",
        "event_narrative": "Mesonet station HOW 1 ENE Howe."
      },
      "geometry": {
        "type": "Point",
        "coordinates": [
          -112.98,
          43.78
        ]
      }
    },
    {
      "type": "Feature",
      "id": "iem-lsr-PIH-266",
      "properties": {
        "report_id": "iem-lsr-PIH-266",
        "report_type": "NON-TSTM WND GST",
        "event_category": "thunderstorm_wind",
        "valid_utc": "202604030110",
        "standard_time_display": "2026-04-02 18:10 MST",
        "wfo": "PIH",
        "county_or_zone": "Clark",
        "city": "9 NW Small",
        "state": "ID",
        "magnitude": 52.0,
        "magnitude_units": null,
        "source": "Mesonet",
        "event_narrative": "Mesonet station PC371 Medicine Lodge."
      },
      "geometry": {
        "type": "Point",
        "coordinates": [
          -112.52,
          44.31
        ]
      }
    },
    {
      "type": "Feature",
      "id": "iem-lsr-PIH-267",
      "properties": {
        "report_id": "iem-lsr-PIH-267",
        "report_type": "NON-TSTM WND GST",
        "event_category": "thunderstorm_wind",
        "valid_utc": "202604071950",
        "standard_time_display": "2026-04-07 12:50 MST",
        "wfo": "PIH",
        "county_or_zone": "Butte",
        "city": "10 ENE Darlington",
        "state": "ID",
        "magnitude": 51.0,
        "magnitude_units": null,
        "source": "Mesonet",
        "event_narrative": "Mesonet station TT636 S-C Portable No. 3."
      },
      "geometry": {
        "type": "Point",
        "coordinates": [
          -113.22,
          43.87
        ]
      }
    },
    {
      "type": "Feature",
      "id": "iem-lsr-PIH-268",
      "properties": {
        "report_id": "iem-lsr-PIH-268",
        "report_type": "NON-TSTM WND GST",
        "event_category": "thunderstorm_wind",
        "valid_utc": "202604072005",
        "standard_time_display": "2026-04-07 13:05 MST",
        "wfo": "PIH",
        "county_or_zone": "Butte",
        "city": "12 E Howe",
        "state": "ID",
        "magnitude": 48.0,
        "magnitude_units": null,
        "source": "Mesonet",
        "event_narrative": "Mesonet station SAN 12 E Howe."
      },
      "geometry": {
        "type": "Point",
        "coordinates": [
          -112.76,
          43.78
        ]
      }
    },
    {
      "type": "Feature",
      "id": "iem-lsr-PIH-269",
      "properties": {
        "report_id": "iem-lsr-PIH-269",
        "report_type": "NON-TSTM WND GST",
        "event_category": "thunderstorm_wind",
        "valid_utc": "202604072005",
        "standard_time_display": "2026-04-07 13:05 MST",
        "wfo": "PIH",
        "county_or_zone": "Butte",
        "city": "7 S Howe",
        "state": "ID",
        "magnitude": 49.0,
        "magnitude_units": null,
        "source": "Mesonet",
        "event_narrative": "Mesonet station BAS Base of Howe Peak."
      },
      "geometry": {
        "type": "Point",
        "coordinates": [
          -113.01,
          43.68
        ]
      }
    },
    {
      "type": "Feature",
      "id": "iem-lsr-PIH-270",
      "properties": {
        "report_id": "iem-lsr-PIH-270",
        "report_type": "NON-TSTM WND GST",
        "event_category": "thunderstorm_wind",
        "valid_utc": "202604072005",
        "standard_time_display": "2026-04-07 13:05 MST",
        "wfo": "PIH",
        "county_or_zone": "Bingham",
        "city": "13 NE Atomic City",
        "state": "ID",
        "magnitude": 50.0,
        "magnitude_units": null,
        "source": "Mesonet",
        "event_narrative": "Mesonet station EBR INL Materials Fuels Complex."
      },
      "geometry": {
        "type": "Point",
        "coordinates": [
          -112.65,
          43.59
        ]
      }
    },
    {
      "type": "Feature",
      "id": "iem-lsr-PIH-271",
      "properties": {
        "report_id": "iem-lsr-PIH-271",
        "report_type": "NON-TSTM WND GST",
        "event_category": "thunderstorm_wind",
        "valid_utc": "202604072020",
        "standard_time_display": "2026-04-07 13:20 MST",
        "wfo": "PIH",
        "county_or_zone": "Fremont",
        "city": "3 N Ashton",
        "state": "ID",
        "magnitude": 45.0,
        "magnitude_units": null,
        "source": "Mesonet",
        "event_narrative": "Mesonet station PC370 Aspen Heights."
      },
      "geometry": {
        "type": "Point",
        "coordinates": [
          -111.44,
          44.12
        ]
      }
    },
    {
      "type": "Feature",
      "id": "iem-lsr-PIH-272",
      "properties": {
        "report_id": "iem-lsr-PIH-272",
        "report_type": "NON-TSTM WND GST",
        "event_category": "thunderstorm_wind",
        "valid_utc": "202604072030",
        "standard_time_display": "2026-04-07 13:30 MST",
        "wfo": "PIH",
        "county_or_zone": "Bingham",
        "city": "14 NE Atomic City",
        "state": "ID",
        "magnitude": 48.0,
        "magnitude_units": null,
        "source": "Mesonet",
        "event_narrative": "Mesonet station 3672 D6 Telegraph Hill US-20."
      },
      "geometry": {
        "type": "Point",
        "coordinates": [
          -112.59,
          43.55
        ]
      }
    },
    {
      "type": "Feature",
      "id": "iem-lsr-PIH-273",
      "properties": {
        "report_id": "iem-lsr-PIH-273",
        "report_type": "NON-TSTM WND GST",
        "event_category": "thunderstorm_wind",
        "valid_utc": "202604072040",
        "standard_time_display": "2026-04-07 13:40 MST",
        "wfo": "PIH",
        "county_or_zone": "Bear Lake",
        "city": "2 SE Bern",
        "state": "ID",
        "magnitude": 51.0,
        "magnitude_units": null,
        "source": "Mesonet",
        "event_narrative": "Mesonet station PC588 Ovid Sub."
      },
      "geometry": {
        "type": "Point",
        "coordinates": [
          -111.36,
          42.31
        ]
      }
    },
    {
      "type": "Feature",
      "id": "iem-lsr-PIH-274",
      "properties": {
        "report_id": "iem-lsr-PIH-274",
        "report_type": "NON-TSTM WND GST",
        "event_category": "thunderstorm_wind",
        "valid_utc": "202604072050",
        "standard_time_display": "2026-04-07 13:50 MST",
        "wfo": "PIH",
        "county_or_zone": "Bingham",
        "city": "Atomic City",
        "state": "ID",
        "magnitude": 47.0,
        "magnitude_units": null,
        "source": "Mesonet",
        "event_narrative": "Mesonet station ATO Atomic City."
      },
      "geometry": {
        "type": "Point",
        "coordinates": [
          -112.81,
          43.44
        ]
      }
    },
    {
      "type": "Feature",
      "id": "iem-lsr-PIH-275",
      "properties": {
        "report_id": "iem-lsr-PIH-275",
        "report_type": "NON-TSTM WND GST",
        "event_category": "thunderstorm_wind",
        "valid_utc": "202604072055",
        "standard_time_display": "2026-04-07 13:55 MST",
        "wfo": "PIH",
        "county_or_zone": "Butte",
        "city": "11 WSW Monteview",
        "state": "ID",
        "magnitude": 45.0,
        "magnitude_units": null,
        "source": "Mesonet",
        "event_narrative": "Mesonet station LOF INL Specific Manufacturing."
      },
      "geometry": {
        "type": "Point",
        "coordinates": [
          -112.73,
          43.86
        ]
      }
    },
    {
      "type": "Feature",
      "id": "iem-lsr-PIH-276",
      "properties": {
        "report_id": "iem-lsr-PIH-276",
        "report_type": "NON-TSTM WND GST",
        "event_category": "thunderstorm_wind",
        "valid_utc": "202604072100",
        "standard_time_display": "2026-04-07 14:00 MST",
        "wfo": "PIH",
        "county_or_zone": "Bonneville",
        "city": "16 W Osgood",
        "state": "ID",
        "magnitude": 48.0,
        "magnitude_units": null,
        "source": "Mesonet",
        "event_narrative": "Mesonet station 8419 D6 Kettle Butte US-20."
      },
      "geometry": {
        "type": "Point",
        "coordinates": [
          -112.42,
          43.55
        ]
      }
    },
    {
      "type": "Feature",
      "id": "iem-lsr-PIH-277",
      "properties": {
        "report_id": "iem-lsr-PIH-277",
        "report_type": "NON-TSTM WND GST",
        "event_category": "thunderstorm_wind",
        "valid_utc": "202604072100",
        "standard_time_display": "2026-04-07 14:00 MST",
        "wfo": "PIH",
        "county_or_zone": "Bear Lake",
        "city": "4 E Montpelier",
        "state": "ID",
        "magnitude": 53.0,
        "magnitude_units": null,
        "source": "Mesonet",
        "event_narrative": "Mesonet station PC506 Sheep Creek Hills."
      },
      "geometry": {
        "type": "Point",
        "coordinates": [
          -111.22,
          42.32
        ]
      }
    },
    {
      "type": "Feature",
      "id": "iem-lsr-PIH-278",
      "properties": {
        "report_id": "iem-lsr-PIH-278",
        "report_type": "NON-TSTM WND GST",
        "event_category": "thunderstorm_wind",
        "valid_utc": "202604072105",
        "standard_time_display": "2026-04-07 14:05 MST",
        "wfo": "PIH",
        "county_or_zone": "Butte",
        "city": "9 E Butte City",
        "state": "ID",
        "magnitude": 55.0,
        "magnitude_units": null,
        "source": "Mesonet",
        "event_narrative": "Mesonet station DEA Dead Man Canyon."
      },
      "geometry": {
        "type": "Point",
        "coordinates": [
          -113.06,
          43.62
        ]
      }
    },
    {
      "type": "Feature",
      "id": "iem-lsr-PIH-279",
      "properties": {
        "report_id": "iem-lsr-PIH-279",
        "report_type": "NON-TSTM WND GST",
        "event_category": "thunderstorm_wind",
        "valid_utc": "202604072115",
        "standard_time_display": "2026-04-07 14:15 MST",
        "wfo": "PIH",
        "county_or_zone": "Bonneville",
        "city": "2 NE Osgood",
        "state": "ID",
        "magnitude": 45.0,
        "magnitude_units": null,
        "source": "Mesonet",
        "event_narrative": "Mesonet station OSGI 2 NE Osgood."
      },
      "geometry": {
        "type": "Point",
        "coordinates": [
          -112.08,
          43.59
        ]
      }
    },
    {
      "type": "Feature",
      "id": "iem-lsr-PIH-280",
      "properties": {
        "report_id": "iem-lsr-PIH-280",
        "report_type": "NON-TSTM WND GST",
        "event_category": "thunderstorm_wind",
        "valid_utc": "202604072115",
        "standard_time_display": "2026-04-07 14:15 MST",
        "wfo": "PIH",
        "county_or_zone": "Jefferson",
        "city": "5 SW Hamer",
        "state": "ID",
        "magnitude": 48.0,
        "magnitude_units": null,
        "source": "Mesonet",
        "event_narrative": "Mesonet station TRTI 5 SW Hamer."
      },
      "geometry": {
        "type": "Point",
        "coordinates": [
          -112.26,
          43.87
        ]
      }
    },
    {
      "type": "Feature",
      "id": "iem-lsr-PIH-281",
      "properties": {
        "report_id": "iem-lsr-PIH-281",
        "report_type": "NON-TSTM WND GST",
        "event_category": "thunderstorm_wind",
        "valid_utc": "202604072115",
        "standard_time_display": "2026-04-07 14:15 MST",
        "wfo": "PIH",
        "county_or_zone": "Jefferson",
        "city": "5 SSE Roberts",
        "state": "ID",
        "magnitude": 50.0,
        "magnitude_units": null,
        "source": "Mesonet",
        "event_narrative": "Mesonet station 3306 D6 Osgood I-15."
      },
      "geometry": {
        "type": "Point",
        "coordinates": [
          -112.1,
          43.65
        ]
      }
    },
    {
      "type": "Feature",
      "id": "iem-lsr-PIH-282",
      "properties": {
        "report_id": "iem-lsr-PIH-282",
        "report_type": "NON-TSTM WND GST",
        "event_category": "thunderstorm_wind",
        "valid_utc": "202604072119",
        "standard_time_display": "2026-04-07 14:19 MST",
        "wfo": "PIH",
        "county_or_zone": "Bonneville",
        "city": "2 NW Idaho Falls",
        "state": "ID",
        "magnitude": 58.0,
        "magnitude_units": null,
        "source": "ASOS",
        "event_narrative": "ASOS station KIDA Idaho Falls Regional Airport."
      },
      "geometry": {
        "type": "Point",
        "coordinates": [
          -112.07,
          43.52
        ]
      }
    },
    {
      "type": "Feature",
      "id": "iem-lsr-PIH-283",
      "properties": {
        "report_id": "iem-lsr-PIH-283",
        "report_type": "NON-TSTM WND GST",
        "event_category": "thunderstorm_wind",
        "valid_utc": "202604072130",
        "standard_time_display": "2026-04-07 14:30 MST",
        "wfo": "PIH",
        "county_or_zone": "Bonneville",
        "city": "1 NW Idaho Falls",
        "state": "ID",
        "magnitude": 46.0,
        "magnitude_units": null,
        "source": "Mesonet",
        "event_narrative": "Mesonet station 8466 D6 Idaho Falls I-15."
      },
      "geometry": {
        "type": "Point",
        "coordinates": [
          -112.06,
          43.5
        ]
      }
    },
    {
      "type": "Feature",
      "id": "iem-lsr-PIH-284",
      "properties": {
        "report_id": "iem-lsr-PIH-284",
        "report_type": "NON-TSTM WND GST",
        "event_category": "thunderstorm_wind",
        "valid_utc": "202604072130",
        "standard_time_display": "2026-04-07 14:30 MST",
        "wfo": "PIH",
        "county_or_zone": "Bingham",
        "city": "3 NNW Taber",
        "state": "ID",
        "magnitude": 53.0,
        "magnitude_units": null,
        "source": "Mesonet",
        "event_narrative": "Mesonet station ITDC4 D5 Tilden Flats US-26."
      },
      "geometry": {
        "type": "Point",
        "coordinates": [
          -112.64,
          43.36
        ]
      }
    },
    {
      "type": "Feature",
      "id": "iem-lsr-PIH-285",
      "properties": {
        "report_id": "iem-lsr-PIH-285",
        "report_type": "NON-TSTM WND GST",
        "event_category": "thunderstorm_wind",
        "valid_utc": "202604072135",
        "standard_time_display": "2026-04-07 14:35 MST",
        "wfo": "PIH",
        "county_or_zone": "Butte",
        "city": "12 NW Atomic City",
        "state": "ID",
        "magnitude": 46.0,
        "magnitude_units": null,
        "source": "Mesonet",
        "event_narrative": "Mesonet station LOS Lost River Rest Area."
      },
      "geometry": {
        "type": "Point",
        "coordinates": [
          -113.01,
          43.55
        ]
      }
    },
    {
      "type": "Feature",
      "id": "iem-lsr-PIH-286",
      "properties": {
        "report_id": "iem-lsr-PIH-286",
        "report_type": "NON-TSTM WND GST",
        "event_category": "thunderstorm_wind",
        "valid_utc": "202604072140",
        "standard_time_display": "2026-04-07 14:40 MST",
        "wfo": "PIH",
        "county_or_zone": "Butte",
        "city": "12 NNW Atomic City",
        "state": "ID",
        "magnitude": 48.0,
        "magnitude_units": null,
        "source": "Mesonet",
        "event_narrative": "Mesonet station GRI INL INTEC/Grid 3."
      },
      "geometry": {
        "type": "Point",
        "coordinates": [
          -112.94,
          43.59
        ]
      }
    },
    {
      "type": "Feature",
      "id": "iem-lsr-PIH-287",
      "properties": {
        "report_id": "iem-lsr-PIH-287",
        "report_type": "NON-TSTM WND GST",
        "event_category": "thunderstorm_wind",
        "valid_utc": "202604072145",
        "standard_time_display": "2026-04-07 14:45 MST",
        "wfo": "PIH",
        "county_or_zone": "Butte",
        "city": "12 SE Butte City",
        "state": "ID",
        "magnitude": 49.0,
        "magnitude_units": null,
        "source": "Mesonet",
        "event_narrative": "Mesonet station RWM INL Radioactive Waste Mgmt."
      },
      "geometry": {
        "type": "Point",
        "coordinates": [
          -113.05,
          43.5
        ]
      }
    },
    {
      "type": "Feature",
      "id": "iem-lsr-PIH-288",
      "properties": {
        "report_id": "iem-lsr-PIH-288",
        "report_type": "NON-TSTM WND GST",
        "event_category": "thunderstorm_wind",
        "valid_utc": "202604072145",
        "standard_time_display": "2026-04-07 14:45 MST",
        "wfo": "PIH",
        "county_or_zone": "Butte",
        "city": "9 NW Atomic City",
        "state": "ID",
        "magnitude": 50.0,
        "magnitude_units": null,
        "source": "Mesonet",
        "event_narrative": "Mesonet station 690 INL Central Facilities."
      },
      "geometry": {
        "type": "Point",
        "coordinates": [
          -112.95,
          43.53
        ]
      }
    },
    {
      "type": "Feature",
      "id": "iem-lsr-PIH-289",
      "properties": {
        "report_id": "iem-lsr-PIH-289",
        "report_type": "NON-TSTM WND GST",
        "event_category": "thunderstorm_wind",
        "valid_utc": "202604072150",
        "standard_time_display": "2026-04-07 14:50 MST",
        "wfo": "PIH",
        "county_or_zone": "Butte",
        "city": "8 NNW Atomic City",
        "state": "ID",
        "magnitude": 51.0,
        "magnitude_units": null,
        "source": "Mesonet",
        "event_narrative": "Mesonet station PBF INL Critical Infrastructure."
      },
      "geometry": {
        "type": "Point",
        "coordinates": [
          -112.87,
          43.55
        ]
      }
    },
    {
      "type": "Feature",
      "id": "iem-lsr-PIH-290",
      "properties": {
        "report_id": "iem-lsr-PIH-290",
        "report_type": "NON-TSTM WND GST",
        "event_category": "thunderstorm_wind",
        "valid_utc": "202604072200",
        "standard_time_display": "2026-04-07 15:00 MST",
        "wfo": "PIH",
        "county_or_zone": "Bonneville",
        "city": "4 NNW Shelley",
        "state": "ID",
        "magnitude": 47.0,
        "magnitude_units": null,
        "source": "Mesonet",
        "event_narrative": "Mesonet station SHLI 4 NNW Shelley."
      },
      "geometry": {
        "type": "Point",
        "coordinates": [
          -112.14,
          43.43
        ]
      }
    },
    {
      "type": "Feature",
      "id": "iem-lsr-PIH-291",
      "properties": {
        "report_id": "iem-lsr-PIH-291",
        "report_type": "NON-TSTM WND GST",
        "event_category": "thunderstorm_wind",
        "valid_utc": "202604072210",
        "standard_time_display": "2026-04-07 15:10 MST",
        "wfo": "PIH",
        "county_or_zone": "Clark",
        "city": "9 NW Small",
        "state": "ID",
        "magnitude": 50.0,
        "magnitude_units": null,
        "source": "Mesonet",
        "event_narrative": "Mesonet station PC371 Medicine Lodge."
      },
      "geometry": {
        "type": "Point",
        "coordinates": [
          -112.52,
          44.31
        ]
      }
    },
    {
      "type": "Feature",
      "id": "iem-lsr-PIH-292",
      "properties": {
        "report_id": "iem-lsr-PIH-292",
        "report_type": "NON-TSTM WND GST",
        "event_category": "thunderstorm_wind",
        "valid_utc": "202604072215",
        "standard_time_display": "2026-04-07 15:15 MST",
        "wfo": "PIH",
        "county_or_zone": "Bonneville",
        "city": "1 NW Ucon",
        "state": "ID",
        "magnitude": 45.0,
        "magnitude_units": null,
        "source": "Mesonet",
        "event_narrative": "Mesonet station ITDC1 D6 Ucon US-20."
      },
      "geometry": {
        "type": "Point",
        "coordinates": [
          -111.96,
          43.6
        ]
      }
    },
    {
      "type": "Feature",
      "id": "iem-lsr-PIH-293",
      "properties": {
        "report_id": "iem-lsr-PIH-293",
        "report_type": "NON-TSTM WND GST",
        "event_category": "thunderstorm_wind",
        "valid_utc": "202604072215",
        "standard_time_display": "2026-04-07 15:15 MST",
        "wfo": "PIH",
        "county_or_zone": "Butte",
        "city": "10 SSE Howe",
        "state": "ID",
        "magnitude": 46.0,
        "magnitude_units": null,
        "source": "Mesonet",
        "event_narrative": "Mesonet station NRF INL Naval Reactors Facility."
      },
      "geometry": {
        "type": "Point",
        "coordinates": [
          -112.91,
          43.65
        ]
      }
    },
    {
      "type": "Feature",
      "id": "iem-lsr-PIH-294",
      "properties": {
        "report_id": "iem-lsr-PIH-294",
        "report_type": "NON-TSTM WND GST",
        "event_category": "thunderstorm_wind",
        "valid_utc": "202604072215",
        "standard_time_display": "2026-04-07 14:15 PST",
        "wfo": "PIH",
        "county_or_zone": "Custer",
        "city": "4 W Clayton",
        "state": "ID",
        "magnitude": 53.0,
        "magnitude_units": null,
        "source": "Mesonet",
        "event_narrative": "Mesonet station 8962 D4 Clayton ID-75."
      },
      "geometry": {
        "type": "Point",
        "coordinates": [
          -114.48,
          44.26
        ]
      }
    },
    {
      "type": "Feature",
      "id": "iem-lsr-PIH-295",
      "properties": {
        "report_id": "iem-lsr-PIH-295",
        "report_type": "NON-TSTM WND GST",
        "event_category": "thunderstorm_wind",
        "valid_utc": "202604072215",
        "standard_time_display": "2026-04-07 15:15 MST",
        "wfo": "PIH",
        "county_or_zone": "Butte",
        "city": "6 NW Atomic City",
        "state": "ID",
        "magnitude": 54.0,
        "magnitude_units": null,
        "source": "Mesonet",
        "event_narrative": "Mesonet station 3699 D6 INL Puzzle US-20/US-26."
      },
      "geometry": {
        "type": "Point",
        "coordinates": [
          -112.89,
          43.51
        ]
      }
    },
    {
      "type": "Feature",
      "id": "iem-lsr-PIH-296",
      "properties": {
        "report_id": "iem-lsr-PIH-296",
        "report_type": "NON-TSTM WND GST",
        "event_category": "thunderstorm_wind",
        "valid_utc": "202604072230",
        "standard_time_display": "2026-04-07 15:30 MST",
        "wfo": "PIH",
        "county_or_zone": "Bingham",
        "city": "2 WSW Goshen",
        "state": "ID",
        "magnitude": 45.0,
        "magnitude_units": null,
        "source": "Mesonet",
        "event_narrative": "Mesonet station PC589 Goshen."
      },
      "geometry": {
        "type": "Point",
        "coordinates": [
          -112.12,
          43.3
        ]
      }
    },
    {
      "type": "Feature",
      "id": "iem-lsr-PIH-297",
      "properties": {
        "report_id": "iem-lsr-PIH-297",
        "report_type": "NON-TSTM WND GST",
        "event_category": "thunderstorm_wind",
        "valid_utc": "202604072235",
        "standard_time_display": "2026-04-07 15:35 MST",
        "wfo": "PIH",
        "county_or_zone": "Clark",
        "city": "18 NNE Berenice",
        "state": "ID",
        "magnitude": 45.0,
        "magnitude_units": null,
        "source": "Mesonet",
        "event_narrative": "Mesonet station BLU Blue Dome."
      },
      "geometry": {
        "type": "Point",
        "coordinates": [
          -112.84,
          44.07
        ]
      }
    },
    {
      "type": "Feature",
      "id": "iem-lsr-PIH-298",
      "properties": {
        "report_id": "iem-lsr-PIH-298",
        "report_type": "NON-TSTM WND GST",
        "event_category": "thunderstorm_wind",
        "valid_utc": "202604072245",
        "standard_time_display": "2026-04-07 15:45 MST",
        "wfo": "PIH",
        "county_or_zone": "Caribou",
        "city": "2 SW Lund",
        "state": "ID",
        "magnitude": 45.0,
        "magnitude_units": null,
        "source": "Mesonet",
        "event_narrative": "Mesonet station 2989 D5 Fish Creek Summit US-30."
      },
      "geometry": {
        "type": "Point",
        "coordinates": [
          -111.92,
          42.63
        ]
      }
    },
    {
      "type": "Feature",
      "id": "iem-lsr-PIH-299",
      "properties": {
        "report_id": "iem-lsr-PIH-299",
        "report_type": "NON-TSTM WND GST",
        "event_category": "thunderstorm_wind",
        "valid_utc": "202604072245",
        "standard_time_display": "2026-04-07 15:45 MST",
        "wfo": "PIH",
        "county_or_zone": "Jefferson",
        "city": "9 SSW Mud Lake",
        "state": "ID",
        "magnitude": 51.0,
        "magnitude_units": null,
        "source": "Mesonet",
        "event_narrative": "Mesonet station ROV 9 SSW Mud Lake."
      },
      "geometry": {
        "type": "Point",
        "coordinates": [
          -112.53,
          43.72
        ]
      }
    },
    {
      "type": "Feature",
      "id": "iem-lsr-PIH-300",
      "properties": {
        "report_id": "iem-lsr-PIH-300",
        "report_type": "NON-TSTM WND GST",
        "event_category": "thunderstorm_wind",
        "valid_utc": "202604072255",
        "standard_time_display": "2026-04-07 15:55 MST",
        "wfo": "PIH",
        "county_or_zone": "Bingham",
        "city": "3 W Taber",
        "state": "ID",
        "magnitude": 49.0,
        "magnitude_units": null,
        "source": "Mesonet",
        "event_narrative": "Mesonet station TAB 3 W Taber."
      },
      "geometry": {
        "type": "Point",
        "coordinates": [
          -112.69,
          43.32
        ]
      }
    },
    {
      "type": "Feature",
      "id": "iem-lsr-PIH-301",
      "properties": {
        "report_id": "iem-lsr-PIH-301",
        "report_type": "NON-TSTM WND GST",
        "event_category": "thunderstorm_wind",
        "valid_utc": "202604072255",
        "standard_time_display": "2026-04-07 15:55 MST",
        "wfo": "PIH",
        "county_or_zone": "Madison",
        "city": "2 NNE Sugar City",
        "state": "ID",
        "magnitude": 52.0,
        "magnitude_units": null,
        "source": "Mesonet",
        "event_narrative": "Mesonet station SUG 2 NNE Sugar City."
      },
      "geometry": {
        "type": "Point",
        "coordinates": [
          -111.74,
          43.9
        ]
      }
    },
    {
      "type": "Feature",
      "id": "iem-lsr-PIH-302",
      "properties": {
        "report_id": "iem-lsr-PIH-302",
        "report_type": "NON-TSTM WND GST",
        "event_category": "thunderstorm_wind",
        "valid_utc": "202604072300",
        "standard_time_display": "2026-04-07 16:00 MST",
        "wfo": "PIH",
        "county_or_zone": "Madison",
        "city": "Thornton",
        "state": "ID",
        "magnitude": 47.0,
        "magnitude_units": null,
        "source": "Mesonet",
        "event_narrative": "Mesonet station 8472 D6 Thornton US-20."
      },
      "geometry": {
        "type": "Point",
        "coordinates": [
          -111.85,
          43.76
        ]
      }
    },
    {
      "type": "Feature",
      "id": "iem-lsr-PIH-303",
      "properties": {
        "report_id": "iem-lsr-PIH-303",
        "report_type": "NON-TSTM WND GST",
        "event_category": "thunderstorm_wind",
        "valid_utc": "202604072300",
        "standard_time_display": "2026-04-07 16:00 MST",
        "wfo": "PIH",
        "county_or_zone": "Bonneville",
        "city": "2 SE Palisades",
        "state": "ID",
        "magnitude": 48.0,
        "magnitude_units": null,
        "source": "Mesonet",
        "event_narrative": "Mesonet station ITDE5 D6 Palisades Dam US-26."
      },
      "geometry": {
        "type": "Point",
        "coordinates": [
          -111.2,
          43.33
        ]
      }
    },
    {
      "type": "Feature",
      "id": "iem-lsr-PIH-304",
      "properties": {
        "report_id": "iem-lsr-PIH-304",
        "report_type": "NON-TSTM WND GST",
        "event_category": "thunderstorm_wind",
        "valid_utc": "202604072300",
        "standard_time_display": "2026-04-07 16:00 MST",
        "wfo": "PIH",
        "county_or_zone": "Madison",
        "city": "2 SSW Sugar City",
        "state": "ID",
        "magnitude": 48.0,
        "magnitude_units": null,
        "source": "Mesonet",
        "event_narrative": "Mesonet station RXGI 2 SSW Sugar City."
      },
      "geometry": {
        "type": "Point",
        "coordinates": [
          -111.77,
          43.85
        ]
      }
    },
    {
      "type": "Feature",
      "id": "iem-lsr-PIH-305",
      "properties": {
        "report_id": "iem-lsr-PIH-305",
        "report_type": "NON-TSTM WND GST",
        "event_category": "thunderstorm_wind",
        "valid_utc": "202604072300",
        "standard_time_display": "2026-04-07 16:00 MST",
        "wfo": "PIH",
        "county_or_zone": "Teton",
        "city": "5 E Clementsville",
        "state": "ID",
        "magnitude": 49.0,
        "magnitude_units": null,
        "source": "Mesonet",
        "event_narrative": "Mesonet station 8975 D6 River Rim ID-33."
      },
      "geometry": {
        "type": "Point",
        "coordinates": [
          -111.28,
          43.86
        ]
      }
    },
    {
      "type": "Feature",
      "id": "iem-lsr-PIH-306",
      "properties": {
        "report_id": "iem-lsr-PIH-306",
        "report_type": "NON-TSTM WND GST",
        "event_category": "thunderstorm_wind",
        "valid_utc": "202604072300",
        "standard_time_display": "2026-04-07 16:00 MST",
        "wfo": "PIH",
        "county_or_zone": "Bonneville",
        "city": "1 WSW Poplar",
        "state": "ID",
        "magnitude": 52.0,
        "magnitude_units": null,
        "source": "Mesonet",
        "event_narrative": "Mesonet station 3300 D6 Ririe US-26."
      },
      "geometry": {
        "type": "Point",
        "coordinates": [
          -111.71,
          43.61
        ]
      }
    },
    {
      "type": "Feature",
      "id": "iem-lsr-PIH-307",
      "properties": {
        "report_id": "iem-lsr-PIH-307",
        "report_type": "NON-TSTM WND GST",
        "event_category": "thunderstorm_wind",
        "valid_utc": "202604072310",
        "standard_time_display": "2026-04-07 16:10 MST",
        "wfo": "PIH",
        "county_or_zone": "Bonneville",
        "city": "2 NNW Ozone",
        "state": "ID",
        "magnitude": 49.0,
        "magnitude_units": null,
        "source": "Mesonet",
        "event_narrative": "Mesonet station PC219 Galbraith."
      },
      "geometry": {
        "type": "Point",
        "coordinates": [
          -111.86,
          43.43
        ]
      }
    },
    {
      "type": "Feature",
      "id": "iem-lsr-PIH-308",
      "properties": {
        "report_id": "iem-lsr-PIH-308",
        "report_type": "NON-TSTM WND GST",
        "event_category": "thunderstorm_wind",
        "valid_utc": "202604072315",
        "standard_time_display": "2026-04-07 16:15 MST",
        "wfo": "PIH",
        "county_or_zone": "Bonneville",
        "city": "11 SE Poplar",
        "state": "ID",
        "magnitude": 48.0,
        "magnitude_units": null,
        "source": "Mesonet",
        "event_narrative": "Mesonet station 3673 D6 Antelope Flats US-26."
      },
      "geometry": {
        "type": "Point",
        "coordinates": [
          -111.5,
          43.53
        ]
      }
    },
    {
      "type": "Feature",
      "id": "iem-lsr-PIH-309",
      "properties": {
        "report_id": "iem-lsr-PIH-309",
        "report_type": "NON-TSTM WND GST",
        "event_category": "thunderstorm_wind",
        "valid_utc": "202604072330",
        "standard_time_display": "2026-04-07 16:30 MST",
        "wfo": "PIH",
        "county_or_zone": "Teton",
        "city": "1 NNE Clementsville",
        "state": "ID",
        "magnitude": 48.0,
        "magnitude_units": null,
        "source": "Mesonet",
        "event_narrative": "Mesonet station 2979 D6 Botts ID-33."
      },
      "geometry": {
        "type": "Point",
        "coordinates": [
          -111.36,
          43.88
        ]
      }
    },
    {
      "type": "Feature",
      "id": "iem-lsr-PIH-310",
      "properties": {
        "report_id": "iem-lsr-PIH-310",
        "report_type": "NON-TSTM WND GST",
        "event_category": "thunderstorm_wind",
        "valid_utc": "202604072330",
        "standard_time_display": "2026-04-07 16:30 MST",
        "wfo": "PIH",
        "county_or_zone": "Madison",
        "city": "5 SSW Clementsville",
        "state": "ID",
        "magnitude": 49.0,
        "magnitude_units": null,
        "source": "Mesonet",
        "event_narrative": "Mesonet station PC141 Canyon Creek."
      },
      "geometry": {
        "type": "Point",
        "coordinates": [
          -111.42,
          43.81
        ]
      }
    },
    {
      "type": "Feature",
      "id": "iem-lsr-PIH-311",
      "properties": {
        "report_id": "iem-lsr-PIH-311",
        "report_type": "NON-TSTM WND GST",
        "event_category": "thunderstorm_wind",
        "valid_utc": "202604072334",
        "standard_time_display": "2026-04-07 16:34 MST",
        "wfo": "PIH",
        "county_or_zone": "Madison",
        "city": "1 NW Rexburg",
        "state": "ID",
        "magnitude": 48.0,
        "magnitude_units": null,
        "source": "ASOS",
        "event_narrative": "ASOS station KRXE Rexburg-Madison Airport."
      },
      "geometry": {
        "type": "Point",
        "coordinates": [
          -111.8,
          43.83
        ]
      }
    },
    {
      "type": "Feature",
      "id": "iem-lsr-PIH-312",
      "properties": {
        "report_id": "iem-lsr-PIH-312",
        "report_type": "NON-TSTM WND GST",
        "event_category": "thunderstorm_wind",
        "valid_utc": "202604072340",
        "standard_time_display": "2026-04-07 16:40 MST",
        "wfo": "PIH",
        "county_or_zone": "Bonneville",
        "city": "11 W Osgood",
        "state": "ID",
        "magnitude": 53.0,
        "magnitude_units": null,
        "source": "Mesonet",
        "event_narrative": "Mesonet station KET Kettle Butte."
      },
      "geometry": {
        "type": "Point",
        "coordinates": [
          -112.33,
          43.55
        ]
      }
    },
    {
      "type": "Feature",
      "id": "iem-lsr-PIH-313",
      "properties": {
        "report_id": "iem-lsr-PIH-313",
        "report_type": "NON-TSTM WND GST",
        "event_category": "thunderstorm_wind",
        "valid_utc": "202604072345",
        "standard_time_display": "2026-04-07 16:45 MST",
        "wfo": "PIH",
        "county_or_zone": "Jefferson",
        "city": "1 N Roberts",
        "state": "ID",
        "magnitude": 46.0,
        "magnitude_units": null,
        "source": "Mesonet",
        "event_narrative": "Mesonet station ROB 1 N Roberts."
      },
      "geometry": {
        "type": "Point",
        "coordinates": [
          -112.13,
          43.74
        ]
      }
    },
    {
      "type": "Feature",
      "id": "iem-lsr-PIH-314",
      "properties": {
        "report_id": "iem-lsr-PIH-314",
        "report_type": "NON-TSTM WND GST",
        "event_category": "thunderstorm_wind",
        "valid_utc": "202604072345",
        "standard_time_display": "2026-04-07 16:45 MST",
        "wfo": "PIH",
        "county_or_zone": "Jefferson",
        "city": "1 NE Terreton",
        "state": "ID",
        "magnitude": 52.0,
        "magnitude_units": null,
        "source": "Mesonet",
        "event_narrative": "Mesonet station TER 1 NE Terreton."
      },
      "geometry": {
        "type": "Point",
        "coordinates": [
          -112.42,
          43.84
        ]
      }
    },
    {
      "type": "Feature",
      "id": "iem-lsr-PIH-315",
      "properties": {
        "report_id": "iem-lsr-PIH-315",
        "report_type": "NON-TSTM WND GST",
        "event_category": "thunderstorm_wind",
        "valid_utc": "202604080000",
        "standard_time_display": "2026-04-07 17:00 MST",
        "wfo": "PIH",
        "county_or_zone": "Bingham",
        "city": "4 NNW Sterling",
        "state": "ID",
        "magnitude": 46.0,
        "magnitude_units": null,
        "source": "Mesonet",
        "event_narrative": "Mesonet station 2250 D5 Sterling ID-39."
      },
      "geometry": {
        "type": "Point",
        "coordinates": [
          -112.78,
          43.08
        ]
      }
    },
    {
      "type": "Feature",
      "id": "iem-lsr-PIH-316",
      "properties": {
        "report_id": "iem-lsr-PIH-316",
        "report_type": "NON-TSTM WND GST",
        "event_category": "thunderstorm_wind",
        "valid_utc": "202604080000",
        "standard_time_display": "2026-04-07 17:00 MST",
        "wfo": "PIH",
        "county_or_zone": "Jefferson",
        "city": "7 S Hamer",
        "state": "ID",
        "magnitude": 48.0,
        "magnitude_units": null,
        "source": "Mesonet",
        "event_narrative": "Mesonet station 3704 D6 Sage Junction I-15."
      },
      "geometry": {
        "type": "Point",
        "coordinates": [
          -112.2,
          43.83
        ]
      }
    },
    {
      "type": "Feature",
      "id": "iem-lsr-PIH-317",
      "properties": {
        "report_id": "iem-lsr-PIH-317",
        "report_type": "NON-TSTM WND GST",
        "event_category": "thunderstorm_wind",
        "valid_utc": "202604080005",
        "standard_time_display": "2026-04-07 17:05 MST",
        "wfo": "PIH",
        "county_or_zone": "Butte",
        "city": "20 ESE Craters of Moon",
        "state": "ID",
        "magnitude": 48.0,
        "magnitude_units": null,
        "source": "Mesonet",
        "event_narrative": "Mesonet station BIG Coxs Well."
      },
      "geometry": {
        "type": "Point",
        "coordinates": [
          -113.18,
          43.29
        ]
      }
    },
    {
      "type": "Feature",
      "id": "iem-lsr-PIH-318",
      "properties": {
        "report_id": "iem-lsr-PIH-318",
        "report_type": "NON-TSTM WND GST",
        "event_category": "thunderstorm_wind",
        "valid_utc": "202604080010",
        "standard_time_display": "2026-04-07 17:10 MST",
        "wfo": "PIH",
        "county_or_zone": "Bingham",
        "city": "4 SSE Bone",
        "state": "ID",
        "magnitude": 48.0,
        "magnitude_units": null,
        "source": "Mesonet",
        "event_narrative": "Mesonet station PC622 Long Valley Rd."
      },
      "geometry": {
        "type": "Point",
        "coordinates": [
          -111.78,
          43.27
        ]
      }
    },
    {
      "type": "Feature",
      "id": "iem-lsr-PIH-319",
      "properties": {
        "report_id": "iem-lsr-PIH-319",
        "report_type": "NON-TSTM WND GST",
        "event_category": "thunderstorm_wind",
        "valid_utc": "202604080015",
        "standard_time_display": "2026-04-07 17:15 MST",
        "wfo": "PIH",
        "county_or_zone": "Butte",
        "city": "5 WSW Craters of Moon",
        "state": "ID",
        "magnitude": 63.0,
        "magnitude_units": null,
        "source": "Mesonet",
        "event_narrative": "Mesonet station 3021 D6 Tom Cat Summit US-20."
      },
      "geometry": {
        "type": "Point",
        "coordinates": [
          -113.63,
          43.41
        ]
      }
    },
    {
      "type": "Feature",
      "id": "iem-lsr-PIH-320",
      "properties": {
        "report_id": "iem-lsr-PIH-320",
        "report_type": "NON-TSTM WND GST",
        "event_category": "thunderstorm_wind",
        "valid_utc": "202604080055",
        "standard_time_display": "2026-04-07 17:55 MST",
        "wfo": "PIH",
        "county_or_zone": "Butte",
        "city": "12 NW Atomic City",
        "state": "ID",
        "magnitude": 47.0,
        "magnitude_units": null,
        "source": "Mesonet",
        "event_narrative": "Mesonet station TRA INL Reactor Tech Complex."
      },
      "geometry": {
        "type": "Point",
        "coordinates": [
          -112.97,
          43.58
        ]
      }
    },
    {
      "type": "Feature",
      "id": "iem-lsr-PIH-321",
      "properties": {
        "report_id": "iem-lsr-PIH-321",
        "report_type": "TSTM WND GST",
        "event_category": "thunderstorm_wind",
        "valid_utc": "202604111830",
        "standard_time_display": "2026-04-11 11:30 MST",
        "wfo": "PIH",
        "county_or_zone": "Bear Lake",
        "city": "2 E Alton",
        "state": "ID",
        "magnitude": 45.0,
        "magnitude_units": null,
        "source": "Mesonet",
        "event_narrative": "Mesonet station PC624 Alpon East."
      },
      "geometry": {
        "type": "Point",
        "coordinates": [
          -111.11,
          42.23
        ]
      }
    },
    {
      "type": "Feature",
      "id": "iem-lsr-PIH-322",
      "properties": {
        "report_id": "iem-lsr-PIH-322",
        "report_type": "TSTM WND GST",
        "event_category": "thunderstorm_wind",
        "valid_utc": "202604111830",
        "standard_time_display": "2026-04-11 11:30 MST",
        "wfo": "PIH",
        "county_or_zone": "Franklin",
        "city": "1 WNW Mink Creek",
        "state": "ID",
        "magnitude": 51.0,
        "magnitude_units": null,
        "source": "Mesonet",
        "event_narrative": "Mesonet station PC639 Mink Creek."
      },
      "geometry": {
        "type": "Point",
        "coordinates": [
          -111.74,
          42.23
        ]
      }
    },
    {
      "type": "Feature",
      "id": "iem-lsr-PIH-323",
      "properties": {
        "report_id": "iem-lsr-PIH-323",
        "report_type": "TSTM WND GST",
        "event_category": "thunderstorm_wind",
        "valid_utc": "202604111830",
        "standard_time_display": "2026-04-11 11:30 MST",
        "wfo": "PIH",
        "county_or_zone": "Bear Lake",
        "city": "3 SE Ovid",
        "state": "ID",
        "magnitude": 53.0,
        "magnitude_units": null,
        "source": "AWOS",
        "event_narrative": "AWOS station K1U7 Bear Lake County Airport."
      },
      "geometry": {
        "type": "Point",
        "coordinates": [
          -111.34,
          42.25
        ]
      }
    },
    {
      "type": "Feature",
      "id": "iem-lsr-PIH-324",
      "properties": {
        "report_id": "iem-lsr-PIH-324",
        "report_type": "TSTM WND GST",
        "event_category": "thunderstorm_wind",
        "valid_utc": "202604111830",
        "standard_time_display": "2026-04-11 11:30 MST",
        "wfo": "PIH",
        "county_or_zone": "Franklin",
        "city": "3 NNW Mink Creek",
        "state": "ID",
        "magnitude": 54.0,
        "magnitude_units": null,
        "source": "Mesonet",
        "event_narrative": "Mesonet station PC362 Oneida Narrows."
      },
      "geometry": {
        "type": "Point",
        "coordinates": [
          -111.74,
          42.28
        ]
      }
    },
    {
      "type": "Feature",
      "id": "iem-lsr-PIH-325",
      "properties": {
        "report_id": "iem-lsr-PIH-325",
        "report_type": "TSTM WND GST",
        "event_category": "thunderstorm_wind",
        "valid_utc": "202604111840",
        "standard_time_display": "2026-04-11 11:40 MST",
        "wfo": "PIH",
        "county_or_zone": "Bear Lake",
        "city": "4 E Montpelier",
        "state": "ID",
        "magnitude": 59.0,
        "magnitude_units": null,
        "source": "Mesonet",
        "event_narrative": "Mesonet station PC506 Sheep Creek Hills."
      },
      "geometry": {
        "type": "Point",
        "coordinates": [
          -111.22,
          42.32
        ]
      }
    },
    {
      "type": "Feature",
      "id": "iem-lsr-PIH-326",
      "properties": {
        "report_id": "iem-lsr-PIH-326",
        "report_type": "TSTM WND GST",
        "event_category": "thunderstorm_wind",
        "valid_utc": "202604111900",
        "standard_time_display": "2026-04-11 12:00 MST",
        "wfo": "PIH",
        "county_or_zone": "Caribou",
        "city": "1 NW Niter",
        "state": "ID",
        "magnitude": 60.0,
        "magnitude_units": null,
        "source": "Mesonet",
        "event_narrative": "Mesonet station GREI 1 NW Niter."
      },
      "geometry": {
        "type": "Point",
        "coordinates": [
          -111.74,
          42.52
        ]
      }
    },
    {
      "type": "Feature",
      "id": "iem-lsr-PIH-327",
      "properties": {
        "report_id": "iem-lsr-PIH-327",
        "report_type": "TSTM WND GST",
        "event_category": "thunderstorm_wind",
        "valid_utc": "202604112030",
        "standard_time_display": "2026-04-11 13:30 MST",
        "wfo": "PIH",
        "county_or_zone": "Cassia",
        "city": "7 NNW Idahome",
        "state": "ID",
        "magnitude": 46.0,
        "magnitude_units": null,
        "source": "Mesonet",
        "event_narrative": "Mesonet station 3258 D4 Yale I-84."
      },
      "geometry": {
        "type": "Point",
        "coordinates": [
          -113.42,
          42.52
        ]
      }
    },
    {
      "type": "Feature",
      "id": "iem-lsr-PIH-328",
      "properties": {
        "report_id": "iem-lsr-PIH-328",
        "report_type": "TSTM WND GST",
        "event_category": "thunderstorm_wind",
        "valid_utc": "202604112040",
        "standard_time_display": "2026-04-11 13:40 MST",
        "wfo": "PIH",
        "county_or_zone": "Caribou",
        "city": "8 ENE Conda",
        "state": "ID",
        "magnitude": 48.0,
        "magnitude_units": null,
        "source": "Mesonet",
        "event_narrative": "Mesonet station PC503 Blackfoot River Rd."
      },
      "geometry": {
        "type": "Point",
        "coordinates": [
          -111.39,
          42.79
        ]
      }
    },
    {
      "type": "Feature",
      "id": "iem-lsr-PIH-329",
      "properties": {
        "report_id": "iem-lsr-PIH-329",
        "report_type": "TSTM WND GST",
        "event_category": "thunderstorm_wind",
        "valid_utc": "202604112120",
        "standard_time_display": "2026-04-11 14:20 MST",
        "wfo": "PIH",
        "county_or_zone": "Bear Lake",
        "city": "2 E Alton",
        "state": "ID",
        "magnitude": 54.0,
        "magnitude_units": null,
        "source": "Mesonet",
        "event_narrative": "Mesonet station PC624 Alpon East."
      },
      "geometry": {
        "type": "Point",
        "coordinates": [
          -111.11,
          42.23
        ]
      }
    },
    {
      "type": "Feature",
      "id": "iem-lsr-PIH-330",
      "properties": {
        "report_id": "iem-lsr-PIH-330",
        "report_type": "TSTM WND GST",
        "event_category": "thunderstorm_wind",
        "valid_utc": "202604112130",
        "standard_time_display": "2026-04-11 14:30 MST",
        "wfo": "PIH",
        "county_or_zone": "Teton",
        "city": "11 S Clementsville",
        "state": "ID",
        "magnitude": 60.0,
        "magnitude_units": null,
        "source": "Mesonet",
        "event_narrative": "Mesonet station RRWBT Relay Ridge Wind."
      },
      "geometry": {
        "type": "Point",
        "coordinates": [
          -111.34,
          43.71
        ]
      }
    },
    {
      "type": "Feature",
      "id": "iem-lsr-PIH-331",
      "properties": {
        "report_id": "iem-lsr-PIH-331",
        "report_type": "TSTM WND GST",
        "event_category": "thunderstorm_wind",
        "valid_utc": "202604112215",
        "standard_time_display": "2026-04-11 15:15 MST",
        "wfo": "PIH",
        "county_or_zone": "Bingham",
        "city": "2 ENE Fort Hall",
        "state": "ID",
        "magnitude": 45.0,
        "magnitude_units": null,
        "source": "Mesonet",
        "event_narrative": "Mesonet station 8436 D5 Fort Hall I-15."
      },
      "geometry": {
        "type": "Point",
        "coordinates": [
          -112.41,
          43.03
        ]
      }
    },
    {
      "type": "Feature",
      "id": "iem-lsr-PIH-332",
      "properties": {
        "report_id": "iem-lsr-PIH-332",
        "report_type": "TSTM WND GST",
        "event_category": "thunderstorm_wind",
        "valid_utc": "202604121945",
        "standard_time_display": "2026-04-12 12:45 MST",
        "wfo": "PIH",
        "county_or_zone": "Butte",
        "city": "5 WSW Craters of Moon",
        "state": "ID",
        "magnitude": 60.0,
        "magnitude_units": null,
        "source": "Mesonet",
        "event_narrative": "Tom Cat Summit ITD site."
      },
      "geometry": {
        "type": "Point",
        "coordinates": [
          -113.63,
          43.41
        ]
      }
    },
    {
      "type": "Feature",
      "id": "iem-lsr-PIH-333",
      "properties": {
        "report_id": "iem-lsr-PIH-333",
        "report_type": "TSTM WND GST",
        "event_category": "thunderstorm_wind",
        "valid_utc": "202604121945",
        "standard_time_display": "2026-04-12 12:45 MST",
        "wfo": "PIH",
        "county_or_zone": "Cassia",
        "city": "7 NNW Idahome",
        "state": "ID",
        "magnitude": 60.0,
        "magnitude_units": null,
        "source": "Mesonet",
        "event_narrative": "Yale ITD mesonet site."
      },
      "geometry": {
        "type": "Point",
        "coordinates": [
          -113.43,
          42.52
        ]
      }
    },
    {
      "type": "Feature",
      "id": "iem-lsr-PIH-334",
      "properties": {
        "report_id": "iem-lsr-PIH-334",
        "report_type": "TSTM WND GST",
        "event_category": "thunderstorm_wind",
        "valid_utc": "202604122000",
        "standard_time_display": "2026-04-12 13:00 MST",
        "wfo": "PIH",
        "county_or_zone": "Power",
        "city": "2 WSW Cold Water",
        "state": "ID",
        "magnitude": 61.0,
        "magnitude_units": null,
        "source": "Mesonet",
        "event_narrative": "Coldwater ITD mesonet."
      },
      "geometry": {
        "type": "Point",
        "coordinates": [
          -113.15,
          42.61
        ]
      }
    },
    {
      "type": "Feature",
      "id": "iem-lsr-PIH-335",
      "properties": {
        "report_id": "iem-lsr-PIH-335",
        "report_type": "TSTM WND GST",
        "event_category": "thunderstorm_wind",
        "valid_utc": "202604122020",
        "standard_time_display": "2026-04-12 13:20 MST",
        "wfo": "PIH",
        "county_or_zone": "Bingham",
        "city": "1 NE Aberdeen",
        "state": "ID",
        "magnitude": 58.0,
        "magnitude_units": null,
        "source": "Mesonet",
        "event_narrative": null
      },
      "geometry": {
        "type": "Point",
        "coordinates": [
          -112.82,
          42.95
        ]
      }
    },
    {
      "type": "Feature",
      "id": "iem-lsr-PIH-336",
      "properties": {
        "report_id": "iem-lsr-PIH-336",
        "report_type": "TSTM WND GST",
        "event_category": "thunderstorm_wind",
        "valid_utc": "202604122030",
        "standard_time_display": "2026-04-12 13:30 MST",
        "wfo": "PIH",
        "county_or_zone": "Bingham",
        "city": "4 NNW Sterling",
        "state": "ID",
        "magnitude": 65.0,
        "magnitude_units": null,
        "source": "Mesonet",
        "event_narrative": "Sterling ITD mesonet site."
      },
      "geometry": {
        "type": "Point",
        "coordinates": [
          -112.78,
          43.08
        ]
      }
    },
    {
      "type": "Feature",
      "id": "iem-lsr-PIH-337",
      "properties": {
        "report_id": "iem-lsr-PIH-337",
        "report_type": "TSTM WND GST",
        "event_category": "thunderstorm_wind",
        "valid_utc": "202604122033",
        "standard_time_display": "2026-04-12 13:33 MST",
        "wfo": "PIH",
        "county_or_zone": "Power",
        "city": "1 S Michaud",
        "state": "ID",
        "magnitude": 61.0,
        "magnitude_units": null,
        "source": "ASOS",
        "event_narrative": "Pocatello Regional Airport ASOS."
      },
      "geometry": {
        "type": "Point",
        "coordinates": [
          -112.57,
          42.92
        ]
      }
    },
    {
      "type": "Feature",
      "id": "iem-lsr-PIH-338",
      "properties": {
        "report_id": "iem-lsr-PIH-338",
        "report_type": "TSTM WND GST",
        "event_category": "thunderstorm_wind",
        "valid_utc": "202604122034",
        "standard_time_display": "2026-04-12 13:34 MST",
        "wfo": "PIH",
        "county_or_zone": "Bingham",
        "city": "1 NE Aberdeen",
        "state": "ID",
        "magnitude": 60.0,
        "magnitude_units": null,
        "source": "Mesonet",
        "event_narrative": null
      },
      "geometry": {
        "type": "Point",
        "coordinates": [
          -112.82,
          42.95
        ]
      }
    },
    {
      "type": "Feature",
      "id": "iem-lsr-PIH-339",
      "properties": {
        "report_id": "iem-lsr-PIH-339",
        "report_type": "TSTM WND GST",
        "event_category": "thunderstorm_wind",
        "valid_utc": "202604122045",
        "standard_time_display": "2026-04-12 13:45 MST",
        "wfo": "PIH",
        "county_or_zone": "Butte",
        "city": "5 WSW Craters of Moon",
        "state": "ID",
        "magnitude": 59.0,
        "magnitude_units": null,
        "source": "Mesonet",
        "event_narrative": "Tom Cat Summit ITD site."
      },
      "geometry": {
        "type": "Point",
        "coordinates": [
          -113.63,
          43.41
        ]
      }
    },
    {
      "type": "Feature",
      "id": "iem-lsr-PIH-340",
      "properties": {
        "report_id": "iem-lsr-PIH-340",
        "report_type": "TSTM WND GST",
        "event_category": "thunderstorm_wind",
        "valid_utc": "202604122050",
        "standard_time_display": "2026-04-12 13:50 MST",
        "wfo": "PIH",
        "county_or_zone": "Bingham",
        "city": "3 W Taber",
        "state": "ID",
        "magnitude": 60.0,
        "magnitude_units": null,
        "source": "Mesonet",
        "event_narrative": "Taber mesonet site."
      },
      "geometry": {
        "type": "Point",
        "coordinates": [
          -112.69,
          43.32
        ]
      }
    },
    {
      "type": "Feature",
      "id": "iem-lsr-PIH-341",
      "properties": {
        "report_id": "iem-lsr-PIH-341",
        "report_type": "TSTM WND GST",
        "event_category": "thunderstorm_wind",
        "valid_utc": "202604122100",
        "standard_time_display": "2026-04-12 14:00 MST",
        "wfo": "PIH",
        "county_or_zone": "Bingham",
        "city": "3 NNW Taber",
        "state": "ID",
        "magnitude": 58.0,
        "magnitude_units": null,
        "source": "Mesonet",
        "event_narrative": "Tilden Flats ITD site."
      },
      "geometry": {
        "type": "Point",
        "coordinates": [
          -112.64,
          43.36
        ]
      }
    },
    {
      "type": "Feature",
      "id": "iem-lsr-PIH-342",
      "properties": {
        "report_id": "iem-lsr-PIH-342",
        "report_type": "TSTM WND GST",
        "event_category": "thunderstorm_wind",
        "valid_utc": "202604122100",
        "standard_time_display": "2026-04-12 14:00 MST",
        "wfo": "PIH",
        "county_or_zone": "Butte",
        "city": "6 NW Atomic City",
        "state": "ID",
        "magnitude": 61.0,
        "magnitude_units": null,
        "source": "Mesonet",
        "event_narrative": "INL Puzzle mesonet site."
      },
      "geometry": {
        "type": "Point",
        "coordinates": [
          -112.89,
          43.51
        ]
      }
    },
    {
      "type": "Feature",
      "id": "iem-lsr-PIH-343",
      "properties": {
        "report_id": "iem-lsr-PIH-343",
        "report_type": "TSTM WND GST",
        "event_category": "thunderstorm_wind",
        "valid_utc": "202604122110",
        "standard_time_display": "2026-04-12 14:10 MST",
        "wfo": "PIH",
        "county_or_zone": "Clark",
        "city": "9 NW Small",
        "state": "ID",
        "magnitude": 58.0,
        "magnitude_units": null,
        "source": "Mesonet",
        "event_narrative": "Medicine Lodge mesonet site."
      },
      "geometry": {
        "type": "Point",
        "coordinates": [
          -112.52,
          44.31
        ]
      }
    },
    {
      "type": "Feature",
      "id": "iem-lsr-PIH-344",
      "properties": {
        "report_id": "iem-lsr-PIH-344",
        "report_type": "TSTM WND GST",
        "event_category": "thunderstorm_wind",
        "valid_utc": "202604122130",
        "standard_time_display": "2026-04-12 14:30 MST",
        "wfo": "PIH",
        "county_or_zone": "Teton",
        "city": "11 S Clementsville",
        "state": "ID",
        "magnitude": 59.0,
        "magnitude_units": null,
        "source": "Public",
        "event_narrative": "Relay Ridge."
      },
      "geometry": {
        "type": "Point",
        "coordinates": [
          -111.34,
          43.71
        ]
      }
    },
    {
      "type": "Feature",
      "id": "iem-lsr-PIH-345",
      "properties": {
        "report_id": "iem-lsr-PIH-345",
        "report_type": "TSTM WND GST",
        "event_category": "thunderstorm_wind",
        "valid_utc": "202604122135",
        "standard_time_display": "2026-04-12 14:35 MST",
        "wfo": "PIH",
        "county_or_zone": "Jefferson",
        "city": "1 NE Terreton",
        "state": "ID",
        "magnitude": 59.0,
        "magnitude_units": null,
        "source": "Mesonet",
        "event_narrative": null
      },
      "geometry": {
        "type": "Point",
        "coordinates": [
          -112.42,
          43.84
        ]
      }
    },
    {
      "type": "Feature",
      "id": "iem-lsr-PIH-346",
      "properties": {
        "report_id": "iem-lsr-PIH-346",
        "report_type": "TSTM WND GST",
        "event_category": "thunderstorm_wind",
        "valid_utc": "202604122140",
        "standard_time_display": "2026-04-12 14:40 MST",
        "wfo": "PIH",
        "county_or_zone": "Jefferson",
        "city": "1 NE Terreton",
        "state": "ID",
        "magnitude": 61.0,
        "magnitude_units": null,
        "source": "Mesonet",
        "event_narrative": null
      },
      "geometry": {
        "type": "Point",
        "coordinates": [
          -112.42,
          43.84
        ]
      }
    },
    {
      "type": "Feature",
      "id": "iem-lsr-PIH-347",
      "properties": {
        "report_id": "iem-lsr-PIH-347",
        "report_type": "TSTM WND GST",
        "event_category": "thunderstorm_wind",
        "valid_utc": "202604122145",
        "standard_time_display": "2026-04-12 14:45 MST",
        "wfo": "PIH",
        "county_or_zone": "Butte",
        "city": "8 ESE Berenice",
        "state": "ID",
        "magnitude": 58.0,
        "magnitude_units": null,
        "source": "Mesonet",
        "event_narrative": "Junction 33/22 Summit ITD mesonet site."
      },
      "geometry": {
        "type": "Point",
        "coordinates": [
          -112.84,
          43.81
        ]
      }
    },
    {
      "type": "Feature",
      "id": "iem-lsr-PIH-348",
      "properties": {
        "report_id": "iem-lsr-PIH-348",
        "report_type": "TSTM WND GST",
        "event_category": "thunderstorm_wind",
        "valid_utc": "202604122145",
        "standard_time_display": "2026-04-12 14:45 MST",
        "wfo": "PIH",
        "county_or_zone": "Jefferson",
        "city": "9 SSW Mud Lake",
        "state": "ID",
        "magnitude": 59.0,
        "magnitude_units": null,
        "source": "Mesonet",
        "event_narrative": "Rover mesonet site."
      },
      "geometry": {
        "type": "Point",
        "coordinates": [
          -112.53,
          43.72
        ]
      }
    },
    {
      "type": "Feature",
      "id": "iem-lsr-PIH-349",
      "properties": {
        "report_id": "iem-lsr-PIH-349",
        "report_type": "TSTM WND GST",
        "event_category": "thunderstorm_wind",
        "valid_utc": "202604122150",
        "standard_time_display": "2026-04-12 14:50 MST",
        "wfo": "PIH",
        "county_or_zone": "Butte",
        "city": "11 WSW Monteview",
        "state": "ID",
        "magnitude": 58.0,
        "magnitude_units": null,
        "source": "Mesonet",
        "event_narrative": "Specific Manufacturing INL site."
      },
      "geometry": {
        "type": "Point",
        "coordinates": [
          -112.73,
          43.86
        ]
      }
    },
    {
      "type": "Feature",
      "id": "iem-lsr-PIH-350",
      "properties": {
        "report_id": "iem-lsr-PIH-350",
        "report_type": "TSTM WND GST",
        "event_category": "thunderstorm_wind",
        "valid_utc": "202604122155",
        "standard_time_display": "2026-04-12 14:55 MST",
        "wfo": "PIH",
        "county_or_zone": "Butte",
        "city": "11 WSW Monteview",
        "state": "ID",
        "magnitude": 67.0,
        "magnitude_units": null,
        "source": "Mesonet",
        "event_narrative": "Specific Manufacturing INL Site."
      },
      "geometry": {
        "type": "Point",
        "coordinates": [
          -112.73,
          43.86
        ]
      }
    },
    {
      "type": "Feature",
      "id": "iem-lsr-PIH-351",
      "properties": {
        "report_id": "iem-lsr-PIH-351",
        "report_type": "NON-TSTM WND GST",
        "event_category": "thunderstorm_wind",
        "valid_utc": "202604151500",
        "standard_time_display": "2026-04-15 08:00 MST",
        "wfo": "PIH",
        "county_or_zone": "Butte",
        "city": "5 WSW Craters of Moon",
        "state": "ID",
        "magnitude": 45.0,
        "magnitude_units": null,
        "source": "Mesonet",
        "event_narrative": "Mesonet station 3021 D6 Tom Cat Summit US-20."
      },
      "geometry": {
        "type": "Point",
        "coordinates": [
          -113.63,
          43.41
        ]
      }
    },
    {
      "type": "Feature",
      "id": "iem-lsr-PIH-352",
      "properties": {
        "report_id": "iem-lsr-PIH-352",
        "report_type": "NON-TSTM WND GST",
        "event_category": "thunderstorm_wind",
        "valid_utc": "202604151815",
        "standard_time_display": "2026-04-15 11:15 MST",
        "wfo": "PIH",
        "county_or_zone": "Butte",
        "city": "8 ESE Berenice",
        "state": "ID",
        "magnitude": 61.0,
        "magnitude_units": null,
        "source": "Mesonet",
        "event_narrative": "Mesonet station ITDD3 D6 Junction Summit ID-22/ID-33."
      },
      "geometry": {
        "type": "Point",
        "coordinates": [
          -112.84,
          43.81
        ]
      }
    },
    {
      "type": "Feature",
      "id": "iem-lsr-PIH-353",
      "properties": {
        "report_id": "iem-lsr-PIH-353",
        "report_type": "NON-TSTM WND GST",
        "event_category": "thunderstorm_wind",
        "valid_utc": "202604151930",
        "standard_time_display": "2026-04-15 12:30 MST",
        "wfo": "PIH",
        "county_or_zone": "Clark",
        "city": "5 NNE Dubois",
        "state": "ID",
        "magnitude": 51.0,
        "magnitude_units": null,
        "source": "Mesonet",
        "event_narrative": "Mesonet station DUB 5 NNE Dubois."
      },
      "geometry": {
        "type": "Point",
        "coordinates": [
          -112.2,
          44.24
        ]
      }
    },
    {
      "type": "Feature",
      "id": "iem-lsr-PIH-354",
      "properties": {
        "report_id": "iem-lsr-PIH-354",
        "report_type": "NON-TSTM WND GST",
        "event_category": "thunderstorm_wind",
        "valid_utc": "202604152010",
        "standard_time_display": "2026-04-15 13:10 MST",
        "wfo": "PIH",
        "county_or_zone": "Clark",
        "city": "13 WNW Monteview",
        "state": "ID",
        "magnitude": 48.0,
        "magnitude_units": null,
        "source": "Mesonet",
        "event_narrative": "Mesonet station PC374 Reno Gulch."
      },
      "geometry": {
        "type": "Point",
        "coordinates": [
          -112.75,
          44.03
        ]
      }
    },
    {
      "type": "Feature",
      "id": "iem-lsr-PIH-355",
      "properties": {
        "report_id": "iem-lsr-PIH-355",
        "report_type": "NON-TSTM WND GST",
        "event_category": "thunderstorm_wind",
        "valid_utc": "202604152020",
        "standard_time_display": "2026-04-15 13:20 MST",
        "wfo": "PIH",
        "county_or_zone": "Butte",
        "city": "12 NW Atomic City",
        "state": "ID",
        "magnitude": 45.0,
        "magnitude_units": null,
        "source": "Mesonet",
        "event_narrative": "Mesonet station LOS Lost River Rest Area."
      },
      "geometry": {
        "type": "Point",
        "coordinates": [
          -113.01,
          43.55
        ]
      }
    },
    {
      "type": "Feature",
      "id": "iem-lsr-PIH-356",
      "properties": {
        "report_id": "iem-lsr-PIH-356",
        "report_type": "NON-TSTM WND GST",
        "event_category": "thunderstorm_wind",
        "valid_utc": "202604152025",
        "standard_time_display": "2026-04-15 13:25 MST",
        "wfo": "PIH",
        "county_or_zone": "Jefferson",
        "city": "1 NE Terreton",
        "state": "ID",
        "magnitude": 52.0,
        "magnitude_units": null,
        "source": "Mesonet",
        "event_narrative": "Mesonet station TER 1 NE Terreton."
      },
      "geometry": {
        "type": "Point",
        "coordinates": [
          -112.42,
          43.84
        ]
      }
    },
    {
      "type": "Feature",
      "id": "iem-lsr-PIH-357",
      "properties": {
        "report_id": "iem-lsr-PIH-357",
        "report_type": "NON-TSTM WND GST",
        "event_category": "thunderstorm_wind",
        "valid_utc": "202604152030",
        "standard_time_display": "2026-04-15 13:30 MST",
        "wfo": "PIH",
        "county_or_zone": "Jefferson",
        "city": "1 NW Camas",
        "state": "ID",
        "magnitude": 56.0,
        "magnitude_units": null,
        "source": "Mesonet",
        "event_narrative": "Mesonet station ITDE3 D6 Camas I-15."
      },
      "geometry": {
        "type": "Point",
        "coordinates": [
          -112.23,
          44.01
        ]
      }
    },
    {
      "type": "Feature",
      "id": "iem-lsr-PIH-358",
      "properties": {
        "report_id": "iem-lsr-PIH-358",
        "report_type": "NON-TSTM WND GST",
        "event_category": "thunderstorm_wind",
        "valid_utc": "202604152035",
        "standard_time_display": "2026-04-15 13:35 MST",
        "wfo": "PIH",
        "county_or_zone": "Butte",
        "city": "12 E Howe",
        "state": "ID",
        "magnitude": 57.0,
        "magnitude_units": null,
        "source": "Mesonet",
        "event_narrative": "Mesonet station SAN 12 E Howe."
      },
      "geometry": {
        "type": "Point",
        "coordinates": [
          -112.76,
          43.78
        ]
      }
    },
    {
      "type": "Feature",
      "id": "iem-lsr-PIH-359",
      "properties": {
        "report_id": "iem-lsr-PIH-359",
        "report_type": "NON-TSTM WND GST",
        "event_category": "thunderstorm_wind",
        "valid_utc": "202604152040",
        "standard_time_display": "2026-04-15 13:40 MST",
        "wfo": "PIH",
        "county_or_zone": "Jefferson",
        "city": "1 WNW Camas",
        "state": "ID",
        "magnitude": 55.0,
        "magnitude_units": null,
        "source": "Mesonet",
        "event_narrative": "Mesonet station HAM 1 WNW Camas."
      },
      "geometry": {
        "type": "Point",
        "coordinates": [
          -112.24,
          44.01
        ]
      }
    },
    {
      "type": "Feature",
      "id": "iem-lsr-PIH-360",
      "properties": {
        "report_id": "iem-lsr-PIH-360",
        "report_type": "NON-TSTM WND GST",
        "event_category": "thunderstorm_wind",
        "valid_utc": "202604152045",
        "standard_time_display": "2026-04-15 13:45 MST",
        "wfo": "PIH",
        "county_or_zone": "Butte",
        "city": "10 SSE Howe",
        "state": "ID",
        "magnitude": 48.0,
        "magnitude_units": null,
        "source": "Mesonet",
        "event_narrative": "Mesonet station NRF INL Naval Reactors Facility."
      },
      "geometry": {
        "type": "Point",
        "coordinates": [
          -112.91,
          43.65
        ]
      }
    },
    {
      "type": "Feature",
      "id": "iem-lsr-PIH-361",
      "properties": {
        "report_id": "iem-lsr-PIH-361",
        "report_type": "NON-TSTM WND GST",
        "event_category": "thunderstorm_wind",
        "valid_utc": "202604152050",
        "standard_time_display": "2026-04-15 13:50 MST",
        "wfo": "PIH",
        "county_or_zone": "Butte",
        "city": "10 ENE Darlington",
        "state": "ID",
        "magnitude": 47.0,
        "magnitude_units": null,
        "source": "Mesonet",
        "event_narrative": "Mesonet station TT636 S-C Portable No. 3."
      },
      "geometry": {
        "type": "Point",
        "coordinates": [
          -113.22,
          43.87
        ]
      }
    },
    {
      "type": "Feature",
      "id": "iem-lsr-PIH-362",
      "properties": {
        "report_id": "iem-lsr-PIH-362",
        "report_type": "NON-TSTM WND GST",
        "event_category": "thunderstorm_wind",
        "valid_utc": "202604152050",
        "standard_time_display": "2026-04-15 13:50 MST",
        "wfo": "PIH",
        "county_or_zone": "Butte",
        "city": "11 WSW Monteview",
        "state": "ID",
        "magnitude": 60.0,
        "magnitude_units": null,
        "source": "Mesonet",
        "event_narrative": "Mesonet station LOF INL Specific Manufacturing."
      },
      "geometry": {
        "type": "Point",
        "coordinates": [
          -112.73,
          43.86
        ]
      }
    },
    {
      "type": "Feature",
      "id": "iem-lsr-PIH-363",
      "properties": {
        "report_id": "iem-lsr-PIH-363",
        "report_type": "NON-TSTM WND GST",
        "event_category": "thunderstorm_wind",
        "valid_utc": "202604152110",
        "standard_time_display": "2026-04-15 14:10 MST",
        "wfo": "PIH",
        "county_or_zone": "Butte",
        "city": "12 NW Atomic City",
        "state": "ID",
        "magnitude": 49.0,
        "magnitude_units": null,
        "source": "Mesonet",
        "event_narrative": "Mesonet station TRA INL Reactor Tech Complex."
      },
      "geometry": {
        "type": "Point",
        "coordinates": [
          -112.97,
          43.58
        ]
      }
    },
    {
      "type": "Feature",
      "id": "iem-lsr-PIH-364",
      "properties": {
        "report_id": "iem-lsr-PIH-364",
        "report_type": "NON-TSTM WND GST",
        "event_category": "thunderstorm_wind",
        "valid_utc": "202604152110",
        "standard_time_display": "2026-04-15 14:10 MST",
        "wfo": "PIH",
        "county_or_zone": "Butte",
        "city": "9 E Butte City",
        "state": "ID",
        "magnitude": 49.0,
        "magnitude_units": null,
        "source": "Mesonet",
        "event_narrative": "Mesonet station DEA Dead Man Canyon."
      },
      "geometry": {
        "type": "Point",
        "coordinates": [
          -113.06,
          43.62
        ]
      }
    },
    {
      "type": "Feature",
      "id": "iem-lsr-PIH-365",
      "properties": {
        "report_id": "iem-lsr-PIH-365",
        "report_type": "NON-TSTM WND GST",
        "event_category": "thunderstorm_wind",
        "valid_utc": "202604152110",
        "standard_time_display": "2026-04-15 14:10 MST",
        "wfo": "PIH",
        "county_or_zone": "Butte",
        "city": "7 S Howe",
        "state": "ID",
        "magnitude": 52.0,
        "magnitude_units": null,
        "source": "Mesonet",
        "event_narrative": "Mesonet station BAS Base of Howe Peak."
      },
      "geometry": {
        "type": "Point",
        "coordinates": [
          -113.01,
          43.68
        ]
      }
    },
    {
      "type": "Feature",
      "id": "iem-lsr-PIH-366",
      "properties": {
        "report_id": "iem-lsr-PIH-366",
        "report_type": "NON-TSTM WND GST",
        "event_category": "thunderstorm_wind",
        "valid_utc": "202604152120",
        "standard_time_display": "2026-04-15 14:20 MST",
        "wfo": "PIH",
        "county_or_zone": "Jefferson",
        "city": "9 SSW Mud Lake",
        "state": "ID",
        "magnitude": 51.0,
        "magnitude_units": null,
        "source": "Mesonet",
        "event_narrative": "Mesonet station ROV 9 SSW Mud Lake."
      },
      "geometry": {
        "type": "Point",
        "coordinates": [
          -112.53,
          43.72
        ]
      }
    },
    {
      "type": "Feature",
      "id": "iem-lsr-PIH-367",
      "properties": {
        "report_id": "iem-lsr-PIH-367",
        "report_type": "NON-TSTM WND GST",
        "event_category": "thunderstorm_wind",
        "valid_utc": "202604152125",
        "standard_time_display": "2026-04-15 14:25 MST",
        "wfo": "PIH",
        "county_or_zone": "Butte",
        "city": "9 NW Atomic City",
        "state": "ID",
        "magnitude": 45.0,
        "magnitude_units": null,
        "source": "Mesonet",
        "event_narrative": "Mesonet station 690 INL Central Facilities."
      },
      "geometry": {
        "type": "Point",
        "coordinates": [
          -112.95,
          43.53
        ]
      }
    },
    {
      "type": "Feature",
      "id": "iem-lsr-PIH-368",
      "properties": {
        "report_id": "iem-lsr-PIH-368",
        "report_type": "NON-TSTM WND GST",
        "event_category": "thunderstorm_wind",
        "valid_utc": "202604152140",
        "standard_time_display": "2026-04-15 14:40 MST",
        "wfo": "PIH",
        "county_or_zone": "Jefferson",
        "city": "6 N Monteview",
        "state": "ID",
        "magnitude": 54.0,
        "magnitude_units": null,
        "source": "Mesonet",
        "event_narrative": "Mesonet station MON 6 N Monteview."
      },
      "geometry": {
        "type": "Point",
        "coordinates": [
          -112.54,
          44.02
        ]
      }
    },
    {
      "type": "Feature",
      "id": "iem-lsr-PIH-369",
      "properties": {
        "report_id": "iem-lsr-PIH-369",
        "report_type": "NON-TSTM WND GST",
        "event_category": "thunderstorm_wind",
        "valid_utc": "202604152200",
        "standard_time_display": "2026-04-15 15:00 MST",
        "wfo": "PIH",
        "county_or_zone": "Clark",
        "city": "3 NNW Spencer",
        "state": "ID",
        "magnitude": 50.0,
        "magnitude_units": null,
        "source": "Mesonet",
        "event_narrative": "Mesonet station 2980 D6 Camp Creek I-15."
      },
      "geometry": {
        "type": "Point",
        "coordinates": [
          -112.2,
          44.43
        ]
      }
    },
    {
      "type": "Feature",
      "id": "iem-lsr-PIH-370",
      "properties": {
        "report_id": "iem-lsr-PIH-370",
        "report_type": "NON-TSTM WND GST",
        "event_category": "thunderstorm_wind",
        "valid_utc": "202604152200",
        "standard_time_display": "2026-04-15 15:00 MST",
        "wfo": "PIH",
        "county_or_zone": "Jefferson",
        "city": "5 SW Hamer",
        "state": "ID",
        "magnitude": 51.0,
        "magnitude_units": null,
        "source": "Mesonet",
        "event_narrative": "Mesonet station TRTI 5 SW Hamer."
      },
      "geometry": {
        "type": "Point",
        "coordinates": [
          -112.26,
          43.87
        ]
      }
    },
    {
      "type": "Feature",
      "id": "iem-lsr-PIH-371",
      "properties": {
        "report_id": "iem-lsr-PIH-371",
        "report_type": "NON-TSTM WND GST",
        "event_category": "thunderstorm_wind",
        "valid_utc": "202604152230",
        "standard_time_display": "2026-04-15 15:30 MST",
        "wfo": "PIH",
        "county_or_zone": "Clark",
        "city": "9 NW Small",
        "state": "ID",
        "magnitude": 66.0,
        "magnitude_units": null,
        "source": "Mesonet",
        "event_narrative": "Mesonet station PC371 Medicine Lodge."
      },
      "geometry": {
        "type": "Point",
        "coordinates": [
          -112.52,
          44.31
        ]
      }
    },
    {
      "type": "Feature",
      "id": "iem-lsr-PIH-372",
      "properties": {
        "report_id": "iem-lsr-PIH-372",
        "report_type": "NON-TSTM WND GST",
        "event_category": "thunderstorm_wind",
        "valid_utc": "202604152235",
        "standard_time_display": "2026-04-15 15:35 MST",
        "wfo": "PIH",
        "county_or_zone": "Butte",
        "city": "8 NNW Atomic City",
        "state": "ID",
        "magnitude": 46.0,
        "magnitude_units": null,
        "source": "Mesonet",
        "event_narrative": "Mesonet station PBF INL Critical Infrastructure."
      },
      "geometry": {
        "type": "Point",
        "coordinates": [
          -112.87,
          43.55
        ]
      }
    },
    {
      "type": "Feature",
      "id": "iem-lsr-PIH-373",
      "properties": {
        "report_id": "iem-lsr-PIH-373",
        "report_type": "NON-TSTM WND GST",
        "event_category": "thunderstorm_wind",
        "valid_utc": "202604152245",
        "standard_time_display": "2026-04-15 15:45 MST",
        "wfo": "PIH",
        "county_or_zone": "Butte",
        "city": "12 NNW Atomic City",
        "state": "ID",
        "magnitude": 47.0,
        "magnitude_units": null,
        "source": "Mesonet",
        "event_narrative": "Mesonet station GRI INL INTEC/Grid 3."
      },
      "geometry": {
        "type": "Point",
        "coordinates": [
          -112.94,
          43.59
        ]
      }
    },
    {
      "type": "Feature",
      "id": "iem-lsr-PIH-374",
      "properties": {
        "report_id": "iem-lsr-PIH-374",
        "report_type": "NON-TSTM WND GST",
        "event_category": "thunderstorm_wind",
        "valid_utc": "202604152250",
        "standard_time_display": "2026-04-15 15:50 MST",
        "wfo": "PIH",
        "county_or_zone": "Jefferson",
        "city": "3 SW Camas",
        "state": "ID",
        "magnitude": 46.0,
        "magnitude_units": null,
        "source": "Mesonet",
        "event_narrative": "Mesonet station PC136 Refuge."
      },
      "geometry": {
        "type": "Point",
        "coordinates": [
          -112.26,
          43.96
        ]
      }
    },
    {
      "type": "Feature",
      "id": "iem-lsr-PIH-375",
      "properties": {
        "report_id": "iem-lsr-PIH-375",
        "report_type": "NON-TSTM WND GST",
        "event_category": "thunderstorm_wind",
        "valid_utc": "202604152315",
        "standard_time_display": "2026-04-15 16:15 MST",
        "wfo": "PIH",
        "county_or_zone": "Clark",
        "city": "4 NNW Humphrey",
        "state": "ID",
        "magnitude": 49.0,
        "magnitude_units": null,
        "source": "Mesonet",
        "event_narrative": "Mesonet station 10385 D6 Monida Pass I-15."
      },
      "geometry": {
        "type": "Point",
        "coordinates": [
          -112.27,
          44.53
        ]
      }
    },
    {
      "type": "Feature",
      "id": "iem-lsr-PIH-376",
      "properties": {
        "report_id": "iem-lsr-PIH-376",
        "report_type": "NON-TSTM WND GST",
        "event_category": "thunderstorm_wind",
        "valid_utc": "202604161430",
        "standard_time_display": "2026-04-16 07:30 MST",
        "wfo": "PIH",
        "county_or_zone": "Butte",
        "city": "6 NW Atomic City",
        "state": "ID",
        "magnitude": 47.0,
        "magnitude_units": null,
        "source": "Mesonet",
        "event_narrative": "Mesonet station 3699 D6 INL Puzzle US-20/US-26."
      },
      "geometry": {
        "type": "Point",
        "coordinates": [
          -112.89,
          43.51
        ]
      }
    },
    {
      "type": "Feature",
      "id": "iem-lsr-PIH-377",
      "properties": {
        "report_id": "iem-lsr-PIH-377",
        "report_type": "NON-TSTM WND GST",
        "event_category": "thunderstorm_wind",
        "valid_utc": "202604161455",
        "standard_time_display": "2026-04-16 07:55 MST",
        "wfo": "PIH",
        "county_or_zone": "Butte",
        "city": "8 NNW Atomic City",
        "state": "ID",
        "magnitude": 45.0,
        "magnitude_units": null,
        "source": "Mesonet",
        "event_narrative": "Mesonet station PBF INL Critical Infrastructure."
      },
      "geometry": {
        "type": "Point",
        "coordinates": [
          -112.87,
          43.55
        ]
      }
    },
    {
      "type": "Feature",
      "id": "iem-lsr-PIH-378",
      "properties": {
        "report_id": "iem-lsr-PIH-378",
        "report_type": "SNOW",
        "event_category": "winter",
        "valid_utc": "202604161718",
        "standard_time_display": "2026-04-16 10:18 MST",
        "wfo": "PIH",
        "county_or_zone": "Clark",
        "city": "5 NE Dubois",
        "state": "ID",
        "magnitude": 4.3,
        "magnitude_units": null,
        "source": "CO-OP Observer",
        "event_narrative": null
      },
      "geometry": {
        "type": "Point",
        "coordinates": [
          -112.2,
          44.24
        ]
      }
    },
    {
      "type": "Feature",
      "id": "iem-lsr-PIH-379",
      "properties": {
        "report_id": "iem-lsr-PIH-379",
        "report_type": "NON-TSTM WND GST",
        "event_category": "thunderstorm_wind",
        "valid_utc": "202604161955",
        "standard_time_display": "2026-04-16 12:55 MST",
        "wfo": "PIH",
        "county_or_zone": "Minidoka",
        "city": "6 NW Minidoka",
        "state": "ID",
        "magnitude": 48.0,
        "magnitude_units": null,
        "source": "Mesonet",
        "event_narrative": "Mesonet station MIN 6 NW Minidoka."
      },
      "geometry": {
        "type": "Point",
        "coordinates": [
          -113.59,
          42.8
        ]
      }
    },
    {
      "type": "Feature",
      "id": "iem-lsr-PIH-380",
      "properties": {
        "report_id": "iem-lsr-PIH-380",
        "report_type": "NON-TSTM WND GST",
        "event_category": "thunderstorm_wind",
        "valid_utc": "202604162110",
        "standard_time_display": "2026-04-16 14:10 MST",
        "wfo": "PIH",
        "county_or_zone": "Butte",
        "city": "1 ENE Howe",
        "state": "ID",
        "magnitude": 50.0,
        "magnitude_units": null,
        "source": "Mesonet",
        "event_narrative": "Mesonet station HOW 1 ENE Howe."
      },
      "geometry": {
        "type": "Point",
        "coordinates": [
          -112.98,
          43.78
        ]
      }
    },
    {
      "type": "Feature",
      "id": "iem-lsr-PIH-381",
      "properties": {
        "report_id": "iem-lsr-PIH-381",
        "report_type": "NON-TSTM WND GST",
        "event_category": "thunderstorm_wind",
        "valid_utc": "202604162111",
        "standard_time_display": "2026-04-16 14:11 MST",
        "wfo": "PIH",
        "county_or_zone": "Power",
        "city": "1 S Michaud",
        "state": "ID",
        "magnitude": 45.0,
        "magnitude_units": null,
        "source": "ASOS",
        "event_narrative": "ASOS station KPIH Pocatello Regional Airport."
      },
      "geometry": {
        "type": "Point",
        "coordinates": [
          -112.57,
          42.92
        ]
      }
    },
    {
      "type": "Feature",
      "id": "iem-lsr-PIH-382",
      "properties": {
        "report_id": "iem-lsr-PIH-382",
        "report_type": "NON-TSTM WND GST",
        "event_category": "thunderstorm_wind",
        "valid_utc": "202604162130",
        "standard_time_display": "2026-04-16 14:30 MST",
        "wfo": "PIH",
        "county_or_zone": "Power",
        "city": "2 WSW Cold Water",
        "state": "ID",
        "magnitude": 46.0,
        "magnitude_units": null,
        "source": "Mesonet",
        "event_narrative": "Mesonet station 2248 D5 Coldwater I-86."
      },
      "geometry": {
        "type": "Point",
        "coordinates": [
          -113.15,
          42.61
        ]
      }
    },
    {
      "type": "Feature",
      "id": "iem-lsr-PIH-383",
      "properties": {
        "report_id": "iem-lsr-PIH-383",
        "report_type": "NON-TSTM WND GST",
        "event_category": "thunderstorm_wind",
        "valid_utc": "202604162145",
        "standard_time_display": "2026-04-16 14:45 MST",
        "wfo": "PIH",
        "county_or_zone": "Bingham",
        "city": "4 NNW Sterling",
        "state": "ID",
        "magnitude": 45.0,
        "magnitude_units": null,
        "source": "Mesonet",
        "event_narrative": "Mesonet station 2250 D5 Sterling ID-39."
      },
      "geometry": {
        "type": "Point",
        "coordinates": [
          -112.78,
          43.08
        ]
      }
    },
    {
      "type": "Feature",
      "id": "iem-lsr-PIH-384",
      "properties": {
        "report_id": "iem-lsr-PIH-384",
        "report_type": "NON-TSTM WND GST",
        "event_category": "thunderstorm_wind",
        "valid_utc": "202604162215",
        "standard_time_display": "2026-04-16 15:15 MST",
        "wfo": "PIH",
        "county_or_zone": "Cassia",
        "city": "9 SSE Sublett",
        "state": "ID",
        "magnitude": 52.0,
        "magnitude_units": null,
        "source": "Mesonet",
        "event_narrative": "Mesonet station 3255 D4 Sweetzer Summit I-84."
      },
      "geometry": {
        "type": "Point",
        "coordinates": [
          -113.05,
          42.21
        ]
      }
    },
    {
      "type": "Feature",
      "id": "iem-lsr-PIH-385",
      "properties": {
        "report_id": "iem-lsr-PIH-385",
        "report_type": "NON-TSTM WND GST",
        "event_category": "thunderstorm_wind",
        "valid_utc": "202604162230",
        "standard_time_display": "2026-04-16 15:30 MST",
        "wfo": "PIH",
        "county_or_zone": "Clark",
        "city": "9 NW Small",
        "state": "ID",
        "magnitude": 48.0,
        "magnitude_units": null,
        "source": "Mesonet",
        "event_narrative": "Mesonet station PC371 Medicine Lodge."
      },
      "geometry": {
        "type": "Point",
        "coordinates": [
          -112.52,
          44.31
        ]
      }
    },
    {
      "type": "Feature",
      "id": "iem-lsr-PIH-386",
      "properties": {
        "report_id": "iem-lsr-PIH-386",
        "report_type": "NON-TSTM WND GST",
        "event_category": "thunderstorm_wind",
        "valid_utc": "202604162250",
        "standard_time_display": "2026-04-16 15:50 MST",
        "wfo": "PIH",
        "county_or_zone": "Clark",
        "city": "18 NNE Berenice",
        "state": "ID",
        "magnitude": 47.0,
        "magnitude_units": null,
        "source": "Mesonet",
        "event_narrative": "Mesonet station BLU Blue Dome."
      },
      "geometry": {
        "type": "Point",
        "coordinates": [
          -112.84,
          44.07
        ]
      }
    },
    {
      "type": "Feature",
      "id": "iem-lsr-PIH-387",
      "properties": {
        "report_id": "iem-lsr-PIH-387",
        "report_type": "NON-TSTM WND GST",
        "event_category": "thunderstorm_wind",
        "valid_utc": "202604220402",
        "standard_time_display": "2026-04-21 21:02 MST",
        "wfo": "PIH",
        "county_or_zone": "Minidoka",
        "city": "Heyburn",
        "state": "ID",
        "magnitude": 51.0,
        "magnitude_units": null,
        "source": "ASOS",
        "event_narrative": "ASOS station KBYI Burley Municipal Airport."
      },
      "geometry": {
        "type": "Point",
        "coordinates": [
          -113.77,
          42.55
        ]
      }
    },
    {
      "type": "Feature",
      "id": "iem-lsr-PIH-388",
      "properties": {
        "report_id": "iem-lsr-PIH-388",
        "report_type": "NON-TSTM WND GST",
        "event_category": "thunderstorm_wind",
        "valid_utc": "202604220415",
        "standard_time_display": "2026-04-21 20:15 PST",
        "wfo": "PIH",
        "county_or_zone": "Blaine",
        "city": "6 SSE Obsidian",
        "state": "ID",
        "magnitude": 49.0,
        "magnitude_units": null,
        "source": "Mesonet",
        "event_narrative": "Mesonet station 3019 D4 Smiley Creek Airport ID-75."
      },
      "geometry": {
        "type": "Point",
        "coordinates": [
          -114.8,
          43.91
        ]
      }
    },
    {
      "type": "Feature",
      "id": "iem-lsr-PIH-389",
      "properties": {
        "report_id": "iem-lsr-PIH-389",
        "report_type": "NON-TSTM WND GST",
        "event_category": "thunderstorm_wind",
        "valid_utc": "202604220425",
        "standard_time_display": "2026-04-21 21:25 MST",
        "wfo": "PIH",
        "county_or_zone": "Minidoka",
        "city": "6 NW Minidoka",
        "state": "ID",
        "magnitude": 49.0,
        "magnitude_units": null,
        "source": "Mesonet",
        "event_narrative": "Mesonet station MIN 6 NW Minidoka."
      },
      "geometry": {
        "type": "Point",
        "coordinates": [
          -113.59,
          42.8
        ]
      }
    },
    {
      "type": "Feature",
      "id": "iem-lsr-PIH-390",
      "properties": {
        "report_id": "iem-lsr-PIH-390",
        "report_type": "NON-TSTM WND GST",
        "event_category": "thunderstorm_wind",
        "valid_utc": "202604220443",
        "standard_time_display": "2026-04-21 20:43 PST",
        "wfo": "PIH",
        "county_or_zone": "Custer",
        "city": "5 SE Obsidian",
        "state": "ID",
        "magnitude": 55.0,
        "magnitude_units": null,
        "source": "Mesonet",
        "event_narrative": "Mesonet station HPFI1 Horton Peak."
      },
      "geometry": {
        "type": "Point",
        "coordinates": [
          -114.76,
          43.95
        ]
      }
    },
    {
      "type": "Feature",
      "id": "iem-lsr-PIH-391",
      "properties": {
        "report_id": "iem-lsr-PIH-391",
        "report_type": "NON-TSTM WND GST",
        "event_category": "thunderstorm_wind",
        "valid_utc": "202604220445",
        "standard_time_display": "2026-04-21 20:45 PST",
        "wfo": "PIH",
        "county_or_zone": "Lincoln",
        "city": "1 ENE Richfield",
        "state": "ID",
        "magnitude": 53.0,
        "magnitude_units": null,
        "source": "Mesonet",
        "event_narrative": "Mesonet station RIC 1 ENE Richfield."
      },
      "geometry": {
        "type": "Point",
        "coordinates": [
          -114.13,
          43.06
        ]
      }
    },
    {
      "type": "Feature",
      "id": "iem-lsr-PIH-392",
      "properties": {
        "report_id": "iem-lsr-PIH-392",
        "report_type": "NON-TSTM WND GST",
        "event_category": "thunderstorm_wind",
        "valid_utc": "202604220515",
        "standard_time_display": "2026-04-21 22:15 MST",
        "wfo": "PIH",
        "county_or_zone": "Cassia",
        "city": "3 E Idahome",
        "state": "ID",
        "magnitude": 47.0,
        "magnitude_units": null,
        "source": "Mesonet",
        "event_narrative": "Mesonet station 3003 D4 Idahome Interchange I-84."
      },
      "geometry": {
        "type": "Point",
        "coordinates": [
          -113.32,
          42.41
        ]
      }
    },
    {
      "type": "Feature",
      "id": "iem-lsr-PIH-393",
      "properties": {
        "report_id": "iem-lsr-PIH-393",
        "report_type": "NON-TSTM WND GST",
        "event_category": "thunderstorm_wind",
        "valid_utc": "202604220600",
        "standard_time_display": "2026-04-21 23:00 MST",
        "wfo": "PIH",
        "county_or_zone": "Cassia",
        "city": "6 SE Albion",
        "state": "ID",
        "magnitude": 48.0,
        "magnitude_units": null,
        "source": "Mesonet",
        "event_narrative": "Mesonet station 2983 D4 Conner Summit ID-77."
      },
      "geometry": {
        "type": "Point",
        "coordinates": [
          -113.52,
          42.35
        ]
      }
    },
    {
      "type": "Feature",
      "id": "iem-lsr-PIH-394",
      "properties": {
        "report_id": "iem-lsr-PIH-394",
        "report_type": "NON-TSTM WND GST",
        "event_category": "thunderstorm_wind",
        "valid_utc": "202604220600",
        "standard_time_display": "2026-04-21 23:00 MST",
        "wfo": "PIH",
        "county_or_zone": "Cassia",
        "city": "2 NW Idahome",
        "state": "ID",
        "magnitude": 52.0,
        "magnitude_units": null,
        "source": "Mesonet",
        "event_narrative": "Mesonet station MALI 2 NW Idahome."
      },
      "geometry": {
        "type": "Point",
        "coordinates": [
          -113.41,
          42.44
        ]
      }
    },
    {
      "type": "Feature",
      "id": "iem-lsr-PIH-395",
      "properties": {
        "report_id": "iem-lsr-PIH-395",
        "report_type": "NON-TSTM WND GST",
        "event_category": "thunderstorm_wind",
        "valid_utc": "202604220630",
        "standard_time_display": "2026-04-21 23:30 MST",
        "wfo": "PIH",
        "county_or_zone": "Bingham",
        "city": "2 WSW Goshen",
        "state": "ID",
        "magnitude": 45.0,
        "magnitude_units": null,
        "source": "Mesonet",
        "event_narrative": "Mesonet station PC589 Goshen."
      },
      "geometry": {
        "type": "Point",
        "coordinates": [
          -112.12,
          43.3
        ]
      }
    },
    {
      "type": "Feature",
      "id": "iem-lsr-PIH-396",
      "properties": {
        "report_id": "iem-lsr-PIH-396",
        "report_type": "NON-TSTM WND GST",
        "event_category": "thunderstorm_wind",
        "valid_utc": "202604220644",
        "standard_time_display": "2026-04-21 22:44 PST",
        "wfo": "PIH",
        "county_or_zone": "Lincoln",
        "city": "5 N Owinza",
        "state": "ID",
        "magnitude": 47.0,
        "magnitude_units": null,
        "source": "Mesonet",
        "event_narrative": "Mesonet station ROCI1 5 N Owinza."
      },
      "geometry": {
        "type": "Point",
        "coordinates": [
          -114.06,
          42.97
        ]
      }
    },
    {
      "type": "Feature",
      "id": "iem-lsr-PIH-397",
      "properties": {
        "report_id": "iem-lsr-PIH-397",
        "report_type": "NON-TSTM WND GST",
        "event_category": "thunderstorm_wind",
        "valid_utc": "202604220645",
        "standard_time_display": "2026-04-21 23:45 MST",
        "wfo": "PIH",
        "county_or_zone": "Cassia",
        "city": "7 NNW Idahome",
        "state": "ID",
        "magnitude": 53.0,
        "magnitude_units": null,
        "source": "Mesonet",
        "event_narrative": "Mesonet station 3258 D4 Yale I-84."
      },
      "geometry": {
        "type": "Point",
        "coordinates": [
          -113.42,
          42.52
        ]
      }
    },
    {
      "type": "Feature",
      "id": "iem-lsr-PIH-398",
      "properties": {
        "report_id": "iem-lsr-PIH-398",
        "report_type": "NON-TSTM WND GST",
        "event_category": "thunderstorm_wind",
        "valid_utc": "202604220920",
        "standard_time_display": "2026-04-22 02:20 MST",
        "wfo": "PIH",
        "county_or_zone": "Franklin",
        "city": "1 WNW Mink Creek",
        "state": "ID",
        "magnitude": 46.0,
        "magnitude_units": null,
        "source": "Mesonet",
        "event_narrative": "Mesonet station PC639 Mink Creek."
      },
      "geometry": {
        "type": "Point",
        "coordinates": [
          -111.74,
          42.23
        ]
      }
    },
    {
      "type": "Feature",
      "id": "iem-lsr-PIH-399",
      "properties": {
        "report_id": "iem-lsr-PIH-399",
        "report_type": "NON-TSTM WND GST",
        "event_category": "thunderstorm_wind",
        "valid_utc": "202604221200",
        "standard_time_display": "2026-04-22 05:00 MST",
        "wfo": "PIH",
        "county_or_zone": "Butte",
        "city": "8 ESE Berenice",
        "state": "ID",
        "magnitude": 45.0,
        "magnitude_units": null,
        "source": "Mesonet",
        "event_narrative": "Mesonet station 10022 D6 - Junction 33/22 Summit."
      },
      "geometry": {
        "type": "Point",
        "coordinates": [
          -112.84,
          43.81
        ]
      }
    },
    {
      "type": "Feature",
      "id": "iem-lsr-PIH-400",
      "properties": {
        "report_id": "iem-lsr-PIH-400",
        "report_type": "NON-TSTM WND GST",
        "event_category": "thunderstorm_wind",
        "valid_utc": "202604221230",
        "standard_time_display": "2026-04-22 05:30 MST",
        "wfo": "PIH",
        "county_or_zone": "Bear Lake",
        "city": "3 WSW Lindsayville",
        "state": "ID",
        "magnitude": 45.0,
        "magnitude_units": null,
        "source": "Mesonet",
        "event_narrative": "Mesonet station PC215 Bartlett Lake."
      },
      "geometry": {
        "type": "Point",
        "coordinates": [
          -111.48,
          42.4
        ]
      }
    },
    {
      "type": "Feature",
      "id": "iem-lsr-PIH-401",
      "properties": {
        "report_id": "iem-lsr-PIH-401",
        "report_type": "NON-TSTM WND GST",
        "event_category": "thunderstorm_wind",
        "valid_utc": "202604221330",
        "standard_time_display": "2026-04-22 06:30 MST",
        "wfo": "PIH",
        "county_or_zone": "Bear Lake",
        "city": "2 WNW Sharon",
        "state": "ID",
        "magnitude": 48.0,
        "magnitude_units": null,
        "source": "Mesonet",
        "event_narrative": "Mesonet station 10021 D5 - Emigration Canyon."
      },
      "geometry": {
        "type": "Point",
        "coordinates": [
          -111.5,
          42.36
        ]
      }
    },
    {
      "type": "Feature",
      "id": "iem-lsr-PIH-402",
      "properties": {
        "report_id": "iem-lsr-PIH-402",
        "report_type": "NON-TSTM WND GST",
        "event_category": "thunderstorm_wind",
        "valid_utc": "202604221800",
        "standard_time_display": "2026-04-22 11:00 MST",
        "wfo": "PIH",
        "county_or_zone": "Butte",
        "city": "8 ESE Berenice",
        "state": "ID",
        "magnitude": 47.0,
        "magnitude_units": null,
        "source": "Mesonet",
        "event_narrative": "Mesonet station ITDD3 D6 Junction Summit ID-22/ID-33."
      },
      "geometry": {
        "type": "Point",
        "coordinates": [
          -112.84,
          43.81
        ]
      }
    },
    {
      "type": "Feature",
      "id": "iem-lsr-PIH-403",
      "properties": {
        "report_id": "iem-lsr-PIH-403",
        "report_type": "NON-TSTM WND GST",
        "event_category": "thunderstorm_wind",
        "valid_utc": "202604221830",
        "standard_time_display": "2026-04-22 11:30 MST",
        "wfo": "PIH",
        "county_or_zone": "Bingham",
        "city": "4 W Firth",
        "state": "ID",
        "magnitude": 48.0,
        "magnitude_units": null,
        "source": "Mesonet",
        "event_narrative": "Mesonet station 2978 D5 Blackfoot Rest Area I-15."
      },
      "geometry": {
        "type": "Point",
        "coordinates": [
          -112.27,
          43.3
        ]
      }
    },
    {
      "type": "Feature",
      "id": "iem-lsr-PIH-404",
      "properties": {
        "report_id": "iem-lsr-PIH-404",
        "report_type": "NON-TSTM WND GST",
        "event_category": "thunderstorm_wind",
        "valid_utc": "202604221840",
        "standard_time_display": "2026-04-22 11:40 MST",
        "wfo": "PIH",
        "county_or_zone": "Bingham",
        "city": "4 SSE Bone",
        "state": "ID",
        "magnitude": 53.0,
        "magnitude_units": null,
        "source": "Mesonet",
        "event_narrative": "Mesonet station PC622 Long Valley Rd."
      },
      "geometry": {
        "type": "Point",
        "coordinates": [
          -111.78,
          43.27
        ]
      }
    },
    {
      "type": "Feature",
      "id": "iem-lsr-PIH-405",
      "properties": {
        "report_id": "iem-lsr-PIH-405",
        "report_type": "NON-TSTM WND GST",
        "event_category": "thunderstorm_wind",
        "valid_utc": "202604221905",
        "standard_time_display": "2026-04-22 12:05 MST",
        "wfo": "PIH",
        "county_or_zone": "Butte",
        "city": "12 SE Butte City",
        "state": "ID",
        "magnitude": 57.0,
        "magnitude_units": null,
        "source": "Mesonet",
        "event_narrative": "Mesonet station RWM INL Radioactive Waste Mgmt."
      },
      "geometry": {
        "type": "Point",
        "coordinates": [
          -113.05,
          43.5
        ]
      }
    },
    {
      "type": "Feature",
      "id": "iem-lsr-PIH-406",
      "properties": {
        "report_id": "iem-lsr-PIH-406",
        "report_type": "NON-TSTM WND GST",
        "event_category": "thunderstorm_wind",
        "valid_utc": "202604221915",
        "standard_time_display": "2026-04-22 11:15 PST",
        "wfo": "PIH",
        "county_or_zone": "Blaine",
        "city": "5 WSW Gannett",
        "state": "ID",
        "magnitude": 50.0,
        "magnitude_units": null,
        "source": "Mesonet",
        "event_narrative": "Mesonet station 3020 D4 Timmerman Hill ID-75."
      },
      "geometry": {
        "type": "Point",
        "coordinates": [
          -114.28,
          43.33
        ]
      }
    },
    {
      "type": "Feature",
      "id": "iem-lsr-PIH-407",
      "properties": {
        "report_id": "iem-lsr-PIH-407",
        "report_type": "NON-TSTM WND GST",
        "event_category": "thunderstorm_wind",
        "valid_utc": "202604221930",
        "standard_time_display": "2026-04-22 12:30 MST",
        "wfo": "PIH",
        "county_or_zone": "Minidoka",
        "city": "6 NW Minidoka",
        "state": "ID",
        "magnitude": 46.0,
        "magnitude_units": null,
        "source": "Mesonet",
        "event_narrative": "Mesonet station SOMIN Minidoka."
      },
      "geometry": {
        "type": "Point",
        "coordinates": [
          -113.59,
          42.8
        ]
      }
    },
    {
      "type": "Feature",
      "id": "iem-lsr-PIH-408",
      "properties": {
        "report_id": "iem-lsr-PIH-408",
        "report_type": "NON-TSTM WND GST",
        "event_category": "thunderstorm_wind",
        "valid_utc": "202604221945",
        "standard_time_display": "2026-04-22 12:45 MST",
        "wfo": "PIH",
        "county_or_zone": "Butte",
        "city": "9 E Butte City",
        "state": "ID",
        "magnitude": 53.0,
        "magnitude_units": null,
        "source": "Mesonet",
        "event_narrative": "Mesonet station DEA Dead Man Canyon."
      },
      "geometry": {
        "type": "Point",
        "coordinates": [
          -113.06,
          43.62
        ]
      }
    },
    {
      "type": "Feature",
      "id": "iem-lsr-PIH-409",
      "properties": {
        "report_id": "iem-lsr-PIH-409",
        "report_type": "NON-TSTM WND GST",
        "event_category": "thunderstorm_wind",
        "valid_utc": "202604221950",
        "standard_time_display": "2026-04-22 12:50 MST",
        "wfo": "PIH",
        "county_or_zone": "Bear Lake",
        "city": "4 E Pegram",
        "state": "ID",
        "magnitude": 45.0,
        "magnitude_units": null,
        "source": "Mesonet",
        "event_narrative": "Mesonet station PC587 North Willow."
      },
      "geometry": {
        "type": "Point",
        "coordinates": [
          -111.05,
          42.14
        ]
      }
    },
    {
      "type": "Feature",
      "id": "iem-lsr-PIH-410",
      "properties": {
        "report_id": "iem-lsr-PIH-410",
        "report_type": "NON-TSTM WND GST",
        "event_category": "thunderstorm_wind",
        "valid_utc": "202604221950",
        "standard_time_display": "2026-04-22 12:50 MST",
        "wfo": "PIH",
        "county_or_zone": "Butte",
        "city": "7 S Howe",
        "state": "ID",
        "magnitude": 59.0,
        "magnitude_units": null,
        "source": "Mesonet",
        "event_narrative": "Mesonet station BAS Base of Howe Peak."
      },
      "geometry": {
        "type": "Point",
        "coordinates": [
          -113.01,
          43.68
        ]
      }
    },
    {
      "type": "Feature",
      "id": "iem-lsr-PIH-411",
      "properties": {
        "report_id": "iem-lsr-PIH-411",
        "report_type": "NON-TSTM WND GST",
        "event_category": "thunderstorm_wind",
        "valid_utc": "202604221955",
        "standard_time_display": "2026-04-22 12:55 MST",
        "wfo": "PIH",
        "county_or_zone": "Butte",
        "city": "1 SSE Arco",
        "state": "ID",
        "magnitude": 45.0,
        "magnitude_units": null,
        "source": "Mesonet",
        "event_narrative": "Mesonet station ARC 1 SSE Arco."
      },
      "geometry": {
        "type": "Point",
        "coordinates": [
          -113.3,
          43.62
        ]
      }
    },
    {
      "type": "Feature",
      "id": "iem-lsr-PIH-412",
      "properties": {
        "report_id": "iem-lsr-PIH-412",
        "report_type": "NON-TSTM WND GST",
        "event_category": "thunderstorm_wind",
        "valid_utc": "202604221955",
        "standard_time_display": "2026-04-22 12:55 MST",
        "wfo": "PIH",
        "county_or_zone": "Bingham",
        "city": "3 W Taber",
        "state": "ID",
        "magnitude": 53.0,
        "magnitude_units": null,
        "source": "Mesonet",
        "event_narrative": "Mesonet station TAB 3 W Taber."
      },
      "geometry": {
        "type": "Point",
        "coordinates": [
          -112.69,
          43.32
        ]
      }
    },
    {
      "type": "Feature",
      "id": "iem-lsr-PIH-413",
      "properties": {
        "report_id": "iem-lsr-PIH-413",
        "report_type": "NON-TSTM WND GST",
        "event_category": "thunderstorm_wind",
        "valid_utc": "202604222005",
        "standard_time_display": "2026-04-22 13:05 MST",
        "wfo": "PIH",
        "county_or_zone": "Butte",
        "city": "12 NNW Atomic City",
        "state": "ID",
        "magnitude": 55.0,
        "magnitude_units": null,
        "source": "Mesonet",
        "event_narrative": "Mesonet station GRI INL INTEC/Grid 3."
      },
      "geometry": {
        "type": "Point",
        "coordinates": [
          -112.94,
          43.59
        ]
      }
    },
    {
      "type": "Feature",
      "id": "iem-lsr-PIH-414",
      "properties": {
        "report_id": "iem-lsr-PIH-414",
        "report_type": "NON-TSTM WND GST",
        "event_category": "thunderstorm_wind",
        "valid_utc": "202604222005",
        "standard_time_display": "2026-04-22 13:05 MST",
        "wfo": "PIH",
        "county_or_zone": "Butte",
        "city": "10 SSE Howe",
        "state": "ID",
        "magnitude": 56.0,
        "magnitude_units": null,
        "source": "Mesonet",
        "event_narrative": "Mesonet station NRF INL Naval Reactors Facility."
      },
      "geometry": {
        "type": "Point",
        "coordinates": [
          -112.91,
          43.65
        ]
      }
    },
    {
      "type": "Feature",
      "id": "iem-lsr-PIH-415",
      "properties": {
        "report_id": "iem-lsr-PIH-415",
        "report_type": "NON-TSTM WND GST",
        "event_category": "thunderstorm_wind",
        "valid_utc": "202604222010",
        "standard_time_display": "2026-04-22 13:10 MST",
        "wfo": "PIH",
        "county_or_zone": "Butte",
        "city": "12 E Howe",
        "state": "ID",
        "magnitude": 57.0,
        "magnitude_units": null,
        "source": "Mesonet",
        "event_narrative": "Mesonet station SAN 12 E Howe."
      },
      "geometry": {
        "type": "Point",
        "coordinates": [
          -112.76,
          43.78
        ]
      }
    },
    {
      "type": "Feature",
      "id": "iem-lsr-PIH-416",
      "properties": {
        "report_id": "iem-lsr-PIH-416",
        "report_type": "NON-TSTM WND GST",
        "event_category": "thunderstorm_wind",
        "valid_utc": "202604222010",
        "standard_time_display": "2026-04-22 13:10 MST",
        "wfo": "PIH",
        "county_or_zone": "Butte",
        "city": "8 NNW Atomic City",
        "state": "ID",
        "magnitude": 60.0,
        "magnitude_units": null,
        "source": "Mesonet",
        "event_narrative": "Mesonet station PBF INL Critical Infrastructure."
      },
      "geometry": {
        "type": "Point",
        "coordinates": [
          -112.87,
          43.55
        ]
      }
    },
    {
      "type": "Feature",
      "id": "iem-lsr-PIH-417",
      "properties": {
        "report_id": "iem-lsr-PIH-417",
        "report_type": "NON-TSTM WND GST",
        "event_category": "thunderstorm_wind",
        "valid_utc": "202604222015",
        "standard_time_display": "2026-04-22 13:15 MST",
        "wfo": "PIH",
        "county_or_zone": "Bingham",
        "city": "3 NNW Taber",
        "state": "ID",
        "magnitude": 52.0,
        "magnitude_units": null,
        "source": "Mesonet",
        "event_narrative": "Mesonet station ITDC4 D5 Tilden Flats US-26."
      },
      "geometry": {
        "type": "Point",
        "coordinates": [
          -112.64,
          43.36
        ]
      }
    },
    {
      "type": "Feature",
      "id": "iem-lsr-PIH-418",
      "properties": {
        "report_id": "iem-lsr-PIH-418",
        "report_type": "NON-TSTM WND GST",
        "event_category": "thunderstorm_wind",
        "valid_utc": "202604222015",
        "standard_time_display": "2026-04-22 13:15 MST",
        "wfo": "PIH",
        "county_or_zone": "Butte",
        "city": "12 NW Atomic City",
        "state": "ID",
        "magnitude": 55.0,
        "magnitude_units": null,
        "source": "Mesonet",
        "event_narrative": "Mesonet station TRA INL Reactor Tech Complex."
      },
      "geometry": {
        "type": "Point",
        "coordinates": [
          -112.97,
          43.58
        ]
      }
    },
    {
      "type": "Feature",
      "id": "iem-lsr-PIH-419",
      "properties": {
        "report_id": "iem-lsr-PIH-419",
        "report_type": "NON-TSTM WND GST",
        "event_category": "thunderstorm_wind",
        "valid_utc": "202604222015",
        "standard_time_display": "2026-04-22 13:15 MST",
        "wfo": "PIH",
        "county_or_zone": "Butte",
        "city": "5 WSW Craters of Moon",
        "state": "ID",
        "magnitude": 71.0,
        "magnitude_units": null,
        "source": "Mesonet",
        "event_narrative": "Mesonet station 3021 D6 Tom Cat Summit US-20."
      },
      "geometry": {
        "type": "Point",
        "coordinates": [
          -113.63,
          43.41
        ]
      }
    },
    {
      "type": "Feature",
      "id": "iem-lsr-PIH-420",
      "properties": {
        "report_id": "iem-lsr-PIH-420",
        "report_type": "NON-TSTM WND GST",
        "event_category": "thunderstorm_wind",
        "valid_utc": "202604222020",
        "standard_time_display": "2026-04-22 13:20 MST",
        "wfo": "PIH",
        "county_or_zone": "Butte",
        "city": "11 WSW Monteview",
        "state": "ID",
        "magnitude": 51.0,
        "magnitude_units": null,
        "source": "Mesonet",
        "event_narrative": "Mesonet station LOF INL Specific Manufacturing."
      },
      "geometry": {
        "type": "Point",
        "coordinates": [
          -112.73,
          43.86
        ]
      }
    },
    {
      "type": "Feature",
      "id": "iem-lsr-PIH-421",
      "properties": {
        "report_id": "iem-lsr-PIH-421",
        "report_type": "NON-TSTM WND GST",
        "event_category": "thunderstorm_wind",
        "valid_utc": "202604222020",
        "standard_time_display": "2026-04-22 13:20 MST",
        "wfo": "PIH",
        "county_or_zone": "Butte",
        "city": "9 NW Atomic City",
        "state": "ID",
        "magnitude": 58.0,
        "magnitude_units": null,
        "source": "Mesonet",
        "event_narrative": "Mesonet station 690 INL Central Facilities."
      },
      "geometry": {
        "type": "Point",
        "coordinates": [
          -112.95,
          43.53
        ]
      }
    },
    {
      "type": "Feature",
      "id": "iem-lsr-PIH-422",
      "properties": {
        "report_id": "iem-lsr-PIH-422",
        "report_type": "NON-TSTM WND GST",
        "event_category": "thunderstorm_wind",
        "valid_utc": "202604222025",
        "standard_time_display": "2026-04-22 13:25 MST",
        "wfo": "PIH",
        "county_or_zone": "Bonneville",
        "city": "11 W Osgood",
        "state": "ID",
        "magnitude": 60.0,
        "magnitude_units": null,
        "source": "Mesonet",
        "event_narrative": "Mesonet station KET Kettle Butte."
      },
      "geometry": {
        "type": "Point",
        "coordinates": [
          -112.33,
          43.55
        ]
      }
    },
    {
      "type": "Feature",
      "id": "iem-lsr-PIH-423",
      "properties": {
        "report_id": "iem-lsr-PIH-423",
        "report_type": "NON-TSTM WND GST",
        "event_category": "thunderstorm_wind",
        "valid_utc": "202604222025",
        "standard_time_display": "2026-04-22 13:25 MST",
        "wfo": "PIH",
        "county_or_zone": "Jefferson",
        "city": "9 SSW Mud Lake",
        "state": "ID",
        "magnitude": 60.0,
        "magnitude_units": null,
        "source": "Mesonet",
        "event_narrative": "Mesonet station ROV 9 SSW Mud Lake."
      },
      "geometry": {
        "type": "Point",
        "coordinates": [
          -112.53,
          43.72
        ]
      }
    },
    {
      "type": "Feature",
      "id": "iem-lsr-PIH-424",
      "properties": {
        "report_id": "iem-lsr-PIH-424",
        "report_type": "NON-TSTM WND GST",
        "event_category": "thunderstorm_wind",
        "valid_utc": "202604222030",
        "standard_time_display": "2026-04-22 13:30 MST",
        "wfo": "PIH",
        "county_or_zone": "Bonneville",
        "city": "4 NNW Shelley",
        "state": "ID",
        "magnitude": 45.0,
        "magnitude_units": null,
        "source": "Mesonet",
        "event_narrative": "Mesonet station SHLI 4 NNW Shelley."
      },
      "geometry": {
        "type": "Point",
        "coordinates": [
          -112.14,
          43.43
        ]
      }
    },
    {
      "type": "Feature",
      "id": "iem-lsr-PIH-425",
      "properties": {
        "report_id": "iem-lsr-PIH-425",
        "report_type": "NON-TSTM WND GST",
        "event_category": "thunderstorm_wind",
        "valid_utc": "202604222030",
        "standard_time_display": "2026-04-22 13:30 MST",
        "wfo": "PIH",
        "county_or_zone": "Bingham",
        "city": "14 NE Atomic City",
        "state": "ID",
        "magnitude": 57.0,
        "magnitude_units": null,
        "source": "Mesonet",
        "event_narrative": "Mesonet station 3672 D6 Telegraph Hill US-20."
      },
      "geometry": {
        "type": "Point",
        "coordinates": [
          -112.59,
          43.55
        ]
      }
    },
    {
      "type": "Feature",
      "id": "iem-lsr-PIH-426",
      "properties": {
        "report_id": "iem-lsr-PIH-426",
        "report_type": "NON-TSTM WND GST",
        "event_category": "thunderstorm_wind",
        "valid_utc": "202604222030",
        "standard_time_display": "2026-04-22 13:30 MST",
        "wfo": "PIH",
        "county_or_zone": "Bonneville",
        "city": "16 W Osgood",
        "state": "ID",
        "magnitude": 59.0,
        "magnitude_units": null,
        "source": "Mesonet",
        "event_narrative": "Mesonet station 8419 D6 Kettle Butte US-20."
      },
      "geometry": {
        "type": "Point",
        "coordinates": [
          -112.42,
          43.55
        ]
      }
    },
    {
      "type": "Feature",
      "id": "iem-lsr-PIH-427",
      "properties": {
        "report_id": "iem-lsr-PIH-427",
        "report_type": "NON-TSTM WND GST",
        "event_category": "thunderstorm_wind",
        "valid_utc": "202604222035",
        "standard_time_display": "2026-04-22 13:35 MST",
        "wfo": "PIH",
        "county_or_zone": "Jefferson",
        "city": "6 N Monteview",
        "state": "ID",
        "magnitude": 47.0,
        "magnitude_units": null,
        "source": "Mesonet",
        "event_narrative": "Mesonet station MON 6 N Monteview."
      },
      "geometry": {
        "type": "Point",
        "coordinates": [
          -112.54,
          44.02
        ]
      }
    },
    {
      "type": "Feature",
      "id": "iem-lsr-PIH-428",
      "properties": {
        "report_id": "iem-lsr-PIH-428",
        "report_type": "NON-TSTM WND GST",
        "event_category": "thunderstorm_wind",
        "valid_utc": "202604222040",
        "standard_time_display": "2026-04-22 13:40 MST",
        "wfo": "PIH",
        "county_or_zone": "Jefferson",
        "city": "3 SW Camas",
        "state": "ID",
        "magnitude": 50.0,
        "magnitude_units": null,
        "source": "Mesonet",
        "event_narrative": "Mesonet station PC136 Refuge."
      },
      "geometry": {
        "type": "Point",
        "coordinates": [
          -112.26,
          43.96
        ]
      }
    },
    {
      "type": "Feature",
      "id": "iem-lsr-PIH-429",
      "properties": {
        "report_id": "iem-lsr-PIH-429",
        "report_type": "NON-TSTM WND GST",
        "event_category": "thunderstorm_wind",
        "valid_utc": "202604222045",
        "standard_time_display": "2026-04-22 13:45 MST",
        "wfo": "PIH",
        "county_or_zone": "Butte",
        "city": "12 NW Atomic City",
        "state": "ID",
        "magnitude": 54.0,
        "magnitude_units": null,
        "source": "Mesonet",
        "event_narrative": "Mesonet station LOS Lost River Rest Area."
      },
      "geometry": {
        "type": "Point",
        "coordinates": [
          -113.01,
          43.55
        ]
      }
    },
    {
      "type": "Feature",
      "id": "iem-lsr-PIH-430",
      "properties": {
        "report_id": "iem-lsr-PIH-430",
        "report_type": "NON-TSTM WND GST",
        "event_category": "thunderstorm_wind",
        "valid_utc": "202604222045",
        "standard_time_display": "2026-04-22 13:45 MST",
        "wfo": "PIH",
        "county_or_zone": "Jefferson",
        "city": "1 NW Camas",
        "state": "ID",
        "magnitude": 56.0,
        "magnitude_units": null,
        "source": "Mesonet",
        "event_narrative": "Mesonet station ITDE3 D6 Camas I-15."
      },
      "geometry": {
        "type": "Point",
        "coordinates": [
          -112.23,
          44.01
        ]
      }
    },
    {
      "type": "Feature",
      "id": "iem-lsr-PIH-431",
      "properties": {
        "report_id": "iem-lsr-PIH-431",
        "report_type": "NON-TSTM WND GST",
        "event_category": "thunderstorm_wind",
        "valid_utc": "202604222050",
        "standard_time_display": "2026-04-22 13:50 MST",
        "wfo": "PIH",
        "county_or_zone": "Bingham",
        "city": "1 NE Aberdeen",
        "state": "ID",
        "magnitude": 45.0,
        "magnitude_units": null,
        "source": "Mesonet",
        "event_narrative": "Mesonet station ABEI 1 NE Aberdeen."
      },
      "geometry": {
        "type": "Point",
        "coordinates": [
          -112.83,
          42.95
        ]
      }
    },
    {
      "type": "Feature",
      "id": "iem-lsr-PIH-432",
      "properties": {
        "report_id": "iem-lsr-PIH-432",
        "report_type": "NON-TSTM WND GST",
        "event_category": "thunderstorm_wind",
        "valid_utc": "202604222050",
        "standard_time_display": "2026-04-22 13:50 MST",
        "wfo": "PIH",
        "county_or_zone": "Jefferson",
        "city": "1 WNW Camas",
        "state": "ID",
        "magnitude": 54.0,
        "magnitude_units": null,
        "source": "Mesonet",
        "event_narrative": "Mesonet station HAM 1 WNW Camas."
      },
      "geometry": {
        "type": "Point",
        "coordinates": [
          -112.24,
          44.01
        ]
      }
    },
    {
      "type": "Feature",
      "id": "iem-lsr-PIH-433",
      "properties": {
        "report_id": "iem-lsr-PIH-433",
        "report_type": "NON-TSTM WND GST",
        "event_category": "thunderstorm_wind",
        "valid_utc": "202604222055",
        "standard_time_display": "2026-04-22 13:55 MST",
        "wfo": "PIH",
        "county_or_zone": "Bingham",
        "city": "Atomic City",
        "state": "ID",
        "magnitude": 55.0,
        "magnitude_units": null,
        "source": "Mesonet",
        "event_narrative": "Mesonet station ATO Atomic City."
      },
      "geometry": {
        "type": "Point",
        "coordinates": [
          -112.81,
          43.44
        ]
      }
    },
    {
      "type": "Feature",
      "id": "iem-lsr-PIH-434",
      "properties": {
        "report_id": "iem-lsr-PIH-434",
        "report_type": "NON-TSTM WND GST",
        "event_category": "thunderstorm_wind",
        "valid_utc": "202604222100",
        "standard_time_display": "2026-04-22 14:00 MST",
        "wfo": "PIH",
        "county_or_zone": "Jefferson",
        "city": "5 SSE Roberts",
        "state": "ID",
        "magnitude": 53.0,
        "magnitude_units": null,
        "source": "Mesonet",
        "event_narrative": "Mesonet station 3306 D6 Osgood I-15."
      },
      "geometry": {
        "type": "Point",
        "coordinates": [
          -112.1,
          43.65
        ]
      }
    },
    {
      "type": "Feature",
      "id": "iem-lsr-PIH-435",
      "properties": {
        "report_id": "iem-lsr-PIH-435",
        "report_type": "NON-TSTM WND GST",
        "event_category": "thunderstorm_wind",
        "valid_utc": "202604222100",
        "standard_time_display": "2026-04-22 14:00 MST",
        "wfo": "PIH",
        "county_or_zone": "Jefferson",
        "city": "5 SW Hamer",
        "state": "ID",
        "magnitude": 55.0,
        "magnitude_units": null,
        "source": "Mesonet",
        "event_narrative": "Mesonet station TRTI 5 SW Hamer."
      },
      "geometry": {
        "type": "Point",
        "coordinates": [
          -112.26,
          43.87
        ]
      }
    },
    {
      "type": "Feature",
      "id": "iem-lsr-PIH-436",
      "properties": {
        "report_id": "iem-lsr-PIH-436",
        "report_type": "NON-TSTM WND GST",
        "event_category": "thunderstorm_wind",
        "valid_utc": "202604222110",
        "standard_time_display": "2026-04-22 14:10 MST",
        "wfo": "PIH",
        "county_or_zone": "Jefferson",
        "city": "1 NE Terreton",
        "state": "ID",
        "magnitude": 55.0,
        "magnitude_units": null,
        "source": "Mesonet",
        "event_narrative": "Mesonet station TER 1 NE Terreton."
      },
      "geometry": {
        "type": "Point",
        "coordinates": [
          -112.42,
          43.84
        ]
      }
    },
    {
      "type": "Feature",
      "id": "iem-lsr-PIH-437",
      "properties": {
        "report_id": "iem-lsr-PIH-437",
        "report_type": "NON-TSTM WND GST",
        "event_category": "thunderstorm_wind",
        "valid_utc": "202604222115",
        "standard_time_display": "2026-04-22 14:15 MST",
        "wfo": "PIH",
        "county_or_zone": "Butte",
        "city": "6 NW Atomic City",
        "state": "ID",
        "magnitude": 62.0,
        "magnitude_units": null,
        "source": "Mesonet",
        "event_narrative": "Mesonet station 3699 D6 INL Puzzle US-20/US-26."
      },
      "geometry": {
        "type": "Point",
        "coordinates": [
          -112.89,
          43.51
        ]
      }
    },
    {
      "type": "Feature",
      "id": "iem-lsr-PIH-438",
      "properties": {
        "report_id": "iem-lsr-PIH-438",
        "report_type": "NON-TSTM WND GST",
        "event_category": "thunderstorm_wind",
        "valid_utc": "202604222125",
        "standard_time_display": "2026-04-22 14:25 MST",
        "wfo": "PIH",
        "county_or_zone": "Jefferson",
        "city": "1 N Roberts",
        "state": "ID",
        "magnitude": 54.0,
        "magnitude_units": null,
        "source": "Mesonet",
        "event_narrative": "Mesonet station ROB 1 N Roberts."
      },
      "geometry": {
        "type": "Point",
        "coordinates": [
          -112.13,
          43.74
        ]
      }
    },
    {
      "type": "Feature",
      "id": "iem-lsr-PIH-439",
      "properties": {
        "report_id": "iem-lsr-PIH-439",
        "report_type": "NON-TSTM WND GST",
        "event_category": "thunderstorm_wind",
        "valid_utc": "202604222125",
        "standard_time_display": "2026-04-22 14:25 MST",
        "wfo": "PIH",
        "county_or_zone": "Bingham",
        "city": "13 NE Atomic City",
        "state": "ID",
        "magnitude": 56.0,
        "magnitude_units": null,
        "source": "Mesonet",
        "event_narrative": "Mesonet station EBR INL Materials Fuels Complex."
      },
      "geometry": {
        "type": "Point",
        "coordinates": [
          -112.65,
          43.59
        ]
      }
    },
    {
      "type": "Feature",
      "id": "iem-lsr-PIH-440",
      "properties": {
        "report_id": "iem-lsr-PIH-440",
        "report_type": "NON-TSTM WND GST",
        "event_category": "thunderstorm_wind",
        "valid_utc": "202604222130",
        "standard_time_display": "2026-04-22 14:30 MST",
        "wfo": "PIH",
        "county_or_zone": "Bonneville",
        "city": "2 NE Osgood",
        "state": "ID",
        "magnitude": 48.0,
        "magnitude_units": null,
        "source": "Mesonet",
        "event_narrative": "Mesonet station OSGI 2 NE Osgood."
      },
      "geometry": {
        "type": "Point",
        "coordinates": [
          -112.08,
          43.59
        ]
      }
    },
    {
      "type": "Feature",
      "id": "iem-lsr-PIH-441",
      "properties": {
        "report_id": "iem-lsr-PIH-441",
        "report_type": "NON-TSTM WND GST",
        "event_category": "thunderstorm_wind",
        "valid_utc": "202604222130",
        "standard_time_display": "2026-04-22 14:30 MST",
        "wfo": "PIH",
        "county_or_zone": "Jefferson",
        "city": "7 S Hamer",
        "state": "ID",
        "magnitude": 50.0,
        "magnitude_units": null,
        "source": "Mesonet",
        "event_narrative": "Mesonet station 3704 D6 Sage Junction I-15."
      },
      "geometry": {
        "type": "Point",
        "coordinates": [
          -112.2,
          43.83
        ]
      }
    },
    {
      "type": "Feature",
      "id": "iem-lsr-PIH-442",
      "properties": {
        "report_id": "iem-lsr-PIH-442",
        "report_type": "NON-TSTM WND GST",
        "event_category": "thunderstorm_wind",
        "valid_utc": "202604222135",
        "standard_time_display": "2026-04-22 14:35 MST",
        "wfo": "PIH",
        "county_or_zone": "Bingham",
        "city": "11 N Rose",
        "state": "ID",
        "magnitude": 45.0,
        "magnitude_units": null,
        "source": "Mesonet",
        "event_narrative": "Mesonet station DVI04307 Rising River."
      },
      "geometry": {
        "type": "Point",
        "coordinates": [
          -112.37,
          43.41
        ]
      }
    },
    {
      "type": "Feature",
      "id": "iem-lsr-PIH-443",
      "properties": {
        "report_id": "iem-lsr-PIH-443",
        "report_type": "NON-TSTM WND GST",
        "event_category": "thunderstorm_wind",
        "valid_utc": "202604222150",
        "standard_time_display": "2026-04-22 14:50 MST",
        "wfo": "PIH",
        "county_or_zone": "Bingham",
        "city": "1 NE Aberdeen",
        "state": "ID",
        "magnitude": 45.0,
        "magnitude_units": null,
        "source": "Mesonet",
        "event_narrative": "Mesonet station ABE 1 NE Aberdeen."
      },
      "geometry": {
        "type": "Point",
        "coordinates": [
          -112.82,
          42.95
        ]
      }
    },
    {
      "type": "Feature",
      "id": "iem-lsr-PIH-444",
      "properties": {
        "report_id": "iem-lsr-PIH-444",
        "report_type": "NON-TSTM WND GST",
        "event_category": "thunderstorm_wind",
        "valid_utc": "202604222215",
        "standard_time_display": "2026-04-22 15:15 MST",
        "wfo": "PIH",
        "county_or_zone": "Jefferson",
        "city": "2 E Rigby",
        "state": "ID",
        "magnitude": 46.0,
        "magnitude_units": null,
        "source": "Mesonet",
        "event_narrative": "Mesonet station RGBI 2 E Rigby."
      },
      "geometry": {
        "type": "Point",
        "coordinates": [
          -111.88,
          43.68
        ]
      }
    },
    {
      "type": "Feature",
      "id": "iem-lsr-PIH-445",
      "properties": {
        "report_id": "iem-lsr-PIH-445",
        "report_type": "NON-TSTM WND GST",
        "event_category": "thunderstorm_wind",
        "valid_utc": "202604222218",
        "standard_time_display": "2026-04-22 15:18 MST",
        "wfo": "PIH",
        "county_or_zone": "Madison",
        "city": "1 NW Rexburg",
        "state": "ID",
        "magnitude": 52.0,
        "magnitude_units": null,
        "source": "ASOS",
        "event_narrative": "ASOS station KRXE Rexburg-Madison Airport."
      },
      "geometry": {
        "type": "Point",
        "coordinates": [
          -111.8,
          43.83
        ]
      }
    },
    {
      "type": "Feature",
      "id": "iem-lsr-PIH-446",
      "properties": {
        "report_id": "iem-lsr-PIH-446",
        "report_type": "NON-TSTM WND GST",
        "event_category": "thunderstorm_wind",
        "valid_utc": "202604222225",
        "standard_time_display": "2026-04-22 15:25 MST",
        "wfo": "PIH",
        "county_or_zone": "Madison",
        "city": "2 NNE Sugar City",
        "state": "ID",
        "magnitude": 51.0,
        "magnitude_units": null,
        "source": "Mesonet",
        "event_narrative": "Mesonet station SUG 2 NNE Sugar City."
      },
      "geometry": {
        "type": "Point",
        "coordinates": [
          -111.74,
          43.9
        ]
      }
    },
    {
      "type": "Feature",
      "id": "iem-lsr-PIH-447",
      "properties": {
        "report_id": "iem-lsr-PIH-447",
        "report_type": "NON-TSTM WND GST",
        "event_category": "thunderstorm_wind",
        "valid_utc": "202604222225",
        "standard_time_display": "2026-04-22 15:25 MST",
        "wfo": "PIH",
        "county_or_zone": "Butte",
        "city": "20 ESE Craters of Moon",
        "state": "ID",
        "magnitude": 54.0,
        "magnitude_units": null,
        "source": "Mesonet",
        "event_narrative": "Mesonet station BIG Coxs Well."
      },
      "geometry": {
        "type": "Point",
        "coordinates": [
          -113.18,
          43.29
        ]
      }
    },
    {
      "type": "Feature",
      "id": "iem-lsr-PIH-448",
      "properties": {
        "report_id": "iem-lsr-PIH-448",
        "report_type": "NON-TSTM WND GST",
        "event_category": "thunderstorm_wind",
        "valid_utc": "202604222250",
        "standard_time_display": "2026-04-22 15:50 MST",
        "wfo": "PIH",
        "county_or_zone": "Bonneville",
        "city": "2 W Iona",
        "state": "ID",
        "magnitude": 45.0,
        "magnitude_units": null,
        "source": "Mesonet",
        "event_narrative": "Mesonet station GW5938 2 W Iona."
      },
      "geometry": {
        "type": "Point",
        "coordinates": [
          -111.96,
          43.53
        ]
      }
    },
    {
      "type": "Feature",
      "id": "iem-lsr-PIH-449",
      "properties": {
        "report_id": "iem-lsr-PIH-449",
        "report_type": "NON-TSTM WND GST",
        "event_category": "thunderstorm_wind",
        "valid_utc": "202604222251",
        "standard_time_display": "2026-04-22 15:51 MST",
        "wfo": "PIH",
        "county_or_zone": "Power",
        "city": "1 S Michaud",
        "state": "ID",
        "magnitude": 48.0,
        "magnitude_units": null,
        "source": "ASOS",
        "event_narrative": "ASOS station KPIH Pocatello Regional Airport."
      },
      "geometry": {
        "type": "Point",
        "coordinates": [
          -112.57,
          42.92
        ]
      }
    },
    {
      "type": "Feature",
      "id": "iem-lsr-PIH-450",
      "properties": {
        "report_id": "iem-lsr-PIH-450",
        "report_type": "NON-TSTM WND GST",
        "event_category": "thunderstorm_wind",
        "valid_utc": "202604222300",
        "standard_time_display": "2026-04-22 16:00 MST",
        "wfo": "PIH",
        "county_or_zone": "Bonneville",
        "city": "1 NW Ucon",
        "state": "ID",
        "magnitude": 49.0,
        "magnitude_units": null,
        "source": "Mesonet",
        "event_narrative": "Mesonet station ITDC1 D6 Ucon US-20."
      },
      "geometry": {
        "type": "Point",
        "coordinates": [
          -111.96,
          43.6
        ]
      }
    },
    {
      "type": "Feature",
      "id": "iem-lsr-PIH-451",
      "properties": {
        "report_id": "iem-lsr-PIH-451",
        "report_type": "NON-TSTM WND GST",
        "event_category": "thunderstorm_wind",
        "valid_utc": "202604222310",
        "standard_time_display": "2026-04-22 16:10 MST",
        "wfo": "PIH",
        "county_or_zone": "Bonneville",
        "city": "6 SE Poplar",
        "state": "ID",
        "magnitude": 47.0,
        "magnitude_units": null,
        "source": "Mesonet",
        "event_narrative": "Mesonet station PC134 Moss Avery."
      },
      "geometry": {
        "type": "Point",
        "coordinates": [
          -111.6,
          43.56
        ]
      }
    },
    {
      "type": "Feature",
      "id": "iem-lsr-PIH-452",
      "properties": {
        "report_id": "iem-lsr-PIH-452",
        "report_type": "NON-TSTM WND GST",
        "event_category": "thunderstorm_wind",
        "valid_utc": "202604222310",
        "standard_time_display": "2026-04-22 16:10 MST",
        "wfo": "PIH",
        "county_or_zone": "Madison",
        "city": "5 SSW Clementsville",
        "state": "ID",
        "magnitude": 51.0,
        "magnitude_units": null,
        "source": "Mesonet",
        "event_narrative": "Mesonet station PC141 Canyon Creek."
      },
      "geometry": {
        "type": "Point",
        "coordinates": [
          -111.42,
          43.81
        ]
      }
    },
    {
      "type": "Feature",
      "id": "iem-lsr-PIH-453",
      "properties": {
        "report_id": "iem-lsr-PIH-453",
        "report_type": "NON-TSTM WND GST",
        "event_category": "thunderstorm_wind",
        "valid_utc": "202604222315",
        "standard_time_display": "2026-04-22 16:15 MST",
        "wfo": "PIH",
        "county_or_zone": "Teton",
        "city": "1 NNE Clementsville",
        "state": "ID",
        "magnitude": 53.0,
        "magnitude_units": null,
        "source": "Mesonet",
        "event_narrative": "Mesonet station 2979 D6 Botts ID-33."
      },
      "geometry": {
        "type": "Point",
        "coordinates": [
          -111.36,
          43.88
        ]
      }
    },
    {
      "type": "Feature",
      "id": "iem-lsr-PIH-454",
      "properties": {
        "report_id": "iem-lsr-PIH-454",
        "report_type": "NON-TSTM WND GST",
        "event_category": "thunderstorm_wind",
        "valid_utc": "202604222320",
        "standard_time_display": "2026-04-22 16:20 MST",
        "wfo": "PIH",
        "county_or_zone": "Bonneville",
        "city": "1 NW Idaho Falls",
        "state": "ID",
        "magnitude": 45.0,
        "magnitude_units": null,
        "source": "Mesonet",
        "event_narrative": "Mesonet station IDA 1 NW Idaho Falls."
      },
      "geometry": {
        "type": "Point",
        "coordinates": [
          -112.05,
          43.5
        ]
      }
    },
    {
      "type": "Feature",
      "id": "iem-lsr-PIH-455",
      "properties": {
        "report_id": "iem-lsr-PIH-455",
        "report_type": "NON-TSTM WND GST",
        "event_category": "thunderstorm_wind",
        "valid_utc": "202604222330",
        "standard_time_display": "2026-04-22 16:30 MST",
        "wfo": "PIH",
        "county_or_zone": "Bonneville",
        "city": "1 NW Idaho Falls",
        "state": "ID",
        "magnitude": 45.0,
        "magnitude_units": null,
        "source": "Mesonet",
        "event_narrative": "Mesonet station 8466 D6 Idaho Falls I-15."
      },
      "geometry": {
        "type": "Point",
        "coordinates": [
          -112.06,
          43.5
        ]
      }
    },
    {
      "type": "Feature",
      "id": "iem-lsr-PIH-456",
      "properties": {
        "report_id": "iem-lsr-PIH-456",
        "report_type": "NON-TSTM WND GST",
        "event_category": "thunderstorm_wind",
        "valid_utc": "202604222330",
        "standard_time_display": "2026-04-22 16:30 MST",
        "wfo": "PIH",
        "county_or_zone": "Bingham",
        "city": "4 NNW Sterling",
        "state": "ID",
        "magnitude": 49.0,
        "magnitude_units": null,
        "source": "Mesonet",
        "event_narrative": "Mesonet station 2250 D5 Sterling ID-39."
      },
      "geometry": {
        "type": "Point",
        "coordinates": [
          -112.78,
          43.08
        ]
      }
    },
    {
      "type": "Feature",
      "id": "iem-lsr-PIH-457",
      "properties": {
        "report_id": "iem-lsr-PIH-457",
        "report_type": "NON-TSTM WND GST",
        "event_category": "thunderstorm_wind",
        "valid_utc": "202604222354",
        "standard_time_display": "2026-04-22 16:54 MST",
        "wfo": "PIH",
        "county_or_zone": "Blaine",
        "city": "14 S Craters of Moon",
        "state": "ID",
        "magnitude": 49.0,
        "magnitude_units": null,
        "source": "Mesonet",
        "event_narrative": "Mesonet station PBUI1 Potter Butte."
      },
      "geometry": {
        "type": "Point",
        "coordinates": [
          -113.57,
          43.23
        ]
      }
    },
    {
      "type": "Feature",
      "id": "iem-lsr-PIH-458",
      "properties": {
        "report_id": "iem-lsr-PIH-458",
        "report_type": "NON-TSTM WND GST",
        "event_category": "thunderstorm_wind",
        "valid_utc": "202604230000",
        "standard_time_display": "2026-04-22 17:00 MST",
        "wfo": "PIH",
        "county_or_zone": "Bonneville",
        "city": "2 NNW Ozone",
        "state": "ID",
        "magnitude": 50.0,
        "magnitude_units": null,
        "source": "Mesonet",
        "event_narrative": "Mesonet station PC219 Galbraith."
      },
      "geometry": {
        "type": "Point",
        "coordinates": [
          -111.86,
          43.43
        ]
      }
    },
    {
      "type": "Feature",
      "id": "iem-lsr-PIH-459",
      "properties": {
        "report_id": "iem-lsr-PIH-459",
        "report_type": "NON-TSTM WND GST",
        "event_category": "thunderstorm_wind",
        "valid_utc": "202604230030",
        "standard_time_display": "2026-04-22 17:30 MST",
        "wfo": "PIH",
        "county_or_zone": "Fremont",
        "city": "2 ENE Chester",
        "state": "ID",
        "magnitude": 47.0,
        "magnitude_units": null,
        "source": "Mesonet",
        "event_narrative": "Mesonet station 10817 D6 Fall River US-20."
      },
      "geometry": {
        "type": "Point",
        "coordinates": [
          -111.54,
          44.01
        ]
      }
    },
    {
      "type": "Feature",
      "id": "iem-lsr-PIH-460",
      "properties": {
        "report_id": "iem-lsr-PIH-460",
        "report_type": "NON-TSTM WND GST",
        "event_category": "thunderstorm_wind",
        "valid_utc": "202604230030",
        "standard_time_display": "2026-04-22 17:30 MST",
        "wfo": "PIH",
        "county_or_zone": "Madison",
        "city": "Thornton",
        "state": "ID",
        "magnitude": 47.0,
        "magnitude_units": null,
        "source": "Mesonet",
        "event_narrative": "Mesonet station 8472 D6 Thornton US-20."
      },
      "geometry": {
        "type": "Point",
        "coordinates": [
          -111.85,
          43.76
        ]
      }
    },
    {
      "type": "Feature",
      "id": "iem-lsr-PIH-461",
      "properties": {
        "report_id": "iem-lsr-PIH-461",
        "report_type": "NON-TSTM WND GST",
        "event_category": "thunderstorm_wind",
        "valid_utc": "202604230030",
        "standard_time_display": "2026-04-22 17:30 MST",
        "wfo": "PIH",
        "county_or_zone": "Fremont",
        "city": "3 SSW Ashton",
        "state": "ID",
        "magnitude": 49.0,
        "magnitude_units": null,
        "source": "Mesonet",
        "event_narrative": "Mesonet station AHTI 3 SSW Ashton."
      },
      "geometry": {
        "type": "Point",
        "coordinates": [
          -111.47,
          44.02
        ]
      }
    },
    {
      "type": "Feature",
      "id": "iem-lsr-PIH-462",
      "properties": {
        "report_id": "iem-lsr-PIH-462",
        "report_type": "NON-TSTM WND GST",
        "event_category": "thunderstorm_wind",
        "valid_utc": "202604230045",
        "standard_time_display": "2026-04-22 17:45 MST",
        "wfo": "PIH",
        "county_or_zone": "Bonneville",
        "city": "1 WSW Poplar",
        "state": "ID",
        "magnitude": 49.0,
        "magnitude_units": null,
        "source": "Mesonet",
        "event_narrative": "Mesonet station 3300 D6 Ririe US-26."
      },
      "geometry": {
        "type": "Point",
        "coordinates": [
          -111.71,
          43.61
        ]
      }
    },
    {
      "type": "Feature",
      "id": "iem-lsr-PIH-463",
      "properties": {
        "report_id": "iem-lsr-PIH-463",
        "report_type": "NON-TSTM WND GST",
        "event_category": "thunderstorm_wind",
        "valid_utc": "202604230100",
        "standard_time_display": "2026-04-22 18:00 MST",
        "wfo": "PIH",
        "county_or_zone": "Bonneville",
        "city": "11 SE Poplar",
        "state": "ID",
        "magnitude": 45.0,
        "magnitude_units": null,
        "source": "Mesonet",
        "event_narrative": "Mesonet station 3673 D6 Antelope Flats US-26."
      },
      "geometry": {
        "type": "Point",
        "coordinates": [
          -111.5,
          43.53
        ]
      }
    },
    {
      "type": "Feature",
      "id": "iem-lsr-PIH-464",
      "properties": {
        "report_id": "iem-lsr-PIH-464",
        "report_type": "NON-TSTM WND GST",
        "event_category": "thunderstorm_wind",
        "valid_utc": "202604230100",
        "standard_time_display": "2026-04-22 18:00 MST",
        "wfo": "PIH",
        "county_or_zone": "Madison",
        "city": "2 SSW Sugar City",
        "state": "ID",
        "magnitude": 46.0,
        "magnitude_units": null,
        "source": "Mesonet",
        "event_narrative": "Mesonet station RXGI 2 SSW Sugar City."
      },
      "geometry": {
        "type": "Point",
        "coordinates": [
          -111.77,
          43.85
        ]
      }
    },
    {
      "type": "Feature",
      "id": "iem-lsr-PIH-465",
      "properties": {
        "report_id": "iem-lsr-PIH-465",
        "report_type": "NON-TSTM WND GST",
        "event_category": "thunderstorm_wind",
        "valid_utc": "202604231500",
        "standard_time_display": "2026-04-23 08:00 MST",
        "wfo": "PIH",
        "county_or_zone": "Cassia",
        "city": "2 NW Idahome",
        "state": "ID",
        "magnitude": 53.0,
        "magnitude_units": null,
        "source": "Mesonet",
        "event_narrative": "Mesonet station MALI 2 NW Idahome."
      },
      "geometry": {
        "type": "Point",
        "coordinates": [
          -113.41,
          42.44
        ]
      }
    },
    {
      "type": "Feature",
      "id": "iem-lsr-PIH-466",
      "properties": {
        "report_id": "iem-lsr-PIH-466",
        "report_type": "NON-TSTM WND GST",
        "event_category": "thunderstorm_wind",
        "valid_utc": "202604231515",
        "standard_time_display": "2026-04-23 08:15 MST",
        "wfo": "PIH",
        "county_or_zone": "Cassia",
        "city": "7 NNW Idahome",
        "state": "ID",
        "magnitude": 50.0,
        "magnitude_units": null,
        "source": "Mesonet",
        "event_narrative": "Mesonet station 3258 D4 Yale I-84."
      },
      "geometry": {
        "type": "Point",
        "coordinates": [
          -113.42,
          42.52
        ]
      }
    },
    {
      "type": "Feature",
      "id": "iem-lsr-PIH-467",
      "properties": {
        "report_id": "iem-lsr-PIH-467",
        "report_type": "NON-TSTM WND GST",
        "event_category": "thunderstorm_wind",
        "valid_utc": "202604231845",
        "standard_time_display": "2026-04-23 10:45 PST",
        "wfo": "PIH",
        "county_or_zone": "Custer",
        "city": "4 W Clayton",
        "state": "ID",
        "magnitude": 50.0,
        "magnitude_units": null,
        "source": "Mesonet",
        "event_narrative": "Mesonet station 8962 D4 Clayton ID-75."
      },
      "geometry": {
        "type": "Point",
        "coordinates": [
          -114.48,
          44.26
        ]
      }
    },
    {
      "type": "Feature",
      "id": "iem-lsr-PIH-468",
      "properties": {
        "report_id": "iem-lsr-PIH-468",
        "report_type": "NON-TSTM WND GST",
        "event_category": "thunderstorm_wind",
        "valid_utc": "202604232040",
        "standard_time_display": "2026-04-23 13:40 MST",
        "wfo": "PIH",
        "county_or_zone": "Butte",
        "city": "10 SSE Howe",
        "state": "ID",
        "magnitude": 51.0,
        "magnitude_units": null,
        "source": "Mesonet",
        "event_narrative": "Mesonet station NRF INL Naval Reactors Facility."
      },
      "geometry": {
        "type": "Point",
        "coordinates": [
          -112.91,
          43.65
        ]
      }
    },
    {
      "type": "Feature",
      "id": "iem-lsr-PIH-469",
      "properties": {
        "report_id": "iem-lsr-PIH-469",
        "report_type": "NON-TSTM WND GST",
        "event_category": "thunderstorm_wind",
        "valid_utc": "202604232044",
        "standard_time_display": "2026-04-23 12:44 PST",
        "wfo": "PIH",
        "county_or_zone": "Lincoln",
        "city": "5 N Owinza",
        "state": "ID",
        "magnitude": 45.0,
        "magnitude_units": null,
        "source": "Mesonet",
        "event_narrative": "Mesonet station ROCI1 5 N Owinza."
      },
      "geometry": {
        "type": "Point",
        "coordinates": [
          -114.06,
          42.97
        ]
      }
    },
    {
      "type": "Feature",
      "id": "iem-lsr-PIH-470",
      "properties": {
        "report_id": "iem-lsr-PIH-470",
        "report_type": "NON-TSTM WND GST",
        "event_category": "thunderstorm_wind",
        "valid_utc": "202604232045",
        "standard_time_display": "2026-04-23 13:45 MST",
        "wfo": "PIH",
        "county_or_zone": "Bingham",
        "city": "11 N Rose",
        "state": "ID",
        "magnitude": 45.0,
        "magnitude_units": null,
        "source": "Mesonet",
        "event_narrative": "Mesonet station DVI04307 Rising River."
      },
      "geometry": {
        "type": "Point",
        "coordinates": [
          -112.37,
          43.41
        ]
      }
    },
    {
      "type": "Feature",
      "id": "iem-lsr-PIH-471",
      "properties": {
        "report_id": "iem-lsr-PIH-471",
        "report_type": "NON-TSTM WND GST",
        "event_category": "thunderstorm_wind",
        "valid_utc": "202604232050",
        "standard_time_display": "2026-04-23 13:50 MST",
        "wfo": "PIH",
        "county_or_zone": "Bingham",
        "city": "3 W Taber",
        "state": "ID",
        "magnitude": 56.0,
        "magnitude_units": null,
        "source": "Mesonet",
        "event_narrative": "Mesonet station TAB 3 W Taber."
      },
      "geometry": {
        "type": "Point",
        "coordinates": [
          -112.69,
          43.32
        ]
      }
    },
    {
      "type": "Feature",
      "id": "iem-lsr-PIH-472",
      "properties": {
        "report_id": "iem-lsr-PIH-472",
        "report_type": "NON-TSTM WND GST",
        "event_category": "thunderstorm_wind",
        "valid_utc": "202604232110",
        "standard_time_display": "2026-04-23 14:10 MST",
        "wfo": "PIH",
        "county_or_zone": "Butte",
        "city": "20 ESE Craters of Moon",
        "state": "ID",
        "magnitude": 47.0,
        "magnitude_units": null,
        "source": "Mesonet",
        "event_narrative": "Mesonet station BIG Coxs Well."
      },
      "geometry": {
        "type": "Point",
        "coordinates": [
          -113.18,
          43.29
        ]
      }
    },
    {
      "type": "Feature",
      "id": "iem-lsr-PIH-473",
      "properties": {
        "report_id": "iem-lsr-PIH-473",
        "report_type": "NON-TSTM WND GST",
        "event_category": "thunderstorm_wind",
        "valid_utc": "202604232115",
        "standard_time_display": "2026-04-23 14:15 MST",
        "wfo": "PIH",
        "county_or_zone": "Butte",
        "city": "5 WSW Craters of Moon",
        "state": "ID",
        "magnitude": 61.0,
        "magnitude_units": null,
        "source": "Mesonet",
        "event_narrative": "Mesonet station 3021 D6 Tom Cat Summit US-20."
      },
      "geometry": {
        "type": "Point",
        "coordinates": [
          -113.63,
          43.41
        ]
      }
    },
    {
      "type": "Feature",
      "id": "iem-lsr-PIH-474",
      "properties": {
        "report_id": "iem-lsr-PIH-474",
        "report_type": "NON-TSTM WND GST",
        "event_category": "thunderstorm_wind",
        "valid_utc": "202604232120",
        "standard_time_display": "2026-04-23 14:20 MST",
        "wfo": "PIH",
        "county_or_zone": "Butte",
        "city": "9 NW Atomic City",
        "state": "ID",
        "magnitude": 54.0,
        "magnitude_units": null,
        "source": "Mesonet",
        "event_narrative": "Mesonet station 690 INL Central Facilities."
      },
      "geometry": {
        "type": "Point",
        "coordinates": [
          -112.95,
          43.53
        ]
      }
    },
    {
      "type": "Feature",
      "id": "iem-lsr-PIH-475",
      "properties": {
        "report_id": "iem-lsr-PIH-475",
        "report_type": "NON-TSTM WND GST",
        "event_category": "thunderstorm_wind",
        "valid_utc": "202604232120",
        "standard_time_display": "2026-04-23 14:20 MST",
        "wfo": "PIH",
        "county_or_zone": "Butte",
        "city": "1 NNW Craters of Moon",
        "state": "ID",
        "magnitude": 60.0,
        "magnitude_units": null,
        "source": "Mesonet",
        "event_narrative": "Mesonet station SOCRA Craters Of The Moon."
      },
      "geometry": {
        "type": "Point",
        "coordinates": [
          -113.54,
          43.43
        ]
      }
    },
    {
      "type": "Feature",
      "id": "iem-lsr-PIH-476",
      "properties": {
        "report_id": "iem-lsr-PIH-476",
        "report_type": "NON-TSTM WND GST",
        "event_category": "thunderstorm_wind",
        "valid_utc": "202604232130",
        "standard_time_display": "2026-04-23 14:30 MST",
        "wfo": "PIH",
        "county_or_zone": "Teton",
        "city": "5 E Clementsville",
        "state": "ID",
        "magnitude": 51.0,
        "magnitude_units": null,
        "source": "Mesonet",
        "event_narrative": "Mesonet station 8975 D6 River Rim ID-33."
      },
      "geometry": {
        "type": "Point",
        "coordinates": [
          -111.28,
          43.86
        ]
      }
    },
    {
      "type": "Feature",
      "id": "iem-lsr-PIH-477",
      "properties": {
        "report_id": "iem-lsr-PIH-477",
        "report_type": "NON-TSTM WND GST",
        "event_category": "thunderstorm_wind",
        "valid_utc": "202604232145",
        "standard_time_display": "2026-04-23 14:45 MST",
        "wfo": "PIH",
        "county_or_zone": "Fremont",
        "city": "3 SSW Ashton",
        "state": "ID",
        "magnitude": 57.0,
        "magnitude_units": null,
        "source": "Mesonet",
        "event_narrative": "Mesonet station AHTI 3 SSW Ashton."
      },
      "geometry": {
        "type": "Point",
        "coordinates": [
          -111.47,
          44.02
        ]
      }
    },
    {
      "type": "Feature",
      "id": "iem-lsr-PIH-478",
      "properties": {
        "report_id": "iem-lsr-PIH-478",
        "report_type": "NON-TSTM WND GST",
        "event_category": "thunderstorm_wind",
        "valid_utc": "202604232145",
        "standard_time_display": "2026-04-23 14:45 MST",
        "wfo": "PIH",
        "county_or_zone": "Teton",
        "city": "1 NNE Clementsville",
        "state": "ID",
        "magnitude": 59.0,
        "magnitude_units": null,
        "source": "Mesonet",
        "event_narrative": "Mesonet station 2979 D6 Botts ID-33."
      },
      "geometry": {
        "type": "Point",
        "coordinates": [
          -111.36,
          43.88
        ]
      }
    },
    {
      "type": "Feature",
      "id": "iem-lsr-PIH-479",
      "properties": {
        "report_id": "iem-lsr-PIH-479",
        "report_type": "NON-TSTM WND GST",
        "event_category": "thunderstorm_wind",
        "valid_utc": "202604232145",
        "standard_time_display": "2026-04-23 14:45 MST",
        "wfo": "PIH",
        "county_or_zone": "Fremont",
        "city": "2 ENE Chester",
        "state": "ID",
        "magnitude": 63.0,
        "magnitude_units": null,
        "source": "Mesonet",
        "event_narrative": "Mesonet station 10817 D6 Fall River US-20."
      },
      "geometry": {
        "type": "Point",
        "coordinates": [
          -111.54,
          44.01
        ]
      }
    },
    {
      "type": "Feature",
      "id": "iem-lsr-PIH-480",
      "properties": {
        "report_id": "iem-lsr-PIH-480",
        "report_type": "NON-TSTM WND GST",
        "event_category": "thunderstorm_wind",
        "valid_utc": "202604232150",
        "standard_time_display": "2026-04-23 14:50 MST",
        "wfo": "PIH",
        "county_or_zone": "Jefferson",
        "city": "1 NE Terreton",
        "state": "ID",
        "magnitude": 57.0,
        "magnitude_units": null,
        "source": "Mesonet",
        "event_narrative": "Mesonet station TER 1 NE Terreton."
      },
      "geometry": {
        "type": "Point",
        "coordinates": [
          -112.42,
          43.84
        ]
      }
    },
    {
      "type": "Feature",
      "id": "iem-lsr-PIH-481",
      "properties": {
        "report_id": "iem-lsr-PIH-481",
        "report_type": "NON-TSTM WND GST",
        "event_category": "thunderstorm_wind",
        "valid_utc": "202604232200",
        "standard_time_display": "2026-04-23 15:00 MST",
        "wfo": "PIH",
        "county_or_zone": "Jefferson",
        "city": "5 SW Hamer",
        "state": "ID",
        "magnitude": 47.0,
        "magnitude_units": null,
        "source": "Mesonet",
        "event_narrative": "Mesonet station TRTI 5 SW Hamer."
      },
      "geometry": {
        "type": "Point",
        "coordinates": [
          -112.26,
          43.87
        ]
      }
    },
    {
      "type": "Feature",
      "id": "iem-lsr-PIH-482",
      "properties": {
        "report_id": "iem-lsr-PIH-482",
        "report_type": "NON-TSTM WND GST",
        "event_category": "thunderstorm_wind",
        "valid_utc": "202604232200",
        "standard_time_display": "2026-04-23 15:00 MST",
        "wfo": "PIH",
        "county_or_zone": "Power",
        "city": "3 W Arbon Valley",
        "state": "ID",
        "magnitude": 49.0,
        "magnitude_units": null,
        "source": "Mesonet",
        "event_narrative": "Mesonet station 2977 D5 Arbon Valley I-86."
      },
      "geometry": {
        "type": "Point",
        "coordinates": [
          -112.66,
          42.88
        ]
      }
    },
    {
      "type": "Feature",
      "id": "iem-lsr-PIH-483",
      "properties": {
        "report_id": "iem-lsr-PIH-483",
        "report_type": "NON-TSTM WND GST",
        "event_category": "thunderstorm_wind",
        "valid_utc": "202604232200",
        "standard_time_display": "2026-04-23 15:00 MST",
        "wfo": "PIH",
        "county_or_zone": "Bonneville",
        "city": "2 NNW Ozone",
        "state": "ID",
        "magnitude": 51.0,
        "magnitude_units": null,
        "source": "Mesonet",
        "event_narrative": "Mesonet station PC219 Galbraith."
      },
      "geometry": {
        "type": "Point",
        "coordinates": [
          -111.86,
          43.43
        ]
      }
    },
    {
      "type": "Feature",
      "id": "iem-lsr-PIH-484",
      "properties": {
        "report_id": "iem-lsr-PIH-484",
        "report_type": "NON-TSTM WND GST",
        "event_category": "thunderstorm_wind",
        "valid_utc": "202604232200",
        "standard_time_display": "2026-04-23 15:00 MST",
        "wfo": "PIH",
        "county_or_zone": "Jefferson",
        "city": "7 S Hamer",
        "state": "ID",
        "magnitude": 52.0,
        "magnitude_units": null,
        "source": "Mesonet",
        "event_narrative": "Mesonet station 3704 D6 Sage Junction I-15."
      },
      "geometry": {
        "type": "Point",
        "coordinates": [
          -112.2,
          43.83
        ]
      }
    },
    {
      "type": "Feature",
      "id": "iem-lsr-PIH-485",
      "properties": {
        "report_id": "iem-lsr-PIH-485",
        "report_type": "NON-TSTM WND GST",
        "event_category": "thunderstorm_wind",
        "valid_utc": "202604232200",
        "standard_time_display": "2026-04-23 15:00 MST",
        "wfo": "PIH",
        "county_or_zone": "Jefferson",
        "city": "5 SSE Roberts",
        "state": "ID",
        "magnitude": 53.0,
        "magnitude_units": null,
        "source": "Mesonet",
        "event_narrative": "Mesonet station 3306 D6 Osgood I-15."
      },
      "geometry": {
        "type": "Point",
        "coordinates": [
          -112.1,
          43.65
        ]
      }
    },
    {
      "type": "Feature",
      "id": "iem-lsr-PIH-486",
      "properties": {
        "report_id": "iem-lsr-PIH-486",
        "report_type": "NON-TSTM WND GST",
        "event_category": "thunderstorm_wind",
        "valid_utc": "202604232200",
        "standard_time_display": "2026-04-23 15:00 MST",
        "wfo": "PIH",
        "county_or_zone": "Jefferson",
        "city": "1 N Roberts",
        "state": "ID",
        "magnitude": 54.0,
        "magnitude_units": null,
        "source": "Mesonet",
        "event_narrative": "Mesonet station ROB 1 N Roberts."
      },
      "geometry": {
        "type": "Point",
        "coordinates": [
          -112.13,
          43.74
        ]
      }
    },
    {
      "type": "Feature",
      "id": "iem-lsr-PIH-487",
      "properties": {
        "report_id": "iem-lsr-PIH-487",
        "report_type": "NON-TSTM WND GST",
        "event_category": "thunderstorm_wind",
        "valid_utc": "202604232210",
        "standard_time_display": "2026-04-23 15:10 MST",
        "wfo": "PIH",
        "county_or_zone": "Butte",
        "city": "12 E Howe",
        "state": "ID",
        "magnitude": 49.0,
        "magnitude_units": null,
        "source": "Mesonet",
        "event_narrative": "Mesonet station SAN 12 E Howe."
      },
      "geometry": {
        "type": "Point",
        "coordinates": [
          -112.76,
          43.78
        ]
      }
    },
    {
      "type": "Feature",
      "id": "iem-lsr-PIH-488",
      "properties": {
        "report_id": "iem-lsr-PIH-488",
        "report_type": "NON-TSTM WND GST",
        "event_category": "thunderstorm_wind",
        "valid_utc": "202604232215",
        "standard_time_display": "2026-04-23 15:15 MST",
        "wfo": "PIH",
        "county_or_zone": "Clark",
        "city": "5 NNE Dubois",
        "state": "ID",
        "magnitude": 48.0,
        "magnitude_units": null,
        "source": "Mesonet",
        "event_narrative": "Mesonet station DUB 5 NNE Dubois."
      },
      "geometry": {
        "type": "Point",
        "coordinates": [
          -112.2,
          44.24
        ]
      }
    },
    {
      "type": "Feature",
      "id": "iem-lsr-PIH-489",
      "properties": {
        "report_id": "iem-lsr-PIH-489",
        "report_type": "NON-TSTM WND GST",
        "event_category": "thunderstorm_wind",
        "valid_utc": "202604232220",
        "standard_time_display": "2026-04-23 15:20 MST",
        "wfo": "PIH",
        "county_or_zone": "Power",
        "city": "1 SSE Pocatello Airport",
        "state": "ID",
        "magnitude": 45.0,
        "magnitude_units": null,
        "source": "Newspaper",
        "event_narrative": "Idaho State Journal reports a single-engine airplane was pushed off the Pocatello Regional Airport runway by a wind gust at 4:20 PM after landing and coming to a stop. WSW wind with a gust to 45 mph"
      },
      "geometry": {
        "type": "Point",
        "coordinates": [
          -112.59,
          42.91
        ]
      }
    },
    {
      "type": "Feature",
      "id": "iem-lsr-PIH-490",
      "properties": {
        "report_id": "iem-lsr-PIH-490",
        "report_type": "NON-TSTM WND GST",
        "event_category": "thunderstorm_wind",
        "valid_utc": "202604232220",
        "standard_time_display": "2026-04-23 15:20 MST",
        "wfo": "PIH",
        "county_or_zone": "Bonneville",
        "city": "11 W Osgood",
        "state": "ID",
        "magnitude": 53.0,
        "magnitude_units": null,
        "source": "Mesonet",
        "event_narrative": "Mesonet station KET Kettle Butte."
      },
      "geometry": {
        "type": "Point",
        "coordinates": [
          -112.33,
          43.55
        ]
      }
    },
    {
      "type": "Feature",
      "id": "iem-lsr-PIH-491",
      "properties": {
        "report_id": "iem-lsr-PIH-491",
        "report_type": "NON-TSTM WND GST",
        "event_category": "thunderstorm_wind",
        "valid_utc": "202604232228",
        "standard_time_display": "2026-04-23 15:28 MST",
        "wfo": "PIH",
        "county_or_zone": "Madison",
        "city": "1 NW Rexburg",
        "state": "ID",
        "magnitude": 55.0,
        "magnitude_units": null,
        "source": "ASOS",
        "event_narrative": "ASOS station KRXE Rexburg-Madison Airport."
      },
      "geometry": {
        "type": "Point",
        "coordinates": [
          -111.8,
          43.83
        ]
      }
    },
    {
      "type": "Feature",
      "id": "iem-lsr-PIH-492",
      "properties": {
        "report_id": "iem-lsr-PIH-492",
        "report_type": "NON-TSTM WND GST",
        "event_category": "thunderstorm_wind",
        "valid_utc": "202604232230",
        "standard_time_display": "2026-04-23 15:30 MST",
        "wfo": "PIH",
        "county_or_zone": "Butte",
        "city": "1 SSE Arco",
        "state": "ID",
        "magnitude": 45.0,
        "magnitude_units": null,
        "source": "Mesonet",
        "event_narrative": "Mesonet station ARCSO Arco."
      },
      "geometry": {
        "type": "Point",
        "coordinates": [
          -113.3,
          43.62
        ]
      }
    },
    {
      "type": "Feature",
      "id": "iem-lsr-PIH-493",
      "properties": {
        "report_id": "iem-lsr-PIH-493",
        "report_type": "NON-TSTM WND GST",
        "event_category": "thunderstorm_wind",
        "valid_utc": "202604232230",
        "standard_time_display": "2026-04-23 15:30 MST",
        "wfo": "PIH",
        "county_or_zone": "Bonneville",
        "city": "2 NE Osgood",
        "state": "ID",
        "magnitude": 47.0,
        "magnitude_units": null,
        "source": "Mesonet",
        "event_narrative": "Mesonet station OSGI 2 NE Osgood."
      },
      "geometry": {
        "type": "Point",
        "coordinates": [
          -112.08,
          43.59
        ]
      }
    },
    {
      "type": "Feature",
      "id": "iem-lsr-PIH-494",
      "properties": {
        "report_id": "iem-lsr-PIH-494",
        "report_type": "NON-TSTM WND GST",
        "event_category": "thunderstorm_wind",
        "valid_utc": "202604232230",
        "standard_time_display": "2026-04-23 15:30 MST",
        "wfo": "PIH",
        "county_or_zone": "Madison",
        "city": "2 SSW Sugar City",
        "state": "ID",
        "magnitude": 57.0,
        "magnitude_units": null,
        "source": "Mesonet",
        "event_narrative": "Mesonet station RXGI 2 SSW Sugar City."
      },
      "geometry": {
        "type": "Point",
        "coordinates": [
          -111.77,
          43.85
        ]
      }
    },
    {
      "type": "Feature",
      "id": "iem-lsr-PIH-495",
      "properties": {
        "report_id": "iem-lsr-PIH-495",
        "report_type": "NON-TSTM WND GST",
        "event_category": "thunderstorm_wind",
        "valid_utc": "202604232235",
        "standard_time_display": "2026-04-23 15:35 MST",
        "wfo": "PIH",
        "county_or_zone": "Butte",
        "city": "12 NW Atomic City",
        "state": "ID",
        "magnitude": 52.0,
        "magnitude_units": null,
        "source": "Mesonet",
        "event_narrative": "Mesonet station LOS Lost River Rest Area."
      },
      "geometry": {
        "type": "Point",
        "coordinates": [
          -113.01,
          43.55
        ]
      }
    },
    {
      "type": "Feature",
      "id": "iem-lsr-PIH-496",
      "properties": {
        "report_id": "iem-lsr-PIH-496",
        "report_type": "NON-TSTM WND GST",
        "event_category": "thunderstorm_wind",
        "valid_utc": "202604232235",
        "standard_time_display": "2026-04-23 15:35 MST",
        "wfo": "PIH",
        "county_or_zone": "Butte",
        "city": "12 NW Atomic City",
        "state": "ID",
        "magnitude": 52.0,
        "magnitude_units": null,
        "source": "Mesonet",
        "event_narrative": "Mesonet station TRA INL Reactor Tech Complex."
      },
      "geometry": {
        "type": "Point",
        "coordinates": [
          -112.97,
          43.58
        ]
      }
    },
    {
      "type": "Feature",
      "id": "iem-lsr-PIH-497",
      "properties": {
        "report_id": "iem-lsr-PIH-497",
        "report_type": "NON-TSTM WND GST",
        "event_category": "thunderstorm_wind",
        "valid_utc": "202604232235",
        "standard_time_display": "2026-04-23 15:35 MST",
        "wfo": "PIH",
        "county_or_zone": "Butte",
        "city": "12 SE Butte City",
        "state": "ID",
        "magnitude": 58.0,
        "magnitude_units": null,
        "source": "Mesonet",
        "event_narrative": "Mesonet station RWM INL Radioactive Waste Mgmt."
      },
      "geometry": {
        "type": "Point",
        "coordinates": [
          -113.05,
          43.5
        ]
      }
    },
    {
      "type": "Feature",
      "id": "iem-lsr-PIH-498",
      "properties": {
        "report_id": "iem-lsr-PIH-498",
        "report_type": "NON-TSTM WND GST",
        "event_category": "thunderstorm_wind",
        "valid_utc": "202604232240",
        "standard_time_display": "2026-04-23 15:40 MST",
        "wfo": "PIH",
        "county_or_zone": "Butte",
        "city": "12 NNW Atomic City",
        "state": "ID",
        "magnitude": 52.0,
        "magnitude_units": null,
        "source": "Mesonet",
        "event_narrative": "Mesonet station GRI INL INTEC/Grid 3."
      },
      "geometry": {
        "type": "Point",
        "coordinates": [
          -112.94,
          43.59
        ]
      }
    },
    {
      "type": "Feature",
      "id": "iem-lsr-PIH-499",
      "properties": {
        "report_id": "iem-lsr-PIH-499",
        "report_type": "NON-TSTM WND GST",
        "event_category": "thunderstorm_wind",
        "valid_utc": "202604232245",
        "standard_time_display": "2026-04-23 15:45 MST",
        "wfo": "PIH",
        "county_or_zone": "Bingham",
        "city": "4 W Firth",
        "state": "ID",
        "magnitude": 45.0,
        "magnitude_units": null,
        "source": "Mesonet",
        "event_narrative": "Mesonet station 2978 D5 Blackfoot Rest Area I-15."
      },
      "geometry": {
        "type": "Point",
        "coordinates": [
          -112.27,
          43.3
        ]
      }
    },
    {
      "type": "Feature",
      "id": "iem-lsr-PIH-500",
      "properties": {
        "report_id": "iem-lsr-PIH-500",
        "report_type": "NON-TSTM WND GST",
        "event_category": "thunderstorm_wind",
        "valid_utc": "202604232245",
        "standard_time_display": "2026-04-23 15:45 MST",
        "wfo": "PIH",
        "county_or_zone": "Jefferson",
        "city": "2 E Rigby",
        "state": "ID",
        "magnitude": 48.0,
        "magnitude_units": null,
        "source": "Mesonet",
        "event_narrative": "Mesonet station RGBI 2 E Rigby."
      },
      "geometry": {
        "type": "Point",
        "coordinates": [
          -111.88,
          43.68
        ]
      }
    },
    {
      "type": "Feature",
      "id": "iem-lsr-PIH-501",
      "properties": {
        "report_id": "iem-lsr-PIH-501",
        "report_type": "NON-TSTM WND GST",
        "event_category": "thunderstorm_wind",
        "valid_utc": "202604232245",
        "standard_time_display": "2026-04-23 15:45 MST",
        "wfo": "PIH",
        "county_or_zone": "Clark",
        "city": "18 NNE Berenice",
        "state": "ID",
        "magnitude": 49.0,
        "magnitude_units": null,
        "source": "Mesonet",
        "event_narrative": "Mesonet station BLU Blue Dome."
      },
      "geometry": {
        "type": "Point",
        "coordinates": [
          -112.84,
          44.07
        ]
      }
    },
    {
      "type": "Feature",
      "id": "iem-lsr-PIH-502",
      "properties": {
        "report_id": "iem-lsr-PIH-502",
        "report_type": "NON-TSTM WND GST",
        "event_category": "thunderstorm_wind",
        "valid_utc": "202604232245",
        "standard_time_display": "2026-04-23 15:45 MST",
        "wfo": "PIH",
        "county_or_zone": "Butte",
        "city": "9 E Butte City",
        "state": "ID",
        "magnitude": 53.0,
        "magnitude_units": null,
        "source": "Mesonet",
        "event_narrative": "Mesonet station DEA Dead Man Canyon."
      },
      "geometry": {
        "type": "Point",
        "coordinates": [
          -113.06,
          43.62
        ]
      }
    },
    {
      "type": "Feature",
      "id": "iem-lsr-PIH-503",
      "properties": {
        "report_id": "iem-lsr-PIH-503",
        "report_type": "NON-TSTM WND GST",
        "event_category": "thunderstorm_wind",
        "valid_utc": "202604232245",
        "standard_time_display": "2026-04-23 15:45 MST",
        "wfo": "PIH",
        "county_or_zone": "Bingham",
        "city": "13 NE Atomic City",
        "state": "ID",
        "magnitude": 54.0,
        "magnitude_units": null,
        "source": "Mesonet",
        "event_narrative": "Mesonet station EBR INL Materials Fuels Complex."
      },
      "geometry": {
        "type": "Point",
        "coordinates": [
          -112.65,
          43.59
        ]
      }
    },
    {
      "type": "Feature",
      "id": "iem-lsr-PIH-504",
      "properties": {
        "report_id": "iem-lsr-PIH-504",
        "report_type": "NON-TSTM WND GST",
        "event_category": "thunderstorm_wind",
        "valid_utc": "202604232245",
        "standard_time_display": "2026-04-23 15:45 MST",
        "wfo": "PIH",
        "county_or_zone": "Madison",
        "city": "2 NNE Sugar City",
        "state": "ID",
        "magnitude": 59.0,
        "magnitude_units": null,
        "source": "Mesonet",
        "event_narrative": "Mesonet station SUG 2 NNE Sugar City."
      },
      "geometry": {
        "type": "Point",
        "coordinates": [
          -111.74,
          43.9
        ]
      }
    },
    {
      "type": "Feature",
      "id": "iem-lsr-PIH-505",
      "properties": {
        "report_id": "iem-lsr-PIH-505",
        "report_type": "NON-TSTM WND GST",
        "event_category": "thunderstorm_wind",
        "valid_utc": "202604232245",
        "standard_time_display": "2026-04-23 15:45 MST",
        "wfo": "PIH",
        "county_or_zone": "Bonneville",
        "city": "1 WSW Poplar",
        "state": "ID",
        "magnitude": 60.0,
        "magnitude_units": null,
        "source": "Mesonet",
        "event_narrative": "Mesonet station 3300 D6 Ririe US-26."
      },
      "geometry": {
        "type": "Point",
        "coordinates": [
          -111.71,
          43.61
        ]
      }
    },
    {
      "type": "Feature",
      "id": "iem-lsr-PIH-506",
      "properties": {
        "report_id": "iem-lsr-PIH-506",
        "report_type": "NON-TSTM WND GST",
        "event_category": "thunderstorm_wind",
        "valid_utc": "202604232245",
        "standard_time_display": "2026-04-23 15:45 MST",
        "wfo": "PIH",
        "county_or_zone": "Butte",
        "city": "6 NW Atomic City",
        "state": "ID",
        "magnitude": 60.0,
        "magnitude_units": null,
        "source": "Mesonet",
        "event_narrative": "Mesonet station 3699 D6 INL Puzzle US-20/US-26."
      },
      "geometry": {
        "type": "Point",
        "coordinates": [
          -112.89,
          43.51
        ]
      }
    },
    {
      "type": "Feature",
      "id": "iem-lsr-PIH-507",
      "properties": {
        "report_id": "iem-lsr-PIH-507",
        "report_type": "NON-TSTM WND GST",
        "event_category": "thunderstorm_wind",
        "valid_utc": "202604232250",
        "standard_time_display": "2026-04-23 15:50 MST",
        "wfo": "PIH",
        "county_or_zone": "Bingham",
        "city": "2 WSW Goshen",
        "state": "ID",
        "magnitude": 45.0,
        "magnitude_units": null,
        "source": "Mesonet",
        "event_narrative": "Mesonet station PC589 Goshen."
      },
      "geometry": {
        "type": "Point",
        "coordinates": [
          -112.12,
          43.3
        ]
      }
    },
    {
      "type": "Feature",
      "id": "iem-lsr-PIH-508",
      "properties": {
        "report_id": "iem-lsr-PIH-508",
        "report_type": "NON-TSTM WND GST",
        "event_category": "thunderstorm_wind",
        "valid_utc": "202604232250",
        "standard_time_display": "2026-04-23 15:50 MST",
        "wfo": "PIH",
        "county_or_zone": "Butte",
        "city": "8 NNW Atomic City",
        "state": "ID",
        "magnitude": 59.0,
        "magnitude_units": null,
        "source": "Mesonet",
        "event_narrative": "Mesonet station PBF INL Critical Infrastructure."
      },
      "geometry": {
        "type": "Point",
        "coordinates": [
          -112.87,
          43.55
        ]
      }
    },
    {
      "type": "Feature",
      "id": "iem-lsr-PIH-509",
      "properties": {
        "report_id": "iem-lsr-PIH-509",
        "report_type": "NON-TSTM WND GST",
        "event_category": "thunderstorm_wind",
        "valid_utc": "202604232255",
        "standard_time_display": "2026-04-23 15:55 MST",
        "wfo": "PIH",
        "county_or_zone": "Bingham",
        "city": "Atomic City",
        "state": "ID",
        "magnitude": 54.0,
        "magnitude_units": null,
        "source": "Mesonet",
        "event_narrative": "Mesonet station ATO Atomic City."
      },
      "geometry": {
        "type": "Point",
        "coordinates": [
          -112.81,
          43.44
        ]
      }
    },
    {
      "type": "Feature",
      "id": "iem-lsr-PIH-510",
      "properties": {
        "report_id": "iem-lsr-PIH-510",
        "report_type": "NON-TSTM WND GST",
        "event_category": "thunderstorm_wind",
        "valid_utc": "202604232300",
        "standard_time_display": "2026-04-23 16:00 MST",
        "wfo": "PIH",
        "county_or_zone": "Clark",
        "city": "13 WNW Monteview",
        "state": "ID",
        "magnitude": 46.0,
        "magnitude_units": null,
        "source": "Mesonet",
        "event_narrative": "Mesonet station PC374 Reno Gulch."
      },
      "geometry": {
        "type": "Point",
        "coordinates": [
          -112.75,
          44.03
        ]
      }
    },
    {
      "type": "Feature",
      "id": "iem-lsr-PIH-511",
      "properties": {
        "report_id": "iem-lsr-PIH-511",
        "report_type": "NON-TSTM WND GST",
        "event_category": "thunderstorm_wind",
        "valid_utc": "202604232300",
        "standard_time_display": "2026-04-23 16:00 MST",
        "wfo": "PIH",
        "county_or_zone": "Bingham",
        "city": "1 NE Aberdeen",
        "state": "ID",
        "magnitude": 49.0,
        "magnitude_units": null,
        "source": "Mesonet",
        "event_narrative": "Mesonet station ABEI 1 NE Aberdeen."
      },
      "geometry": {
        "type": "Point",
        "coordinates": [
          -112.83,
          42.95
        ]
      }
    },
    {
      "type": "Feature",
      "id": "iem-lsr-PIH-512",
      "properties": {
        "report_id": "iem-lsr-PIH-512",
        "report_type": "NON-TSTM WND GST",
        "event_category": "thunderstorm_wind",
        "valid_utc": "202604232300",
        "standard_time_display": "2026-04-23 16:00 MST",
        "wfo": "PIH",
        "county_or_zone": "Bonneville",
        "city": "1 WSW Poplar",
        "state": "ID",
        "magnitude": 55.0,
        "magnitude_units": null,
        "source": "Mesonet",
        "event_narrative": "Mesonet station RRII 1 WSW Poplar."
      },
      "geometry": {
        "type": "Point",
        "coordinates": [
          -111.7,
          43.61
        ]
      }
    },
    {
      "type": "Feature",
      "id": "iem-lsr-PIH-513",
      "properties": {
        "report_id": "iem-lsr-PIH-513",
        "report_type": "NON-TSTM WND GST",
        "event_category": "thunderstorm_wind",
        "valid_utc": "202604232305",
        "standard_time_display": "2026-04-23 15:05 PST",
        "wfo": "PIH",
        "county_or_zone": "Lincoln",
        "city": "1 ENE Richfield",
        "state": "ID",
        "magnitude": 50.0,
        "magnitude_units": null,
        "source": "Mesonet",
        "event_narrative": "Mesonet station RIC 1 ENE Richfield."
      },
      "geometry": {
        "type": "Point",
        "coordinates": [
          -114.13,
          43.06
        ]
      }
    },
    {
      "type": "Feature",
      "id": "iem-lsr-PIH-514",
      "properties": {
        "report_id": "iem-lsr-PIH-514",
        "report_type": "NON-TSTM WND GST",
        "event_category": "thunderstorm_wind",
        "valid_utc": "202604232305",
        "standard_time_display": "2026-04-23 16:05 MST",
        "wfo": "PIH",
        "county_or_zone": "Bannock",
        "city": "2 E Fort Hall",
        "state": "ID",
        "magnitude": 52.0,
        "magnitude_units": null,
        "source": "Mesonet",
        "event_narrative": "Mesonet station FOR 2 E Fort Hall."
      },
      "geometry": {
        "type": "Point",
        "coordinates": [
          -112.41,
          43.02
        ]
      }
    },
    {
      "type": "Feature",
      "id": "iem-lsr-PIH-515",
      "properties": {
        "report_id": "iem-lsr-PIH-515",
        "report_type": "NON-TSTM WND GST",
        "event_category": "thunderstorm_wind",
        "valid_utc": "202604232305",
        "standard_time_display": "2026-04-23 16:05 MST",
        "wfo": "PIH",
        "county_or_zone": "Jefferson",
        "city": "9 SSW Mud Lake",
        "state": "ID",
        "magnitude": 57.0,
        "magnitude_units": null,
        "source": "Mesonet",
        "event_narrative": "Mesonet station ROV 9 SSW Mud Lake."
      },
      "geometry": {
        "type": "Point",
        "coordinates": [
          -112.53,
          43.72
        ]
      }
    },
    {
      "type": "Feature",
      "id": "iem-lsr-PIH-516",
      "properties": {
        "report_id": "iem-lsr-PIH-516",
        "report_type": "NON-TSTM WND GST",
        "event_category": "thunderstorm_wind",
        "valid_utc": "202604232310",
        "standard_time_display": "2026-04-23 16:10 MST",
        "wfo": "PIH",
        "county_or_zone": "Madison",
        "city": "5 SSW Clementsville",
        "state": "ID",
        "magnitude": 59.0,
        "magnitude_units": null,
        "source": "Mesonet",
        "event_narrative": "Mesonet station PC141 Canyon Creek."
      },
      "geometry": {
        "type": "Point",
        "coordinates": [
          -111.42,
          43.81
        ]
      }
    },
    {
      "type": "Feature",
      "id": "iem-lsr-PIH-517",
      "properties": {
        "report_id": "iem-lsr-PIH-517",
        "report_type": "NON-TSTM WND GST",
        "event_category": "thunderstorm_wind",
        "valid_utc": "202604232320",
        "standard_time_display": "2026-04-23 16:20 MST",
        "wfo": "PIH",
        "county_or_zone": "Power",
        "city": "1 S Michaud",
        "state": "ID",
        "magnitude": 58.0,
        "magnitude_units": null,
        "source": "ASOS",
        "event_narrative": "ASOS station KPIH Pocatello Regional Airport."
      },
      "geometry": {
        "type": "Point",
        "coordinates": [
          -112.57,
          42.92
        ]
      }
    },
    {
      "type": "Feature",
      "id": "iem-lsr-PIH-518",
      "properties": {
        "report_id": "iem-lsr-PIH-518",
        "report_type": "NON-TSTM WND GST",
        "event_category": "thunderstorm_wind",
        "valid_utc": "202604232326",
        "standard_time_display": "2026-04-23 16:26 MST",
        "wfo": "PIH",
        "county_or_zone": "Power",
        "city": "1 NNW Arbon Valley",
        "state": "ID",
        "magnitude": 47.0,
        "magnitude_units": null,
        "source": "Mesonet",
        "event_narrative": "Mesonet station TS586 Nws Iwos 2."
      },
      "geometry": {
        "type": "Point",
        "coordinates": [
          -112.6,
          42.9
        ]
      }
    },
    {
      "type": "Feature",
      "id": "iem-lsr-PIH-519",
      "properties": {
        "report_id": "iem-lsr-PIH-519",
        "report_type": "HAIL",
        "event_category": "hail",
        "valid_utc": "202604232330",
        "standard_time_display": "2026-04-23 16:30 MST",
        "wfo": "PIH",
        "county_or_zone": "Madison",
        "city": "1 NW Rexburg",
        "state": "ID",
        "magnitude": 0.5,
        "magnitude_units": null,
        "source": "Public",
        "event_narrative": "Report from mPING: Half-inch (0.50 in.)."
      },
      "geometry": {
        "type": "Point",
        "coordinates": [
          -111.81,
          43.84
        ]
      }
    },
    {
      "type": "Feature",
      "id": "iem-lsr-PIH-520",
      "properties": {
        "report_id": "iem-lsr-PIH-520",
        "report_type": "NON-TSTM WND GST",
        "event_category": "thunderstorm_wind",
        "valid_utc": "202604232330",
        "standard_time_display": "2026-04-23 16:30 MST",
        "wfo": "PIH",
        "county_or_zone": "Bingham",
        "city": "2 ENE Fort Hall",
        "state": "ID",
        "magnitude": 49.0,
        "magnitude_units": null,
        "source": "Mesonet",
        "event_narrative": "Mesonet station 8436 D5 Fort Hall I-15."
      },
      "geometry": {
        "type": "Point",
        "coordinates": [
          -112.41,
          43.03
        ]
      }
    },
    {
      "type": "Feature",
      "id": "iem-lsr-PIH-521",
      "properties": {
        "report_id": "iem-lsr-PIH-521",
        "report_type": "NON-TSTM WND GST",
        "event_category": "thunderstorm_wind",
        "valid_utc": "202604232330",
        "standard_time_display": "2026-04-23 16:30 MST",
        "wfo": "PIH",
        "county_or_zone": "Bingham",
        "city": "3 NNW Taber",
        "state": "ID",
        "magnitude": 51.0,
        "magnitude_units": null,
        "source": "Mesonet",
        "event_narrative": "Mesonet station ITDC4 D5 Tilden Flats US-26."
      },
      "geometry": {
        "type": "Point",
        "coordinates": [
          -112.64,
          43.36
        ]
      }
    },
    {
      "type": "Feature",
      "id": "iem-lsr-PIH-522",
      "properties": {
        "report_id": "iem-lsr-PIH-522",
        "report_type": "NON-TSTM WND GST",
        "event_category": "thunderstorm_wind",
        "valid_utc": "202604232330",
        "standard_time_display": "2026-04-23 16:30 MST",
        "wfo": "PIH",
        "county_or_zone": "Bonneville",
        "city": "1 NW Ucon",
        "state": "ID",
        "magnitude": 53.0,
        "magnitude_units": null,
        "source": "Mesonet",
        "event_narrative": "Mesonet station ITDC1 D6 Ucon US-20."
      },
      "geometry": {
        "type": "Point",
        "coordinates": [
          -111.96,
          43.6
        ]
      }
    },
    {
      "type": "Feature",
      "id": "iem-lsr-PIH-523",
      "properties": {
        "report_id": "iem-lsr-PIH-523",
        "report_type": "NON-TSTM WND GST",
        "event_category": "thunderstorm_wind",
        "valid_utc": "202604232330",
        "standard_time_display": "2026-04-23 16:30 MST",
        "wfo": "PIH",
        "county_or_zone": "Madison",
        "city": "Thornton",
        "state": "ID",
        "magnitude": 53.0,
        "magnitude_units": null,
        "source": "Mesonet",
        "event_narrative": "Mesonet station 8472 D6 Thornton US-20."
      },
      "geometry": {
        "type": "Point",
        "coordinates": [
          -111.85,
          43.76
        ]
      }
    },
    {
      "type": "Feature",
      "id": "iem-lsr-PIH-524",
      "properties": {
        "report_id": "iem-lsr-PIH-524",
        "report_type": "HAIL",
        "event_category": "hail",
        "valid_utc": "202604232335",
        "standard_time_display": "2026-04-23 16:35 MST",
        "wfo": "PIH",
        "county_or_zone": "Madison",
        "city": "3 NE Thornton",
        "state": "ID",
        "magnitude": 0.5,
        "magnitude_units": null,
        "source": "Trained Spotter",
        "event_narrative": null
      },
      "geometry": {
        "type": "Point",
        "coordinates": [
          -111.8,
          43.78
        ]
      }
    },
    {
      "type": "Feature",
      "id": "iem-lsr-PIH-525",
      "properties": {
        "report_id": "iem-lsr-PIH-525",
        "report_type": "NON-TSTM WND GST",
        "event_category": "thunderstorm_wind",
        "valid_utc": "202604232340",
        "standard_time_display": "2026-04-23 16:40 MST",
        "wfo": "PIH",
        "county_or_zone": "Bonneville",
        "city": "6 SE Poplar",
        "state": "ID",
        "magnitude": 53.0,
        "magnitude_units": null,
        "source": "Mesonet",
        "event_narrative": "Mesonet station PC134 Moss Avery."
      },
      "geometry": {
        "type": "Point",
        "coordinates": [
          -111.6,
          43.56
        ]
      }
    },
    {
      "type": "Feature",
      "id": "iem-lsr-PIH-526",
      "properties": {
        "report_id": "iem-lsr-PIH-526",
        "report_type": "NON-TSTM WND GST",
        "event_category": "thunderstorm_wind",
        "valid_utc": "202604232345",
        "standard_time_display": "2026-04-23 16:45 MST",
        "wfo": "PIH",
        "county_or_zone": "Bannock",
        "city": "2 NW Pocatello",
        "state": "ID",
        "magnitude": 47.0,
        "magnitude_units": null,
        "source": "Mesonet",
        "event_narrative": "Mesonet station FW4083 2 NW Pocatello."
      },
      "geometry": {
        "type": "Point",
        "coordinates": [
          -112.5,
          42.9
        ]
      }
    },
    {
      "type": "Feature",
      "id": "iem-lsr-PIH-527",
      "properties": {
        "report_id": "iem-lsr-PIH-527",
        "report_type": "NON-TSTM WND GST",
        "event_category": "thunderstorm_wind",
        "valid_utc": "202604232345",
        "standard_time_display": "2026-04-23 16:45 MST",
        "wfo": "PIH",
        "county_or_zone": "Minidoka",
        "city": "6 NW Minidoka",
        "state": "ID",
        "magnitude": 50.0,
        "magnitude_units": null,
        "source": "Mesonet",
        "event_narrative": "Mesonet station MIN 6 NW Minidoka."
      },
      "geometry": {
        "type": "Point",
        "coordinates": [
          -113.59,
          42.8
        ]
      }
    },
    {
      "type": "Feature",
      "id": "iem-lsr-PIH-528",
      "properties": {
        "report_id": "iem-lsr-PIH-528",
        "report_type": "NON-TSTM WND GST",
        "event_category": "thunderstorm_wind",
        "valid_utc": "202604232345",
        "standard_time_display": "2026-04-23 16:45 MST",
        "wfo": "PIH",
        "county_or_zone": "Bingham",
        "city": "4 NNW Sterling",
        "state": "ID",
        "magnitude": 56.0,
        "magnitude_units": null,
        "source": "Mesonet",
        "event_narrative": "Mesonet station 2250 D5 Sterling ID-39."
      },
      "geometry": {
        "type": "Point",
        "coordinates": [
          -112.78,
          43.08
        ]
      }
    },
    {
      "type": "Feature",
      "id": "iem-lsr-PIH-529",
      "properties": {
        "report_id": "iem-lsr-PIH-529",
        "report_type": "NON-TSTM WND GST",
        "event_category": "thunderstorm_wind",
        "valid_utc": "202604232347",
        "standard_time_display": "2026-04-23 16:47 MST",
        "wfo": "PIH",
        "county_or_zone": "Power",
        "city": "17 W Aberdeen",
        "state": "ID",
        "magnitude": 48.0,
        "magnitude_units": null,
        "source": "Mesonet",
        "event_narrative": "Mesonet station CYFI1 17 W Aberdeen."
      },
      "geometry": {
        "type": "Point",
        "coordinates": [
          -113.18,
          42.99
        ]
      }
    },
    {
      "type": "Feature",
      "id": "iem-lsr-PIH-530",
      "properties": {
        "report_id": "iem-lsr-PIH-530",
        "report_type": "NON-TSTM WND GST",
        "event_category": "thunderstorm_wind",
        "valid_utc": "202604232354",
        "standard_time_display": "2026-04-23 16:54 MST",
        "wfo": "PIH",
        "county_or_zone": "Blaine",
        "city": "14 S Craters of Moon",
        "state": "ID",
        "magnitude": 54.0,
        "magnitude_units": null,
        "source": "Mesonet",
        "event_narrative": "Mesonet station PBUI1 Potter Butte."
      },
      "geometry": {
        "type": "Point",
        "coordinates": [
          -113.57,
          43.23
        ]
      }
    },
    {
      "type": "Feature",
      "id": "iem-lsr-PIH-531",
      "properties": {
        "report_id": "iem-lsr-PIH-531",
        "report_type": "NON-TSTM WND GST",
        "event_category": "thunderstorm_wind",
        "valid_utc": "202604232359",
        "standard_time_display": "2026-04-23 16:59 MST",
        "wfo": "PIH",
        "county_or_zone": "Bonneville",
        "city": "2 NW Idaho Falls",
        "state": "ID",
        "magnitude": 54.0,
        "magnitude_units": null,
        "source": "ASOS",
        "event_narrative": "ASOS station KIDA Idaho Falls Regional Airport."
      },
      "geometry": {
        "type": "Point",
        "coordinates": [
          -112.07,
          43.52
        ]
      }
    },
    {
      "type": "Feature",
      "id": "iem-lsr-PIH-532",
      "properties": {
        "report_id": "iem-lsr-PIH-532",
        "report_type": "NON-TSTM WND GST",
        "event_category": "thunderstorm_wind",
        "valid_utc": "202604240000",
        "standard_time_display": "2026-04-23 17:00 MST",
        "wfo": "PIH",
        "county_or_zone": "Bonneville",
        "city": "4 NNW Shelley",
        "state": "ID",
        "magnitude": 46.0,
        "magnitude_units": null,
        "source": "Mesonet",
        "event_narrative": "Mesonet station SHLI 4 NNW Shelley."
      },
      "geometry": {
        "type": "Point",
        "coordinates": [
          -112.14,
          43.43
        ]
      }
    },
    {
      "type": "Feature",
      "id": "iem-lsr-PIH-533",
      "properties": {
        "report_id": "iem-lsr-PIH-533",
        "report_type": "NON-TSTM WND GST",
        "event_category": "thunderstorm_wind",
        "valid_utc": "202604240000",
        "standard_time_display": "2026-04-23 17:00 MST",
        "wfo": "PIH",
        "county_or_zone": "Bingham",
        "city": "4 SSE Bone",
        "state": "ID",
        "magnitude": 47.0,
        "magnitude_units": null,
        "source": "Mesonet",
        "event_narrative": "Mesonet station PC622 Long Valley Rd."
      },
      "geometry": {
        "type": "Point",
        "coordinates": [
          -111.78,
          43.27
        ]
      }
    },
    {
      "type": "Feature",
      "id": "iem-lsr-PIH-534",
      "properties": {
        "report_id": "iem-lsr-PIH-534",
        "report_type": "NON-TSTM WND GST",
        "event_category": "thunderstorm_wind",
        "valid_utc": "202604240000",
        "standard_time_display": "2026-04-23 17:00 MST",
        "wfo": "PIH",
        "county_or_zone": "Clark",
        "city": "4 S Spencer",
        "state": "ID",
        "magnitude": 51.0,
        "magnitude_units": null,
        "source": "Mesonet",
        "event_narrative": "Mesonet station 2981 D6 China Point I-15."
      },
      "geometry": {
        "type": "Point",
        "coordinates": [
          -112.17,
          44.33
        ]
      }
    },
    {
      "type": "Feature",
      "id": "iem-lsr-PIH-535",
      "properties": {
        "report_id": "iem-lsr-PIH-535",
        "report_type": "NON-TSTM WND GST",
        "event_category": "thunderstorm_wind",
        "valid_utc": "202604240020",
        "standard_time_display": "2026-04-23 17:20 MST",
        "wfo": "PIH",
        "county_or_zone": "Butte",
        "city": "1 ENE Howe",
        "state": "ID",
        "magnitude": 48.0,
        "magnitude_units": null,
        "source": "Mesonet",
        "event_narrative": "Mesonet station HOW 1 ENE Howe."
      },
      "geometry": {
        "type": "Point",
        "coordinates": [
          -112.98,
          43.78
        ]
      }
    },
    {
      "type": "Feature",
      "id": "iem-lsr-PIH-536",
      "properties": {
        "report_id": "iem-lsr-PIH-536",
        "report_type": "NON-TSTM WND GST",
        "event_category": "thunderstorm_wind",
        "valid_utc": "202604240030",
        "standard_time_display": "2026-04-23 17:30 MST",
        "wfo": "PIH",
        "county_or_zone": "Caribou",
        "city": "2 SW Lund",
        "state": "ID",
        "magnitude": 48.0,
        "magnitude_units": null,
        "source": "Mesonet",
        "event_narrative": "Mesonet station 2989 D5 Fish Creek Summit US-30."
      },
      "geometry": {
        "type": "Point",
        "coordinates": [
          -111.92,
          42.63
        ]
      }
    },
    {
      "type": "Feature",
      "id": "iem-lsr-PIH-537",
      "properties": {
        "report_id": "iem-lsr-PIH-537",
        "report_type": "NON-TSTM WND GST",
        "event_category": "thunderstorm_wind",
        "valid_utc": "202604240030",
        "standard_time_display": "2026-04-23 17:30 MST",
        "wfo": "PIH",
        "county_or_zone": "Bingham",
        "city": "14 NE Atomic City",
        "state": "ID",
        "magnitude": 50.0,
        "magnitude_units": null,
        "source": "Mesonet",
        "event_narrative": "Mesonet station 3672 D6 Telegraph Hill US-20."
      },
      "geometry": {
        "type": "Point",
        "coordinates": [
          -112.59,
          43.55
        ]
      }
    },
    {
      "type": "Feature",
      "id": "iem-lsr-PIH-538",
      "properties": {
        "report_id": "iem-lsr-PIH-538",
        "report_type": "NON-TSTM WND GST",
        "event_category": "thunderstorm_wind",
        "valid_utc": "202604240030",
        "standard_time_display": "2026-04-23 17:30 MST",
        "wfo": "PIH",
        "county_or_zone": "Bonneville",
        "city": "11 SE Poplar",
        "state": "ID",
        "magnitude": 53.0,
        "magnitude_units": null,
        "source": "Mesonet",
        "event_narrative": "Mesonet station 3673 D6 Antelope Flats US-26."
      },
      "geometry": {
        "type": "Point",
        "coordinates": [
          -111.5,
          43.53
        ]
      }
    },
    {
      "type": "Feature",
      "id": "iem-lsr-PIH-539",
      "properties": {
        "report_id": "iem-lsr-PIH-539",
        "report_type": "NON-TSTM WND GST",
        "event_category": "thunderstorm_wind",
        "valid_utc": "202604240045",
        "standard_time_display": "2026-04-23 17:45 MST",
        "wfo": "PIH",
        "county_or_zone": "Bingham",
        "city": "1 NE Aberdeen",
        "state": "ID",
        "magnitude": 50.0,
        "magnitude_units": null,
        "source": "Mesonet",
        "event_narrative": "Mesonet station ABE 1 NE Aberdeen."
      },
      "geometry": {
        "type": "Point",
        "coordinates": [
          -112.82,
          42.95
        ]
      }
    },
    {
      "type": "Feature",
      "id": "iem-lsr-PIH-540",
      "properties": {
        "report_id": "iem-lsr-PIH-540",
        "report_type": "NON-TSTM WND GST",
        "event_category": "thunderstorm_wind",
        "valid_utc": "202604240120",
        "standard_time_display": "2026-04-23 18:20 MST",
        "wfo": "PIH",
        "county_or_zone": "Jefferson",
        "city": "6 N Monteview",
        "state": "ID",
        "magnitude": 47.0,
        "magnitude_units": null,
        "source": "Mesonet",
        "event_narrative": "Mesonet station MON 6 N Monteview."
      },
      "geometry": {
        "type": "Point",
        "coordinates": [
          -112.54,
          44.02
        ]
      }
    }
  ]
}