{
  "type": "FeatureCollection",
  "name": "land_zones",
  "crs": {
    "type": "name",
    "properties": {
      "name": "urn:ogc:def:crs:OGC:1.3:CRS84"
    }
  },
  "features": [
    {
      "type": "Feature",
      "properties": {
        "STATE": "AR",
        "ZONE": "005",
        "CWA": "LZK",
        "NAME": "Baxter",
        "STATE_ZONE": "AR005",
        "TIME_ZONE": "C"
      },
      "geometry": {
        "type": "Polygon",
        "coordinates": [
          [
            [
              -92.15029907299999,
              36.49861141700006
            ],
            [
              -92.15159606899994,
              36.413311005000025
            ],
            [
              -92.15909576399997,
              36.27571106000005
            ],
            [
              -92.15709686299994,
              36.25661087000003
            ],
            [
              -92.16019439699994,
              36.173912048000034
            ],
            [
              -92.21389770499997,
              36.17511367800006
            ],
            [
              -92.21519470199996,
              36.133712769000056
            ],
            [
              -92.20009612999996,
              36.13411331200007
            ],
            [
              -92.19569397099997,
              36.13281250000006
            ],
            [
              -92.19849395799997,
              36.05931091300005
            ],
            [
              -92.30500030499996,
              36.061111450000055
            ],
            [
              -92.30719757099996,
              35.97531127900004
            ],
            [
              -92.31099700899995,
              35.97411346400003
            ],
            [
              -92.41429901099997,
              35.97601318400007
            ],
            [
              -92.40919494599996,
              36.13421249400005
            ],
            [
              -92.42679595899995,
              36.134811401000036
            ],
            [
              -92.42639923099995,
              36.14941024800004
            ],
            [
              -92.40859985399999,
              36.14961242700008
            ],
            [
              -92.40719604499998,
              36.15601348900003
            ],
            [
              -92.40819549599996,
              36.15861129800004
            ],
            [
              -92.41249847399996,
              36.16231155400004
            ],
            [
              -92.42439269999994,
              36.162513733000026
            ],
            [
              -92.42869567899999,
              36.16481399500003
            ],
            [
              -92.42709350599995,
              36.17471313500005
            ],
            [
              -92.43679809599996,
              36.16581344600007
            ],
            [
              -92.44039916999998,
              36.164211273000035
            ],
            [
              -92.44359588599997,
              36.165512085000046
            ],
            [
              -92.45479583799994,
              36.17451095600006
            ],
            [
              -92.46920013399995,
              36.181812286000024
            ],
            [
              -92.47909545899995,
              36.193710327000076
            ],
            [
              -92.47989654499997,
              36.200412750000055
            ],
            [
              -92.47329711899994,
              36.20781326300005
            ],
            [
              -92.46389770499997,
              36.212211609000065
            ],
            [
              -92.45899963399995,
              36.21651077300004
            ],
            [
              -92.46049499499998,
              36.22051239000007
            ],
            [
              -92.469299316,
              36.222110748000034
            ],
            [
              -92.47539520299995,
              36.22711181600005
            ],
            [
              -92.47549438599998,
              36.24211120600006
            ],
            [
              -92.46949768099995,
              36.25071334800003
            ],
            [
              -92.46969604499998,
              36.25381088300003
            ],
            [
              -92.47229766799995,
              36.25641250600006
            ],
            [
              -92.49279785299996,
              36.25621414200003
            ],
            [
              -92.49979400599995,
              36.25881195100004
            ],
            [
              -92.50969695999999,
              36.26541137700008
            ],
            [
              -92.51979827899999,
              36.26851272600004
            ],
            [
              -92.52420043899997,
              36.26851272600004
            ],
            [
              -92.53849792499994,
              36.26231384300007
            ],
            [
              -92.54269409199998,
              36.26341247600004
            ],
            [
              -92.54409789999994,
              36.267112732000044
            ],
            [
              -92.54299926799996,
              36.269210815000065
            ],
            [
              -92.52509307899999,
              36.286811829000044
            ],
            [
              -92.52330017099996,
              36.29741287200005
            ],
            [
              -92.52509307899999,
              36.30111312900004
            ],
            [
              -92.53849792499994,
              36.310112
            ],
            [
              -92.54629516699998,
              36.31321334800003
            ],
            [
              -92.55059814599997,
              36.313613892000035
            ],
            [
              -92.56939697299998,
              36.30581283600003
            ],
            [
              -92.57299804699994,
              36.30621337900004
            ],
            [
              -92.57489776599994,
              36.30861282300003
            ],
            [
              -92.57069396999998,
              36.32271194500004
            ],
            [
              -92.56269836499996,
              36.33341217000003
            ],
            [
              -92.55399322499994,
              36.33621215800008
            ],
            [
              -92.54839324999995,
              36.33461380000006
            ],
            [
              -92.54189300499996,
              36.32991027800006
            ],
            [
              -92.53499603299997,
              36.329113007000046
            ],
            [
              -92.53209686299994,
              36.33121109000007
            ],
            [
              -92.53049468999995,
              36.33561325100004
            ],
            [
              -92.52829742399996,
              36.34361267100007
            ],
            [
              -92.52890014599996,
              36.347312927000075
            ],
            [
              -92.53149414099994,
              36.34981155400004
            ],
            [
              -92.53459930399998,
              36.35021209700005
            ],
            [
              -92.55019378699996,
              36.348411560000045
            ],
            [
              -92.57689666699997,
              36.34241104100005
            ],
            [
              -92.58569335899995,
              36.34471130400004
            ],
            [
              -92.59459686299994,
              36.35341262800006
            ],
            [
              -92.59329986599994,
              36.35801315300006
            ],
            [
              -92.58929443399995,
              36.360511780000024
            ],
            [
              -92.57499694799998,
              36.36631393400006
            ],
            [
              -92.55589294399994,
              36.37721252400007
            ],
            [
              -92.55189514199998,
              36.380313873000034
            ],
            [
              -92.54959869399994,
              36.38691330000006
            ],
            [
              -92.53319549599996,
              36.38731384300007
            ],
            [
              -92.52959442099996,
              36.457912445000034
            ],
            [
              -92.52909851099997,
              36.498611450000055
            ],
            [
              -92.37519836399997,
              36.49721145600006
            ],
            [
              -92.15029907299999,
              36.49861141700006
            ]
          ]
        ]
      }
    },
    {
      "type": "Feature",
      "properties": {
        "STATE": "AR",
        "ZONE": "057",
        "CWA": "LZK",
        "NAME": "Arkansas",
        "STATE_ZONE": "AR057",
        "TIME_ZONE": "C"
      },
      "geometry": {
        "type": "Polygon",
        "coordinates": [
          [
            [
              -91.59449768099995,
              34.567813873000034
            ],
            [
              -91.29259491,
              34.56181335400004
            ],
            [
              -91.29139709499998,
              34.55991363500004
            ],
            [
              -91.29409789999994,
              34.54961395300006
            ],
            [
              -91.29319763199999,
              34.54611206100003
            ],
            [
              -91.29389953599997,
              34.54331207300004
            ],
            [
              -91.30119323799994,
              34.535011292000036
            ],
            [
              -91.29940032999997,
              34.53241348300003
            ],
            [
              -91.29299926799996,
              34.52991104100005
            ],
            [
              -91.28049468999995,
              34.53101348900003
            ],
            [
              -91.27099609399994,
              34.52761077900004
            ],
            [
              -91.26219940299995,
              34.52741241500007
            ],
            [
              -91.26049804699994,
              34.52571106000005
            ],
            [
              -91.26179504399994,
              34.521610260000045
            ],
            [
              -91.26119995099998,
              34.51341247600004
            ],
            [
              -91.26599883999995,
              34.507411957000045
            ],
            [
              -91.26649475099998,
              34.50451278700007
            ],
            [
              -91.26429748499999,
              34.50221252400007
            ],
            [
              -91.25459289599996,
              34.50341415400004
            ],
            [
              -91.25139617999997,
              34.50161361700003
            ],
            [
              -91.25179290799997,
              34.49811172500006
            ],
            [
              -91.25509643699996,
              34.49301147500006
            ],
            [
              -91.25239562999997,
              34.48791122400007
            ],
            [
              -91.23979949999995,
              34.48721313500005
            ],
            [
              -91.23089599599996,
              34.480213165000066
            ],
            [
              -91.22709655799997,
              34.47951126100003
            ],
            [
              -91.22369384799998,
              34.48031234700005
            ],
            [
              -91.21699523899997,
              34.48711013800005
            ],
            [
              -91.21159362799995,
              34.485313416000054
            ],
            [
              -91.20949554399994,
              34.48291015600006
            ],
            [
              -91.21759796099997,
              34.468013763000044
            ],
            [
              -91.22249603299997,
              34.463111877000074
            ],
            [
              -91.22069549599996,
              34.46061325100004
            ],
            [
              -91.21029663099995,
              34.45941162100007
            ],
            [
              -91.20779418899997,
              34.45781326300005
            ],
            [
              -91.20649719199997,
              34.45441055300006
            ],
            [
              -91.20879363999995,
              34.45121383700007
            ],
            [
              -91.21249389599996,
              34.45111084000007
            ],
            [
              -91.21769714499999,
              34.45381164600008
            ],
            [
              -91.22019958499999,
              34.45301055900006
            ],
            [
              -91.21869659399994,
              34.444011688000046
            ],
            [
              -91.21569824199997,
              34.44171142600004
            ],
            [
              -91.20269775399998,
              34.44531250000006
            ],
            [
              -91.19139862199995,
              34.43991088900003
            ],
            [
              -91.18849945099998,
              34.44111251800007
            ],
            [
              -91.18159484899996,
              34.45061111500007
            ],
            [
              -91.17869567899999,
              34.45201110800008
            ],
            [
              -91.17589569099994,
              34.451313019000054
            ],
            [
              -91.16989898699995,
              34.44041061400003
            ],
            [
              -91.16919708299997,
              34.43341064500004
            ],
            [
              -91.16239929199998,
              34.43541336100003
            ],
            [
              -91.15959930399998,
              34.43321228000008
            ],
            [
              -91.15889739999994,
              34.42681121800007
            ],
            [
              -91.15329742399996,
              34.42001342800006
            ],
            [
              -91.15579986599994,
              34.41781234700005
            ],
            [
              -91.16519927999997,
              34.41811370800008
            ],
            [
              -91.16679382299998,
              34.41571044900007
            ],
            [
              -91.16609954799998,
              34.41261291500007
            ],
            [
              -91.15699768099995,
              34.408512115000065
            ],
            [
              -91.14999389699994,
              34.40231323200004
            ],
            [
              -91.13729858499994,
              34.40221023600003
            ],
            [
              -91.13519287099996,
              34.39921188400007
            ],
            [
              -91.13519287099996,
              34.39441299400005
            ],
            [
              -91.12979888899997,
              34.38561248800005
            ],
            [
              -91.13039398199999,
              34.381511688000046
            ],
            [
              -91.12870025599995,
              34.37951278700007
            ],
            [
              -91.11660003699996,
              34.36951065100004
            ],
            [
              -91.10659789999994,
              34.36631012000004
            ],
            [
              -91.10459899899996,
              34.36411285400004
            ],
            [
              -91.10919952399996,
              34.35651397700008
            ],
            [
              -91.10689544699994,
              34.35321426400003
            ],
            [
              -91.09579467799995,
              34.35051345800008
            ],
            [
              -91.09279632599998,
              34.34391403200004
            ],
            [
              -91.08179473899997,
              34.34521102900004
            ],
            [
              -91.07829284699994,
              34.34771347000003
            ],
            [
              -91.06909942599998,
              34.338512421000075
            ],
            [
              -91.05569458099995,
              34.336311340000066
            ],
            [
              -91.05339813199998,
              34.33281326300005
            ],
            [
              -91.05619811999998,
              34.32611084000007
            ],
            [
              -91.05459594699994,
              34.322910309000065
            ],
            [
              -91.06219482499995,
              34.32091140700004
            ],
            [
              -91.06399536099997,
              34.318813324000075
            ],
            [
              -91.05719757099996,
              34.31841278100006
            ],
            [
              -91.05349731399997,
              34.316612244000055
            ],
            [
              -91.05220031699997,
              34.31281280500008
            ],
            [
              -91.05619811999998,
              34.309413910000046
            ],
            [
              -91.06229400599995,
              34.312011719000054
            ],
            [
              -91.06449890099998,
              34.31101226800007
            ],
            [
              -91.06060028199994,
              34.304111481000064
            ],
            [
              -91.06119537399996,
              34.29751205400004
            ],
            [
              -91.05839538599997,
              34.290313721000075
            ],
            [
              -91.05999755999994,
              34.287513733000026
            ],
            [
              -91.06309509399995,
              34.28711319000007
            ],
            [
              -91.06549835199996,
              34.28911209100005
            ],
            [
              -91.06499481199995,
              34.29541015600006
            ],
            [
              -91.06889343299997,
              34.298011780000024
            ],
            [
              -91.07289886499996,
              34.29591369600007
            ],
            [
              -91.07419586199995,
              34.28661346400003
            ],
            [
              -91.07759857199994,
              34.28151321400003
            ],
            [
              -91.07429504399994,
              34.279613495000035
            ],
            [
              -91.07349395799997,
              34.276210785000046
            ],
            [
              -91.07539367699997,
              34.26911163300008
            ],
            [
              -91.07359313999996,
              34.26611328100006
            ],
            [
              -91.06489562999997,
              34.264213562000066
            ],
            [
              -91.06839752199994,
              34.260410309000065
            ],
            [
              -91.06279754699995,
              34.25551223800005
            ],
            [
              -91.07009887699996,
              34.24971389800004
            ],
            [
              -91.07849883999995,
              34.251113892000035
            ],
            [
              -91.07809448199998,
              34.247310638000044
            ],
            [
              -91.07429504399994,
              34.24331283600003
            ],
            [
              -91.06759643599997,
              34.24121093700006
            ],
            [
              -91.06559753399995,
              34.239013672000056
            ],
            [
              -91.06709289599996,
              34.22861099200003
            ],
            [
              -91.06589508099995,
              34.22371292100007
            ],
            [
              -91.06079864499998,
              34.21781158400006
            ],
            [
              -91.06949615499997,
              34.21121215800002
            ],
            [
              -91.07180023199999,
              34.199211121000076
            ],
            [
              -91.07460021999998,
              34.19721221900005
            ],
            [
              -91.07909393299997,
              34.19681167600004
            ],
            [
              -91.08469390899995,
              34.201511383000025
            ],
            [
              -91.08769988999995,
              34.20121383700007
            ],
            [
              -91.094299316,
              34.187713623000036
            ],
            [
              -91.08759307899999,
              34.18091201800007
            ],
            [
              -91.09379577599998,
              34.176712036000026
            ],
            [
              -91.09230041499995,
              34.173610687000064
            ],
            [
              -91.08759307899999,
              34.17021179200003
            ],
            [
              -91.08359527599998,
              34.16211319000007
            ],
            [
              -91.08439636199995,
              34.15911102300004
            ],
            [
              -91.09019470199996,
              34.155612946000076
            ],
            [
              -91.08439636199995,
              34.14631271400003
            ],
            [
              -91.07879638699995,
              34.14441299400005
            ],
            [
              -91.08409881599994,
              34.14111328100006
            ],
            [
              -91.09559631399998,
              34.14071273800005
            ],
            [
              -91.09790039099994,
              34.138813019000054
            ],
            [
              -91.09839630099998,
              34.132213593000074
            ],
            [
              -91.100494385,
              34.12951278700007
            ],
            [
              -91.10719299299996,
              34.132110596000075
            ],
            [
              -91.11029815699999,
              34.13161087000003
            ],
            [
              -91.11649322499994,
              34.12251281700003
            ],
            [
              -91.12319946299993,
              34.106910706000065
            ],
            [
              -91.13199615499997,
              34.10681152300003
            ],
            [
              -91.14039611899994,
              34.111511230000076
            ],
            [
              -91.14279937699996,
              34.10991287200005
            ],
            [
              -91.14369964599996,
              34.105911255000024
            ],
            [
              -91.14169311499995,
              34.102611542000034
            ],
            [
              -91.14389800999999,
              34.10121154800004
            ],
            [
              -91.14959716799996,
              34.10311126700003
            ],
            [
              -91.14799499499998,
              34.08891296400003
            ],
            [
              -91.14929962199994,
              34.085910797000054
            ],
            [
              -91.15159606899994,
              34.08471298200004
            ],
            [
              -91.15779876699997,
              34.08601379400005
            ],
            [
              -91.162994385,
              34.09221267700008
            ],
            [
              -91.16839599599996,
              34.094211578000056
            ],
            [
              -91.17440033099996,
              34.08861160300006
            ],
            [
              -91.186096191,
              34.08141326900005
            ],
            [
              -91.18589782699996,
              34.077510834000066
            ],
            [
              -91.18339538599997,
              34.07361221300005
            ],
            [
              -91.18599700899995,
              34.07201385500008
            ],
            [
              -91.19129943799999,
              34.073413849000076
            ],
            [
              -91.19409942599998,
              34.071910858000024
            ],
            [
              -91.19359588699996,
              34.06931304900007
            ],
            [
              -91.18799591199996,
              34.06301116900005
            ],
            [
              -91.18909454299995,
              34.05971145600006
            ],
            [
              -91.19669342099996,
              34.051010132000044
            ],
            [
              -91.195297241,
              34.035713196000074
            ],
            [
              -91.19249725299994,
              34.03271102900004
            ],
            [
              -91.18549346899994,
              34.03111267100007
            ],
            [
              -91.18339538599997,
              34.025413513000046
            ],
            [
              -91.18419647199994,
              34.01781082200006
            ],
            [
              -91.17219543499994,
              34.015911102000075
            ],
            [
              -91.16489410399998,
              34.009410858000024
            ],
            [
              -91.15719604499998,
              33.994312286000024
            ],
            [
              -91.15649414099994,
              33.990112305000025
            ],
            [
              -91.15909576399997,
              33.98241043100006
            ],
            [
              -91.15869903599997,
              33.97921371500007
            ],
            [
              -91.15670013399995,
              33.97701263400006
            ],
            [
              -91.14689636299994,
              33.97411346400003
            ],
            [
              -91.13379669199998,
              33.95881271400003
            ],
            [
              -91.13329315299995,
              33.95511245700004
            ],
            [
              -91.13939666699997,
              33.95161056500007
            ],
            [
              -91.14019775399998,
              33.94661331200007
            ],
            [
              -91.14909362799995,
              33.94321060200008
            ],
            [
              -91.15149688699995,
              33.938312531000065
            ],
            [
              -91.15859985499998,
              33.94051361100003
            ],
            [
              -91.16129302999997,
              33.94371414200003
            ],
            [
              -91.16469573999996,
              33.954113007000046
            ],
            [
              -91.17019653299997,
              33.95871353100006
            ],
            [
              -91.17919921899994,
              33.95851135300006
            ],
            [
              -91.19719695999999,
              33.95321273800005
            ],
            [
              -91.210395813,
              33.95511245700004
            ],
            [
              -91.21199798599997,
              33.95661163300008
            ],
            [
              -91.21189880399999,
              33.96531295800003
            ],
            [
              -91.21429443499994,
              33.97241210900006
            ],
            [
              -91.22059631299999,
              33.976711273000035
            ],
            [
              -91.22819518999995,
              33.978012085000046
            ],
            [
              -91.23449706999997,
              33.97701263400006
            ],
            [
              -91.23849487299998,
              33.97451019300007
            ],
            [
              -91.25109863299997,
              33.957412720000036
            ],
            [
              -91.25429534899996,
              33.95621109000007
            ],
            [
              -91.26259612999996,
              33.95771408100006
            ],
            [
              -91.27129363999995,
              33.97221374500003
            ],
            [
              -91.27929687499994,
              33.97391128500004
            ],
            [
              -91.28389739999994,
              33.973110199000075
            ],
            [
              -91.31049346899994,
              33.95981216400003
            ],
            [
              -91.34869384799998,
              33.955013275000056
            ],
            [
              -91.35249328599997,
              33.95651245100004
            ],
            [
              -91.35619354199997,
              33.95941162100007
            ],
            [
              -91.35739898699995,
              33.96281051600005
            ],
            [
              -91.35609435999999,
              33.96531295800003
            ],
            [
              -91.34719848599997,
              33.971412659000066
            ],
            [
              -91.32959747299998,
              33.97661209100005
            ],
            [
              -91.32039642299998,
              33.985912323000036
            ],
            [
              -91.31949615499997,
              33.99191284200003
            ],
            [
              -91.32249450699999,
              34.00071334800003
            ],
            [
              -91.33279418899997,
              34.00551223800005
            ],
            [
              -91.34649658199999,
              34.00361251800007
            ],
            [
              -91.35299682599998,
              34.000812531000065
            ],
            [
              -91.37329864499998,
              33.98231124900008
            ],
            [
              -91.37899780299995,
              33.980113983000024
            ],
            [
              -91.38430023199999,
              33.980113983000024
            ],
            [
              -91.39319610599995,
              33.982810974000074
            ],
            [
              -91.39639282199994,
              33.985511780000024
            ],
            [
              -91.40839386,
              34.00451278700007
            ],
            [
              -91.43299865699998,
              34.02201080300006
            ],
            [
              -91.43499755899995,
              34.02461242700008
            ],
            [
              -91.43689727899994,
              34.03341293300008
            ],
            [
              -91.43459320099998,
              34.05581283600003
            ],
            [
              -91.43589782699996,
              34.06851196300005
            ],
            [
              -91.43899536099997,
              34.074512482000046
            ],
            [
              -91.44489288299997,
              34.080513
            ],
            [
              -91.44029998899998,
              34.081710815000065
            ],
            [
              -91.43190002399996,
              34.08771133400006
            ],
            [
              -91.43439483599997,
              34.08921051000004
            ],
            [
              -91.44169616699998,
              34.08781051600005
            ],
            [
              -91.43929290799997,
              34.09581375100004
            ],
            [
              -91.44120025599995,
              34.09911346400003
            ],
            [
              -91.44039916999998,
              34.10571289100005
            ],
            [
              -91.44249725399999,
              34.11211395300006
            ],
            [
              -91.44609832799995,
              34.11321258500004
            ],
            [
              -91.44509887699996,
              34.11711120600006
            ],
            [
              -91.44779968299997,
              34.120613098000035
            ],
            [
              -91.44319915799997,
              34.125812531000065
            ],
            [
              -91.44729614299996,
              34.129112244000055
            ],
            [
              -91.44999694799998,
              34.12861251800007
            ],
            [
              -91.45419311499995,
              34.134811401000036
            ],
            [
              -91.46009826799997,
              34.13541412400008
            ],
            [
              -91.47559356699998,
              34.13531112700008
            ],
            [
              -91.48109435999999,
              34.13141250600006
            ],
            [
              -91.49289703399995,
              34.12741088900003
            ],
            [
              -91.49599456799996,
              34.13011169400005
            ],
            [
              -91.49489593499999,
              34.14861297600004
            ],
            [
              -91.49889373799994,
              34.150012970000034
            ],
            [
              -91.50339508199994,
              34.14851379400005
            ],
            [
              -91.50769805899995,
              34.143310547000056
            ],
            [
              -91.51179504399994,
              34.14241027800006
            ],
            [
              -91.51539611799996,
              34.143611908000025
            ],
            [
              -91.51429748499999,
              34.14941406200006
            ],
            [
              -91.51549529999994,
              34.15731048600003
            ],
            [
              -91.52069854799998,
              34.16411209100005
            ],
            [
              -91.51509857199994,
              34.17181396500007
            ],
            [
              -91.52669525099998,
              34.18331146200006
            ],
            [
              -91.52399444599996,
              34.19221115100004
            ],
            [
              -91.52629852299998,
              34.19741058300008
            ],
            [
              -91.53069305399998,
              34.20211410500008
            ],
            [
              -91.52849578899998,
              34.20811080900006
            ],
            [
              -91.52879333499999,
              34.215812683000024
            ],
            [
              -91.53609466599994,
              34.22261047400008
            ],
            [
              -91.54169464099994,
              34.22451019300007
            ],
            [
              -91.55130004999995,
              34.22271347000003
            ],
            [
              -91.55629730199996,
              34.225410461000024
            ],
            [
              -91.56479644799998,
              34.22491073600003
            ],
            [
              -91.57669830299994,
              34.22261047400008
            ],
            [
              -91.58249664299996,
              34.21741104100005
            ],
            [
              -91.57989501999998,
              34.21571350100004
            ],
            [
              -91.58509826699998,
              34.21471023600003
            ],
            [
              -91.58789825399998,
              34.21611022900004
            ],
            [
              -91.58989715599995,
              34.21271133400006
            ],
            [
              -91.59569549599996,
              34.21261215200008
            ],
            [
              -91.59659576399997,
              34.21871185300006
            ],
            [
              -91.59269714399994,
              34.22751236000005
            ],
            [
              -91.59909820599995,
              34.230213165000066
            ],
            [
              -91.710395813,
              34.23391342200006
            ],
            [
              -91.711296082,
              34.250411987000064
            ],
            [
              -91.70520019499997,
              34.48231124900008
            ],
            [
              -91.67559814599997,
              34.483112335000044
            ],
            [
              -91.67359924299996,
              34.481910706000065
            ],
            [
              -91.62509918199999,
              34.47961044300007
            ],
            [
              -91.59569549599996,
              34.48071289100005
            ],
            [
              -91.59449768099995,
              34.567813873000034
            ]
          ]
        ]
      }
    },
    {
      "type": "Feature",
      "properties": {
        "STATE": "AR",
        "ZONE": "068",
        "CWA": "LZK",
        "NAME": "Bradley",
        "STATE_ZONE": "AR068",
        "TIME_ZONE": "C"
      },
      "geometry": {
        "type": "Polygon",
        "coordinates": [
          [
            [
              -91.97579956199996,
              33.70441055300006
            ],
            [
              -91.97609710699999,
              33.53031158400006
            ],
            [
              -92.00819396999998,
              33.52881240800008
            ],
            [
              -92.00869751,
              33.523410797000054
            ],
            [
              -92.00289916999998,
              33.519611359000066
            ],
            [
              -92.00479888899997,
              33.51691055300006
            ],
            [
              -91.99969482399996,
              33.51481246900005
            ],
            [
              -92.00559997599998,
              33.510513306000064
            ],
            [
              -92.00109863299997,
              33.50841140700004
            ],
            [
              -91.99949645999999,
              33.50071334800003
            ],
            [
              -92.00799560499996,
              33.49391174300007
            ],
            [
              -92.00859832899994,
              33.486614227000075
            ],
            [
              -92.00569915799997,
              33.48051071200007
            ],
            [
              -92.00009918199999,
              33.474010468000074
            ],
            [
              -92.00879669199998,
              33.46761322000003
            ],
            [
              -92.01529693599997,
              33.45491027800006
            ],
            [
              -92.01210021999998,
              33.44671249400005
            ],
            [
              -91.99759674099994,
              33.44171142600004
            ],
            [
              -91.99269866899994,
              33.43621063200004
            ],
            [
              -92.00049591099997,
              33.42661285400004
            ],
            [
              -91.99929809599996,
              33.421012878000056
            ],
            [
              -92.00179290799997,
              33.41671371500007
            ],
            [
              -92.00049591099997,
              33.412513733000026
            ],
            [
              -91.98959350599995,
              33.39811325100004
            ],
            [
              -91.98689269999994,
              33.38751220700004
            ],
            [
              -91.97349548299997,
              33.38471221900005
            ],
            [
              -91.96069335899995,
              33.37921142600004
            ],
            [
              -91.96129608299998,
              33.37591171300005
            ],
            [
              -91.96999359199998,
              33.36761093100006
            ],
            [
              -91.96719360499998,
              33.35671234100005
            ],
            [
              -91.97200012199994,
              33.350013733000026
            ],
            [
              -91.97929382299998,
              33.346313477000024
            ],
            [
              -91.98369598399995,
              33.346012115000065
            ],
            [
              -91.98919677699996,
              33.348411560000045
            ],
            [
              -91.98679351799996,
              33.34111404400005
            ],
            [
              -91.97629547099996,
              33.32681274400005
            ],
            [
              -91.97429657099997,
              33.32061386100003
            ],
            [
              -91.97589874299996,
              33.31731414800004
            ],
            [
              -91.97499847399996,
              33.31381225600006
            ],
            [
              -91.97809600799997,
              33.31081390400004
            ],
            [
              -91.97609710699999,
              33.30801391600005
            ],
            [
              -91.97639465299994,
              33.30551147500006
            ],
            [
              -91.98099517799994,
              33.29921340900006
            ],
            [
              -91.98600006099997,
              33.298610687000064
            ],
            [
              -91.98849487299998,
              33.30001068100006
            ],
            [
              -91.99409484899996,
              33.298610687000064
            ],
            [
              -91.99259948699995,
              33.301712036000026
            ],
            [
              -91.99469757199995,
              33.30381393400006
            ],
            [
              -92.00090026899994,
              33.304111481000064
            ],
            [
              -92.00859832899994,
              33.29671096800007
            ],
            [
              -92.00109863299997,
              33.28661346400003
            ],
            [
              -92.00229644799998,
              33.28491210900006
            ],
            [
              -92.00689697299998,
              33.283512115000065
            ],
            [
              -92.01009368899997,
              33.285011292000036
            ],
            [
              -92.022895813,
              33.278312683000024
            ],
            [
              -92.02369689899996,
              33.27571106000005
            ],
            [
              -92.02729797399996,
              33.27481079100005
            ],
            [
              -92.027893066,
              33.27991104100005
            ],
            [
              -92.03079986599994,
              33.28241348300003
            ],
            [
              -92.04149627699996,
              33.27761077900004
            ],
            [
              -92.03730011,
              33.267112732000044
            ],
            [
              -92.04329681399997,
              33.267513275000056
            ],
            [
              -92.04609680199997,
              33.26541137700008
            ],
            [
              -92.04839324999995,
              33.26241302500006
            ],
            [
              -92.04539489699994,
              33.25681304900007
            ],
            [
              -92.04859924299996,
              33.25641250600006
            ],
            [
              -92.053092957,
              33.25301361100003
            ],
            [
              -92.06019592299998,
              33.25701141400003
            ],
            [
              -92.06389617899998,
              33.254310608000026
            ],
            [
              -92.06539916999998,
              33.250411987000064
            ],
            [
              -92.06819915799997,
              33.25271225000006
            ],
            [
              -92.07319641099997,
              33.25031280500008
            ],
            [
              -92.06959533699995,
              33.24191284200003
            ],
            [
              -92.07209777799994,
              33.23821258500004
            ],
            [
              -92.07349395799997,
              33.240711212000065
            ],
            [
              -92.07759857199994,
              33.23811340300006
            ],
            [
              -92.08159637499995,
              33.23791122400007
            ],
            [
              -92.08519744899996,
              33.240711212000065
            ],
            [
              -92.08860015899995,
              33.238311768000074
            ],
            [
              -92.08950042699996,
              33.23481369000007
            ],
            [
              -92.08599853499999,
              33.233512879000045
            ],
            [
              -92.08809661899994,
              33.231311798000036
            ],
            [
              -92.08779907199994,
              33.227611542000034
            ],
            [
              -92.08089446999998,
              33.226512909000064
            ],
            [
              -92.08099365299995,
              33.21201324500004
            ],
            [
              -92.11269378699996,
              33.212211609000065
            ],
            [
              -92.11459350599995,
              33.20731353800005
            ],
            [
              -92.11829376199995,
              33.20571136500007
            ],
            [
              -92.12739562999997,
              33.20901107800006
            ],
            [
              -92.13599395899996,
              33.19561386100003
            ],
            [
              -92.13599395899996,
              33.191013336000026
            ],
            [
              -92.13789367699997,
              33.18801116900005
            ],
            [
              -92.13379669199998,
              33.18671035800003
            ],
            [
              -92.13099670399998,
              33.18911361700003
            ],
            [
              -92.12870025599995,
              33.183010101000036
            ],
            [
              -92.13369751,
              33.183712006000064
            ],
            [
              -92.13009643699996,
              33.18001174900007
            ],
            [
              -92.13289642299998,
              33.17771148700007
            ],
            [
              -92.13309478799994,
              33.17531204200003
            ],
            [
              -92.13099670399998,
              33.17291259800004
            ],
            [
              -92.13779449499998,
              33.163414001000035
            ],
            [
              -92.14779663099995,
              33.16231155400004
            ],
            [
              -92.14529418999996,
              33.16821289100005
            ],
            [
              -92.15049743699996,
              33.17021179200003
            ],
            [
              -92.15409851099997,
              33.16821289100005
            ],
            [
              -92.16109466599994,
              33.168510437000066
            ],
            [
              -92.15989685099998,
              33.162212372000056
            ],
            [
              -92.163497926,
              33.16121292100007
            ],
            [
              -92.17070007299998,
              33.16281127900004
            ],
            [
              -92.171897888,
              33.16501236000005
            ],
            [
              -92.16559600799997,
              33.168613434000065
            ],
            [
              -92.162994385,
              33.171913147000055
            ],
            [
              -92.16579437299998,
              33.17741012600004
            ],
            [
              -92.16869354199997,
              33.17941284200003
            ],
            [
              -92.16809844999995,
              33.18381118800005
            ],
            [
              -92.17179870599995,
              33.18211364700005
            ],
            [
              -92.17419433599997,
              33.18301391600005
            ],
            [
              -92.17309570299994,
              33.18931198100006
            ],
            [
              -92.17999267599998,
              33.18651199300007
            ],
            [
              -92.18169403099995,
              33.18911361700003
            ],
            [
              -92.17979431199996,
              33.19261169400005
            ],
            [
              -92.17469787599998,
              33.194713593000074
            ],
            [
              -92.17839813199998,
              33.197113037000065
            ],
            [
              -92.17929840099998,
              33.20001220700004
            ],
            [
              -92.17799377399996,
              33.20691299400005
            ],
            [
              -92.17949676499995,
              33.21321106000005
            ],
            [
              -92.18169403099995,
              33.21361160300006
            ],
            [
              -92.18619537399996,
              33.205810547000056
            ],
            [
              -92.19499969499998,
              33.20181274400005
            ],
            [
              -92.19770049999994,
              33.20191192600004
            ],
            [
              -92.20159912099996,
              33.20491027800006
            ],
            [
              -92.20889282199994,
              33.20201110800008
            ],
            [
              -92.215393066,
              33.209213257000044
            ],
            [
              -92.22189331099997,
              33.20931243900003
            ],
            [
              -92.223899841,
              33.210712433000026
            ],
            [
              -92.22469329799998,
              33.21541214000007
            ],
            [
              -92.22279357899998,
              33.221412659000066
            ],
            [
              -92.21499633799993,
              33.22261047400008
            ],
            [
              -92.21169280999999,
              33.22491073600003
            ],
            [
              -92.21529388399995,
              33.226913452000076
            ],
            [
              -92.22329711899994,
              33.227710724000076
            ],
            [
              -92.23320007299998,
              33.23211288500005
            ],
            [
              -92.23399352999996,
              33.23481369000007
            ],
            [
              -92.225494385,
              33.24261093100006
            ],
            [
              -92.22449493399995,
              33.252811432000044
            ],
            [
              -92.23789977999996,
              33.25771331800007
            ],
            [
              -92.24029540999999,
              33.25161361700003
            ],
            [
              -92.24289703399995,
              33.250411987000064
            ],
            [
              -92.25049591099997,
              33.25231170700005
            ],
            [
              -92.25589752199994,
              33.25691223100006
            ],
            [
              -92.26579284699994,
              33.25451278700007
            ],
            [
              -92.26849365199996,
              33.256111145000034
            ],
            [
              -92.268295288,
              33.262912750000055
            ],
            [
              -92.27039337199994,
              33.266014099000074
            ],
            [
              -92.27839660599994,
              33.26821136500007
            ],
            [
              -92.28969573999996,
              33.26351165800003
            ],
            [
              -92.29369354199997,
              33.26581192000003
            ],
            [
              -92.29129791299994,
              33.27361297600004
            ],
            [
              -92.29359435999999,
              33.279312134000065
            ],
            [
              -92.29699706999997,
              33.28081131000005
            ],
            [
              -92.30069732699997,
              33.27891159100005
            ],
            [
              -92.30369567899999,
              33.272911072000056
            ],
            [
              -92.30929565399998,
              33.27371215800002
            ],
            [
              -92.31239318799999,
              33.27181243900003
            ],
            [
              -92.30899810799997,
              33.265911102000075
            ],
            [
              -92.31340026899994,
              33.26241302500006
            ],
            [
              -92.32449340799997,
              33.26221084600007
            ],
            [
              -92.32649993899997,
              33.26361084000007
            ],
            [
              -92.32519531299994,
              33.266613007000046
            ],
            [
              -92.32740020799997,
              33.27201080300006
            ],
            [
              -92.32749938999996,
              33.27911377000004
            ],
            [
              -92.33669281099998,
              33.275810242000034
            ],
            [
              -92.34559631299999,
              33.281311035000044
            ],
            [
              -92.35769653399996,
              33.28181076000004
            ],
            [
              -92.35859680299995,
              33.28641128500004
            ],
            [
              -92.35719299299996,
              33.28981399500003
            ],
            [
              -92.35209655799997,
              33.293411255000024
            ],
            [
              -92.35019683799999,
              33.296913147000055
            ],
            [
              -92.35179901099997,
              33.302413940000065
            ],
            [
              -92.35729980499997,
              33.30701065100004
            ],
            [
              -92.36599731399997,
              33.306812286000024
            ],
            [
              -92.36899566699998,
              33.31031036400003
            ],
            [
              -92.37829589799998,
              33.31561279300007
            ],
            [
              -92.37999725299994,
              33.33121109000007
            ],
            [
              -92.37729644799998,
              33.337512970000034
            ],
            [
              -92.38069915799997,
              33.33771133400006
            ],
            [
              -92.38209533699995,
              33.33971023600003
            ],
            [
              -92.38189697299998,
              33.346012115000065
            ],
            [
              -92.37739562999997,
              33.35551071200007
            ],
            [
              -92.37789916999998,
              33.36101150500008
            ],
            [
              -92.37279510499997,
              33.36751174900007
            ],
            [
              -92.37679290799997,
              33.37371063200004
            ],
            [
              -92.37629699699994,
              33.37631225600006
            ],
            [
              -92.37069702199994,
              33.37971115100004
            ],
            [
              -92.36069488499999,
              33.379310608000026
            ],
            [
              -92.35549926899995,
              33.401210785000046
            ],
            [
              -92.34799957299998,
              33.41141128500004
            ],
            [
              -92.34230041499995,
              33.41451263400006
            ],
            [
              -92.33829498299997,
              33.42171096800007
            ],
            [
              -92.34049987799995,
              33.42811203000008
            ],
            [
              -92.33979797399996,
              33.43161010700004
            ],
            [
              -92.33339691199996,
              33.44111251800007
            ],
            [
              -92.32989501999998,
              33.44221115100004
            ],
            [
              -92.32719421399997,
              33.45231246900005
            ],
            [
              -92.32899475099998,
              33.45661163300008
            ],
            [
              -92.32019805899995,
              33.46901321400003
            ],
            [
              -92.31929779099994,
              33.47451400800003
            ],
            [
              -92.32259368899997,
              33.48381042500006
            ],
            [
              -92.31719970799998,
              33.48871231100003
            ],
            [
              -92.31709289599996,
              33.49111175500008
            ],
            [
              -92.31389617899998,
              33.49301147500006
            ],
            [
              -92.31159973099994,
              33.49931335400004
            ],
            [
              -92.31519317599998,
              33.50841140700004
            ],
            [
              -92.31519317599998,
              33.51491165200002
            ],
            [
              -92.31789398199999,
              33.52071380600006
            ],
            [
              -92.32299804699994,
              33.52491378800005
            ],
            [
              -92.32329559299995,
              33.530612946000076
            ],
            [
              -92.31710052499994,
              33.54261016800007
            ],
            [
              -92.31709289599996,
              33.54941177400008
            ],
            [
              -92.31499481199995,
              33.55101394700006
            ],
            [
              -92.31929779099994,
              33.56381225600006
            ],
            [
              -92.32469940199996,
              33.57061386100003
            ],
            [
              -92.32139587399996,
              33.584213257000044
            ],
            [
              -92.32939910899995,
              33.60381317100007
            ],
            [
              -92.32799529999994,
              33.61761093100006
            ],
            [
              -92.32099914599996,
              33.63281250000006
            ],
            [
              -92.32309722899998,
              33.63781356800007
            ],
            [
              -92.32159423799999,
              33.64611053500005
            ],
            [
              -92.32429504499999,
              33.65261077900004
            ],
            [
              -92.32399749799998,
              33.65591049200003
            ],
            [
              -92.32659912099996,
              33.659610748000034
            ],
            [
              -92.32559966999997,
              33.66741180400004
            ],
            [
              -92.32159423799999,
              33.67471313500005
            ],
            [
              -92.32069396999998,
              33.68291091900005
            ],
            [
              -92.32259368899997,
              33.688110352000024
            ],
            [
              -92.32719421399997,
              33.69221115100004
            ],
            [
              -92.33089446999998,
              33.70661163300008
            ],
            [
              -91.97579956199996,
              33.70441055300006
            ]
          ]
        ]
      }
    },
    {
      "type": "Feature",
      "properties": {
        "STATE": "AR",
        "ZONE": "067",
        "CWA": "LZK",
        "NAME": "Calhoun",
        "STATE_ZONE": "AR067",
        "TIME_ZONE": "C"
      },
      "geometry": {
        "type": "Polygon",
        "coordinates": [
          [
            [
              -92.33489990199996,
              33.79541015600006
            ],
            [
              -92.33179473899997,
              33.78151321400003
            ],
            [
              -92.32759857199994,
              33.77701187100007
            ],
            [
              -92.33349609399994,
              33.766811371000074
            ],
            [
              -92.33529663099995,
              33.760513306000064
            ],
            [
              -92.33399963399995,
              33.75851059000007
            ],
            [
              -92.33839416499995,
              33.753513336000026
            ],
            [
              -92.34109497099996,
              33.74371337900004
            ],
            [
              -92.33719634999994,
              33.73421096800007
            ],
            [
              -92.33390045199997,
              33.732212067000034
            ],
            [
              -92.33569335899995,
              33.72711181600005
            ],
            [
              -92.33099365199996,
              33.719211578000056
            ],
            [
              -92.33289337199994,
              33.710910797000054
            ],
            [
              -92.32719421399997,
              33.69221115100004
            ],
            [
              -92.32259368899997,
              33.688110352000024
            ],
            [
              -92.32069396999998,
              33.68291091900005
            ],
            [
              -92.32159423799999,
              33.67471313500005
            ],
            [
              -92.32559966999997,
              33.66741180400004
            ],
            [
              -92.32659912099996,
              33.659610748000034
            ],
            [
              -92.32399749799998,
              33.65591049200003
            ],
            [
              -92.32429504499999,
              33.65261077900004
            ],
            [
              -92.32159423799999,
              33.64611053500005
            ],
            [
              -92.32309722899998,
              33.63781356800007
            ],
            [
              -92.32099914599996,
              33.63281250000006
            ],
            [
              -92.32799529999994,
              33.61761093100006
            ],
            [
              -92.32939910899995,
              33.60381317100007
            ],
            [
              -92.32139587399996,
              33.584213257000044
            ],
            [
              -92.32469940199996,
              33.57061386100003
            ],
            [
              -92.31929779099994,
              33.56381225600006
            ],
            [
              -92.31499481199995,
              33.55101394700006
            ],
            [
              -92.31709289599996,
              33.54941177400008
            ],
            [
              -92.31710052499994,
              33.54261016800007
            ],
            [
              -92.32329559299995,
              33.530612946000076
            ],
            [
              -92.32299804699994,
              33.52491378800005
            ],
            [
              -92.31789398199999,
              33.52071380600006
            ],
            [
              -92.31519317599998,
              33.51491165200002
            ],
            [
              -92.31519317599998,
              33.50841140700004
            ],
            [
              -92.31159973099994,
              33.49931335400004
            ],
            [
              -92.31389617899998,
              33.49301147500006
            ],
            [
              -92.31709289599996,
              33.49111175500008
            ],
            [
              -92.31719970799998,
              33.48871231100003
            ],
            [
              -92.32259368899997,
              33.48381042500006
            ],
            [
              -92.31929779099994,
              33.47451400800003
            ],
            [
              -92.32019805899995,
              33.46901321400003
            ],
            [
              -92.32899475099998,
              33.45661163300008
            ],
            [
              -92.32719421399997,
              33.45231246900005
            ],
            [
              -92.32989501999998,
              33.44221115100004
            ],
            [
              -92.33339691199996,
              33.44111251800007
            ],
            [
              -92.33979797399996,
              33.43161010700004
            ],
            [
              -92.34049987799995,
              33.42811203000008
            ],
            [
              -92.33829498299997,
              33.42171096800007
            ],
            [
              -92.34230041499995,
              33.41451263400006
            ],
            [
              -92.34799957299998,
              33.41141128500004
            ],
            [
              -92.35549926899995,
              33.401210785000046
            ],
            [
              -92.36069488499999,
              33.379310608000026
            ],
            [
              -92.37069702199994,
              33.37971115100004
            ],
            [
              -92.37629699699994,
              33.37631225600006
            ],
            [
              -92.37679290799997,
              33.37371063200004
            ],
            [
              -92.37279510499997,
              33.36751174900007
            ],
            [
              -92.37789916999998,
              33.36101150500008
            ],
            [
              -92.37739562999997,
              33.35551071200007
            ],
            [
              -92.38189697299998,
              33.346012115000065
            ],
            [
              -92.38209533699995,
              33.33971023600003
            ],
            [
              -92.38069915799997,
              33.33771133400006
            ],
            [
              -92.37729644799998,
              33.337512970000034
            ],
            [
              -92.37999725299994,
              33.33121109000007
            ],
            [
              -92.37829589799998,
              33.31561279300007
            ],
            [
              -92.36899566699998,
              33.31031036400003
            ],
            [
              -92.36599731399997,
              33.306812286000024
            ],
            [
              -92.36019897499995,
              33.30731201200007
            ],
            [
              -92.35439300499996,
              33.305610657000045
            ],
            [
              -92.350494385,
              33.299312592000035
            ],
            [
              -92.35649871799995,
              33.30181121800007
            ],
            [
              -92.35849761999998,
              33.30121231100003
            ],
            [
              -92.36129760699998,
              33.29161071800007
            ],
            [
              -92.37079620399999,
              33.28801345800008
            ],
            [
              -92.37469482399996,
              33.28221130400004
            ],
            [
              -92.38059997599998,
              33.278713226000036
            ],
            [
              -92.39479827999997,
              33.27761077900004
            ],
            [
              -92.40449523899997,
              33.27461242700008
            ],
            [
              -92.41919708399996,
              33.27371215800002
            ],
            [
              -92.43139648399995,
              33.27061080900006
            ],
            [
              -92.43190002499995,
              33.27491378800005
            ],
            [
              -92.43389892599998,
              33.27701187100007
            ],
            [
              -92.44259643599997,
              33.27371215800002
            ],
            [
              -92.44519805999994,
              33.275611877000074
            ],
            [
              -92.445297241,
              33.28001403800005
            ],
            [
              -92.45299529999994,
              33.28731155400004
            ],
            [
              -92.45589446999998,
              33.28701019300007
            ],
            [
              -92.45959472699997,
              33.283813477000024
            ],
            [
              -92.47279357899998,
              33.29371261600005
            ],
            [
              -92.47309875499997,
              33.29581069900007
            ],
            [
              -92.45899963399995,
              33.30341339100005
            ],
            [
              -92.45889282199994,
              33.30551147500006
            ],
            [
              -92.46479797399996,
              33.30391311600005
            ],
            [
              -92.47059631299999,
              33.30631256100003
            ],
            [
              -92.45889282199994,
              33.31551361100003
            ],
            [
              -92.46069335999994,
              33.32001113900003
            ],
            [
              -92.46799468999995,
              33.31471252400007
            ],
            [
              -92.47159576399997,
              33.31541061400003
            ],
            [
              -92.47709655799997,
              33.32571029700006
            ],
            [
              -92.47979736299999,
              33.32741165200002
            ],
            [
              -92.48579406699997,
              33.32161331200007
            ],
            [
              -92.48499298099995,
              33.31731414800004
            ],
            [
              -92.48749542199994,
              33.31561279300007
            ],
            [
              -92.49099731399997,
              33.316810608000026
            ],
            [
              -92.49709320099998,
              33.32621383700007
            ],
            [
              -92.50019836399997,
              33.327510834000066
            ],
            [
              -92.50459289599996,
              33.32661056500007
            ],
            [
              -92.51039886499996,
              33.322311401000036
            ],
            [
              -92.52349853499999,
              33.31671142600004
            ],
            [
              -92.52649688699995,
              33.31921386700003
            ],
            [
              -92.52589416599994,
              33.322113037000065
            ],
            [
              -92.52330017099996,
              33.32791137700008
            ],
            [
              -92.51949310299995,
              33.331111908000025
            ],
            [
              -92.52199554399994,
              33.333312988000046
            ],
            [
              -92.52579498299997,
              33.33221054100005
            ],
            [
              -92.52890014599996,
              33.33841323900003
            ],
            [
              -92.52879333499999,
              33.34251022300003
            ],
            [
              -92.53499603299997,
              33.34791183500005
            ],
            [
              -92.53269958599998,
              33.355213165000066
            ],
            [
              -92.54269409199998,
              33.35731124900008
            ],
            [
              -92.546897888,
              33.360313416000054
            ],
            [
              -92.54729461699998,
              33.36541366600005
            ],
            [
              -92.56129455599995,
              33.36201095600006
            ],
            [
              -92.56609344599997,
              33.36501312300004
            ],
            [
              -92.56799316399997,
              33.36781311000004
            ],
            [
              -92.56629943799999,
              33.375411987000064
            ],
            [
              -92.56710052499994,
              33.377811432000044
            ],
            [
              -92.570297241,
              33.37891387900004
            ],
            [
              -92.57249450699999,
              33.37411117600004
            ],
            [
              -92.57489776599994,
              33.37251281700003
            ],
            [
              -92.58049774199998,
              33.37351226800007
            ],
            [
              -92.58219909699994,
              33.37981414800004
            ],
            [
              -92.58599853499999,
              33.384613037000065
            ],
            [
              -92.58349609399994,
              33.39351272600004
            ],
            [
              -92.58869934099994,
              33.40171051000004
            ],
            [
              -92.59239959699994,
              33.40321350100004
            ],
            [
              -92.60569763199999,
              33.40201187100007
            ],
            [
              -92.61159515399999,
              33.40421295200008
            ],
            [
              -92.61369323699995,
              33.40771102900004
            ],
            [
              -92.61739349399994,
              33.40951156600005
            ],
            [
              -92.62039947499994,
              33.408813477000024
            ],
            [
              -92.62549591099997,
              33.40321350100004
            ],
            [
              -92.64139556899994,
              33.39631271400003
            ],
            [
              -92.64499664299996,
              33.398212433000026
            ],
            [
              -92.64689636199995,
              33.40361404400005
            ],
            [
              -92.64550018299997,
              33.406311035000044
            ],
            [
              -92.63759612999996,
              33.404613495000035
            ],
            [
              -92.63469695999999,
              33.40621185300006
            ],
            [
              -92.63549804699994,
              33.41431045500008
            ],
            [
              -92.64589691199996,
              33.41571044900007
            ],
            [
              -92.64649963399995,
              33.418613434000065
            ],
            [
              -92.64389800999999,
              33.42461395300006
            ],
            [
              -92.65559387199994,
              33.42371368400006
            ],
            [
              -92.65119934099994,
              33.429813385000045
            ],
            [
              -92.65269470199996,
              33.43341064500004
            ],
            [
              -92.65599822999997,
              33.43541336100003
            ],
            [
              -92.66199493399995,
              33.43531036400003
            ],
            [
              -92.67249298099995,
              33.43091201800007
            ],
            [
              -92.70409393299997,
              33.43091201800007
            ],
            [
              -92.705795288,
              33.43301391600005
            ],
            [
              -92.70539855999994,
              33.438613892000035
            ],
            [
              -92.70719909699994,
              33.44391250600006
            ],
            [
              -92.70299529999994,
              33.45301055900006
            ],
            [
              -92.70379638699995,
              33.45851135300006
            ],
            [
              -92.70559692399996,
              33.45961380000006
            ],
            [
              -92.70729827899999,
              33.45841217000003
            ],
            [
              -92.705795288,
              33.45491409300007
            ],
            [
              -92.70819854699994,
              33.452613831000065
            ],
            [
              -92.71509551999998,
              33.451713562000066
            ],
            [
              -92.71719360399999,
              33.452613831000065
            ],
            [
              -92.71789550899996,
              33.45861053500005
            ],
            [
              -92.723899841,
              33.45991134600007
            ],
            [
              -92.72769927999997,
              33.46661377000004
            ],
            [
              -92.72709655799997,
              33.46831131000005
            ],
            [
              -92.72149658199999,
              33.46641159100005
            ],
            [
              -92.72149657999995,
              33.47391128500004
            ],
            [
              -92.71749877899998,
              33.47851181000004
            ],
            [
              -92.71669769299996,
              33.48241043100006
            ],
            [
              -92.71899414099994,
              33.486412048000034
            ],
            [
              -92.72239685099998,
              33.48881149300007
            ],
            [
              -92.72909545899995,
              33.48991012600004
            ],
            [
              -92.73369598399995,
              33.49381256100003
            ],
            [
              -92.73709869399994,
              33.494010925000055
            ],
            [
              -92.73659515399999,
              33.487411499000075
            ],
            [
              -92.738998413,
              33.48511123700007
            ],
            [
              -92.74499511699997,
              33.48361206100003
            ],
            [
              -92.75379943799999,
              33.48471069300007
            ],
            [
              -92.75609588599997,
              33.48791122400007
            ],
            [
              -92.76589965799997,
              33.49331283600003
            ],
            [
              -92.76339721699998,
              33.50051116900005
            ],
            [
              -92.76109313999996,
              33.50241088900003
            ],
            [
              -92.77279663099995,
              33.510711670000035
            ],
            [
              -92.76819610599995,
              33.51571273800005
            ],
            [
              -92.76289367699997,
              33.518310547000056
            ],
            [
              -92.76429748599998,
              33.525611877000074
            ],
            [
              -92.75930023199999,
              33.53071212800006
            ],
            [
              -92.76089477599999,
              33.53251266500007
            ],
            [
              -92.76809692399996,
              33.53271102900004
            ],
            [
              -92.77639770499997,
              33.53761291500007
            ],
            [
              -92.77549743699996,
              33.551010132000044
            ],
            [
              -92.77249908399995,
              33.55091095000006
            ],
            [
              -92.77159881599994,
              33.548610687000064
            ],
            [
              -92.76509857199994,
              33.552612305000025
            ],
            [
              -92.75849914599996,
              33.55111312900004
            ],
            [
              -92.75499725299994,
              33.54611206100003
            ],
            [
              -92.74949645999999,
              33.543811798000036
            ],
            [
              -92.74509429899996,
              33.54731369000007
            ],
            [
              -92.74279785199997,
              33.554512024000076
            ],
            [
              -92.72919464099994,
              33.56381225600006
            ],
            [
              -92.72729492199994,
              33.56301116900005
            ],
            [
              -92.72649383499999,
              33.55731201200007
            ],
            [
              -92.72429656999998,
              33.55461120600006
            ],
            [
              -92.71909332299998,
              33.551910400000054
            ],
            [
              -92.71679687499994,
              33.554111481000064
            ],
            [
              -92.71059417699996,
              33.57731246900005
            ],
            [
              -92.71170043899997,
              33.58441162100007
            ],
            [
              -92.71059417699996,
              33.59391021700003
            ],
            [
              -92.71339416499995,
              33.59901428200004
            ],
            [
              -92.71439361599994,
              33.605213165000066
            ],
            [
              -92.72499847499995,
              33.60871124300007
            ],
            [
              -92.73179626599995,
              33.61421203400005
            ],
            [
              -92.73539733899997,
              33.62351226800007
            ],
            [
              -92.73089599699995,
              33.634811401000036
            ],
            [
              -92.72679901099997,
              33.64051055900006
            ],
            [
              -92.72609710699999,
              33.64921188400007
            ],
            [
              -92.71519470199996,
              33.65471267700008
            ],
            [
              -92.70409393299997,
              33.650012970000034
            ],
            [
              -92.68470001199995,
              33.65921020500008
            ],
            [
              -92.67459869499999,
              33.65811157200005
            ],
            [
              -92.67109680199997,
              33.659812927000075
            ],
            [
              -92.65279388399995,
              33.66151428200004
            ],
            [
              -92.64999389599996,
              33.662910461000024
            ],
            [
              -92.64119720599996,
              33.679813385000045
            ],
            [
              -92.63839721699998,
              33.68251037600004
            ],
            [
              -92.63509368899997,
              33.691612244000055
            ],
            [
              -92.62059783899997,
              33.698413849000076
            ],
            [
              -92.61579894999994,
              33.70351028400006
            ],
            [
              -92.60529327399996,
              33.707111359000066
            ],
            [
              -92.59999847399996,
              33.71191406200006
            ],
            [
              -92.59939575199996,
              33.72121429400005
            ],
            [
              -92.59739685099998,
              33.724712372000056
            ],
            [
              -92.59269714399994,
              33.72621154800004
            ],
            [
              -92.58789825399998,
              33.73051071200007
            ],
            [
              -92.58509826699998,
              33.73941421500007
            ],
            [
              -92.58319854699994,
              33.802211761000024
            ],
            [
              -92.33489990199996,
              33.79541015600006
            ]
          ],
          [
            [
              -92.75809478899998,
              33.50241088900003
            ],
            [
              -92.75469970799998,
              33.50131225600006
            ],
            [
              -92.75539398199999,
              33.50391387900004
            ],
            [
              -92.75809478899998,
              33.50241088900003
            ]
          ]
        ]
      }
    },
    {
      "type": "Feature",
      "properties": {
        "STATE": "AR",
        "ZONE": "053",
        "CWA": "LZK",
        "NAME": "Clark",
        "STATE_ZONE": "AR053",
        "TIME_ZONE": "C"
      },
      "geometry": {
        "type": "Polygon",
        "coordinates": [
          [
            [
              -93.47829437299998,
              34.340812683000024
            ],
            [
              -93.35579681399997,
              34.338710785000046
            ],
            [
              -93.35679626499996,
              34.28031158400006
            ],
            [
              -93.19829559299995,
              34.27691268900003
            ],
            [
              -93.19939422599998,
              34.24911117600004
            ],
            [
              -93.19419860799997,
              34.24791336100003
            ],
            [
              -93.09489440899995,
              34.24581146200006
            ],
            [
              -93.08949279799998,
              34.24491119400005
            ],
            [
              -93.09079742499995,
              34.23781204200003
            ],
            [
              -93.08449554399994,
              34.235713959000066
            ],
            [
              -93.08319854699994,
              34.23931121800007
            ],
            [
              -93.07999420199997,
              34.239212036000026
            ],
            [
              -93.08049774199998,
              34.23601150500008
            ],
            [
              -93.07779693699996,
              34.23561096200007
            ],
            [
              -93.05690002399996,
              34.23711395300006
            ],
            [
              -93.05089569199998,
              34.23541259800004
            ],
            [
              -93.03969573999996,
              34.23711395300006
            ],
            [
              -93.03399658199999,
              34.23541259800004
            ],
            [
              -93.03439331099997,
              34.228912354000045
            ],
            [
              -93.03769683799999,
              34.22631073000008
            ],
            [
              -93.03909301799996,
              34.22221374500003
            ],
            [
              -93.03059387199994,
              34.220413208000025
            ],
            [
              -93.03359985399999,
              34.21741104100005
            ],
            [
              -93.03259277299998,
              34.21451187100007
            ],
            [
              -93.02779388399995,
              34.211612701000035
            ],
            [
              -93.02599334699994,
              34.20191192600004
            ],
            [
              -93.03609466599994,
              34.19481277500006
            ],
            [
              -93.04249572799995,
              34.181114197000056
            ],
            [
              -93.043495179,
              34.16991043100006
            ],
            [
              -93.04089355499997,
              34.16461181600005
            ],
            [
              -93.04169464099994,
              34.15931320200008
            ],
            [
              -93.03879547099996,
              34.155612946000076
            ],
            [
              -93.03519439699994,
              34.154613495000035
            ],
            [
              -93.02859497099996,
              34.161510468000074
            ],
            [
              -93.02009582499994,
              34.159812927000075
            ],
            [
              -92.88629913299997,
              34.15591049200003
            ],
            [
              -92.89309692399996,
              33.98331069900007
            ],
            [
              -92.94960021999998,
              33.98571014400005
            ],
            [
              -92.95339965799997,
              33.97811126700003
            ],
            [
              -92.96109771699997,
              33.974010468000074
            ],
            [
              -92.95939636299994,
              33.97071075400004
            ],
            [
              -92.95249938999996,
              33.969211578000056
            ],
            [
              -92.95009612999996,
              33.96341323900003
            ],
            [
              -92.94639587499995,
              33.96261215200008
            ],
            [
              -92.94619751,
              33.965511322000054
            ],
            [
              -92.94049835199996,
              33.96861267100007
            ],
            [
              -92.93879699699994,
              33.96671295200008
            ],
            [
              -92.940696716,
              33.960712433000026
            ],
            [
              -92.93759918199999,
              33.95511245700004
            ],
            [
              -92.9375,
              33.94851303100006
            ],
            [
              -92.93069457999997,
              33.94851303100006
            ],
            [
              -92.92859649699994,
              33.94681167600004
            ],
            [
              -92.93470001199995,
              33.93871307400008
            ],
            [
              -92.93299865699998,
              33.931510925000055
            ],
            [
              -92.92339324999995,
              33.92991256700003
            ],
            [
              -92.91909789999994,
              33.93591308600003
            ],
            [
              -92.916000366,
              33.934810638000044
            ],
            [
              -92.91320037799994,
              33.93201065100004
            ],
            [
              -92.91510009799998,
              33.92921066300005
            ],
            [
              -92.91880035399998,
              33.92891311600005
            ],
            [
              -92.91989898699995,
              33.925811768000074
            ],
            [
              -92.90839386,
              33.91741180400004
            ],
            [
              -92.90739440899995,
              33.91371154800004
            ],
            [
              -92.91039276099997,
              33.913311005000025
            ],
            [
              -92.90979766799995,
              33.91051101700003
            ],
            [
              -92.90799713099995,
              33.90831375100004
            ],
            [
              -92.89599609499999,
              33.90591049200003
            ],
            [
              -92.89379882799994,
              33.90351104700005
            ],
            [
              -92.89579772899998,
              33.90171051000004
            ],
            [
              -92.90279388399995,
              33.90091323900003
            ],
            [
              -92.91019439699994,
              33.897510529000044
            ],
            [
              -92.91269683899998,
              33.893611908000025
            ],
            [
              -92.90390014599996,
              33.883613586000024
            ],
            [
              -92.90339660599994,
              33.87991333000008
            ],
            [
              -92.90589904899997,
              33.87811279300007
            ],
            [
              -92.90659332299998,
              33.87471389800004
            ],
            [
              -92.90089416499995,
              33.867012024000076
            ],
            [
              -92.90569305399998,
              33.86251068100006
            ],
            [
              -92.90019988999995,
              33.856910706000065
            ],
            [
              -92.89279937699996,
              33.85671234100005
            ],
            [
              -92.89029693599997,
              33.85831069900007
            ],
            [
              -92.88509368899997,
              33.85651016200006
            ],
            [
              -92.88289642299998,
              33.85461044300007
            ],
            [
              -92.88059997599998,
              33.847312927000075
            ],
            [
              -92.87749481199995,
              33.84581375100004
            ],
            [
              -92.87669372599998,
              33.842010498000036
            ],
            [
              -92.87889862099996,
              33.837512970000034
            ],
            [
              -92.88569641099997,
              33.83481216400003
            ],
            [
              -92.89299774199998,
              33.83431243900003
            ],
            [
              -92.89249420199997,
              33.83061218300003
            ],
            [
              -92.88839721699998,
              33.824512482000046
            ],
            [
              -92.89529418899997,
              33.82261276200006
            ],
            [
              -92.89959716799996,
              33.81611251800007
            ],
            [
              -92.89459991499996,
              33.81221389800004
            ],
            [
              -92.89369964599996,
              33.809612274000074
            ],
            [
              -92.89659881699998,
              33.806812286000024
            ],
            [
              -92.907493591,
              33.81211090100004
            ],
            [
              -92.91409301799996,
              33.81891250600006
            ],
            [
              -92.91909789999994,
              33.82131195100004
            ],
            [
              -92.91959381099997,
              33.81891250600006
            ],
            [
              -92.92219543499994,
              33.818611145000034
            ],
            [
              -92.92709350599995,
              33.81461428700004
            ],
            [
              -92.92709350599995,
              33.819011688000046
            ],
            [
              -92.92939758399996,
              33.821910858000024
            ],
            [
              -92.93319702099996,
              33.81611251800007
            ],
            [
              -92.93269348099994,
              33.81311416600005
            ],
            [
              -92.93969726599994,
              33.81041336100003
            ],
            [
              -92.93709564199997,
              33.80791091900005
            ],
            [
              -92.94319915799997,
              33.79751205400004
            ],
            [
              -92.94409942599998,
              33.800212860000045
            ],
            [
              -92.95049285899995,
              33.79731369000007
            ],
            [
              -92.95329284699994,
              33.798412323000036
            ],
            [
              -92.95729827899999,
              33.794513702000074
            ],
            [
              -92.96989440999994,
              33.790313721000075
            ],
            [
              -92.96989440999994,
              33.78821182300004
            ],
            [
              -92.97429656999998,
              33.789012909000064
            ],
            [
              -92.98239898699995,
              33.78731155400004
            ],
            [
              -92.98219299299996,
              33.78451156600005
            ],
            [
              -92.99169921899994,
              33.78271102900004
            ],
            [
              -92.99389648399995,
              33.77761077900004
            ],
            [
              -93.00749969699996,
              33.77901077800004
            ],
            [
              -93.01279449499998,
              33.77511215200008
            ],
            [
              -93.02269744899996,
              33.77271270800003
            ],
            [
              -93.02610015899995,
              33.77421188400007
            ],
            [
              -93.02719879199998,
              33.77191162100007
            ],
            [
              -93.03099822999997,
              33.770412445000034
            ],
            [
              -93.03260040299995,
              33.77231216400003
            ],
            [
              -93.03689575199996,
              33.77121353100006
            ],
            [
              -93.04089355499997,
              33.772911072000056
            ],
            [
              -93.04299926799996,
              33.775012970000034
            ],
            [
              -93.04209899899996,
              33.77731323200004
            ],
            [
              -93.04429626499996,
              33.77911377000004
            ],
            [
              -93.04909515399999,
              33.77651214600007
            ],
            [
              -93.05119323699995,
              33.77701187100007
            ],
            [
              -93.05619811999998,
              33.77941131600005
            ],
            [
              -93.05479431199996,
              33.78231048600003
            ],
            [
              -93.06089782699996,
              33.78271102900004
            ],
            [
              -93.0625,
              33.783512115000065
            ],
            [
              -93.06209564199997,
              33.78601074200003
            ],
            [
              -93.07119751,
              33.788311005000025
            ],
            [
              -93.07559966999997,
              33.78541183500005
            ],
            [
              -93.08169555699999,
              33.78441238400006
            ],
            [
              -93.07909393299997,
              33.78251266500007
            ],
            [
              -93.08699798599997,
              33.77701187100007
            ],
            [
              -93.11009979199997,
              33.77861022900004
            ],
            [
              -93.11199951199995,
              33.779510498000036
            ],
            [
              -93.11089325099994,
              33.78181076000004
            ],
            [
              -93.11739349499999,
              33.787513733000026
            ],
            [
              -93.12709808299996,
              33.79191207900004
            ],
            [
              -93.12870025599995,
              33.79391098000008
            ],
            [
              -93.12719726599994,
              33.79541397100007
            ],
            [
              -93.12749481199995,
              33.798011780000024
            ],
            [
              -93.13339996299999,
              33.80831146200006
            ],
            [
              -93.13979339599996,
              33.81541061400003
            ],
            [
              -93.14909362799995,
              33.81251144400005
            ],
            [
              -93.14709472699997,
              33.80971145600006
            ],
            [
              -93.15539550899996,
              33.81061172500006
            ],
            [
              -93.15699768099995,
              33.81321334800003
            ],
            [
              -93.16589355499997,
              33.80581283600003
            ],
            [
              -93.16829681399997,
              33.80521392800006
            ],
            [
              -93.17109680199997,
              33.80711364700005
            ],
            [
              -93.17929840099998,
              33.80071258500004
            ],
            [
              -93.18539428699995,
              33.80461120600006
            ],
            [
              -93.18429565399998,
              33.80711364700005
            ],
            [
              -93.18739318799999,
              33.81181335400004
            ],
            [
              -93.19109344499998,
              33.81321334800003
            ],
            [
              -93.19099426299994,
              33.815311432000044
            ],
            [
              -93.19409942599998,
              33.81621170000005
            ],
            [
              -93.19559478899998,
              33.818611145000034
            ],
            [
              -93.19960022099997,
              33.81741333000008
            ],
            [
              -93.19919586199995,
              33.82001113900003
            ],
            [
              -93.20899963399995,
              33.82261276200006
            ],
            [
              -93.20909881599994,
              33.819610596000075
            ],
            [
              -93.21269988999995,
              33.82171249400005
            ],
            [
              -93.21469879199998,
              33.82581329300007
            ],
            [
              -93.21779632599998,
              33.82161331200007
            ],
            [
              -93.21979522699996,
              33.822311401000036
            ],
            [
              -93.21829986599994,
              33.826313019000054
            ],
            [
              -93.22079467799995,
              33.82901382400007
            ],
            [
              -93.22579956099997,
              33.829612732000044
            ],
            [
              -93.22589874399995,
              33.82661056500007
            ],
            [
              -93.22889709499998,
              33.82611084000007
            ],
            [
              -93.22889709499998,
              33.82881164600008
            ],
            [
              -93.23489379999995,
              33.827812195000035
            ],
            [
              -93.23559570299994,
              33.83071136500007
            ],
            [
              -93.24139404399995,
              33.82911301000007
            ],
            [
              -93.23989868199999,
              33.82531356800007
            ],
            [
              -93.24379730199996,
              33.829311371000074
            ],
            [
              -93.24689483499998,
              33.83021164300004
            ],
            [
              -93.25859832799995,
              33.82921218900003
            ],
            [
              -93.26039886499996,
              33.831813812000064
            ],
            [
              -93.26449584999995,
              33.83361053500005
            ],
            [
              -93.26079559299995,
              33.83681106600005
            ],
            [
              -93.26719665199994,
              33.83901214100007
            ],
            [
              -93.27689361599994,
              33.83681106600005
            ],
            [
              -93.27469634999994,
              33.840511322000054
            ],
            [
              -93.28389739999994,
              33.843811035000044
            ],
            [
              -93.28820037799994,
              33.84361267100007
            ],
            [
              -93.29069518999995,
              33.84551239000007
            ],
            [
              -93.29809570299994,
              33.85581207300004
            ],
            [
              -93.29719543499994,
              33.85921096800007
            ],
            [
              -93.29889678999996,
              33.86371231100003
            ],
            [
              -93.30389404299996,
              33.86991119400005
            ],
            [
              -93.30429840099998,
              33.878513336000026
            ],
            [
              -93.30619811999998,
              33.88171386700003
            ],
            [
              -93.30379486099997,
              33.88471221900005
            ],
            [
              -93.29929351799996,
              33.885913849000076
            ],
            [
              -93.29839324999995,
              33.891613007000046
            ],
            [
              -93.30089569099994,
              33.89611053500005
            ],
            [
              -93.31389617899998,
              33.90681076000004
            ],
            [
              -93.31849670399998,
              33.90591049200003
            ],
            [
              -93.32229614299996,
              33.907913208000025
            ],
            [
              -93.32299804799999,
              33.910713196000074
            ],
            [
              -93.32089996299999,
              33.91351318400007
            ],
            [
              -93.326194763,
              33.91801071200007
            ],
            [
              -93.32969665499996,
              33.91661071800007
            ],
            [
              -93.33809661899994,
              33.91701126100003
            ],
            [
              -93.33659362899994,
              33.92131042500006
            ],
            [
              -93.34109497099996,
              33.92881393400006
            ],
            [
              -93.34179687499994,
              33.931510925000055
            ],
            [
              -93.34019470199996,
              33.933910370000035
            ],
            [
              -93.34339904899997,
              33.93671035800003
            ],
            [
              -93.34999847399996,
              33.934112549000076
            ],
            [
              -93.35579681399997,
              33.941013336000026
            ],
            [
              -93.35609436099998,
              33.94501113900003
            ],
            [
              -93.35929870599995,
              33.947113037000065
            ],
            [
              -93.36139678999996,
              33.94501113900003
            ],
            [
              -93.36759948699995,
              33.948810577000074
            ],
            [
              -93.36729431199996,
              33.95191192600004
            ],
            [
              -93.373199463,
              33.955810547000056
            ],
            [
              -93.37279510599996,
              33.95941162100007
            ],
            [
              -93.37599945099998,
              33.96141052200005
            ],
            [
              -93.37199401899994,
              33.96431350700004
            ],
            [
              -93.37739562999997,
              33.965511322000054
            ],
            [
              -93.37709808299996,
              33.971210480000025
            ],
            [
              -93.38019561899995,
              33.97371292100007
            ],
            [
              -93.37749481199995,
              33.97661209100005
            ],
            [
              -93.37929534999995,
              33.97851181000004
            ],
            [
              -93.37959289599996,
              33.98671340900006
            ],
            [
              -93.38209533699995,
              33.99091339100005
            ],
            [
              -93.39189910899995,
              33.99811172500006
            ],
            [
              -93.39189910899995,
              34.00051116900005
            ],
            [
              -93.39479827899999,
              34.00241088900003
            ],
            [
              -93.40399932999998,
              34.00481414800004
            ],
            [
              -93.40039825399998,
              34.01031112700008
            ],
            [
              -93.40129852299998,
              34.012912750000055
            ],
            [
              -93.40729522699996,
              34.01261138900003
            ],
            [
              -93.40899658199999,
              34.01451110800008
            ],
            [
              -93.40769958599998,
              34.01971054100005
            ],
            [
              -93.40879821799996,
              34.02611160300006
            ],
            [
              -93.41419982999997,
              34.035610199000075
            ],
            [
              -93.43439483599997,
              34.05071258500004
            ],
            [
              -93.43249511699997,
              34.05641174300007
            ],
            [
              -93.43459320099998,
              34.061412811000025
            ],
            [
              -93.43560028099995,
              34.071212769000056
            ],
            [
              -93.44349670399998,
              34.08021163900003
            ],
            [
              -93.44089508099995,
              34.082912445000034
            ],
            [
              -93.44049835299995,
              34.08731079100005
            ],
            [
              -93.44379424999994,
              34.10841369600007
            ],
            [
              -93.44199371299999,
              34.11171340900006
            ],
            [
              -93.44419860899995,
              34.114913940000065
            ],
            [
              -93.44199371299999,
              34.11991119400005
            ],
            [
              -93.44979858399995,
              34.121913910000046
            ],
            [
              -93.45189666699997,
              34.125213623000036
            ],
            [
              -93.44419860899995,
              34.130210876000035
            ],
            [
              -93.44639587399996,
              34.132110596000075
            ],
            [
              -93.45649719199997,
              34.131313324000075
            ],
            [
              -93.45499420199997,
              34.13521194500004
            ],
            [
              -93.45559692399996,
              34.139011383000025
            ],
            [
              -93.45099639999995,
              34.14201355000006
            ],
            [
              -93.44869995099998,
              34.14631271400003
            ],
            [
              -93.44389343399996,
              34.14741134600007
            ],
            [
              -93.44869995099998,
              34.15231323200004
            ],
            [
              -93.45369720499997,
              34.15421295200008
            ],
            [
              -93.45509338399995,
              34.15731048600003
            ],
            [
              -93.45589446999998,
              34.16461181600005
            ],
            [
              -93.45459747299998,
              34.17251205400004
            ],
            [
              -93.45199584999995,
              34.175212860000045
            ],
            [
              -93.45459747299998,
              34.17701339700005
            ],
            [
              -93.44849395799997,
              34.17991256700003
            ],
            [
              -93.45949554399994,
              34.18991088900003
            ],
            [
              -93.45819854699994,
              34.192512512000064
            ],
            [
              -93.44919586199995,
              34.19931030300006
            ],
            [
              -93.44279479999994,
              34.20751190200008
            ],
            [
              -93.44699859699995,
              34.207912445000034
            ],
            [
              -93.44929504399994,
              34.205913544000055
            ],
            [
              -93.45819854699994,
              34.21201324500004
            ],
            [
              -93.46269988999995,
              34.20531082200006
            ],
            [
              -93.47899627699996,
              34.20911407500006
            ],
            [
              -93.48880004899996,
              34.20851135300006
            ],
            [
              -93.49119567999998,
              34.20961380000006
            ],
            [
              -93.48939514199998,
              34.211612701000035
            ],
            [
              -93.50119781499995,
              34.21391296400003
            ],
            [
              -93.50219726599994,
              34.21841049200003
            ],
            [
              -93.50079345799998,
              34.25381088300003
            ],
            [
              -93.48040008499999,
              34.25331115700004
            ],
            [
              -93.47829437299998,
              34.340812683000024
            ]
          ]
        ]
      }
    },
    {
      "type": "Feature",
      "properties": {
        "STATE": "AR",
        "ZONE": "024",
        "CWA": "LZK",
        "NAME": "Cleburne",
        "STATE_ZONE": "AR024",
        "TIME_ZONE": "C"
      },
      "geometry": {
        "type": "Polygon",
        "coordinates": [
          [
            [
              -91.990592957,
              35.70691299400005
            ],
            [
              -91.80959320099998,
              35.70451355000006
            ],
            [
              -91.80599975599995,
              35.705013275000056
            ],
            [
              -91.79419708299997,
              35.71171188400007
            ],
            [
              -91.78979492199994,
              35.71171188400007
            ],
            [
              -91.79559326299994,
              35.463111877000074
            ],
            [
              -91.79609680199997,
              35.45561218300003
            ],
            [
              -91.80509948699995,
              35.45361328100006
            ],
            [
              -91.81259918299997,
              35.454311371000074
            ],
            [
              -91.81959533699995,
              35.45001220700004
            ],
            [
              -91.82869720499997,
              35.45421218900003
            ],
            [
              -91.83679962199994,
              35.441013336000026
            ],
            [
              -91.84929656999998,
              35.43691253700007
            ],
            [
              -91.85199737499994,
              35.35921096800007
            ],
            [
              -92.00809478799994,
              35.359611511000026
            ],
            [
              -92.11149597199994,
              35.362712860000045
            ],
            [
              -92.25279998799994,
              35.363712312000075
            ],
            [
              -92.24849700899995,
              35.537910461000024
            ],
            [
              -92.24469757099996,
              35.538311005000025
            ],
            [
              -92.24069976599998,
              35.712211495000076
            ],
            [
              -91.990592957,
              35.70691299400005
            ]
          ]
        ]
      }
    },
    {
      "type": "Feature",
      "properties": {
        "STATE": "AR",
        "ZONE": "063",
        "CWA": "LZK",
        "NAME": "Cleveland",
        "STATE_ZONE": "AR063",
        "TIME_ZONE": "C"
      },
      "geometry": {
        "type": "Polygon",
        "coordinates": [
          [
            [
              -91.97639465299994,
              33.977310181000064
            ],
            [
              -91.97579956199996,
              33.70441055300006
            ],
            [
              -92.33089446999998,
              33.70661163300008
            ],
            [
              -92.33289337199994,
              33.710910797000054
            ],
            [
              -92.33099365199996,
              33.719211578000056
            ],
            [
              -92.33569335899995,
              33.72711181600005
            ],
            [
              -92.33390045199997,
              33.732212067000034
            ],
            [
              -92.33860015899995,
              33.73661041300005
            ],
            [
              -92.34109497099996,
              33.74601364100005
            ],
            [
              -92.33839416499995,
              33.753513336000026
            ],
            [
              -92.33399963399995,
              33.75851059000007
            ],
            [
              -92.33529663099995,
              33.760513306000064
            ],
            [
              -92.33349609399994,
              33.766811371000074
            ],
            [
              -92.32759857199994,
              33.77701187100007
            ],
            [
              -92.33179473899997,
              33.78151321400003
            ],
            [
              -92.33349609399994,
              33.79321289100005
            ],
            [
              -92.34059905999999,
              33.803314209000064
            ],
            [
              -92.33649444599996,
              33.81031036400003
            ],
            [
              -92.33759307999998,
              33.816913605000025
            ],
            [
              -92.33899688699995,
              33.817913055000076
            ],
            [
              -92.33819580199997,
              33.82281112700008
            ],
            [
              -92.33949279799998,
              33.82561111500007
            ],
            [
              -92.33809661899994,
              33.82861328100006
            ],
            [
              -92.34149932899999,
              33.83901214600007
            ],
            [
              -92.34379577699997,
              33.84161377000004
            ],
            [
              -92.34980011,
              33.843112946000076
            ],
            [
              -92.34929656999998,
              33.846313477000024
            ],
            [
              -92.35229492199994,
              33.84861373900003
            ],
            [
              -92.35379791299994,
              33.852413177000074
            ],
            [
              -92.36289977999996,
              33.85761261000005
            ],
            [
              -92.36389923099995,
              33.85991287200005
            ],
            [
              -92.37939453099995,
              33.86771392800006
            ],
            [
              -92.38359832799995,
              33.874912262000066
            ],
            [
              -92.39489746099997,
              33.886611938000044
            ],
            [
              -92.39469909699994,
              33.88971328700006
            ],
            [
              -92.39989471399997,
              33.90181350700004
            ],
            [
              -92.40139770499997,
              33.913311005000025
            ],
            [
              -92.40999603299997,
              33.91741180400004
            ],
            [
              -92.41059875499997,
              33.92471313500005
            ],
            [
              -92.41929626499996,
              33.93431091300005
            ],
            [
              -92.42149352999996,
              33.94021225000006
            ],
            [
              -92.435699463,
              33.947113037000065
            ],
            [
              -92.43719482399996,
              33.95201110800008
            ],
            [
              -92.44269561799996,
              33.954612732000044
            ],
            [
              -92.44499969499998,
              33.959110260000045
            ],
            [
              -92.45149993899997,
              33.96141052200005
            ],
            [
              -92.45669555699999,
              33.97071075400004
            ],
            [
              -92.47419738799994,
              33.97271347000003
            ],
            [
              -92.47549438599998,
              33.97601318400007
            ],
            [
              -92.47169494599996,
              34.05701065100004
            ],
            [
              -92.21019744999995,
              34.06281280500008
            ],
            [
              -91.95379638699995,
              34.06411361700003
            ],
            [
              -91.95349883999995,
              33.97721099900008
            ],
            [
              -91.97639465299994,
              33.977310181000064
            ]
          ]
        ]
      }
    },
    {
      "type": "Feature",
      "properties": {
        "STATE": "AR",
        "ZONE": "031",
        "CWA": "LZK",
        "NAME": "Conway",
        "STATE_ZONE": "AR031",
        "TIME_ZONE": "C"
      },
      "geometry": {
        "type": "Polygon",
        "coordinates": [
          [
            [
              -92.85059356699998,
              35.462913513000046
            ],
            [
              -92.47949981799997,
              35.455513
            ],
            [
              -92.48529815699999,
              35.276012421000075
            ],
            [
              -92.48779296899994,
              35.27361297600004
            ],
            [
              -92.49169921899994,
              35.27441406200006
            ],
            [
              -92.49479675299995,
              35.27201080300006
            ],
            [
              -92.498199463,
              35.26691055300006
            ],
            [
              -92.494499207,
              35.26641082800006
            ],
            [
              -92.50639343299997,
              35.25841140700004
            ],
            [
              -92.51419830299994,
              35.25701141400003
            ],
            [
              -92.51389312699996,
              35.25341033900003
            ],
            [
              -92.51119995099998,
              35.251911163000045
            ],
            [
              -92.51009368899997,
              35.24911117600004
            ],
            [
              -92.50549316499996,
              35.24811172500006
            ],
            [
              -92.50359344499998,
              35.24591064500004
            ],
            [
              -92.50549316499996,
              35.24251174900007
            ],
            [
              -92.50459289599996,
              35.24031066900005
            ],
            [
              -92.51079559299995,
              35.24041366600005
            ],
            [
              -92.51009368899997,
              35.245311737000065
            ],
            [
              -92.51239776599994,
              35.244010925000055
            ],
            [
              -92.51549529999994,
              35.232810974000074
            ],
            [
              -92.52249908499994,
              35.231010437000066
            ],
            [
              -92.52209472699997,
              35.22831344600007
            ],
            [
              -92.527893066,
              35.230411530000026
            ],
            [
              -92.53069305399998,
              35.225410461000024
            ],
            [
              -92.52949523899997,
              35.21941375700004
            ],
            [
              -92.52629852299998,
              35.21911239600007
            ],
            [
              -92.52279663199994,
              35.215911865000066
            ],
            [
              -92.52719879199998,
              35.20951080300006
            ],
            [
              -92.52549743699996,
              35.20421218900003
            ],
            [
              -92.52729797399996,
              35.20091247600004
            ],
            [
              -92.52849578899998,
              35.19051361100003
            ],
            [
              -92.52149963399995,
              35.186111450000055
            ],
            [
              -92.51939392199995,
              35.18661117600004
            ],
            [
              -92.51949310299995,
              35.18451309200003
            ],
            [
              -92.51159667999997,
              35.18101120000006
            ],
            [
              -92.50709533699995,
              35.176513672000056
            ],
            [
              -92.50039672899999,
              35.17501068100006
            ],
            [
              -92.50259399399994,
              35.17231369000007
            ],
            [
              -92.50019836399997,
              35.16911315900006
            ],
            [
              -92.50439453099995,
              35.168510437000066
            ],
            [
              -92.50689697299998,
              35.16601181000004
            ],
            [
              -92.50189971899994,
              35.16281127900004
            ],
            [
              -92.50389862099996,
              35.160011292000036
            ],
            [
              -92.50389862099996,
              35.14801025400004
            ],
            [
              -92.50879669199998,
              35.143310547000056
            ],
            [
              -92.50599670399998,
              35.13821029700006
            ],
            [
              -92.51069641099997,
              35.13561248800005
            ],
            [
              -92.51499938999996,
              35.130210876000035
            ],
            [
              -92.52179717999996,
              35.114711761000024
            ],
            [
              -92.53339386,
              35.11451339700005
            ],
            [
              -92.54339599599996,
              35.126010895000036
            ],
            [
              -92.55279541099998,
              35.118614197000056
            ],
            [
              -92.55469512899998,
              35.11341095000006
            ],
            [
              -92.56219482399996,
              35.11561203000008
            ],
            [
              -92.56999969499998,
              35.11311340300006
            ],
            [
              -92.58429717999996,
              35.100914001000035
            ],
            [
              -92.59469604499998,
              35.08921051000004
            ],
            [
              -92.60589599599996,
              35.08161163300008
            ],
            [
              -92.63129424999994,
              35.07641220100004
            ],
            [
              -92.64149475099998,
              35.07611084000007
            ],
            [
              -92.64489746099997,
              35.07701110800008
            ],
            [
              -92.64550018299997,
              35.079311371000074
            ],
            [
              -92.64459991599995,
              35.08321380600006
            ],
            [
              -92.64089965899996,
              35.086612701000035
            ],
            [
              -92.62429809599996,
              35.093811035000044
            ],
            [
              -92.62169647199994,
              35.09721374500003
            ],
            [
              -92.62079620499998,
              35.10251236000005
            ],
            [
              -92.62279510499997,
              35.10771179200003
            ],
            [
              -92.63069915899996,
              35.111412048000034
            ],
            [
              -92.63789367699997,
              35.110511780000024
            ],
            [
              -92.64919280999999,
              35.10461044300007
            ],
            [
              -92.67479705799997,
              35.07891082800006
            ],
            [
              -92.69979858399995,
              35.07271194500004
            ],
            [
              -92.76860046499996,
              35.072113037000065
            ],
            [
              -93.04059600799997,
              35.07701110800008
            ],
            [
              -93.02689361599994,
              35.08801269500003
            ],
            [
              -93.02579498299997,
              35.090911865000066
            ],
            [
              -93.02839660599994,
              35.09921264600007
            ],
            [
              -93.04059600799997,
              35.105213165000066
            ],
            [
              -93.04100036699998,
              35.108512878000056
            ],
            [
              -93.03899383499999,
              35.10981369000007
            ],
            [
              -93.02459716799996,
              35.11231231700003
            ],
            [
              -93.02339935299995,
              35.114913940000065
            ],
            [
              -93.02069854699994,
              35.115112305000025
            ],
            [
              -93.01849365199996,
              35.11771392800006
            ],
            [
              -93.01029968299997,
              35.114410400000054
            ],
            [
              -92.99549865699998,
              35.116611481000064
            ],
            [
              -92.99139404299996,
              35.114810944000055
            ],
            [
              -92.98229980499997,
              35.116611481000064
            ],
            [
              -92.97879791299994,
              35.119113922000054
            ],
            [
              -92.97959899899996,
              35.122612
            ],
            [
              -92.975494385,
              35.12471389800004
            ],
            [
              -92.97839355499997,
              35.13141250600006
            ],
            [
              -92.97309875499997,
              35.13471221900005
            ],
            [
              -92.95549774199998,
              35.140911102000075
            ],
            [
              -92.94849395799997,
              35.15011215200008
            ],
            [
              -92.93919372599998,
              35.155410767000035
            ],
            [
              -92.93000030599995,
              35.164810181000064
            ],
            [
              -92.92509460499997,
              35.167713165000066
            ],
            [
              -92.85529327399996,
              35.173412323000036
            ],
            [
              -92.85059356699998,
              35.462913513000046
            ]
          ]
        ]
      }
    },
    {
      "type": "Feature",
      "properties": {
        "STATE": "AR",
        "ZONE": "062",
        "CWA": "LZK",
        "NAME": "Dallas",
        "STATE_ZONE": "AR062",
        "TIME_ZONE": "C"
      },
      "geometry": {
        "type": "Polygon",
        "coordinates": [
          [
            [
              -92.67839813199998,
              34.14961242700008
            ],
            [
              -92.49519348099994,
              34.144210815000065
            ],
            [
              -92.49299621599994,
              34.14281082200006
            ],
            [
              -92.49259948699995,
              34.137912750000055
            ],
            [
              -92.49009704599996,
              34.133911133000026
            ],
            [
              -92.47899627699996,
              34.13271331800007
            ],
            [
              -92.47589874299996,
              34.13491058300008
            ],
            [
              -92.47599792499994,
              34.13231277500006
            ],
            [
              -92.46869659499998,
              34.135913849000076
            ],
            [
              -92.46599578899998,
              34.13561248800005
            ],
            [
              -92.45739746099997,
              34.131210327000076
            ],
            [
              -92.45819854799998,
              34.12771225000006
            ],
            [
              -92.45289611799996,
              34.12771225000006
            ],
            [
              -92.44839477499994,
              34.12331390400004
            ],
            [
              -92.43699645999999,
              34.12631225600006
            ],
            [
              -92.42709350599995,
              34.124813080000024
            ],
            [
              -92.42529296899994,
              34.121913910000046
            ],
            [
              -92.41409301799996,
              34.114810944000055
            ],
            [
              -92.40839386099998,
              34.11391067500006
            ],
            [
              -92.40589904899997,
              34.11521148700007
            ],
            [
              -92.40169525099998,
              34.10951232900004
            ],
            [
              -92.40469360499998,
              34.10801315300006
            ],
            [
              -92.40319824199997,
              34.104812622000054
            ],
            [
              -92.39879608299998,
              34.105113983000024
            ],
            [
              -92.39029693599997,
              34.10141372700008
            ],
            [
              -92.38829803599998,
              34.09891128500004
            ],
            [
              -92.38889312699996,
              34.09591293300008
            ],
            [
              -92.38649749799998,
              34.09401321400003
            ],
            [
              -92.38479614299996,
              34.09591293300008
            ],
            [
              -92.38209533699995,
              34.09491348300003
            ],
            [
              -92.38089752299999,
              34.09131240800008
            ],
            [
              -92.37459564199997,
              34.08561325100004
            ],
            [
              -92.37099456899995,
              34.07721328700006
            ],
            [
              -92.37349700899995,
              34.07561111500007
            ],
            [
              -92.35639953599997,
              34.067913055000076
            ],
            [
              -92.35389709499998,
              34.067813873000034
            ],
            [
              -92.35439300499996,
              34.07101059000007
            ],
            [
              -92.34639739999994,
              34.06951141400003
            ],
            [
              -92.34559631299999,
              34.066810608000026
            ],
            [
              -92.33809661899994,
              34.06451034500003
            ],
            [
              -92.33689880399999,
              34.06071090700004
            ],
            [
              -92.34649658199999,
              34.05941009500003
            ],
            [
              -92.47169494599996,
              34.05701065100004
            ],
            [
              -92.47549438599998,
              33.97601318400007
            ],
            [
              -92.47419738799994,
              33.97271347000003
            ],
            [
              -92.45669555699999,
              33.97071075400004
            ],
            [
              -92.45149993899997,
              33.96141052200005
            ],
            [
              -92.44499969499998,
              33.959110260000045
            ],
            [
              -92.44269561799996,
              33.954612732000044
            ],
            [
              -92.43719482399996,
              33.95201110800008
            ],
            [
              -92.435699463,
              33.947113037000065
            ],
            [
              -92.42149352999996,
              33.94021225000006
            ],
            [
              -92.41929626499996,
              33.93431091300005
            ],
            [
              -92.41059875499997,
              33.92471313500005
            ],
            [
              -92.40999603299997,
              33.91741180400004
            ],
            [
              -92.40139770499997,
              33.913311005000025
            ],
            [
              -92.39989471399997,
              33.90181350700004
            ],
            [
              -92.39469909699994,
              33.88971328700006
            ],
            [
              -92.39489746099997,
              33.886611938000044
            ],
            [
              -92.38359832799995,
              33.874912262000066
            ],
            [
              -92.37939453099995,
              33.86771392800006
            ],
            [
              -92.36389923099995,
              33.85991287200005
            ],
            [
              -92.36289977999996,
              33.85761261000005
            ],
            [
              -92.35379791299994,
              33.852413177000074
            ],
            [
              -92.35229492199994,
              33.84861373900003
            ],
            [
              -92.34929656999998,
              33.846313477000024
            ],
            [
              -92.34980011,
              33.843112946000076
            ],
            [
              -92.34379577699997,
              33.84161377000004
            ],
            [
              -92.34149932899999,
              33.83901214600007
            ],
            [
              -92.33809661899994,
              33.82861328100006
            ],
            [
              -92.33949279799998,
              33.82561111500007
            ],
            [
              -92.33819580199997,
              33.82281112700008
            ],
            [
              -92.33899688699995,
              33.817913055000076
            ],
            [
              -92.33759307999998,
              33.816913605000025
            ],
            [
              -92.33649444599996,
              33.81031036400003
            ],
            [
              -92.34059905999999,
              33.803314209000064
            ],
            [
              -92.33489990199996,
              33.79541015600006
            ],
            [
              -92.89369964599996,
              33.809612274000074
            ],
            [
              -92.89459991499996,
              33.81221389800004
            ],
            [
              -92.89959716799996,
              33.81611251800007
            ],
            [
              -92.89529418899997,
              33.82261276200006
            ],
            [
              -92.88839721699998,
              33.824512482000046
            ],
            [
              -92.89249420199997,
              33.83061218300003
            ],
            [
              -92.89299774199998,
              33.83431243900003
            ],
            [
              -92.88569641099997,
              33.83481216400003
            ],
            [
              -92.87889862099996,
              33.837512970000034
            ],
            [
              -92.87669372599998,
              33.842010498000036
            ],
            [
              -92.87749481199995,
              33.84581375100004
            ],
            [
              -92.88059997599998,
              33.847312927000075
            ],
            [
              -92.88289642299998,
              33.85461044300007
            ],
            [
              -92.88509368899997,
              33.85651016200006
            ],
            [
              -92.89029693599997,
              33.85831069900007
            ],
            [
              -92.89279937699996,
              33.85671234100005
            ],
            [
              -92.90019988999995,
              33.856910706000065
            ],
            [
              -92.90569305399998,
              33.86251068100006
            ],
            [
              -92.90089416499995,
              33.867012024000076
            ],
            [
              -92.90659332299998,
              33.87471389800004
            ],
            [
              -92.90589904899997,
              33.87811279300007
            ],
            [
              -92.90339660599994,
              33.87991333000008
            ],
            [
              -92.90390014599996,
              33.883613586000024
            ],
            [
              -92.91269683899998,
              33.893611908000025
            ],
            [
              -92.91019439699994,
              33.897510529000044
            ],
            [
              -92.90279388399995,
              33.90091323900003
            ],
            [
              -92.89579772899998,
              33.90171051000004
            ],
            [
              -92.89379882799994,
              33.90351104700005
            ],
            [
              -92.89599609499999,
              33.90591049200003
            ],
            [
              -92.90799713099995,
              33.90831375100004
            ],
            [
              -92.90979766799995,
              33.91051101700003
            ],
            [
              -92.91039276099997,
              33.913311005000025
            ],
            [
              -92.90739440899995,
              33.91371154800004
            ],
            [
              -92.90839386,
              33.91741180400004
            ],
            [
              -92.91989898699995,
              33.925811768000074
            ],
            [
              -92.91880035399998,
              33.92891311600005
            ],
            [
              -92.91510009799998,
              33.92921066300005
            ],
            [
              -92.91320037799994,
              33.93201065100004
            ],
            [
              -92.916000366,
              33.934810638000044
            ],
            [
              -92.91909789999994,
              33.93591308600003
            ],
            [
              -92.92339324999995,
              33.92991256700003
            ],
            [
              -92.93299865699998,
              33.931510925000055
            ],
            [
              -92.93470001199995,
              33.93871307400008
            ],
            [
              -92.92859649699994,
              33.94681167600004
            ],
            [
              -92.93069457999997,
              33.94851303100006
            ],
            [
              -92.9375,
              33.94851303100006
            ],
            [
              -92.93759918199999,
              33.95511245700004
            ],
            [
              -92.940696716,
              33.960712433000026
            ],
            [
              -92.93879699699994,
              33.96671295200008
            ],
            [
              -92.94049835199996,
              33.96861267100007
            ],
            [
              -92.94619751,
              33.965511322000054
            ],
            [
              -92.94639587499995,
              33.96261215200008
            ],
            [
              -92.95009612999996,
              33.96341323900003
            ],
            [
              -92.95249938999996,
              33.969211578000056
            ],
            [
              -92.95939636299994,
              33.97071075400004
            ],
            [
              -92.96109771699997,
              33.974010468000074
            ],
            [
              -92.95339965799997,
              33.97811126700003
            ],
            [
              -92.94960021999998,
              33.98571014400005
            ],
            [
              -92.89309692399996,
              33.98331069900007
            ],
            [
              -92.88629913299997,
              34.15591049200003
            ],
            [
              -92.81399536099997,
              34.15161132800006
            ],
            [
              -92.67839813199998,
              34.14961242700008
            ]
          ]
        ]
      }
    },
    {
      "type": "Feature",
      "properties": {
        "STATE": "AR",
        "ZONE": "065",
        "CWA": "LZK",
        "NAME": "Desha",
        "STATE_ZONE": "AR065",
        "TIME_ZONE": "C"
      },
      "geometry": {
        "type": "Polygon",
        "coordinates": [
          [
            [
              -91.23130035499997,
              33.56101226800007
            ],
            [
              -91.24299621599994,
              33.56121063200004
            ],
            [
              -91.24469757099996,
              33.558712006000064
            ],
            [
              -91.24579620399999,
              33.517112732000044
            ],
            [
              -91.32449340799997,
              33.518611908000025
            ],
            [
              -91.32429504399994,
              33.526012421000075
            ],
            [
              -91.33319854699994,
              33.526313782000045
            ],
            [
              -91.33319854699994,
              33.53361129800004
            ],
            [
              -91.34619903599997,
              33.53361129800004
            ],
            [
              -91.34649658199999,
              33.52071380600006
            ],
            [
              -91.35079956099997,
              33.519512177000024
            ],
            [
              -91.34989929199998,
              33.56361007700008
            ],
            [
              -91.45349883999995,
              33.563613892000035
            ],
            [
              -91.45039367699997,
              33.77911377000004
            ],
            [
              -91.45639801099998,
              33.780410767000035
            ],
            [
              -91.52469634999994,
              33.78121185300006
            ],
            [
              -91.55729675299995,
              33.78341293300008
            ],
            [
              -91.55579376199995,
              33.86201095600006
            ],
            [
              -91.55379486199996,
              33.87411117600004
            ],
            [
              -91.54769897499995,
              33.976814270000034
            ],
            [
              -91.46569824199997,
              33.975811005000025
            ],
            [
              -91.46519470199996,
              34.00481033300008
            ],
            [
              -91.44509887699996,
              34.00451278700007
            ],
            [
              -91.44509887699996,
              33.99961090100004
            ],
            [
              -91.42209625299995,
              33.99931335400004
            ],
            [
              -91.42179870599995,
              34.01451110800008
            ],
            [
              -91.40839386,
              34.00451278700007
            ],
            [
              -91.39639282199994,
              33.985511780000024
            ],
            [
              -91.39319610599995,
              33.982810974000074
            ],
            [
              -91.38430023199999,
              33.980113983000024
            ],
            [
              -91.37899780299995,
              33.980113983000024
            ],
            [
              -91.37329864499998,
              33.98231124900008
            ],
            [
              -91.35299682599998,
              34.000812531000065
            ],
            [
              -91.34649658199999,
              34.00361251800007
            ],
            [
              -91.33279418899997,
              34.00551223800005
            ],
            [
              -91.32249450699999,
              34.00071334800003
            ],
            [
              -91.31929779099994,
              33.98871231100003
            ],
            [
              -91.32549285899995,
              33.97951126100003
            ],
            [
              -91.33339691199996,
              33.97481155400004
            ],
            [
              -91.34719848599997,
              33.971412659000066
            ],
            [
              -91.35609435999999,
              33.96531295800003
            ],
            [
              -91.35739898699995,
              33.96281051600005
            ],
            [
              -91.35619354199997,
              33.95941162100007
            ],
            [
              -91.34869384799998,
              33.955013275000056
            ],
            [
              -91.31049346899994,
              33.95981216400003
            ],
            [
              -91.28389739999994,
              33.973110199000075
            ],
            [
              -91.27929687499994,
              33.97391128500004
            ],
            [
              -91.27129363999995,
              33.97221374500003
            ],
            [
              -91.26259612999996,
              33.95771408100006
            ],
            [
              -91.25429534899996,
              33.95621109000007
            ],
            [
              -91.25109863299997,
              33.957412720000036
            ],
            [
              -91.23849487299998,
              33.97451019300007
            ],
            [
              -91.23449706999997,
              33.97701263400006
            ],
            [
              -91.22819518999995,
              33.978012085000046
            ],
            [
              -91.22059631299999,
              33.976711273000035
            ],
            [
              -91.21429443499994,
              33.97241210900006
            ],
            [
              -91.21189880399999,
              33.96531295800003
            ],
            [
              -91.21199798599997,
              33.95661163300008
            ],
            [
              -91.210395813,
              33.95511245700004
            ],
            [
              -91.19719695999999,
              33.95321273800005
            ],
            [
              -91.17919921899994,
              33.95851135300006
            ],
            [
              -91.17019653299997,
              33.95871353100006
            ],
            [
              -91.16469573999996,
              33.954113007000046
            ],
            [
              -91.16129302999997,
              33.94371414200003
            ],
            [
              -91.15859985499998,
              33.94051361100003
            ],
            [
              -91.15149688699995,
              33.938312531000065
            ],
            [
              -91.14909362799995,
              33.94321060200008
            ],
            [
              -91.14019775399998,
              33.94661331200007
            ],
            [
              -91.13939666699997,
              33.95161056500007
            ],
            [
              -91.13329315299995,
              33.95511245700004
            ],
            [
              -91.13379669199998,
              33.95881271400003
            ],
            [
              -91.14689636299994,
              33.97411346400003
            ],
            [
              -91.15670013399995,
              33.97701263400006
            ],
            [
              -91.15869903599997,
              33.97921371500007
            ],
            [
              -91.15909576399997,
              33.98241043100006
            ],
            [
              -91.15649414099994,
              33.990112305000025
            ],
            [
              -91.16179656999998,
              34.00471115100004
            ],
            [
              -91.16729736399998,
              34.01231384300007
            ],
            [
              -91.17219543499994,
              34.015911102000075
            ],
            [
              -91.18419647199994,
              34.01781082200006
            ],
            [
              -91.18369293299997,
              34.02811050400004
            ],
            [
              -91.18549346899994,
              34.03111267100007
            ],
            [
              -91.19249725299994,
              34.03271102900004
            ],
            [
              -91.195297241,
              34.035713196000074
            ],
            [
              -91.19669342099996,
              34.051010132000044
            ],
            [
              -91.18909454299995,
              34.05971145600006
            ],
            [
              -91.18799591199996,
              34.06301116900005
            ],
            [
              -91.19359588699996,
              34.06931304900007
            ],
            [
              -91.19409942599998,
              34.071910858000024
            ],
            [
              -91.19129943799999,
              34.073413849000076
            ],
            [
              -91.18599700899995,
              34.07201385500008
            ],
            [
              -91.18339538599997,
              34.07361221300005
            ],
            [
              -91.18589782699996,
              34.077510834000066
            ],
            [
              -91.186096191,
              34.08141326900005
            ],
            [
              -91.17440033099996,
              34.08861160300006
            ],
            [
              -91.16839599599996,
              34.094211578000056
            ],
            [
              -91.162994385,
              34.09221267700008
            ],
            [
              -91.15779876699997,
              34.08601379400005
            ],
            [
              -91.15159606899994,
              34.08471298200004
            ],
            [
              -91.14929962199994,
              34.085910797000054
            ],
            [
              -91.14799499499998,
              34.08891296400003
            ],
            [
              -91.14959716799996,
              34.10311126700003
            ],
            [
              -91.14389800999999,
              34.10121154800004
            ],
            [
              -91.14169311499995,
              34.102611542000034
            ],
            [
              -91.14369964599996,
              34.105911255000024
            ],
            [
              -91.14279937699996,
              34.10991287200005
            ],
            [
              -91.14039611899994,
              34.111511230000076
            ],
            [
              -91.13199615499997,
              34.10681152300003
            ],
            [
              -91.12549591099997,
              34.105911255000024
            ],
            [
              -91.12319946299993,
              34.106910706000065
            ],
            [
              -91.11769866899994,
              34.11951065100004
            ],
            [
              -90.95539855999994,
              34.11951065100004
            ],
            [
              -90.94629669199998,
              34.109413147000055
            ],
            [
              -90.91839599699995,
              34.093013763000044
            ],
            [
              -90.90110015899995,
              34.09471130400004
            ],
            [
              -90.89159393299997,
              34.09801101700003
            ],
            [
              -90.88349914599996,
              34.09691238400006
            ],
            [
              -90.87889862099996,
              34.09461212200006
            ],
            [
              -90.87209320099998,
              34.08681106600005
            ],
            [
              -90.87109375099999,
              34.07901382400007
            ],
            [
              -90.87409973099994,
              34.07281112700008
            ],
            [
              -90.88779449599997,
              34.05541229200003
            ],
            [
              -90.88899993999996,
              34.04761123700007
            ],
            [
              -90.88710021999998,
              34.033710480000025
            ],
            [
              -90.89039611799996,
              34.02821350100004
            ],
            [
              -90.90259551999998,
              34.023212433000026
            ],
            [
              -90.912094116,
              34.02201080300006
            ],
            [
              -90.92279815699999,
              34.023212433000026
            ],
            [
              -90.94269561799996,
              34.018013
            ],
            [
              -90.95029449499998,
              34.01781082200006
            ],
            [
              -90.97069549599996,
              34.02161407500006
            ],
            [
              -90.98799896199995,
              34.01901245100004
            ],
            [
              -90.97989654499997,
              33.99871063200004
            ],
            [
              -90.96819305499997,
              33.98851394700006
            ],
            [
              -90.96139526399998,
              33.97901153600003
            ],
            [
              -90.96259307899999,
              33.970413208000025
            ],
            [
              -90.96769714399994,
              33.96341323900003
            ],
            [
              -90.97579956099997,
              33.96061325100004
            ],
            [
              -90.98339843799994,
              33.96021270800003
            ],
            [
              -90.99839782699996,
              33.96501159700006
            ],
            [
              -91.00259399399994,
              33.970413208000025
            ],
            [
              -91.01889801099998,
              34.00311279300007
            ],
            [
              -91.03419494599996,
              33.99481201200007
            ],
            [
              -91.04279327399996,
              33.986812592000035
            ],
            [
              -91.04839324999995,
              33.98511123700007
            ],
            [
              -91.07539367699997,
              33.98361206100003
            ],
            [
              -91.08319854799998,
              33.97991180400004
            ],
            [
              -91.08789825399998,
              33.97531127900004
            ],
            [
              -91.08979797399996,
              33.96971130400004
            ],
            [
              -91.08950042699996,
              33.96391296400003
            ],
            [
              -91.08819580099998,
              33.96021270800003
            ],
            [
              -91.08359527599998,
              33.95601272600004
            ],
            [
              -91.03909301799996,
              33.944911957000045
            ],
            [
              -91.02119445799997,
              33.937713623000036
            ],
            [
              -91.01099395799997,
              33.93021392800006
            ],
            [
              -91.01089477499994,
              33.92551040600006
            ],
            [
              -91.02639770499997,
              33.90801239000007
            ],
            [
              -91.05529785199997,
              33.88301086400003
            ],
            [
              -91.07089996299999,
              33.86671066300005
            ],
            [
              -91.07279968299997,
              33.862411499000075
            ],
            [
              -91.07279968299997,
              33.85621261600005
            ],
            [
              -91.06689453099995,
              33.83971023600003
            ],
            [
              -91.04679870599995,
              33.81551361100003
            ],
            [
              -91.023796082,
              33.805610657000045
            ],
            [
              -91.00849914599996,
              33.80281066900005
            ],
            [
              -91.00039672899999,
              33.79961013800005
            ],
            [
              -90.99129486099997,
              33.79171371500007
            ],
            [
              -90.98849487299998,
              33.78451156600005
            ],
            [
              -90.98939514199998,
              33.780612946000076
            ],
            [
              -90.99379730199996,
              33.77361297600004
            ],
            [
              -91.00009918199999,
              33.769210815000065
            ],
            [
              -91.02239990199996,
              33.76311111500007
            ],
            [
              -91.02679443399995,
              33.76361084000007
            ],
            [
              -91.05269622799995,
              33.77811050400004
            ],
            [
              -91.08549499499998,
              33.77641296400003
            ],
            [
              -91.10729980599996,
              33.77061080900006
            ],
            [
              -91.11769866899994,
              33.77891159100005
            ],
            [
              -91.12469482399996,
              33.78241348300003
            ],
            [
              -91.13219451899994,
              33.78341293300008
            ],
            [
              -91.13729858499994,
              33.77991104100005
            ],
            [
              -91.14199829099994,
              33.773811340000066
            ],
            [
              -91.14499664299996,
              33.76571273800005
            ],
            [
              -91.14099883999995,
              33.759811401000036
            ],
            [
              -91.14429473899997,
              33.75201034500003
            ],
            [
              -91.14339446999998,
              33.74721145600006
            ],
            [
              -91.14659881599994,
              33.73371124300007
            ],
            [
              -91.14499664299996,
              33.72721099900008
            ],
            [
              -91.13229370099998,
              33.71411132800006
            ],
            [
              -91.12579345699999,
              33.70901107800006
            ],
            [
              -91.11719512899998,
              33.70531082200006
            ],
            [
              -91.10479736299999,
              33.70471191400003
            ],
            [
              -91.08909606999998,
              33.70771408100006
            ],
            [
              -91.06869506899994,
              33.71641159100005
            ],
            [
              -91.06079864499998,
              33.71521377600004
            ],
            [
              -91.04759979199997,
              33.707012177000024
            ],
            [
              -91.03899383599997,
              33.69661331200007
            ],
            [
              -91.03589630199997,
              33.68911361700003
            ],
            [
              -91.03089904799998,
              33.687911987000064
            ],
            [
              -91.03019714399994,
              33.682811737000065
            ],
            [
              -91.031799316,
              33.67741012600004
            ],
            [
              -91.03569793699995,
              33.672111511000026
            ],
            [
              -91.04129791299994,
              33.669712067000034
            ],
            [
              -91.05919647199994,
              33.666412354000045
            ],
            [
              -91.07849883999995,
              33.65831375100004
            ],
            [
              -91.09109497099996,
              33.65771102900004
            ],
            [
              -91.10099792499994,
              33.66051101700003
            ],
            [
              -91.12960052499994,
              33.674011230000076
            ],
            [
              -91.16059875499997,
              33.706813812000064
            ],
            [
              -91.17569732699997,
              33.70311355600006
            ],
            [
              -91.20659637499995,
              33.70051193200004
            ],
            [
              -91.21509551999998,
              33.69651031500007
            ],
            [
              -91.22309875499997,
              33.69021225000006
            ],
            [
              -91.22729492299999,
              33.68421173100006
            ],
            [
              -91.22899627699996,
              33.67751312300004
            ],
            [
              -91.22649383499999,
              33.66871261600005
            ],
            [
              -91.21599578899998,
              33.66011047400008
            ],
            [
              -91.18239593499999,
              33.65271377600004
            ],
            [
              -91.16419982999997,
              33.643310547000056
            ],
            [
              -91.13719940199996,
              33.62321090700004
            ],
            [
              -91.13129424999994,
              33.61201095600006
            ],
            [
              -91.13049316399997,
              33.604812622000054
            ],
            [
              -91.13399505599995,
              33.594512939000026
            ],
            [
              -91.153396607,
              33.58231353800005
            ],
            [
              -91.16079711999998,
              33.58131027200005
            ],
            [
              -91.17709350599995,
              33.58281326300005
            ],
            [
              -91.19829559299995,
              33.572010040000066
            ],
            [
              -91.22409820599995,
              33.56741333000008
            ],
            [
              -91.23130035499997,
              33.56101226800007
            ]
          ]
        ]
      }
    },
    {
      "type": "Feature",
      "properties": {
        "STATE": "AR",
        "ZONE": "069",
        "CWA": "LZK",
        "NAME": "Drew",
        "STATE_ZONE": "AR069",
        "TIME_ZONE": "C"
      },
      "geometry": {
        "type": "Polygon",
        "coordinates": [
          [
            [
              -91.66389465399999,
              33.79221344000007
            ],
            [
              -91.52469634999994,
              33.78121185300006
            ],
            [
              -91.45639801099998,
              33.780410767000035
            ],
            [
              -91.45039367699997,
              33.77911377000004
            ],
            [
              -91.45389556899994,
              33.534812927000075
            ],
            [
              -91.45759582499994,
              33.389011383000025
            ],
            [
              -91.98959350599995,
              33.39811325100004
            ],
            [
              -92.00049591099997,
              33.412513733000026
            ],
            [
              -92.00179290799997,
              33.41671371500007
            ],
            [
              -91.99929809599996,
              33.421012878000056
            ],
            [
              -92.00049591099997,
              33.42661285400004
            ],
            [
              -91.99269866899994,
              33.43621063200004
            ],
            [
              -91.99759674099994,
              33.44171142600004
            ],
            [
              -92.01210021999998,
              33.44671249400005
            ],
            [
              -92.01529693599997,
              33.45491027800006
            ],
            [
              -92.00879669199998,
              33.46761322000003
            ],
            [
              -92.00009918199999,
              33.474010468000074
            ],
            [
              -92.00569915799997,
              33.48051071200007
            ],
            [
              -92.00859832899994,
              33.486614227000075
            ],
            [
              -92.00799560499996,
              33.49391174300007
            ],
            [
              -91.99949645999999,
              33.50071334800003
            ],
            [
              -92.00109863299997,
              33.50841140700004
            ],
            [
              -92.00559997599998,
              33.510513306000064
            ],
            [
              -91.99969482399996,
              33.51481246900005
            ],
            [
              -92.00479888899997,
              33.51691055300006
            ],
            [
              -92.00289916999998,
              33.519611359000066
            ],
            [
              -92.00869751,
              33.523410797000054
            ],
            [
              -92.00819396999998,
              33.52881240800008
            ],
            [
              -91.97609710699999,
              33.53031158400006
            ],
            [
              -91.97599792499994,
              33.79181289700006
            ],
            [
              -91.66389465399999,
              33.79221344000007
            ]
          ]
        ]
      }
    },
    {
      "type": "Feature",
      "properties": {
        "STATE": "AR",
        "ZONE": "032",
        "CWA": "LZK",
        "NAME": "Faulkner",
        "STATE_ZONE": "AR032",
        "TIME_ZONE": "C"
      },
      "geometry": {
        "type": "Polygon",
        "coordinates": [
          [
            [
              -92.25279998799994,
              35.363712312000075
            ],
            [
              -92.11149597199994,
              35.362712860000045
            ],
            [
              -92.12039947499994,
              35.01221084600007
            ],
            [
              -92.22749328599997,
              35.01451110800008
            ],
            [
              -92.22989654499997,
              34.92711257900004
            ],
            [
              -92.41889953699996,
              34.93161010700004
            ],
            [
              -92.41790008499999,
              34.92921066300005
            ],
            [
              -92.41419982899998,
              34.92711257900004
            ],
            [
              -92.41459655799997,
              34.92461395300006
            ],
            [
              -92.41749572799995,
              34.92421340900006
            ],
            [
              -92.41599273699995,
              34.916412354000045
            ],
            [
              -92.41819763199999,
              34.91571044900007
            ],
            [
              -92.41790008499999,
              34.91381073000008
            ],
            [
              -92.42319488499999,
              34.91111373900003
            ],
            [
              -92.43369293199999,
              34.908912659000066
            ],
            [
              -92.43709564199997,
              34.903312683000024
            ],
            [
              -92.44419860799997,
              34.90501022300003
            ],
            [
              -92.44819641099997,
              34.89731216400003
            ],
            [
              -92.44759368899997,
              34.885711670000035
            ],
            [
              -92.44359588599997,
              34.87761306800007
            ],
            [
              -92.44269561799996,
              34.87181091300005
            ],
            [
              -92.44269561799996,
              34.86771011400003
            ],
            [
              -92.44680023199999,
              34.859611511000026
            ],
            [
              -92.44639587399996,
              34.855911255000024
            ],
            [
              -92.43809509399995,
              34.84651184100005
            ],
            [
              -92.43669891399998,
              34.842910767000035
            ],
            [
              -92.45699310299995,
              34.852813721000075
            ],
            [
              -92.46319580099998,
              34.85991287200005
            ],
            [
              -92.46389770499997,
              34.86831283600003
            ],
            [
              -92.451698304,
              34.89371109000007
            ],
            [
              -92.45059966999997,
              34.90031051600005
            ],
            [
              -92.45329284699994,
              34.906711578000056
            ],
            [
              -92.46239471399997,
              34.91761016800007
            ],
            [
              -92.46429443399995,
              34.92931366000005
            ],
            [
              -92.47519683899998,
              34.94511032100007
            ],
            [
              -92.48639678999996,
              34.951713562000066
            ],
            [
              -92.49879455599995,
              34.952812195000035
            ],
            [
              -92.52529907199994,
              34.95071029700006
            ],
            [
              -92.54429626499996,
              34.952613831000065
            ],
            [
              -92.56119537399996,
              34.957912445000034
            ],
            [
              -92.57769775399998,
              34.96661377000004
            ],
            [
              -92.58809661899994,
              34.97611236600005
            ],
            [
              -92.59439849899996,
              34.98721313500005
            ],
            [
              -92.59839630099998,
              35.00011062600004
            ],
            [
              -92.59359741299994,
              35.011711121000076
            ],
            [
              -92.58639526399998,
              35.01851272600004
            ],
            [
              -92.56989288299997,
              35.02851104700005
            ],
            [
              -92.55749511699997,
              35.03851318400007
            ],
            [
              -92.55039977999996,
              35.04651260400004
            ],
            [
              -92.54549407999997,
              35.05511093100006
            ],
            [
              -92.54069518999995,
              35.07831192000003
            ],
            [
              -92.54149627699996,
              35.088512421000075
            ],
            [
              -92.54979705799997,
              35.10951232900004
            ],
            [
              -92.55469512899998,
              35.11341095000006
            ],
            [
              -92.55459594699994,
              35.11641311600005
            ],
            [
              -92.54339599599996,
              35.126010895000036
            ],
            [
              -92.53339386,
              35.11451339700005
            ],
            [
              -92.52179717999996,
              35.114711761000024
            ],
            [
              -92.51499938999996,
              35.130210876000035
            ],
            [
              -92.51069641099997,
              35.13561248800005
            ],
            [
              -92.50599670399998,
              35.13821029700006
            ],
            [
              -92.50879669199998,
              35.143310547000056
            ],
            [
              -92.50389862099996,
              35.14801025400004
            ],
            [
              -92.50389862099996,
              35.160011292000036
            ],
            [
              -92.50189971899994,
              35.16281127900004
            ],
            [
              -92.50689697299998,
              35.16601181000004
            ],
            [
              -92.50439453099995,
              35.168510437000066
            ],
            [
              -92.50019836399997,
              35.16911315900006
            ],
            [
              -92.50259399399994,
              35.17231369000007
            ],
            [
              -92.50039672899999,
              35.17501068100006
            ],
            [
              -92.50709533699995,
              35.176513672000056
            ],
            [
              -92.51159667999997,
              35.18101120000006
            ],
            [
              -92.51949310299995,
              35.18451309200003
            ],
            [
              -92.51939392199995,
              35.18661117600004
            ],
            [
              -92.52149963399995,
              35.186111450000055
            ],
            [
              -92.52849578899998,
              35.19051361100003
            ],
            [
              -92.52729797399996,
              35.20091247600004
            ],
            [
              -92.52549743699996,
              35.20421218900003
            ],
            [
              -92.52719879199998,
              35.20951080300006
            ],
            [
              -92.52279663199994,
              35.215911865000066
            ],
            [
              -92.52629852299998,
              35.21911239600007
            ],
            [
              -92.52949523899997,
              35.21941375700004
            ],
            [
              -92.53069305399998,
              35.225410461000024
            ],
            [
              -92.527893066,
              35.230411530000026
            ],
            [
              -92.52209472699997,
              35.22831344600007
            ],
            [
              -92.52249908499994,
              35.231010437000066
            ],
            [
              -92.51549529999994,
              35.232810974000074
            ],
            [
              -92.51239776599994,
              35.244010925000055
            ],
            [
              -92.51009368899997,
              35.245311737000065
            ],
            [
              -92.51079559299995,
              35.24041366600005
            ],
            [
              -92.50459289599996,
              35.24031066900005
            ],
            [
              -92.50549316499996,
              35.24251174900007
            ],
            [
              -92.50359344499998,
              35.24591064500004
            ],
            [
              -92.50549316499996,
              35.24811172500006
            ],
            [
              -92.51009368899997,
              35.24911117600004
            ],
            [
              -92.51119995099998,
              35.251911163000045
            ],
            [
              -92.51389312699996,
              35.25341033900003
            ],
            [
              -92.51419830299994,
              35.25701141400003
            ],
            [
              -92.50639343299997,
              35.25841140700004
            ],
            [
              -92.494499207,
              35.26641082800006
            ],
            [
              -92.498199463,
              35.26691055300006
            ],
            [
              -92.49479675299995,
              35.27201080300006
            ],
            [
              -92.49169921899994,
              35.27441406200006
            ],
            [
              -92.48779296899994,
              35.27361297600004
            ],
            [
              -92.48529815699999,
              35.276012421000075
            ],
            [
              -92.48149871799995,
              35.368110657000045
            ],
            [
              -92.25279998799994,
              35.363712312000075
            ]
          ]
        ]
      }
    },
    {
      "type": "Feature",
      "properties": {
        "STATE": "AR",
        "ZONE": "006",
        "CWA": "LZK",
        "NAME": "Fulton",
        "STATE_ZONE": "AR006",
        "TIME_ZONE": "C"
      },
      "geometry": {
        "type": "Polygon",
        "coordinates": [
          [
            [
              -91.45009612999996,
              36.497112274000074
            ],
            [
              -91.45269775399998,
              36.44431304900007
            ],
            [
              -91.45439910899995,
              36.33551025400004
            ],
            [
              -91.56559753399995,
              36.33701324500004
            ],
            [
              -91.56589508099995,
              36.25761413600003
            ],
            [
              -91.56709289699995,
              36.25001144400005
            ],
            [
              -91.64519500699998,
              36.25291061400003
            ],
            [
              -91.99659728999995,
              36.257213593000074
            ],
            [
              -92.15789794899996,
              36.26121139500003
            ],
            [
              -92.15909576399997,
              36.27571106000005
            ],
            [
              -92.15159606899994,
              36.413311005000025
            ],
            [
              -92.15029907299999,
              36.49861141700006
            ],
            [
              -91.67229461699998,
              36.49971389800004
            ],
            [
              -91.50539398199999,
              36.498912811000025
            ],
            [
              -91.45009612999996,
              36.497112274000074
            ]
          ]
        ]
      }
    },
    {
      "type": "Feature",
      "properties": {
        "STATE": "AR",
        "ZONE": "042",
        "CWA": "LZK",
        "NAME": "Garland",
        "STATE_ZONE": "AR042",
        "TIME_ZONE": "C"
      },
      "geometry": {
        "type": "Polygon",
        "coordinates": [
          [
            [
              -93.28779602099996,
              34.773212433000026
            ],
            [
              -93.26989746099997,
              34.77201080300006
            ],
            [
              -92.96929931699998,
              34.77231216400003
            ],
            [
              -92.96969604499998,
              34.68781280500008
            ],
            [
              -92.969993591,
              34.68501281700003
            ],
            [
              -92.97929382299998,
              34.68441009500003
            ],
            [
              -92.97989654499997,
              34.63811111500007
            ],
            [
              -92.87549591099997,
              34.634811401000036
            ],
            [
              -92.87609863299997,
              34.59111022900004
            ],
            [
              -92.80919647199994,
              34.590511322000054
            ],
            [
              -92.80899810799997,
              34.56221389800004
            ],
            [
              -92.79159545899995,
              34.56131362900004
            ],
            [
              -92.79290008499999,
              34.50381088300003
            ],
            [
              -92.91510009799998,
              34.506111145000034
            ],
            [
              -92.91389465299994,
              34.448810577000074
            ],
            [
              -92.94789886499996,
              34.449111938000044
            ],
            [
              -92.94759368899997,
              34.39951324500004
            ],
            [
              -92.94799804699994,
              34.38981246900005
            ],
            [
              -92.95029449499998,
              34.38931274400005
            ],
            [
              -93.40719604499998,
              34.39681243900003
            ],
            [
              -93.40219879199998,
              34.685211182000046
            ],
            [
              -93.39389800999999,
              34.68551254300007
            ],
            [
              -93.39449310299995,
              34.77231216400003
            ],
            [
              -93.28779602099996,
              34.773212433000026
            ]
          ]
        ]
      }
    },
    {
      "type": "Feature",
      "properties": {
        "STATE": "AR",
        "ZONE": "055",
        "CWA": "LZK",
        "NAME": "Grant",
        "STATE_ZONE": "AR055",
        "TIME_ZONE": "C"
      },
      "geometry": {
        "type": "Polygon",
        "coordinates": [
          [
            [
              -92.39999389599996,
              34.49571228000008
            ],
            [
              -92.20849609399994,
              34.49281311000004
            ],
            [
              -92.20779418899997,
              34.489410400000054
            ],
            [
              -92.21269988999995,
              34.23931121800007
            ],
            [
              -92.21339416499995,
              34.230411530000026
            ],
            [
              -92.23259735099998,
              34.22951126100003
            ],
            [
              -92.23339843799994,
              34.062313080000024
            ],
            [
              -92.33449554399994,
              34.05971145600006
            ],
            [
              -92.33689880399999,
              34.06071090700004
            ],
            [
              -92.33809661899994,
              34.06451034500003
            ],
            [
              -92.34559631299999,
              34.066810608000026
            ],
            [
              -92.34639739999994,
              34.06951141400003
            ],
            [
              -92.35439300499996,
              34.07101059000007
            ],
            [
              -92.35389709499998,
              34.067813873000034
            ],
            [
              -92.35639953599997,
              34.067913055000076
            ],
            [
              -92.37349700899995,
              34.07561111500007
            ],
            [
              -92.37099456899995,
              34.07721328700006
            ],
            [
              -92.37459564199997,
              34.08561325100004
            ],
            [
              -92.38089752299999,
              34.09131240800008
            ],
            [
              -92.38209533699995,
              34.09491348300003
            ],
            [
              -92.38479614299996,
              34.09591293300008
            ],
            [
              -92.38649749799998,
              34.09401321400003
            ],
            [
              -92.38889312699996,
              34.09591293300008
            ],
            [
              -92.38829803599998,
              34.09891128500004
            ],
            [
              -92.39029693599997,
              34.10141372700008
            ],
            [
              -92.39879608299998,
              34.105113983000024
            ],
            [
              -92.40319824199997,
              34.104812622000054
            ],
            [
              -92.40469360499998,
              34.10801315300006
            ],
            [
              -92.40169525099998,
              34.10951232900004
            ],
            [
              -92.40589904899997,
              34.11521148700007
            ],
            [
              -92.40839386099998,
              34.11391067500006
            ],
            [
              -92.41409301799996,
              34.114810944000055
            ],
            [
              -92.42529296899994,
              34.121913910000046
            ],
            [
              -92.42709350599995,
              34.124813080000024
            ],
            [
              -92.43699645999999,
              34.12631225600006
            ],
            [
              -92.44839477499994,
              34.12331390400004
            ],
            [
              -92.45289611799996,
              34.12771225000006
            ],
            [
              -92.45819854799998,
              34.12771225000006
            ],
            [
              -92.45739746099997,
              34.131210327000076
            ],
            [
              -92.46599578899998,
              34.13561248800005
            ],
            [
              -92.46869659499998,
              34.135913849000076
            ],
            [
              -92.47599792499994,
              34.13231277500006
            ],
            [
              -92.47589874299996,
              34.13491058300008
            ],
            [
              -92.47899627699996,
              34.13271331800007
            ],
            [
              -92.49009704599996,
              34.133911133000026
            ],
            [
              -92.49259948699995,
              34.137912750000055
            ],
            [
              -92.49299621599994,
              34.14281082200006
            ],
            [
              -92.49519348099994,
              34.144210815000065
            ],
            [
              -92.67839813199998,
              34.14961242700008
            ],
            [
              -92.67630004899996,
              34.233512878000056
            ],
            [
              -92.673095704,
              34.24901199300007
            ],
            [
              -92.66869354199997,
              34.414211273000035
            ],
            [
              -92.623199463,
              34.413311005000025
            ],
            [
              -92.62119293199999,
              34.411811829000044
            ],
            [
              -92.62089538599997,
              34.414810181000064
            ],
            [
              -92.61779785199997,
              34.41371154800004
            ],
            [
              -92.61839294399994,
              34.41711044300007
            ],
            [
              -92.62239837599998,
              34.418811798000036
            ],
            [
              -92.62429809599996,
              34.42161178600003
            ],
            [
              -92.62310028099995,
              34.42561340300006
            ],
            [
              -92.615592957,
              34.43271255500008
            ],
            [
              -92.61339569199998,
              34.429111481000064
            ],
            [
              -92.60239410399998,
              34.43841171300005
            ],
            [
              -92.59799957299998,
              34.44451141400003
            ],
            [
              -92.596397401,
              34.452613831000065
            ],
            [
              -92.589996338,
              34.455013275000056
            ],
            [
              -92.40469360499998,
              34.45191192600004
            ],
            [
              -92.40339660599994,
              34.49501037600004
            ],
            [
              -92.39999389599996,
              34.49571228000008
            ]
          ]
        ]
      }
    },
    {
      "type": "Feature",
      "properties": {
        "STATE": "AR",
        "ZONE": "054",
        "CWA": "LZK",
        "NAME": "Hot Spring",
        "STATE_ZONE": "AR054",
        "TIME_ZONE": "C"
      },
      "geometry": {
        "type": "Polygon",
        "coordinates": [
          [
            [
              -92.91510009799998,
              34.506111145000034
            ],
            [
              -92.73829650999994,
              34.50331115700004
            ],
            [
              -92.73880004899996,
              34.47391128500004
            ],
            [
              -92.686096191,
              34.473110199000075
            ],
            [
              -92.68499755899995,
              34.46961212200006
            ],
            [
              -92.68619537399996,
              34.41471099900008
            ],
            [
              -92.66869354199997,
              34.414211273000035
            ],
            [
              -92.673095704,
              34.24901199300007
            ],
            [
              -92.67630004899996,
              34.233512878000056
            ],
            [
              -92.67839813199998,
              34.14961242700008
            ],
            [
              -92.81399536099997,
              34.15161132800006
            ],
            [
              -92.87659454299995,
              34.155612946000076
            ],
            [
              -93.02009582499994,
              34.159812927000075
            ],
            [
              -93.02859497099996,
              34.161510468000074
            ],
            [
              -93.03519439699994,
              34.154613495000035
            ],
            [
              -93.03879547099996,
              34.155612946000076
            ],
            [
              -93.04169464099994,
              34.15931320200008
            ],
            [
              -93.04089355499997,
              34.16461181600005
            ],
            [
              -93.04279327399996,
              34.166412354000045
            ],
            [
              -93.04389953599997,
              34.174114227000075
            ],
            [
              -93.04249572799995,
              34.181114197000056
            ],
            [
              -93.03609466599994,
              34.19481277500006
            ],
            [
              -93.02599334699994,
              34.20191192600004
            ],
            [
              -93.02779388399995,
              34.211612701000035
            ],
            [
              -93.03259277299998,
              34.21451187100007
            ],
            [
              -93.03359985399999,
              34.21741104100005
            ],
            [
              -93.03059387199994,
              34.220413208000025
            ],
            [
              -93.03909301799996,
              34.22221374500003
            ],
            [
              -93.03769683799999,
              34.22631073000008
            ],
            [
              -93.03439331099997,
              34.228912354000045
            ],
            [
              -93.03399658199999,
              34.23541259800004
            ],
            [
              -93.03969573999996,
              34.23711395300006
            ],
            [
              -93.05089569199998,
              34.23541259800004
            ],
            [
              -93.05690002399996,
              34.23711395300006
            ],
            [
              -93.07779693699996,
              34.23561096200007
            ],
            [
              -93.08049774199998,
              34.23601150500008
            ],
            [
              -93.07999420199997,
              34.239212036000026
            ],
            [
              -93.08319854699994,
              34.23931121800007
            ],
            [
              -93.08449554399994,
              34.235713959000066
            ],
            [
              -93.09079742499995,
              34.23781204200003
            ],
            [
              -93.08949279799998,
              34.24491119400005
            ],
            [
              -93.09489440899995,
              34.24581146200006
            ],
            [
              -93.19419860799997,
              34.24791336100003
            ],
            [
              -93.19939422599998,
              34.24911117600004
            ],
            [
              -93.19829559299995,
              34.27691268900003
            ],
            [
              -93.35679626499996,
              34.28031158400006
            ],
            [
              -93.35579681399997,
              34.338710785000046
            ],
            [
              -93.40859985499998,
              34.33951187100007
            ],
            [
              -93.40719604499998,
              34.39681243900003
            ],
            [
              -92.94799804699994,
              34.38981246900005
            ],
            [
              -92.94789886499996,
              34.449111938000044
            ],
            [
              -92.91389465299994,
              34.448810577000074
            ],
            [
              -92.91510009799998,
              34.506111145000034
            ]
          ]
        ]
      }
    },
    {
      "type": "Feature",
      "properties": {
        "STATE": "AR",
        "ZONE": "016",
        "CWA": "LZK",
        "NAME": "Independence",
        "STATE_ZONE": "AR016",
        "TIME_ZONE": "C"
      },
      "geometry": {
        "type": "Polygon",
        "coordinates": [
          [
            [
              -91.75339508099995,
              35.942813873000034
            ],
            [
              -91.67499542299998,
              35.93991088900003
            ],
            [
              -91.46360015899995,
              35.93691253700007
            ],
            [
              -91.46450042699996,
              35.89681243900003
            ],
            [
              -91.46429443399995,
              35.89291381800007
            ],
            [
              -91.46209716799996,
              35.89241409300007
            ],
            [
              -91.200798035,
              35.88951110800008
            ],
            [
              -91.20229339599996,
              35.88781356800007
            ],
            [
              -91.19949340799997,
              35.886611938000044
            ],
            [
              -91.19829559299995,
              35.88411331200007
            ],
            [
              -91.20419311499995,
              35.88471221900005
            ],
            [
              -91.21170043899997,
              35.882110596000075
            ],
            [
              -91.21599578899998,
              35.88251113900003
            ],
            [
              -91.21829986699998,
              35.88081359900008
            ],
            [
              -91.21360015899995,
              35.86691284200003
            ],
            [
              -91.21019744899996,
              35.864212036000026
            ],
            [
              -91.210395813,
              35.86131286600005
            ],
            [
              -91.21269988999995,
              35.85861206100003
            ],
            [
              -91.21889495799996,
              35.856910706000065
            ],
            [
              -91.22099304199998,
              35.85231399500003
            ],
            [
              -91.21759796099997,
              35.84861373900003
            ],
            [
              -91.22789764499998,
              35.84401321400003
            ],
            [
              -91.23089599599996,
              35.83781051600005
            ],
            [
              -91.23519897499995,
              35.83351135300006
            ],
            [
              -91.24679565399998,
              35.83431243900003
            ],
            [
              -91.24799346899994,
              35.83121109000007
            ],
            [
              -91.24659728999995,
              35.82851028400006
            ],
            [
              -91.24109649699994,
              35.82851028400006
            ],
            [
              -91.23289489699994,
              35.823810577000074
            ],
            [
              -91.23829650899995,
              35.82261276200006
            ],
            [
              -91.23839569099994,
              35.81831359900008
            ],
            [
              -91.230995179,
              35.81551361100003
            ],
            [
              -91.23199462899998,
              35.812911987000064
            ],
            [
              -91.24679565399998,
              35.81261062600004
            ],
            [
              -91.25519561799996,
              35.80801391600005
            ],
            [
              -91.25909423799999,
              35.81081390400004
            ],
            [
              -91.26149749799998,
              35.80581283600003
            ],
            [
              -91.26029968299997,
              35.80361175500008
            ],
            [
              -91.25039672899999,
              35.80331039400005
            ],
            [
              -91.24729919399994,
              35.80061340300006
            ],
            [
              -91.25009918199999,
              35.798011780000024
            ],
            [
              -91.25829315199996,
              35.79661178600003
            ],
            [
              -91.27239990199996,
              35.78891372700008
            ],
            [
              -91.27909851099997,
              35.792510986000025
            ],
            [
              -91.28219604499998,
              35.790512085000046
            ],
            [
              -91.28209686299994,
              35.78511047400008
            ],
            [
              -91.28779602099996,
              35.78181076000004
            ],
            [
              -91.28469848599997,
              35.775611877000074
            ],
            [
              -91.28049468999995,
              35.77451324500004
            ],
            [
              -91.28319549599996,
              35.77311325100004
            ],
            [
              -91.28939819299995,
              35.773410797000054
            ],
            [
              -91.29209899899996,
              35.771713257000044
            ],
            [
              -91.29019927999997,
              35.76671218900003
            ],
            [
              -91.31099700899995,
              35.765911102000075
            ],
            [
              -91.31299591099997,
              35.76361084000007
            ],
            [
              -91.31049346899994,
              35.75801086400003
            ],
            [
              -91.31859588599997,
              35.75581359900008
            ],
            [
              -91.31799316399997,
              35.749511719000054
            ],
            [
              -91.32509612999996,
              35.74781036400003
            ],
            [
              -91.33279418899997,
              35.74061203000008
            ],
            [
              -91.33269500699998,
              35.73781204200003
            ],
            [
              -91.32879638699995,
              35.73581314100005
            ],
            [
              -91.32769775399998,
              35.730010986000025
            ],
            [
              -91.33300018299997,
              35.72491073600003
            ],
            [
              -91.33249664299996,
              35.71831131000005
            ],
            [
              -91.33899688699995,
              35.71271133400006
            ],
            [
              -91.34239959699994,
              35.71401214600007
            ],
            [
              -91.34269714399994,
              35.71931076000004
            ],
            [
              -91.34689331099997,
              35.72061157200005
            ],
            [
              -91.34779357899998,
              35.713512421000075
            ],
            [
              -91.35369872999996,
              35.70841217000003
            ],
            [
              -91.35239410399998,
              35.70531082200006
            ],
            [
              -91.35540008499999,
              35.702613831000065
            ],
            [
              -91.35529327499995,
              35.69571304300007
            ],
            [
              -91.349594116,
              35.691913605000025
            ],
            [
              -91.34689331099997,
              35.687412262000066
            ],
            [
              -91.34749603299997,
              35.68001174900007
            ],
            [
              -91.35279846299994,
              35.67901229900008
            ],
            [
              -91.34839630099998,
              35.674312592000035
            ],
            [
              -91.34289550799997,
              35.671913147000055
            ],
            [
              -91.34719848599997,
              35.666412354000045
            ],
            [
              -91.34469604499998,
              35.66461181600005
            ],
            [
              -91.33979797499995,
              35.66501236000005
            ],
            [
              -91.33759307899999,
              35.661811829000044
            ],
            [
              -91.34099578899998,
              35.65571212800006
            ],
            [
              -91.34049987799995,
              35.65271377600004
            ],
            [
              -91.32819366499996,
              35.64701080300006
            ],
            [
              -91.32309722899998,
              35.64711380000006
            ],
            [
              -91.32209777799994,
              35.63981246900005
            ],
            [
              -91.32429504399994,
              35.63721084600007
            ],
            [
              -91.33860015899995,
              35.63931274400005
            ],
            [
              -91.34569549699995,
              35.63651275600006
            ],
            [
              -91.348899841,
              35.636711121000076
            ],
            [
              -91.35989379899996,
              35.64221191400003
            ],
            [
              -91.36829376299994,
              35.63981246900005
            ],
            [
              -91.36959838899998,
              35.526313782000045
            ],
            [
              -91.50429534899996,
              35.52791214000007
            ],
            [
              -91.74509429899996,
              35.534214020000036
            ],
            [
              -91.79399871799995,
              35.53361129800004
            ],
            [
              -91.78979492199994,
              35.71171188400007
            ],
            [
              -91.79419708299997,
              35.71171188400007
            ],
            [
              -91.80599975599995,
              35.705013275000056
            ],
            [
              -91.80959320099998,
              35.70451355000006
            ],
            [
              -91.83719634999994,
              35.705513
            ],
            [
              -91.83659362799995,
              35.749511719000054
            ],
            [
              -91.84749603499995,
              35.760711669000045
            ],
            [
              -91.85709381099997,
              35.76451110800008
            ],
            [
              -91.86479950099994,
              35.77091217000003
            ],
            [
              -91.86489868199999,
              35.780612946000076
            ],
            [
              -91.86940002399996,
              35.792713165000066
            ],
            [
              -91.87099456799996,
              35.809810638000044
            ],
            [
              -91.86699676599994,
              35.82051086400003
            ],
            [
              -91.85439300499996,
              35.83401107800006
            ],
            [
              -91.85019683799999,
              35.843811035000044
            ],
            [
              -91.85039520299995,
              35.85921096800007
            ],
            [
              -91.848899841,
              35.86791229200003
            ],
            [
              -91.75339508099995,
              35.942813873000034
            ]
          ]
        ]
      }
    },
    {
      "type": "Feature",
      "properties": {
        "STATE": "AR",
        "ZONE": "015",
        "CWA": "LZK",
        "NAME": "Izard",
        "STATE_ZONE": "AR015",
        "TIME_ZONE": "C"
      },
      "geometry": {
        "type": "Polygon",
        "coordinates": [
          [
            [
              -91.69139862099996,
              36.252811432000044
            ],
            [
              -91.69219970699999,
              36.212211609000065
            ],
            [
              -91.69059753399995,
              36.209213257000044
            ],
            [
              -91.67409515399999,
              36.20861053500005
            ],
            [
              -91.67499542299998,
              36.16481399500003
            ],
            [
              -91.67989349399994,
              36.16471099900008
            ],
            [
              -91.68149566699998,
              36.022911072000056
            ],
            [
              -91.68649291999998,
              36.022911072000056
            ],
            [
              -91.68639373799994,
              36.019210815000065
            ],
            [
              -91.68979644799998,
              36.01911163300008
            ],
            [
              -91.69109344599997,
              36.01181030300006
            ],
            [
              -91.68239593499999,
              36.01141357400007
            ],
            [
              -91.68229675299995,
              36.00051116900005
            ],
            [
              -91.70939636199995,
              36.00051116900005
            ],
            [
              -91.71059417699996,
              35.94171142600004
            ],
            [
              -91.75339508099995,
              35.942813873000034
            ],
            [
              -91.848899841,
              35.86791229200003
            ],
            [
              -91.85479736299999,
              35.87771225000006
            ],
            [
              -91.85989379999995,
              35.88091278100006
            ],
            [
              -91.86679840099998,
              35.882213593000074
            ],
            [
              -91.88389587399996,
              35.880012512000064
            ],
            [
              -91.89619445799997,
              35.88291168200004
            ],
            [
              -91.90390014599996,
              35.890113831000065
            ],
            [
              -91.93599700899995,
              35.911811829000044
            ],
            [
              -91.95669555699999,
              35.934612274000074
            ],
            [
              -91.96959686299994,
              35.94041061400003
            ],
            [
              -91.97949981699998,
              35.940311432000044
            ],
            [
              -91.98619842499994,
              35.93761062600004
            ],
            [
              -91.99969482399996,
              35.922710419000055
            ],
            [
              -92.01439666699997,
              35.91631317100007
            ],
            [
              -92.02089691199996,
              35.91721344000007
            ],
            [
              -92.02749633799993,
              35.92291259800004
            ],
            [
              -92.02890014599996,
              35.93661117600004
            ],
            [
              -92.03049468999995,
              35.93981170700005
            ],
            [
              -92.03699493399995,
              35.94431304900007
            ],
            [
              -92.04509735199997,
              35.94441223100006
            ],
            [
              -92.06499481199995,
              35.93131256100003
            ],
            [
              -92.07889556899994,
              35.927310944000055
            ],
            [
              -92.09299468999995,
              35.92611312900004
            ],
            [
              -92.10079956099997,
              35.927612305000025
            ],
            [
              -92.10889434799998,
              35.931812286000024
            ],
            [
              -92.11329650899995,
              35.939212799000074
            ],
            [
              -92.11019897499995,
              35.95091247600004
            ],
            [
              -92.09459686299994,
              35.95821380600006
            ],
            [
              -92.08829498299997,
              35.96281051600005
            ],
            [
              -92.08369445799997,
              35.97001266500007
            ],
            [
              -92.08289337199994,
              35.97511291500007
            ],
            [
              -92.08509826699998,
              35.98511123700007
            ],
            [
              -92.09309387199994,
              35.996612549000076
            ],
            [
              -92.09759521499996,
              36.00051116900005
            ],
            [
              -92.09919738899998,
              36.01221084600007
            ],
            [
              -92.09489440999994,
              36.01791381800007
            ],
            [
              -92.08829498299997,
              36.02161407500006
            ],
            [
              -92.08179473899997,
              36.02311325100004
            ],
            [
              -92.07359313999996,
              36.02231216400003
            ],
            [
              -92.061096191,
              36.025810242000034
            ],
            [
              -92.05739593499999,
              36.02941131600005
            ],
            [
              -92.05759429899996,
              36.03541183500005
            ],
            [
              -92.08009338399995,
              36.056812286000024
            ],
            [
              -92.08459472699997,
              36.05851364100005
            ],
            [
              -92.10109710699999,
              36.05861282300003
            ],
            [
              -92.11199951199995,
              36.06381225600006
            ],
            [
              -92.12579345799998,
              36.082412720000036
            ],
            [
              -92.13329315199996,
              36.09801101700003
            ],
            [
              -92.13529968299997,
              36.10641098000008
            ],
            [
              -92.14109802199994,
              36.114212036000026
            ],
            [
              -92.14679717999996,
              36.11621093700006
            ],
            [
              -92.15359497099996,
              36.11561203000008
            ],
            [
              -92.16510009799998,
              36.10731124900008
            ],
            [
              -92.17549896199995,
              36.102611542000034
            ],
            [
              -92.18129730199996,
              36.102310181000064
            ],
            [
              -92.18839263899997,
              36.10491180400004
            ],
            [
              -92.19089508099995,
              36.10801315300006
            ],
            [
              -92.19239807099996,
              36.114410400000054
            ],
            [
              -92.19029998799994,
              36.11961364700005
            ],
            [
              -92.19079589799998,
              36.12631225600006
            ],
            [
              -92.19569397099997,
              36.13281250000006
            ],
            [
              -92.20009612999996,
              36.13411331200007
            ],
            [
              -92.21519470199996,
              36.133712769000056
            ],
            [
              -92.21389770499997,
              36.17511367800006
            ],
            [
              -92.16019439699994,
              36.173912048000034
            ],
            [
              -92.15789794899996,
              36.26121139500003
            ],
            [
              -91.99659728999995,
              36.257213593000074
            ],
            [
              -91.69139862099996,
              36.252811432000044
            ]
          ]
        ]
      }
    },
    {
      "type": "Feature",
      "properties": {
        "STATE": "AR",
        "ZONE": "025",
        "CWA": "LZK",
        "NAME": "Jackson",
        "STATE_ZONE": "AR025",
        "TIME_ZONE": "C"
      },
      "geometry": {
        "type": "Polygon",
        "coordinates": [
          [
            [
              -91.03269958499999,
              35.88511276200006
            ],
            [
              -91.03839874299996,
              35.63491058300008
            ],
            [
              -91.03979492199994,
              35.35431289700006
            ],
            [
              -91.25059509299996,
              35.35771179200003
            ],
            [
              -91.25289916999998,
              35.44201278700007
            ],
            [
              -91.25419616799996,
              35.445812225000054
            ],
            [
              -91.349594116,
              35.44481277500006
            ],
            [
              -91.34749603299997,
              35.439212799000074
            ],
            [
              -91.58439636299994,
              35.44241333000008
            ],
            [
              -91.58189392099996,
              35.530410767000035
            ],
            [
              -91.50429534899996,
              35.52791214000007
            ],
            [
              -91.36959838899998,
              35.526313782000045
            ],
            [
              -91.36829376299994,
              35.63981246900005
            ],
            [
              -91.35989379899996,
              35.64221191400003
            ],
            [
              -91.348899841,
              35.636711121000076
            ],
            [
              -91.34569549699995,
              35.63651275600006
            ],
            [
              -91.33860015899995,
              35.63931274400005
            ],
            [
              -91.32429504399994,
              35.63721084600007
            ],
            [
              -91.32209777799994,
              35.63981246900005
            ],
            [
              -91.32309722899998,
              35.64711380000006
            ],
            [
              -91.32819366499996,
              35.64701080300006
            ],
            [
              -91.34049987799995,
              35.65271377600004
            ],
            [
              -91.34099578899998,
              35.65571212800006
            ],
            [
              -91.33759307899999,
              35.661811829000044
            ],
            [
              -91.33979797499995,
              35.66501236000005
            ],
            [
              -91.34469604499998,
              35.66461181600005
            ],
            [
              -91.34719848599997,
              35.666412354000045
            ],
            [
              -91.34289550799997,
              35.671913147000055
            ],
            [
              -91.34839630099998,
              35.674312592000035
            ],
            [
              -91.35279846299994,
              35.67901229900008
            ],
            [
              -91.34749603299997,
              35.68001174900007
            ],
            [
              -91.34689331099997,
              35.687412262000066
            ],
            [
              -91.349594116,
              35.691913605000025
            ],
            [
              -91.35529327499995,
              35.69571304300007
            ],
            [
              -91.35540008499999,
              35.702613831000065
            ],
            [
              -91.35239410399998,
              35.70531082200006
            ],
            [
              -91.35369872999996,
              35.70841217000003
            ],
            [
              -91.34779357899998,
              35.713512421000075
            ],
            [
              -91.34689331099997,
              35.72061157200005
            ],
            [
              -91.34269714399994,
              35.71931076000004
            ],
            [
              -91.34239959699994,
              35.71401214600007
            ],
            [
              -91.33899688699995,
              35.71271133400006
            ],
            [
              -91.33249664299996,
              35.71831131000005
            ],
            [
              -91.33300018299997,
              35.72491073600003
            ],
            [
              -91.32769775399998,
              35.730010986000025
            ],
            [
              -91.32879638699995,
              35.73581314100005
            ],
            [
              -91.33269500699998,
              35.73781204200003
            ],
            [
              -91.33279418899997,
              35.74061203000008
            ],
            [
              -91.32509612999996,
              35.74781036400003
            ],
            [
              -91.31799316399997,
              35.749511719000054
            ],
            [
              -91.31859588599997,
              35.75581359900008
            ],
            [
              -91.31049346899994,
              35.75801086400003
            ],
            [
              -91.31299591099997,
              35.76361084000007
            ],
            [
              -91.31099700899995,
              35.765911102000075
            ],
            [
              -91.29019927999997,
              35.76671218900003
            ],
            [
              -91.29209899899996,
              35.771713257000044
            ],
            [
              -91.28939819299995,
              35.773410797000054
            ],
            [
              -91.28319549599996,
              35.77311325100004
            ],
            [
              -91.28049468999995,
              35.77451324500004
            ],
            [
              -91.28469848599997,
              35.775611877000074
            ],
            [
              -91.28779602099996,
              35.78181076000004
            ],
            [
              -91.28209686299994,
              35.78511047400008
            ],
            [
              -91.28219604499998,
              35.790512085000046
            ],
            [
              -91.27909851099997,
              35.792510986000025
            ],
            [
              -91.27239990199996,
              35.78891372700008
            ],
            [
              -91.25829315199996,
              35.79661178600003
            ],
            [
              -91.25009918199999,
              35.798011780000024
            ],
            [
              -91.24729919399994,
              35.80061340300006
            ],
            [
              -91.25039672899999,
              35.80331039400005
            ],
            [
              -91.26029968299997,
              35.80361175500008
            ],
            [
              -91.26149749799998,
              35.80581283600003
            ],
            [
              -91.25909423799999,
              35.81081390400004
            ],
            [
              -91.25519561799996,
              35.80801391600005
            ],
            [
              -91.24679565399998,
              35.81261062600004
            ],
            [
              -91.23199462899998,
              35.812911987000064
            ],
            [
              -91.230995179,
              35.81551361100003
            ],
            [
              -91.23839569099994,
              35.81831359900008
            ],
            [
              -91.23829650899995,
              35.82261276200006
            ],
            [
              -91.23289489699994,
              35.823810577000074
            ],
            [
              -91.24109649699994,
              35.82851028400006
            ],
            [
              -91.24659728999995,
              35.82851028400006
            ],
            [
              -91.24799346899994,
              35.83121109000007
            ],
            [
              -91.24679565399998,
              35.83431243900003
            ],
            [
              -91.23519897499995,
              35.83351135300006
            ],
            [
              -91.23089599599996,
              35.83781051600005
            ],
            [
              -91.22789764499998,
              35.84401321400003
            ],
            [
              -91.21759796099997,
              35.84861373900003
            ],
            [
              -91.22099304199998,
              35.85231399500003
            ],
            [
              -91.21889495799996,
              35.856910706000065
            ],
            [
              -91.21269988999995,
              35.85861206100003
            ],
            [
              -91.210395813,
              35.86131286600005
            ],
            [
              -91.21019744899996,
              35.864212036000026
            ],
            [
              -91.21360015899995,
              35.86691284200003
            ],
            [
              -91.21829986699998,
              35.88081359900008
            ],
            [
              -91.21599578899998,
              35.88251113900003
            ],
            [
              -91.21170043899997,
              35.882110596000075
            ],
            [
              -91.20419311499995,
              35.88471221900005
            ],
            [
              -91.19829559299995,
              35.88411331200007
            ],
            [
              -91.19949340799997,
              35.886611938000044
            ],
            [
              -91.20229339599996,
              35.88781356800007
            ],
            [
              -91.19879913299997,
              35.88991165300007
            ],
            [
              -91.13889312799995,
              35.890010834000066
            ],
            [
              -91.03269958499999,
              35.88511276200006
            ]
          ]
        ]
      }
    },
    {
      "type": "Feature",
      "properties": {
        "STATE": "AR",
        "ZONE": "056",
        "CWA": "LZK",
        "NAME": "Jefferson",
        "STATE_ZONE": "AR056",
        "TIME_ZONE": "C"
      },
      "geometry": {
        "type": "Polygon",
        "coordinates": [
          [
            [
              -92.20849609399994,
              34.49281311000004
            ],
            [
              -91.92209625199996,
              34.48801040600006
            ],
            [
              -91.70520019499997,
              34.48231124900008
            ],
            [
              -91.711296082,
              34.250411987000064
            ],
            [
              -91.710395813,
              34.23391342200006
            ],
            [
              -91.59909820599995,
              34.230213165000066
            ],
            [
              -91.59269714399994,
              34.22751236000005
            ],
            [
              -91.59659576399997,
              34.21871185300006
            ],
            [
              -91.59569549599996,
              34.21261215200008
            ],
            [
              -91.58989715599995,
              34.21271133400006
            ],
            [
              -91.58789825399998,
              34.21611022900004
            ],
            [
              -91.58509826699998,
              34.21471023600003
            ],
            [
              -91.57989501999998,
              34.21571350100004
            ],
            [
              -91.58249664299996,
              34.21741104100005
            ],
            [
              -91.57669830299994,
              34.22261047400008
            ],
            [
              -91.56479644799998,
              34.22491073600003
            ],
            [
              -91.55629730199996,
              34.225410461000024
            ],
            [
              -91.55130004999995,
              34.22271347000003
            ],
            [
              -91.54169464099994,
              34.22451019300007
            ],
            [
              -91.53609466599994,
              34.22261047400008
            ],
            [
              -91.52879333499999,
              34.215812683000024
            ],
            [
              -91.52849578899998,
              34.20811080900006
            ],
            [
              -91.53069305399998,
              34.20211410500008
            ],
            [
              -91.52629852299998,
              34.19741058300008
            ],
            [
              -91.52399444599996,
              34.19221115100004
            ],
            [
              -91.52669525099998,
              34.18331146200006
            ],
            [
              -91.51509857199994,
              34.17181396500007
            ],
            [
              -91.52069854799998,
              34.16411209100005
            ],
            [
              -91.51549529999994,
              34.15731048600003
            ],
            [
              -91.51429748499999,
              34.14941406200006
            ],
            [
              -91.51539611799996,
              34.143611908000025
            ],
            [
              -91.51179504399994,
              34.14241027800006
            ],
            [
              -91.50769805899995,
              34.143310547000056
            ],
            [
              -91.50339508199994,
              34.14851379400005
            ],
            [
              -91.49889373799994,
              34.150012970000034
            ],
            [
              -91.49489593499999,
              34.14861297600004
            ],
            [
              -91.49599456799996,
              34.13011169400005
            ],
            [
              -91.49289703399995,
              34.12741088900003
            ],
            [
              -91.48109435999999,
              34.13141250600006
            ],
            [
              -91.47559356699998,
              34.13531112700008
            ],
            [
              -91.45419311499995,
              34.134811401000036
            ],
            [
              -91.44999694799998,
              34.12861251800007
            ],
            [
              -91.44729614299996,
              34.129112244000055
            ],
            [
              -91.44319915799997,
              34.125812531000065
            ],
            [
              -91.44779968299997,
              34.120613098000035
            ],
            [
              -91.44509887699996,
              34.11711120600006
            ],
            [
              -91.44609832799995,
              34.11321258500004
            ],
            [
              -91.44249725399999,
              34.11211395300006
            ],
            [
              -91.44039916999998,
              34.10571289100005
            ],
            [
              -91.44120025599995,
              34.09911346400003
            ],
            [
              -91.43929290799997,
              34.09581375100004
            ],
            [
              -91.44169616699998,
              34.08781051600005
            ],
            [
              -91.43439483599997,
              34.08921051000004
            ],
            [
              -91.43190002399996,
              34.08771133400006
            ],
            [
              -91.44029998899998,
              34.081710815000065
            ],
            [
              -91.44489288299997,
              34.080513
            ],
            [
              -91.46069335899995,
              34.085712433000026
            ],
            [
              -91.46969604599997,
              34.08471298200004
            ],
            [
              -91.49219512899998,
              34.07491302500006
            ],
            [
              -91.50279998799994,
              34.07331085200008
            ],
            [
              -91.51179504399994,
              34.07831192000003
            ],
            [
              -91.53379821799996,
              34.09961319000007
            ],
            [
              -91.54989623899996,
              34.105812075000074
            ],
            [
              -91.56789398199999,
              34.102611542000034
            ],
            [
              -91.58519744899996,
              34.08821106000005
            ],
            [
              -91.59140014599996,
              34.08671188400007
            ],
            [
              -91.60169982999997,
              34.087913513000046
            ],
            [
              -91.60619354199997,
              34.090812683000024
            ],
            [
              -91.60869598399995,
              34.09501266500007
            ],
            [
              -91.60979461699998,
              34.100914001000035
            ],
            [
              -91.60820007399997,
              34.10871124300007
            ],
            [
              -91.60669708299997,
              34.11291122400007
            ],
            [
              -91.60089874299996,
              34.11871337900004
            ],
            [
              -91.59149932999998,
              34.12011337300004
            ],
            [
              -91.58359527599998,
              34.12401199300007
            ],
            [
              -91.58219909699994,
              34.126010895000036
            ],
            [
              -91.58769988999995,
              34.13251113900003
            ],
            [
              -91.59739685099998,
              34.13301086400003
            ],
            [
              -91.61339569099994,
              34.12831115700004
            ],
            [
              -91.62509918199999,
              34.129112244000055
            ],
            [
              -91.64249420199997,
              34.13801193200004
            ],
            [
              -91.69449615499997,
              34.17111206100003
            ],
            [
              -91.72729492199994,
              34.173912048000034
            ],
            [
              -91.72709655799997,
              34.06521225000006
            ],
            [
              -91.74479675299995,
              34.06581115700004
            ],
            [
              -91.74499511699997,
              34.09401321400003
            ],
            [
              -91.80259704599996,
              34.09471130400004
            ],
            [
              -91.84559631299999,
              34.09321212800006
            ],
            [
              -91.95359802299998,
              34.09341049200003
            ],
            [
              -91.95379638699995,
              34.06411361700003
            ],
            [
              -92.23339843799994,
              34.062313080000024
            ],
            [
              -92.23259735099998,
              34.22951126100003
            ],
            [
              -92.21339416499995,
              34.230411530000026
            ],
            [
              -92.21269988999995,
              34.23931121800007
            ],
            [
              -92.20849609399994,
              34.49281311000004
            ]
          ]
        ]
      }
    },
    {
      "type": "Feature",
      "properties": {
        "STATE": "AR",
        "ZONE": "017",
        "CWA": "LZK",
        "NAME": "Lawrence",
        "STATE_ZONE": "AR017",
        "TIME_ZONE": "C"
      },
      "geometry": {
        "type": "Polygon",
        "coordinates": [
          [
            [
              -91.02699279799998,
              36.15111160300006
            ],
            [
              -90.74749755899995,
              36.14901351900005
            ],
            [
              -90.74909973099994,
              36.145812988000046
            ],
            [
              -90.76439666699997,
              36.133712769000056
            ],
            [
              -90.77129363999995,
              36.12331390400004
            ],
            [
              -90.77129363999995,
              36.10841369600007
            ],
            [
              -90.78919982899998,
              36.10021209700005
            ],
            [
              -90.79109954799998,
              36.092910767000035
            ],
            [
              -90.79369354199997,
              36.09191131600005
            ],
            [
              -90.79459381099997,
              36.08841323900003
            ],
            [
              -90.79889678999996,
              36.08931350700004
            ],
            [
              -90.80079650899995,
              36.08701324500004
            ],
            [
              -90.80419921899994,
              36.087211609000065
            ],
            [
              -90.81049346999998,
              36.08321380600006
            ],
            [
              -90.81900024399994,
              36.080513
            ],
            [
              -90.82289886499996,
              36.07501220700004
            ],
            [
              -90.82559966999997,
              36.05531311000004
            ],
            [
              -90.84029388399995,
              36.037212372000056
            ],
            [
              -90.83779907199994,
              36.02311325100004
            ],
            [
              -90.83889770499997,
              36.02061080900006
            ],
            [
              -90.84569549599996,
              36.01111221300005
            ],
            [
              -90.85509491,
              36.00201034500003
            ],
            [
              -90.85399627699996,
              35.99571228000008
            ],
            [
              -90.85889434799998,
              35.99421310400004
            ],
            [
              -90.85799407999997,
              35.99081039400005
            ],
            [
              -90.84519958499999,
              35.986812592000035
            ],
            [
              -90.84689331099997,
              35.98501205400004
            ],
            [
              -90.84229278599997,
              35.98271179200003
            ],
            [
              -90.84189605699999,
              35.97911071800007
            ],
            [
              -90.84819793799994,
              35.977813721000075
            ],
            [
              -90.84409332299998,
              35.97381210300006
            ],
            [
              -90.85149383499999,
              35.971313477000024
            ],
            [
              -90.85239410399998,
              35.969211578000056
            ],
            [
              -90.85109710699999,
              35.96431350700004
            ],
            [
              -90.85469818199994,
              35.96191024800004
            ],
            [
              -90.85499572899994,
              35.959213257000044
            ],
            [
              -90.85769653299997,
              35.95931243900003
            ],
            [
              -90.86100006099997,
              35.95471191400003
            ],
            [
              -90.85879516599994,
              35.95451355000006
            ],
            [
              -90.85769653299997,
              35.951313019000054
            ],
            [
              -90.85899352999996,
              35.94901275600006
            ],
            [
              -90.86459350699994,
              35.94751358000008
            ],
            [
              -90.86079406699997,
              35.94531250000006
            ],
            [
              -90.86219787599998,
              35.941612244000055
            ],
            [
              -90.86519622799995,
              35.94091033900003
            ],
            [
              -90.86319732599998,
              35.93921278800008
            ],
            [
              -90.86289977999996,
              35.93041229200003
            ],
            [
              -90.85959625199996,
              35.93001174900007
            ],
            [
              -90.86089325099994,
              35.92461395300006
            ],
            [
              -90.87220001199995,
              35.92441177400008
            ],
            [
              -90.87289428699995,
              35.881210327000076
            ],
            [
              -91.03269958499999,
              35.88511276200006
            ],
            [
              -91.13889312799995,
              35.890010834000066
            ],
            [
              -91.35719299299996,
              35.89061355600006
            ],
            [
              -91.34929656999998,
              36.10731124900008
            ],
            [
              -91.34869384799998,
              36.15781402600004
            ],
            [
              -91.35189819399994,
              36.15801239000007
            ],
            [
              -91.34980011,
              36.231010437000066
            ],
            [
              -91.33219909699994,
              36.23081207300004
            ],
            [
              -91.33149719299996,
              36.244411469000056
            ],
            [
              -91.25969695999999,
              36.24391174300007
            ],
            [
              -91.25889587399996,
              36.257411957000045
            ],
            [
              -91.24129486099997,
              36.25771331800007
            ],
            [
              -91.24129486099997,
              36.226711273000035
            ],
            [
              -91.23939514199998,
              36.22901153600003
            ],
            [
              -91.23839569099994,
              36.23751068100006
            ],
            [
              -91.23699951199995,
              36.24051284800004
            ],
            [
              -91.23439788899998,
              36.24181366000005
            ],
            [
              -91.22789764499998,
              36.23511123700007
            ],
            [
              -91.22659301799996,
              36.224712372000056
            ],
            [
              -91.21189880399999,
              36.22201156600005
            ],
            [
              -91.20359802199994,
              36.21871185300006
            ],
            [
              -91.20019531299994,
              36.22081375100004
            ],
            [
              -91.19719695999999,
              36.220413208000025
            ],
            [
              -91.195297241,
              36.21721267700008
            ],
            [
              -91.19539642299998,
              36.21281051600005
            ],
            [
              -91.18370056199996,
              36.20621109000007
            ],
            [
              -91.17449951199995,
              36.207611084000064
            ],
            [
              -91.16919708299997,
              36.20381164600008
            ],
            [
              -91.16169738799994,
              36.20521163900003
            ],
            [
              -91.15559387199994,
              36.19671249400005
            ],
            [
              -91.15719604499998,
              36.19051361100003
            ],
            [
              -91.14569854699994,
              36.181911469000056
            ],
            [
              -91.14529418899997,
              36.17931366000005
            ],
            [
              -91.14849853499999,
              36.17781066900005
            ],
            [
              -91.14389800999999,
              36.16831207300004
            ],
            [
              -91.14169311499995,
              36.16661071800007
            ],
            [
              -91.13739776599994,
              36.167911530000026
            ],
            [
              -91.13409423799999,
              36.16561126700003
            ],
            [
              -91.13319396999998,
              36.16141128500004
            ],
            [
              -91.13119506799995,
              36.15991210900006
            ],
            [
              -91.12599945099998,
              36.16051101700003
            ],
            [
              -91.12049865699998,
              36.154312134000065
            ],
            [
              -91.09309387299999,
              36.14981079100005
            ],
            [
              -91.08279418899997,
              36.15071106000005
            ],
            [
              -91.08619689899996,
              36.13301086400003
            ],
            [
              -91.07740020799997,
              36.125411987000064
            ],
            [
              -91.07279968299997,
              36.125812531000065
            ],
            [
              -91.08069610599995,
              36.12181091300005
            ],
            [
              -91.07789611799996,
              36.11761093100006
            ],
            [
              -91.07359313999996,
              36.11531066900005
            ],
            [
              -91.06439971899994,
              36.118213654000044
            ],
            [
              -91.06299591099997,
              36.132110596000075
            ],
            [
              -91.06529998799994,
              36.14101028400006
            ],
            [
              -91.06409454299995,
              36.14381408700007
            ],
            [
              -91.05469512899998,
              36.15151214600007
            ],
            [
              -91.05079650899995,
              36.15161132800006
            ],
            [
              -91.04819488499999,
              36.14781189000007
            ],
            [
              -91.04509735099998,
              36.15011215200008
            ],
            [
              -91.02699279799998,
              36.15111160300006
            ]
          ]
        ]
      }
    },
    {
      "type": "Feature",
      "properties": {
        "STATE": "AR",
        "ZONE": "064",
        "CWA": "LZK",
        "NAME": "Lincoln",
        "STATE_ZONE": "AR064",
        "TIME_ZONE": "C"
      },
      "geometry": {
        "type": "Polygon",
        "coordinates": [
          [
            [
              -91.44489288299997,
              34.080513
            ],
            [
              -91.43899536099997,
              34.074512482000046
            ],
            [
              -91.43589782699996,
              34.06851196300005
            ],
            [
              -91.43459320099998,
              34.05581283600003
            ],
            [
              -91.43699645899994,
              34.03751365100004
            ],
            [
              -91.43629455699994,
              34.028713226000036
            ],
            [
              -91.43299865699998,
              34.02201080300006
            ],
            [
              -91.42179870599995,
              34.01451110800008
            ],
            [
              -91.42209625299995,
              33.99931335400004
            ],
            [
              -91.44509887699996,
              33.99961090100004
            ],
            [
              -91.44509887699996,
              34.00451278700007
            ],
            [
              -91.46519470199996,
              34.00481033300008
            ],
            [
              -91.46569824199997,
              33.975811005000025
            ],
            [
              -91.54769897499995,
              33.976814270000034
            ],
            [
              -91.55379486199996,
              33.87411117600004
            ],
            [
              -91.55579376199995,
              33.86201095600006
            ],
            [
              -91.55729675299995,
              33.78341293300008
            ],
            [
              -91.66389465399999,
              33.79221344000007
            ],
            [
              -91.97599792499994,
              33.79181289700006
            ],
            [
              -91.97639465299994,
              33.977310181000064
            ],
            [
              -91.95349883999995,
              33.97721099900008
            ],
            [
              -91.95359802299998,
              34.09341049200003
            ],
            [
              -91.74499511699997,
              34.09401321400003
            ],
            [
              -91.74479675299995,
              34.06581115700004
            ],
            [
              -91.72709655799997,
              34.06521225000006
            ],
            [
              -91.72729492199994,
              34.173912048000034
            ],
            [
              -91.69449615499997,
              34.17111206100003
            ],
            [
              -91.64249420199997,
              34.13801193200004
            ],
            [
              -91.62509918199999,
              34.129112244000055
            ],
            [
              -91.61339569099994,
              34.12831115700004
            ],
            [
              -91.59739685099998,
              34.13301086400003
            ],
            [
              -91.58769988999995,
              34.13251113900003
            ],
            [
              -91.58219909699994,
              34.126010895000036
            ],
            [
              -91.58359527599998,
              34.12401199300007
            ],
            [
              -91.59149932999998,
              34.12011337300004
            ],
            [
              -91.60089874299996,
              34.11871337900004
            ],
            [
              -91.60669708299997,
              34.11291122400007
            ],
            [
              -91.60820007399997,
              34.10871124300007
            ],
            [
              -91.60979461699998,
              34.100914001000035
            ],
            [
              -91.60869598399995,
              34.09501266500007
            ],
            [
              -91.60619354199997,
              34.090812683000024
            ],
            [
              -91.60169982999997,
              34.087913513000046
            ],
            [
              -91.59140014599996,
              34.08671188400007
            ],
            [
              -91.58519744899996,
              34.08821106000005
            ],
            [
              -91.56789398199999,
              34.102611542000034
            ],
            [
              -91.54989623899996,
              34.105812075000074
            ],
            [
              -91.53379821799996,
              34.09961319000007
            ],
            [
              -91.51179504399994,
              34.07831192000003
            ],
            [
              -91.50279998799994,
              34.07331085200008
            ],
            [
              -91.49219512899998,
              34.07491302500006
            ],
            [
              -91.46539306699998,
              34.085514069000055
            ],
            [
              -91.45379638699995,
              34.08431243900003
            ],
            [
              -91.44489288299997,
              34.080513
            ]
          ]
        ]
      }
    },
    {
      "type": "Feature",
      "properties": {
        "STATE": "AR",
        "ZONE": "045",
        "CWA": "LZK",
        "NAME": "Lonoke",
        "STATE_ZONE": "AR045",
        "TIME_ZONE": "C"
      },
      "geometry": {
        "type": "Polygon",
        "coordinates": [
          [
            [
              -91.80289459199997,
              35.03081131000005
            ],
            [
              -91.80389404299996,
              34.92161178600003
            ],
            [
              -91.69369506799995,
              34.919712067000034
            ],
            [
              -91.70039367699997,
              34.67261123700007
            ],
            [
              -91.69899749799998,
              34.67011261000005
            ],
            [
              -91.68979644799998,
              34.669410706000065
            ],
            [
              -91.68529510499997,
              34.66461181600005
            ],
            [
              -91.66969299299996,
              34.65721130400004
            ],
            [
              -91.66449737599999,
              34.65221023600003
            ],
            [
              -91.66230011099998,
              34.64611053500005
            ],
            [
              -91.64969634999994,
              34.64171218900003
            ],
            [
              -91.64079284699994,
              34.633712769000056
            ],
            [
              -91.638694763,
              34.626712799000074
            ],
            [
              -91.64009857199994,
              34.621212006000064
            ],
            [
              -91.64279937699996,
              34.61551284800004
            ],
            [
              -91.64799499499998,
              34.61251068100006
            ],
            [
              -91.64920043899997,
              34.607013702000074
            ],
            [
              -91.652893066,
              34.60291290300006
            ],
            [
              -91.65929412799994,
              34.600410461000024
            ],
            [
              -91.66499328599997,
              34.58011245700004
            ],
            [
              -91.65839386,
              34.576313019000054
            ],
            [
              -91.65619659399994,
              34.57011032100007
            ],
            [
              -91.65129852299998,
              34.56701278700007
            ],
            [
              -91.64799499499998,
              34.56911087000003
            ],
            [
              -91.64349365299995,
              34.56891250600006
            ],
            [
              -91.63859558099995,
              34.56711196900005
            ],
            [
              -91.63439941399997,
              34.56321334800003
            ],
            [
              -91.63379669199998,
              34.55331039400005
            ],
            [
              -91.63509368899997,
              34.54631042500006
            ],
            [
              -91.64859771699997,
              34.53411102300004
            ],
            [
              -91.66649627699996,
              34.52191162100007
            ],
            [
              -91.67059326199995,
              34.51521301300005
            ],
            [
              -91.67689514199998,
              34.509811401000036
            ],
            [
              -91.676498413,
              34.50451278700007
            ],
            [
              -91.67779541099998,
              34.50061416600005
            ],
            [
              -91.68049621599994,
              34.498912811000025
            ],
            [
              -91.68119811999998,
              34.493213654000044
            ],
            [
              -91.67879486099997,
              34.486511230000076
            ],
            [
              -91.67559814599997,
              34.483112335000044
            ],
            [
              -91.67799377399996,
              34.48211288500005
            ],
            [
              -92.03019714399994,
              34.48931121800007
            ],
            [
              -92.02949523899997,
              34.621410370000035
            ],
            [
              -92.11249542199994,
              34.62321090700004
            ],
            [
              -92.09869384799998,
              34.65971374500003
            ],
            [
              -92.100494385,
              34.66911315900006
            ],
            [
              -92.09619903599997,
              34.687412262000066
            ],
            [
              -92.09629821799996,
              34.698810577000074
            ],
            [
              -92.09299468999995,
              34.70531082200006
            ],
            [
              -92.09269714499999,
              34.711612701000035
            ],
            [
              -92.08409881599994,
              34.72071075400004
            ],
            [
              -92.07769775399998,
              34.73231124900008
            ],
            [
              -92.07099914599996,
              35.011711121000076
            ],
            [
              -92.12039947499994,
              35.01221084600007
            ],
            [
              -92.11999511699997,
              35.056114197000056
            ],
            [
              -92.11839294499998,
              35.066810608000026
            ],
            [
              -92.10529327399996,
              35.06561279300007
            ],
            [
              -92.10389709499998,
              35.06811142000004
            ],
            [
              -92.09639739999994,
              35.064514160000044
            ],
            [
              -92.08829498299997,
              35.06561279300007
            ],
            [
              -92.08119964599996,
              35.06911087000003
            ],
            [
              -92.07559966999997,
              35.07441330000006
            ],
            [
              -92.06879424999994,
              35.07471084600007
            ],
            [
              -92.06009674099994,
              35.07371139500003
            ],
            [
              -92.05679321299993,
              35.069011688000046
            ],
            [
              -92.05009460399998,
              35.067512512000064
            ],
            [
              -92.03629302999997,
              35.07241058300008
            ],
            [
              -92.02549743699996,
              35.07181167600004
            ],
            [
              -92.01259612999996,
              35.07551193200004
            ],
            [
              -92.00839996299999,
              35.06811142000004
            ],
            [
              -91.99729919399994,
              35.06131362900004
            ],
            [
              -91.98519897499995,
              35.05971145600006
            ],
            [
              -91.97899627699996,
              35.054111481000064
            ],
            [
              -91.97709655799997,
              35.054813385000045
            ],
            [
              -91.97669982899998,
              35.05311203000008
            ],
            [
              -91.97029876699997,
              35.049911499000075
            ],
            [
              -91.96189880499998,
              35.05121231100003
            ],
            [
              -91.95539856099998,
              35.049312592000035
            ],
            [
              -91.95539856099998,
              35.046810150000056
            ],
            [
              -91.95209503199999,
              35.04521179200003
            ],
            [
              -91.94449615499997,
              35.04611206100003
            ],
            [
              -91.93949890099998,
              35.04391098000008
            ],
            [
              -91.93619537399996,
              35.045612335000044
            ],
            [
              -91.92559814499998,
              35.04541015600006
            ],
            [
              -91.92039489699994,
              35.04331207300004
            ],
            [
              -91.91689300499996,
              35.03771209700005
            ],
            [
              -91.90959930399998,
              35.03471374500003
            ],
            [
              -91.90369415299995,
              35.02911377000004
            ],
            [
              -91.89599609399994,
              35.03221130400004
            ],
            [
              -91.89249420199997,
              35.031711578000056
            ],
            [
              -91.875,
              35.02401351900005
            ],
            [
              -91.87199401899994,
              35.025413513000046
            ],
            [
              -91.85609435999999,
              35.02481079100005
            ],
            [
              -91.83649444599996,
              35.03001022300003
            ],
            [
              -91.83219909699994,
              35.02881240800008
            ],
            [
              -91.82719421399997,
              35.03111267100007
            ],
            [
              -91.80289459199997,
              35.03081131000005
            ]
          ]
        ]
      }
    },
    {
      "type": "Feature",
      "properties": {
        "STATE": "AR",
        "ZONE": "004",
        "CWA": "LZK",
        "NAME": "Marion",
        "STATE_ZONE": "AR004",
        "TIME_ZONE": "C"
      },
      "geometry": {
        "type": "Polygon",
        "coordinates": [
          [
            [
              -92.41149902399997,
              36.062713623000036
            ],
            [
              -92.83219909699994,
              36.06981277500006
            ],
            [
              -92.83729553199998,
              36.07061386100003
            ],
            [
              -92.83779907199994,
              36.11371231100003
            ],
            [
              -92.89069366499996,
              36.11411285400004
            ],
            [
              -92.88879394499997,
              36.246410370000035
            ],
            [
              -92.88959503199999,
              36.31801223800005
            ],
            [
              -92.88439941399997,
              36.490711212000065
            ],
            [
              -92.87979888899997,
              36.485912323000036
            ],
            [
              -92.87489318799999,
              36.47701263400006
            ],
            [
              -92.85969543499994,
              36.47191238400006
            ],
            [
              -92.85469818099995,
              36.464611053000056
            ],
            [
              -92.85339355499997,
              36.49781036400003
            ],
            [
              -92.52909851099997,
              36.498611450000055
            ],
            [
              -92.52959442099996,
              36.457912445000034
            ],
            [
              -92.53319549599996,
              36.38731384300007
            ],
            [
              -92.54959869399994,
              36.38691330000006
            ],
            [
              -92.55189514199998,
              36.380313873000034
            ],
            [
              -92.55589294399994,
              36.37721252400007
            ],
            [
              -92.57499694799998,
              36.36631393400006
            ],
            [
              -92.58929443399995,
              36.360511780000024
            ],
            [
              -92.59329986599994,
              36.35801315300006
            ],
            [
              -92.59459686299994,
              36.35341262800006
            ],
            [
              -92.58569335899995,
              36.34471130400004
            ],
            [
              -92.57689666699997,
              36.34241104100005
            ],
            [
              -92.55019378699996,
              36.348411560000045
            ],
            [
              -92.53459930399998,
              36.35021209700005
            ],
            [
              -92.53149414099994,
              36.34981155400004
            ],
            [
              -92.52890014599996,
              36.347312927000075
            ],
            [
              -92.52829742399996,
              36.34361267100007
            ],
            [
              -92.53049468999995,
              36.33561325100004
            ],
            [
              -92.53209686299994,
              36.33121109000007
            ],
            [
              -92.53499603299997,
              36.329113007000046
            ],
            [
              -92.54189300499996,
              36.32991027800006
            ],
            [
              -92.54839324999995,
              36.33461380000006
            ],
            [
              -92.55399322499994,
              36.33621215800008
            ],
            [
              -92.56269836499996,
              36.33341217000003
            ],
            [
              -92.57069396999998,
              36.32271194500004
            ],
            [
              -92.57489776599994,
              36.30861282300003
            ],
            [
              -92.57299804699994,
              36.30621337900004
            ],
            [
              -92.56939697299998,
              36.30581283600003
            ],
            [
              -92.55059814599997,
              36.313613892000035
            ],
            [
              -92.54629516699998,
              36.31321334800003
            ],
            [
              -92.53849792499994,
              36.310112
            ],
            [
              -92.52509307899999,
              36.30111312900004
            ],
            [
              -92.52330017099996,
              36.29741287200005
            ],
            [
              -92.52509307899999,
              36.286811829000044
            ],
            [
              -92.54299926799996,
              36.269210815000065
            ],
            [
              -92.54409789999994,
              36.267112732000044
            ],
            [
              -92.54269409199998,
              36.26341247600004
            ],
            [
              -92.53849792499994,
              36.26231384300007
            ],
            [
              -92.52420043899997,
              36.26851272600004
            ],
            [
              -92.51979827899999,
              36.26851272600004
            ],
            [
              -92.50969695999999,
              36.26541137700008
            ],
            [
              -92.49979400599995,
              36.25881195100004
            ],
            [
              -92.49279785299996,
              36.25621414200003
            ],
            [
              -92.47229766799995,
              36.25641250600006
            ],
            [
              -92.46969604499998,
              36.25381088300003
            ],
            [
              -92.46949768099995,
              36.25071334800003
            ],
            [
              -92.47549438599998,
              36.24211120600006
            ],
            [
              -92.47539520299995,
              36.22711181600005
            ],
            [
              -92.469299316,
              36.222110748000034
            ],
            [
              -92.46049499499998,
              36.22051239000007
            ],
            [
              -92.45899963399995,
              36.21651077300004
            ],
            [
              -92.46389770499997,
              36.212211609000065
            ],
            [
              -92.47329711899994,
              36.20781326300005
            ],
            [
              -92.47989654499997,
              36.200412750000055
            ],
            [
              -92.47909545899995,
              36.193710327000076
            ],
            [
              -92.46920013399995,
              36.181812286000024
            ],
            [
              -92.45479583799994,
              36.17451095600006
            ],
            [
              -92.44359588599997,
              36.165512085000046
            ],
            [
              -92.44039916999998,
              36.164211273000035
            ],
            [
              -92.43679809599996,
              36.16581344600007
            ],
            [
              -92.42709350599995,
              36.17471313500005
            ],
            [
              -92.42869567899999,
              36.16481399500003
            ],
            [
              -92.42439269999994,
              36.162513733000026
            ],
            [
              -92.41249847399996,
              36.16231155400004
            ],
            [
              -92.40819549599996,
              36.15861129800004
            ],
            [
              -92.40719604499998,
              36.15601348900003
            ],
            [
              -92.40859985399999,
              36.14961242700008
            ],
            [
              -92.42639923099995,
              36.14941024800004
            ],
            [
              -92.42679595899995,
              36.134811401000036
            ],
            [
              -92.40919494599996,
              36.13421249400005
            ],
            [
              -92.41149902399997,
              36.062713623000036
            ]
          ]
        ]
      }
    },
    {
      "type": "Feature",
      "properties": {
        "STATE": "AR",
        "ZONE": "047",
        "CWA": "LZK",
        "NAME": "Monroe",
        "STATE_ZONE": "AR047",
        "TIME_ZONE": "C"
      },
      "geometry": {
        "type": "Polygon",
        "coordinates": [
          [
            [
              -91.14979553199998,
              35.00251388500004
            ],
            [
              -91.15239715599995,
              34.91191101100003
            ],
            [
              -91.11669921899994,
              34.91121292100007
            ],
            [
              -91.11709594699994,
              34.867313385000045
            ],
            [
              -91.10019683799999,
              34.867210388000046
            ],
            [
              -91.10159301799996,
              34.73501205400004
            ],
            [
              -91.04929351799996,
              34.73411178600003
            ],
            [
              -91.05479431199996,
              34.47091293300008
            ],
            [
              -91.00139617899998,
              34.469512939000026
            ],
            [
              -91.00049591099997,
              34.45401382400007
            ],
            [
              -91.00249481299994,
              34.33621215800002
            ],
            [
              -91.0625,
              34.33651351900005
            ],
            [
              -91.06909942599998,
              34.338512421000075
            ],
            [
              -91.07829284699994,
              34.34771347000003
            ],
            [
              -91.08179473899997,
              34.34521102900004
            ],
            [
              -91.09279632599998,
              34.34391403200004
            ],
            [
              -91.09579467799995,
              34.35051345800008
            ],
            [
              -91.10689544699994,
              34.35321426400003
            ],
            [
              -91.10919952399996,
              34.35651397700008
            ],
            [
              -91.10459899899996,
              34.36411285400004
            ],
            [
              -91.10659789999994,
              34.36631012000004
            ],
            [
              -91.11660003699996,
              34.36951065100004
            ],
            [
              -91.13039398199999,
              34.381511688000046
            ],
            [
              -91.12979888899997,
              34.38561248800005
            ],
            [
              -91.13519287099996,
              34.39441299400005
            ],
            [
              -91.13519287099996,
              34.39921188400007
            ],
            [
              -91.13729858499994,
              34.40221023600003
            ],
            [
              -91.14999389699994,
              34.40231323200004
            ],
            [
              -91.15699768099995,
              34.408512115000065
            ],
            [
              -91.16609954799998,
              34.41261291500007
            ],
            [
              -91.16679382299998,
              34.41571044900007
            ],
            [
              -91.16519927999997,
              34.41811370800008
            ],
            [
              -91.15579986599994,
              34.41781234700005
            ],
            [
              -91.15329742399996,
              34.42001342800006
            ],
            [
              -91.15889739999994,
              34.42681121800007
            ],
            [
              -91.15959930399998,
              34.43321228000008
            ],
            [
              -91.16239929199998,
              34.43541336100003
            ],
            [
              -91.16919708299997,
              34.43341064500004
            ],
            [
              -91.16989898699995,
              34.44041061400003
            ],
            [
              -91.17589569099994,
              34.451313019000054
            ],
            [
              -91.17869567899999,
              34.45201110800008
            ],
            [
              -91.18159484899996,
              34.45061111500007
            ],
            [
              -91.18849945099998,
              34.44111251800007
            ],
            [
              -91.19139862199995,
              34.43991088900003
            ],
            [
              -91.20269775399998,
              34.44531250000006
            ],
            [
              -91.21569824199997,
              34.44171142600004
            ],
            [
              -91.21869659399994,
              34.444011688000046
            ],
            [
              -91.22019958499999,
              34.45301055900006
            ],
            [
              -91.21769714499999,
              34.45381164600008
            ],
            [
              -91.21249389599996,
              34.45111084000007
            ],
            [
              -91.20879363999995,
              34.45121383700007
            ],
            [
              -91.20649719199997,
              34.45441055300006
            ],
            [
              -91.20779418899997,
              34.45781326300005
            ],
            [
              -91.21029663099995,
              34.45941162100007
            ],
            [
              -91.22069549599996,
              34.46061325100004
            ],
            [
              -91.22249603299997,
              34.463111877000074
            ],
            [
              -91.21759796099997,
              34.468013763000044
            ],
            [
              -91.20949554399994,
              34.48291015600006
            ],
            [
              -91.21159362799995,
              34.485313416000054
            ],
            [
              -91.21699523899997,
              34.48711013800005
            ],
            [
              -91.22369384799998,
              34.48031234700005
            ],
            [
              -91.22709655799997,
              34.47951126100003
            ],
            [
              -91.23089599599996,
              34.480213165000066
            ],
            [
              -91.23979949999995,
              34.48721313500005
            ],
            [
              -91.25239562999997,
              34.48791122400007
            ],
            [
              -91.25509643699996,
              34.49301147500006
            ],
            [
              -91.25179290799997,
              34.49811172500006
            ],
            [
              -91.25139617999997,
              34.50161361700003
            ],
            [
              -91.25459289599996,
              34.50341415400004
            ],
            [
              -91.26429748499999,
              34.50221252400007
            ],
            [
              -91.26649475099998,
              34.50451278700007
            ],
            [
              -91.26599883999995,
              34.507411957000045
            ],
            [
              -91.26119995099998,
              34.51341247600004
            ],
            [
              -91.26179504399994,
              34.521610260000045
            ],
            [
              -91.26049804699994,
              34.52571106000005
            ],
            [
              -91.26219940299995,
              34.52741241500007
            ],
            [
              -91.27099609399994,
              34.52761077900004
            ],
            [
              -91.28049468999995,
              34.53101348900003
            ],
            [
              -91.29299926799996,
              34.52991104100005
            ],
            [
              -91.29940032999997,
              34.53241348300003
            ],
            [
              -91.30119323799994,
              34.535011292000036
            ],
            [
              -91.29389953599997,
              34.54331207300004
            ],
            [
              -91.29319763199999,
              34.54611206100003
            ],
            [
              -91.29409789999994,
              34.54961395300006
            ],
            [
              -91.29139709499998,
              34.55991363500004
            ],
            [
              -91.29259491,
              34.56181335400004
            ],
            [
              -91.37759399399994,
              34.56361007700008
            ],
            [
              -91.37709808299996,
              34.59281158400006
            ],
            [
              -91.41259765599995,
              34.593811035000044
            ],
            [
              -91.41259765599995,
              34.60871124300007
            ],
            [
              -91.44699859599996,
              34.60921096800007
            ],
            [
              -91.44709777799994,
              34.66661071800007
            ],
            [
              -91.37489318799999,
              34.66631317100007
            ],
            [
              -91.37069702099996,
              34.82481384300007
            ],
            [
              -91.375694276,
              34.828712463000045
            ],
            [
              -91.37699890099998,
              34.833011627000076
            ],
            [
              -91.37339782699996,
              34.84161377000004
            ],
            [
              -91.37069702099996,
              34.84321212800006
            ],
            [
              -91.36289977999996,
              34.84281158400006
            ],
            [
              -91.36029815699999,
              34.845111847000055
            ],
            [
              -91.36089324999995,
              34.85371398900003
            ],
            [
              -91.36279296899994,
              34.85651016200006
            ],
            [
              -91.36069488499999,
              34.861412048000034
            ],
            [
              -91.36429595899995,
              34.86771392800006
            ],
            [
              -91.35869598499994,
              34.869712830000026
            ],
            [
              -91.35299682599998,
              34.86741256700003
            ],
            [
              -91.34980011,
              34.86791229200003
            ],
            [
              -91.34449768099995,
              34.872112274000074
            ],
            [
              -91.344299316,
              34.87621307400008
            ],
            [
              -91.35029602099996,
              34.874912262000066
            ],
            [
              -91.36019897499995,
              34.88061142000004
            ],
            [
              -91.36750030499996,
              34.888214111000025
            ],
            [
              -91.37079620399999,
              34.895111084000064
            ],
            [
              -91.37379455599995,
              34.89691162100007
            ],
            [
              -91.38369751,
              34.89611053500005
            ],
            [
              -91.38619995199997,
              34.89861297600004
            ],
            [
              -91.38649749899997,
              34.90181350700004
            ],
            [
              -91.38489532499995,
              34.90391159100005
            ],
            [
              -91.38150024399994,
              34.90471267700008
            ],
            [
              -91.37539672899999,
              34.89941406200006
            ],
            [
              -91.36889648499994,
              34.90021133400006
            ],
            [
              -91.36849975599995,
              34.91271209700005
            ],
            [
              -91.29479980499997,
              34.91241073600003
            ],
            [
              -91.29309844999995,
              34.98511123700007
            ],
            [
              -91.23809814599997,
              34.98491287200005
            ],
            [
              -91.23709869399994,
              35.004112244000055
            ],
            [
              -91.14979553199998,
              35.00251388500004
            ]
          ]
        ]
      }
    },
    {
      "type": "Feature",
      "properties": {
        "STATE": "AR",
        "ZONE": "066",
        "CWA": "LZK",
        "NAME": "Ouachita",
        "STATE_ZONE": "AR066",
        "TIME_ZONE": "C"
      },
      "geometry": {
        "type": "MultiPolygon",
        "coordinates": [
          [
            [
              [
                -92.89369964599996,
                33.809612274000074
              ],
              [
                -92.58319854699994,
                33.802211761000024
              ],
              [
                -92.58509826699998,
                33.73941421500007
              ],
              [
                -92.58789825399998,
                33.73051071200007
              ],
              [
                -92.59269714399994,
                33.72621154800004
              ],
              [
                -92.59739685099998,
                33.724712372000056
              ],
              [
                -92.59939575199996,
                33.72121429400005
              ],
              [
                -92.59999847399996,
                33.71191406200006
              ],
              [
                -92.60529327399996,
                33.707111359000066
              ],
              [
                -92.61579894999994,
                33.70351028400006
              ],
              [
                -92.62059783899997,
                33.698413849000076
              ],
              [
                -92.63509368899997,
                33.691612244000055
              ],
              [
                -92.63839721699998,
                33.68251037600004
              ],
              [
                -92.64119720599996,
                33.679813385000045
              ],
              [
                -92.64999389599996,
                33.662910461000024
              ],
              [
                -92.65279388399995,
                33.66151428200004
              ],
              [
                -92.67109680199997,
                33.659812927000075
              ],
              [
                -92.67459869499999,
                33.65811157200005
              ],
              [
                -92.68470001199995,
                33.65921020500008
              ],
              [
                -92.70409393299997,
                33.650012970000034
              ],
              [
                -92.71519470199996,
                33.65471267700008
              ],
              [
                -92.72609710699999,
                33.64921188400007
              ],
              [
                -92.72679901099997,
                33.64051055900006
              ],
              [
                -92.73089599699995,
                33.634811401000036
              ],
              [
                -92.73539733899997,
                33.62351226800007
              ],
              [
                -92.73179626599995,
                33.61421203400005
              ],
              [
                -92.72499847499995,
                33.60871124300007
              ],
              [
                -92.71439361599994,
                33.605213165000066
              ],
              [
                -92.71339416499995,
                33.59901428200004
              ],
              [
                -92.71059417699996,
                33.59391021700003
              ],
              [
                -92.71170043899997,
                33.58441162100007
              ],
              [
                -92.71059417699996,
                33.57731246900005
              ],
              [
                -92.71509551999998,
                33.556911469000056
              ],
              [
                -92.71909332299998,
                33.551910400000054
              ],
              [
                -92.72429656999998,
                33.55461120600006
              ],
              [
                -92.72649383499999,
                33.55731201200007
              ],
              [
                -92.72729492199994,
                33.56301116900005
              ],
              [
                -92.72919464099994,
                33.56381225600006
              ],
              [
                -92.74279785199997,
                33.554512024000076
              ],
              [
                -92.74509429899996,
                33.54731369000007
              ],
              [
                -92.74949645999999,
                33.543811798000036
              ],
              [
                -92.75499725299994,
                33.54611206100003
              ],
              [
                -92.75849914599996,
                33.55111312900004
              ],
              [
                -92.76509857199994,
                33.552612305000025
              ],
              [
                -92.77159881599994,
                33.548610687000064
              ],
              [
                -92.77249908399995,
                33.55091095000006
              ],
              [
                -92.77549743699996,
                33.551010132000044
              ],
              [
                -92.77639770499997,
                33.53761291500007
              ],
              [
                -92.76809692399996,
                33.53271102900004
              ],
              [
                -92.76089477599999,
                33.53251266500007
              ],
              [
                -92.75930023199999,
                33.53071212800006
              ],
              [
                -92.76429748599998,
                33.525611877000074
              ],
              [
                -92.76289367699997,
                33.518310547000056
              ],
              [
                -92.76819610599995,
                33.51571273800005
              ],
              [
                -92.77279663099995,
                33.510711670000035
              ],
              [
                -92.76109313999996,
                33.50241088900003
              ],
              [
                -92.76509857199994,
                33.49701309200003
              ],
              [
                -92.76589965799997,
                33.49331283600003
              ],
              [
                -92.76359558099995,
                33.49111175500008
              ],
              [
                -92.75609588599997,
                33.48791122400007
              ],
              [
                -92.75379943799999,
                33.48471069300007
              ],
              [
                -92.74499511699997,
                33.48361206100003
              ],
              [
                -92.738998413,
                33.48511123700007
              ],
              [
                -92.73659515399999,
                33.487411499000075
              ],
              [
                -92.73709869399994,
                33.494010925000055
              ],
              [
                -92.73369598399995,
                33.49381256100003
              ],
              [
                -92.72909545899995,
                33.48991012600004
              ],
              [
                -92.72239685099998,
                33.48881149300007
              ],
              [
                -92.71899414099994,
                33.486412048000034
              ],
              [
                -92.71669769299996,
                33.48241043100006
              ],
              [
                -92.71749877899998,
                33.47851181000004
              ],
              [
                -92.72149657999995,
                33.47391128500004
              ],
              [
                -92.72149658199999,
                33.46641159100005
              ],
              [
                -92.72709655799997,
                33.46831131000005
              ],
              [
                -92.72769927999997,
                33.46661377000004
              ],
              [
                -92.723899841,
                33.45991134600007
              ],
              [
                -92.71789550899996,
                33.45861053500005
              ],
              [
                -92.71719360399999,
                33.452613831000065
              ],
              [
                -92.71509551999998,
                33.451713562000066
              ],
              [
                -92.70819854699994,
                33.452613831000065
              ],
              [
                -92.705795288,
                33.45491409300007
              ],
              [
                -92.70729827899999,
                33.45841217000003
              ],
              [
                -92.70559692399996,
                33.45961380000006
              ],
              [
                -92.70379638699995,
                33.45851135300006
              ],
              [
                -92.70299529999994,
                33.45301055900006
              ],
              [
                -92.70719909699994,
                33.44391250600006
              ],
              [
                -92.70539855999994,
                33.438613892000035
              ],
              [
                -92.705795288,
                33.43301391600005
              ],
              [
                -92.70409393299997,
                33.43091201800007
              ],
              [
                -92.67249298099995,
                33.43091201800007
              ],
              [
                -92.66199493399995,
                33.43531036400003
              ],
              [
                -92.65599822999997,
                33.43541336100003
              ],
              [
                -92.65269470199996,
                33.43341064500004
              ],
              [
                -92.65119934099994,
                33.429813385000045
              ],
              [
                -92.65559387199994,
                33.42371368400006
              ],
              [
                -92.64389800999999,
                33.42461395300006
              ],
              [
                -92.64649963399995,
                33.418613434000065
              ],
              [
                -92.64589691199996,
                33.41571044900007
              ],
              [
                -92.63549804699994,
                33.41431045500008
              ],
              [
                -92.63469695999999,
                33.40621185300006
              ],
              [
                -92.63759612999996,
                33.404613495000035
              ],
              [
                -92.64550018299997,
                33.406311035000044
              ],
              [
                -92.64689636199995,
                33.40361404400005
              ],
              [
                -92.64499664299996,
                33.398212433000026
              ],
              [
                -92.64139556899994,
                33.39631271400003
              ],
              [
                -92.63539886499996,
                33.398014069000055
              ],
              [
                -92.62549591099997,
                33.40321350100004
              ],
              [
                -92.62039947499994,
                33.408813477000024
              ],
              [
                -92.61739349399994,
                33.40951156600005
              ],
              [
                -92.61369323699995,
                33.40771102900004
              ],
              [
                -92.61159515399999,
                33.40421295200008
              ],
              [
                -92.60569763199999,
                33.40201187100007
              ],
              [
                -92.59239959699994,
                33.40321350100004
              ],
              [
                -92.58689880399999,
                33.400012970000034
              ],
              [
                -92.58349609399994,
                33.39351272600004
              ],
              [
                -92.58599853499999,
                33.384613037000065
              ],
              [
                -92.58219909699994,
                33.37981414800004
              ],
              [
                -92.58049774199998,
                33.37351226800007
              ],
              [
                -92.57489776599994,
                33.37251281700003
              ],
              [
                -92.57249450699999,
                33.37411117600004
              ],
              [
                -92.570297241,
                33.37891387900004
              ],
              [
                -92.56710052499994,
                33.377811432000044
              ],
              [
                -92.56629943799999,
                33.375411987000064
              ],
              [
                -92.56799316399997,
                33.36781311000004
              ],
              [
                -92.57589721699998,
                33.37001037600004
              ],
              [
                -92.57789611799996,
                33.36771392800006
              ],
              [
                -92.58559417799995,
                33.36861038200004
              ],
              [
                -92.58709716899995,
                33.37101364100005
              ],
              [
                -92.59389495799996,
                33.37331390400004
              ],
              [
                -92.59679412799994,
                33.37221145600006
              ],
              [
                -92.59589386,
                33.369712830000026
              ],
              [
                -92.59909820599995,
                33.36861038200004
              ],
              [
                -92.60249328599997,
                33.364410400000054
              ],
              [
                -92.59949493499994,
                33.36131286600005
              ],
              [
                -92.61079406699997,
                33.36391067500006
              ],
              [
                -92.61329650899995,
                33.36041259800004
              ],
              [
                -92.62009429899996,
                33.35891342200006
              ],
              [
                -92.62599945099998,
                33.35991287200005
              ],
              [
                -92.63269805899995,
                33.36531066900005
              ],
              [
                -92.64399719199997,
                33.36791229200003
              ],
              [
                -92.65379333499999,
                33.364013672000056
              ],
              [
                -92.65409851099997,
                33.361412048000034
              ],
              [
                -92.65809631299999,
                33.35751342800006
              ],
              [
                -92.66179656999998,
                33.35621261600005
              ],
              [
                -92.68169403099995,
                33.36041259800004
              ],
              [
                -92.68409728999995,
                33.36301040600006
              ],
              [
                -92.68239593499999,
                33.36521148700007
              ],
              [
                -92.68909454299995,
                33.36741256700003
              ],
              [
                -92.70179748499999,
                33.36691284200003
              ],
              [
                -92.71449279799998,
                33.37091064500004
              ],
              [
                -92.71709442099996,
                33.378211975000056
              ],
              [
                -92.72629547099996,
                33.38381195100004
              ],
              [
                -92.74779510499997,
                33.383911133000026
              ],
              [
                -92.75899505599995,
                33.387912750000055
              ],
              [
                -92.76279449499998,
                33.38381195100004
              ],
              [
                -92.76770019599996,
                33.38091278100006
              ],
              [
                -92.77059936499995,
                33.381313324000075
              ],
              [
                -92.77959442099996,
                33.37461090100004
              ],
              [
                -92.78540039099994,
                33.37701034500003
              ],
              [
                -92.79659271199995,
                33.37251281700003
              ],
              [
                -93.11899566699998,
                33.380313873000034
              ],
              [
                -93.10489654499997,
                33.77741241500007
              ],
              [
                -93.08699798599997,
                33.77701187100007
              ],
              [
                -93.07909393299997,
                33.78251266500007
              ],
              [
                -93.08169555699999,
                33.78441238400006
              ],
              [
                -93.07559966999997,
                33.78541183500005
              ],
              [
                -93.07119751,
                33.788311005000025
              ],
              [
                -93.06209564199997,
                33.78601074200003
              ],
              [
                -93.0625,
                33.783512115000065
              ],
              [
                -93.06089782699996,
                33.78271102900004
              ],
              [
                -93.05479431199996,
                33.78231048600003
              ],
              [
                -93.05619811999998,
                33.77941131600005
              ],
              [
                -93.05119323699995,
                33.77701187100007
              ],
              [
                -93.04909515399999,
                33.77651214600007
              ],
              [
                -93.04429626499996,
                33.77911377000004
              ],
              [
                -93.04209899899996,
                33.77731323200004
              ],
              [
                -93.04299926799996,
                33.775012970000034
              ],
              [
                -93.04089355499997,
                33.772911072000056
              ],
              [
                -93.03689575199996,
                33.77121353100006
              ],
              [
                -93.03260040299995,
                33.77231216400003
              ],
              [
                -93.03099822999997,
                33.770412445000034
              ],
              [
                -93.02719879199998,
                33.77191162100007
              ],
              [
                -93.02610015899995,
                33.77421188400007
              ],
              [
                -93.02269744899996,
                33.77271270800003
              ],
              [
                -93.01279449499998,
                33.77511215200008
              ],
              [
                -93.00749969699996,
                33.77901077800004
              ],
              [
                -92.99389648399995,
                33.77761077900004
              ],
              [
                -92.99169921899994,
                33.78271102900004
              ],
              [
                -92.98219299299996,
                33.78451156600005
              ],
              [
                -92.98239898699995,
                33.78731155400004
              ],
              [
                -92.97429656999998,
                33.789012909000064
              ],
              [
                -92.96989440999994,
                33.78821182300004
              ],
              [
                -92.96989440999994,
                33.790313721000075
              ],
              [
                -92.95729827899999,
                33.794513702000074
              ],
              [
                -92.95329284699994,
                33.798412323000036
              ],
              [
                -92.95049285899995,
                33.79731369000007
              ],
              [
                -92.94409942599998,
                33.800212860000045
              ],
              [
                -92.94319915799997,
                33.79751205400004
              ],
              [
                -92.93709564199997,
                33.80791091900005
              ],
              [
                -92.93969726599994,
                33.81041336100003
              ],
              [
                -92.93269348099994,
                33.81311416600005
              ],
              [
                -92.93319702099996,
                33.81611251800007
              ],
              [
                -92.92939758399996,
                33.821910858000024
              ],
              [
                -92.92709350599995,
                33.819011688000046
              ],
              [
                -92.92709350599995,
                33.81461428700004
              ],
              [
                -92.92219543499994,
                33.818611145000034
              ],
              [
                -92.91959381099997,
                33.81891250600006
              ],
              [
                -92.91909789999994,
                33.82131195100004
              ],
              [
                -92.91409301799996,
                33.81891250600006
              ],
              [
                -92.907493591,
                33.81211090100004
              ],
              [
                -92.89659881699998,
                33.806812286000024
              ],
              [
                -92.89369964599996,
                33.809612274000074
              ]
            ]
          ],
          [
            [
              [
                -92.75469970799998,
                33.50131225600006
              ],
              [
                -92.75809478899998,
                33.50241088900003
              ],
              [
                -92.75539398199999,
                33.50391387900004
              ],
              [
                -92.75469970799998,
                33.50131225600006
              ]
            ]
          ]
        ]
      }
    },
    {
      "type": "Feature",
      "properties": {
        "STATE": "AR",
        "ZONE": "039",
        "CWA": "LZK",
        "NAME": "Perry",
        "STATE_ZONE": "AR039",
        "TIME_ZONE": "C"
      },
      "geometry": {
        "type": "Polygon",
        "coordinates": [
          [
            [
              -92.55469512899998,
              35.11341095000006
            ],
            [
              -92.54979705799997,
              35.10951232900004
            ],
            [
              -92.54149627699996,
              35.088512421000075
            ],
            [
              -92.54069518999995,
              35.07831192000003
            ],
            [
              -92.54549407999997,
              35.05511093100006
            ],
            [
              -92.55039977999996,
              35.04651260400004
            ],
            [
              -92.55749511699997,
              35.03851318400007
            ],
            [
              -92.56989288299997,
              35.02851104700005
            ],
            [
              -92.58639526399998,
              35.01851272600004
            ],
            [
              -92.59359741299994,
              35.011711121000076
            ],
            [
              -92.59839630099998,
              35.00011062600004
            ],
            [
              -92.59439849899996,
              34.98721313500005
            ],
            [
              -92.58419799799998,
              34.97181320200008
            ],
            [
              -92.56949615599996,
              34.96171188400007
            ],
            [
              -92.54429626499996,
              34.952613831000065
            ],
            [
              -92.54459381099997,
              34.937011719000054
            ],
            [
              -92.64849853499999,
              34.93901062000003
            ],
            [
              -92.64989471499996,
              34.910011292000036
            ],
            [
              -92.75359344499998,
              34.910911560000045
            ],
            [
              -92.75539398199999,
              34.854812622000054
            ],
            [
              -92.73939514199998,
              34.85311126700003
            ],
            [
              -92.741096498,
              34.829113007000046
            ],
            [
              -92.74589538599997,
              34.83451080300006
            ],
            [
              -92.74989318799999,
              34.83601379400005
            ],
            [
              -92.75699615499997,
              34.84251403800005
            ],
            [
              -92.76439666699997,
              34.839611053000056
            ],
            [
              -92.77029418899997,
              34.84261322000003
            ],
            [
              -92.78069305499997,
              34.839714050000055
            ],
            [
              -92.80289459199997,
              34.84961319000007
            ],
            [
              -92.80949401899994,
              34.847110748000034
            ],
            [
              -92.81709289599996,
              34.84781265300006
            ],
            [
              -92.83359527599998,
              34.855411530000026
            ],
            [
              -92.96689605699999,
              34.85911178600003
            ],
            [
              -93.07389831499995,
              34.858112335000044
            ],
            [
              -93.07519531299994,
              34.77191162100007
            ],
            [
              -93.26989746099997,
              34.77201080300006
            ],
            [
              -93.28779602099996,
              34.773212433000026
            ],
            [
              -93.28829956099997,
              34.860912323000036
            ],
            [
              -93.30589294399994,
              34.861412048000034
            ],
            [
              -93.30569458099995,
              34.875411987000064
            ],
            [
              -93.28820037799994,
              34.87631225600006
            ],
            [
              -93.28819274899996,
              34.88781356800007
            ],
            [
              -93.27069854699994,
              34.889213562000066
            ],
            [
              -93.27050018299997,
              34.90391159100005
            ],
            [
              -93.25259399399994,
              34.90381240800008
            ],
            [
              -93.25159454399994,
              34.917911530000026
            ],
            [
              -93.23649597199994,
              34.91811370800008
            ],
            [
              -93.23519897499995,
              34.93261337300004
            ],
            [
              -93.21749877899998,
              34.93271255500008
            ],
            [
              -93.21739959699994,
              34.94721221900005
            ],
            [
              -93.20059966999997,
              34.94761276200006
            ],
            [
              -93.20009612999996,
              34.96151351900005
            ],
            [
              -93.181793213,
              34.962913513000046
            ],
            [
              -93.18149566699998,
              34.97641372700008
            ],
            [
              -93.16029357899998,
              34.97601318400007
            ],
            [
              -93.16029357899998,
              34.99061203000008
            ],
            [
              -93.14229583699995,
              34.99031066900005
            ],
            [
              -93.14179992799995,
              35.00471115100004
            ],
            [
              -93.12459564199997,
              35.004112244000055
            ],
            [
              -93.12379455599995,
              35.018611908000025
            ],
            [
              -93.10579681399997,
              35.01901245100004
            ],
            [
              -93.10559844999995,
              35.03301239000007
            ],
            [
              -93.08729553199998,
              35.03401184100005
            ],
            [
              -93.08699798599997,
              35.04831314100005
            ],
            [
              -93.06949615499997,
              35.04881286600005
            ],
            [
              -93.06929779099994,
              35.06261062600004
            ],
            [
              -93.051498413,
              35.062313080000024
            ],
            [
              -93.05130004899996,
              35.07701110800008
            ],
            [
              -92.76860046499996,
              35.072113037000065
            ],
            [
              -92.69979858399995,
              35.07271194500004
            ],
            [
              -92.67479705799997,
              35.07891082800006
            ],
            [
              -92.64919280999999,
              35.10461044300007
            ],
            [
              -92.63789367699997,
              35.110511780000024
            ],
            [
              -92.63069915899996,
              35.111412048000034
            ],
            [
              -92.62279510499997,
              35.10771179200003
            ],
            [
              -92.62079620499998,
              35.10251236000005
            ],
            [
              -92.62169647199994,
              35.09721374500003
            ],
            [
              -92.62429809599996,
              35.093811035000044
            ],
            [
              -92.64089965899996,
              35.086612701000035
            ],
            [
              -92.64459991599995,
              35.08321380600006
            ],
            [
              -92.64550018299997,
              35.079311371000074
            ],
            [
              -92.64489746099997,
              35.07701110800008
            ],
            [
              -92.64149475099998,
              35.07611084000007
            ],
            [
              -92.63129424999994,
              35.07641220100004
            ],
            [
              -92.60589599599996,
              35.08161163300008
            ],
            [
              -92.59469604499998,
              35.08921051000004
            ],
            [
              -92.58429717999996,
              35.100914001000035
            ],
            [
              -92.56729888899997,
              35.114810944000055
            ],
            [
              -92.56219482399996,
              35.11561203000008
            ],
            [
              -92.55469512899998,
              35.11341095000006
            ]
          ]
        ]
      }
    },
    {
      "type": "Feature",
      "properties": {
        "STATE": "AR",
        "ZONE": "052",
        "CWA": "LZK",
        "NAME": "Pike",
        "STATE_ZONE": "AR052",
        "TIME_ZONE": "C"
      },
      "geometry": {
        "type": "Polygon",
        "coordinates": [
          [
            [
              -93.66959381099997,
              34.34521102900004
            ],
            [
              -93.47829437299998,
              34.340812683000024
            ],
            [
              -93.48040008499999,
              34.25331115700004
            ],
            [
              -93.50079345799998,
              34.25381088300003
            ],
            [
              -93.50219726599994,
              34.21841049200003
            ],
            [
              -93.50119781499995,
              34.21391296400003
            ],
            [
              -93.48939514199998,
              34.211612701000035
            ],
            [
              -93.49119567999998,
              34.20961380000006
            ],
            [
              -93.48880004899996,
              34.20851135300006
            ],
            [
              -93.47899627699996,
              34.20911407500006
            ],
            [
              -93.46269988999995,
              34.20531082200006
            ],
            [
              -93.45819854699994,
              34.21201324500004
            ],
            [
              -93.44929504399994,
              34.205913544000055
            ],
            [
              -93.44699859699995,
              34.207912445000034
            ],
            [
              -93.44279479999994,
              34.20751190200008
            ],
            [
              -93.44919586199995,
              34.19931030300006
            ],
            [
              -93.45819854699994,
              34.192512512000064
            ],
            [
              -93.45949554399994,
              34.18991088900003
            ],
            [
              -93.44849395799997,
              34.17991256700003
            ],
            [
              -93.45459747299998,
              34.17701339700005
            ],
            [
              -93.45199584999995,
              34.175212860000045
            ],
            [
              -93.45459747299998,
              34.17251205400004
            ],
            [
              -93.45569610599995,
              34.161510468000074
            ],
            [
              -93.45369720499997,
              34.15421295200008
            ],
            [
              -93.44869995099998,
              34.15231323200004
            ],
            [
              -93.44389343399996,
              34.14741134600007
            ],
            [
              -93.44869995099998,
              34.14631271400003
            ],
            [
              -93.45099639999995,
              34.14201355000006
            ],
            [
              -93.45559692399996,
              34.139011383000025
            ],
            [
              -93.45499420199997,
              34.13521194500004
            ],
            [
              -93.45649719199997,
              34.131313324000075
            ],
            [
              -93.44639587399996,
              34.132110596000075
            ],
            [
              -93.44419860899995,
              34.130210876000035
            ],
            [
              -93.45189666699997,
              34.125213623000036
            ],
            [
              -93.44979858399995,
              34.121913910000046
            ],
            [
              -93.44199371299999,
              34.11991119400005
            ],
            [
              -93.44419860899995,
              34.114913940000065
            ],
            [
              -93.44199371299999,
              34.11171340900006
            ],
            [
              -93.44379424999994,
              34.10841369600007
            ],
            [
              -93.44049835299995,
              34.08731079100005
            ],
            [
              -93.44089508099995,
              34.082912445000034
            ],
            [
              -93.44349670399998,
              34.08021163900003
            ],
            [
              -93.43560028099995,
              34.071212769000056
            ],
            [
              -93.43459320099998,
              34.061412811000025
            ],
            [
              -93.43249511699997,
              34.05641174300007
            ],
            [
              -93.43439483599997,
              34.05071258500004
            ],
            [
              -93.41419982999997,
              34.035610199000075
            ],
            [
              -93.40879821799996,
              34.02611160300006
            ],
            [
              -93.40769958599998,
              34.01971054100005
            ],
            [
              -93.40899658199999,
              34.01451110800008
            ],
            [
              -93.40729522699996,
              34.01261138900003
            ],
            [
              -93.40129852299998,
              34.012912750000055
            ],
            [
              -93.40039825399998,
              34.01031112700008
            ],
            [
              -93.40399932999998,
              34.00481414800004
            ],
            [
              -93.39189910899995,
              34.00051116900005
            ],
            [
              -93.39189910899995,
              33.99811172500006
            ],
            [
              -93.38419341999997,
              33.99361038200004
            ],
            [
              -93.37959289599996,
              33.98671340900006
            ],
            [
              -93.38019561899995,
              33.98211288500005
            ],
            [
              -93.37749481199995,
              33.97661209100005
            ],
            [
              -93.38019561899995,
              33.97371292100007
            ],
            [
              -93.37709808299996,
              33.971210480000025
            ],
            [
              -93.37739562999997,
              33.965511322000054
            ],
            [
              -93.37199401899994,
              33.96431350700004
            ],
            [
              -93.37599945099998,
              33.96141052200005
            ],
            [
              -93.37279510599996,
              33.95941162100007
            ],
            [
              -93.373199463,
              33.955810547000056
            ],
            [
              -93.37609863299997,
              33.957412720000036
            ],
            [
              -93.37939453099995,
              33.957012177000024
            ],
            [
              -93.38129424999994,
              33.95881271400003
            ],
            [
              -93.38909912099996,
              33.95851135300006
            ],
            [
              -93.39099883999995,
              33.95771408100006
            ],
            [
              -93.388298035,
              33.95641326900005
            ],
            [
              -93.39149475099998,
              33.952110291000054
            ],
            [
              -93.39270019499997,
              33.954113007000046
            ],
            [
              -93.39550018299997,
              33.953712463000045
            ],
            [
              -93.39769744899996,
              33.95531082200006
            ],
            [
              -93.39999389699994,
              33.95201110800008
            ],
            [
              -93.41419982999997,
              33.953411102000075
            ],
            [
              -93.41859435999999,
              33.94991302500006
            ],
            [
              -93.42009735199997,
              33.95361328100006
            ],
            [
              -93.42489623999995,
              33.95311355600006
            ],
            [
              -93.42619323699995,
              33.955513
            ],
            [
              -93.43509674099994,
              33.955810547000056
            ],
            [
              -93.43799591199996,
              33.95811080900006
            ],
            [
              -93.44429779099994,
              33.95661163300008
            ],
            [
              -93.44579315199996,
              33.95931243900003
            ],
            [
              -93.44809722899998,
              33.95811080900006
            ],
            [
              -93.45259857199994,
              33.96101379400005
            ],
            [
              -93.455795288,
              33.95981216400003
            ],
            [
              -93.46019744899996,
              33.96191406200006
            ],
            [
              -93.46579742399996,
              33.95961380000006
            ],
            [
              -93.46689605699999,
              33.963512421000075
            ],
            [
              -93.46959686299994,
              33.96361160300006
            ],
            [
              -93.47149658199999,
              33.961612701000035
            ],
            [
              -93.47699737599999,
              33.960712433000026
            ],
            [
              -93.47859954799998,
              33.955913544000055
            ],
            [
              -93.49149322499994,
              33.95601272600004
            ],
            [
              -93.49799346899994,
              33.953514099000074
            ],
            [
              -93.49419403099995,
              33.949111938000044
            ],
            [
              -93.49689483599997,
              33.94781112700008
            ],
            [
              -93.52779388399995,
              33.94371414200003
            ],
            [
              -93.53159332299998,
              33.95441055300006
            ],
            [
              -93.53549957299998,
              33.95451355000006
            ],
            [
              -93.53809356699998,
              33.95181274400005
            ],
            [
              -93.54209899899996,
              33.95111084000007
            ],
            [
              -93.54719543499994,
              33.952110291000054
            ],
            [
              -93.55319976799996,
              33.95571136500007
            ],
            [
              -93.56839752199994,
              33.95771026600005
            ],
            [
              -93.56749725299994,
              33.95981216400003
            ],
            [
              -93.57099914599996,
              33.96061325100004
            ],
            [
              -93.57509612999996,
              33.95971298200004
            ],
            [
              -93.57659912099996,
              33.95751190200008
            ],
            [
              -93.586296082,
              33.95960998500004
            ],
            [
              -93.58929443399995,
              33.96431350700004
            ],
            [
              -93.60399627699996,
              33.96321106000005
            ],
            [
              -93.61100006099997,
              33.95961380000006
            ],
            [
              -93.61719512899998,
              33.960010529000044
            ],
            [
              -93.61949920799998,
              33.96511077900004
            ],
            [
              -93.62220001199995,
              33.96531295800003
            ],
            [
              -93.62629699699994,
              33.96981048600003
            ],
            [
              -93.62879943899998,
              33.96861267100007
            ],
            [
              -93.62849426299994,
              33.97281265300006
            ],
            [
              -93.63999938999996,
              33.974311829000044
            ],
            [
              -93.64099883999995,
              33.976913452000076
            ],
            [
              -93.64439392099996,
              33.97701263400006
            ],
            [
              -93.64629363999995,
              33.982013702000074
            ],
            [
              -93.66369628899997,
              33.98171234100005
            ],
            [
              -93.68219757099996,
              33.98411178600003
            ],
            [
              -93.69869995099998,
              33.99451065100004
            ],
            [
              -93.71309661899994,
              33.99511337300004
            ],
            [
              -93.72279357999997,
              33.99721145600006
            ],
            [
              -93.73130035399998,
              34.00201034500003
            ],
            [
              -93.74479675299995,
              34.002811432000044
            ],
            [
              -93.74969482499995,
              34.00671386700003
            ],
            [
              -93.82299804699994,
              34.008911133000026
            ],
            [
              -93.82109832899994,
              34.18381118800005
            ],
            [
              -93.91639709499998,
              34.186111450000055
            ],
            [
              -93.92599487299998,
              34.18781280500008
            ],
            [
              -93.92440032999997,
              34.26261138900003
            ],
            [
              -93.93659973099994,
              34.26311111500007
            ],
            [
              -93.93539428699995,
              34.35021209200005
            ],
            [
              -93.83159637599994,
              34.34761047400008
            ],
            [
              -93.74259948699995,
              34.348110199000075
            ],
            [
              -93.66959381099997,
              34.34521102900004
            ]
          ]
        ]
      }
    },
    {
      "type": "Feature",
      "properties": {
        "STATE": "AR",
        "ZONE": "046",
        "CWA": "LZK",
        "NAME": "Prairie",
        "STATE_ZONE": "AR046",
        "TIME_ZONE": "C"
      },
      "geometry": {
        "type": "Polygon",
        "coordinates": [
          [
            [
              -91.46579742399996,
              35.08911132800006
            ],
            [
              -91.46849822999997,
              35.08521270800003
            ],
            [
              -91.46719360499998,
              35.08341217000003
            ],
            [
              -91.46049499499998,
              35.081710815000065
            ],
            [
              -91.45399475099998,
              35.07351303100006
            ],
            [
              -91.44680023299998,
              35.067813873000034
            ],
            [
              -91.46069335899995,
              35.063110352000024
            ],
            [
              -91.47089386,
              35.06731033300008
            ],
            [
              -91.47489929199998,
              35.06701278700007
            ],
            [
              -91.47909545899995,
              35.06041336100003
            ],
            [
              -91.475494385,
              35.05631256100003
            ],
            [
              -91.46249389599996,
              35.05201339700005
            ],
            [
              -91.45859527599998,
              35.052413940000065
            ],
            [
              -91.43929290799997,
              35.06091308600003
            ],
            [
              -91.44109344499998,
              35.05271148700007
            ],
            [
              -91.436599732,
              35.05211257800005
            ],
            [
              -91.36380004899996,
              35.051513672000056
            ],
            [
              -91.36459350599995,
              35.009811401000036
            ],
            [
              -91.36660003699996,
              34.99941253700007
            ],
            [
              -91.36839294399994,
              34.903411865000066
            ],
            [
              -91.36889648499994,
              34.90021133400006
            ],
            [
              -91.37220001199995,
              34.899112701000035
            ],
            [
              -91.37539672899999,
              34.89941406200006
            ],
            [
              -91.38150024399994,
              34.90471267700008
            ],
            [
              -91.38489532499995,
              34.90391159100005
            ],
            [
              -91.38649749899997,
              34.90181350700004
            ],
            [
              -91.38619995199997,
              34.89861297600004
            ],
            [
              -91.38369751,
              34.89611053500005
            ],
            [
              -91.37379455599995,
              34.89691162100007
            ],
            [
              -91.37079620399999,
              34.895111084000064
            ],
            [
              -91.36750030499996,
              34.888214111000025
            ],
            [
              -91.36019897499995,
              34.88061142000004
            ],
            [
              -91.35029602099996,
              34.874912262000066
            ],
            [
              -91.344299316,
              34.87621307400008
            ],
            [
              -91.34449768099995,
              34.872112274000074
            ],
            [
              -91.34980011,
              34.86791229200003
            ],
            [
              -91.35299682599998,
              34.86741256700003
            ],
            [
              -91.35869598499994,
              34.869712830000026
            ],
            [
              -91.36429595899995,
              34.86771392800006
            ],
            [
              -91.36069488499999,
              34.861412048000034
            ],
            [
              -91.36279296899994,
              34.85651016200006
            ],
            [
              -91.36089324999995,
              34.85371398900003
            ],
            [
              -91.36029815699999,
              34.845111847000055
            ],
            [
              -91.36289977999996,
              34.84281158400006
            ],
            [
              -91.37069702099996,
              34.84321212800006
            ],
            [
              -91.37339782699996,
              34.84161377000004
            ],
            [
              -91.37699890099998,
              34.833011627000076
            ],
            [
              -91.375694276,
              34.828712463000045
            ],
            [
              -91.37069702099996,
              34.82481384300007
            ],
            [
              -91.37489318799999,
              34.66631317100007
            ],
            [
              -91.44709777799994,
              34.66661071800007
            ],
            [
              -91.44749450699999,
              34.65611267100007
            ],
            [
              -91.44699859599996,
              34.60921096800007
            ],
            [
              -91.41259765599995,
              34.60871124300007
            ],
            [
              -91.41259765599995,
              34.593811035000044
            ],
            [
              -91.37709808299996,
              34.59281158400006
            ],
            [
              -91.37759399399994,
              34.56361007700008
            ],
            [
              -91.59449768099995,
              34.567813873000034
            ],
            [
              -91.59569549599996,
              34.48071289100005
            ],
            [
              -91.62509918199999,
              34.47961044300007
            ],
            [
              -91.67359924299996,
              34.481910706000065
            ],
            [
              -91.67879486099997,
              34.486511230000076
            ],
            [
              -91.68119811999998,
              34.493213654000044
            ],
            [
              -91.68049621599994,
              34.498912811000025
            ],
            [
              -91.67779541099998,
              34.50061416600005
            ],
            [
              -91.676498413,
              34.50451278700007
            ],
            [
              -91.67689514199998,
              34.509811401000036
            ],
            [
              -91.67059326199995,
              34.51521301300005
            ],
            [
              -91.66649627699996,
              34.52191162100007
            ],
            [
              -91.64859771699997,
              34.53411102300004
            ],
            [
              -91.63509368899997,
              34.54631042500006
            ],
            [
              -91.63389587399996,
              34.55991363500004
            ],
            [
              -91.63439941399997,
              34.56321334800003
            ],
            [
              -91.63859558099995,
              34.56711196900005
            ],
            [
              -91.64799499499998,
              34.56911087000003
            ],
            [
              -91.65129852299998,
              34.56701278700007
            ],
            [
              -91.65409851099997,
              34.568611145000034
            ],
            [
              -91.65819549599996,
              34.57291412400008
            ],
            [
              -91.65839386,
              34.576313019000054
            ],
            [
              -91.66499328599997,
              34.58011245700004
            ],
            [
              -91.65929412799994,
              34.600410461000024
            ],
            [
              -91.652893066,
              34.60291290300006
            ],
            [
              -91.64920043899997,
              34.607013702000074
            ],
            [
              -91.64799499499998,
              34.61251068100006
            ],
            [
              -91.64279937699996,
              34.61551284800004
            ],
            [
              -91.64009857199994,
              34.621212006000064
            ],
            [
              -91.638694763,
              34.626712799000074
            ],
            [
              -91.64079284699994,
              34.633712769000056
            ],
            [
              -91.64969634999994,
              34.64171218900003
            ],
            [
              -91.66230011099998,
              34.64611053500005
            ],
            [
              -91.66449737599999,
              34.65221023600003
            ],
            [
              -91.66969299299996,
              34.65721130400004
            ],
            [
              -91.68529510499997,
              34.66461181600005
            ],
            [
              -91.68979644799998,
              34.669410706000065
            ],
            [
              -91.69899749799998,
              34.67011261000005
            ],
            [
              -91.70039367699997,
              34.67261123700007
            ],
            [
              -91.69369506799995,
              34.919712067000034
            ],
            [
              -91.80389404299996,
              34.92161178600003
            ],
            [
              -91.80289459199997,
              35.03081131000005
            ],
            [
              -91.80139923099995,
              35.04121017500006
            ],
            [
              -91.787994385,
              35.04041290300006
            ],
            [
              -91.77779388399995,
              35.04671096800007
            ],
            [
              -91.77089691199996,
              35.04721069300007
            ],
            [
              -91.76599883999995,
              35.04971313500005
            ],
            [
              -91.744499207,
              35.04721069300007
            ],
            [
              -91.73999786399997,
              35.05031204200003
            ],
            [
              -91.73189544799999,
              35.05211257900004
            ],
            [
              -91.73040008499999,
              35.054512024000076
            ],
            [
              -91.72139739999994,
              35.05831146200006
            ],
            [
              -91.715393066,
              35.05861282300003
            ],
            [
              -91.71099853499999,
              35.06161117600004
            ],
            [
              -91.70809936499995,
              35.062011719000054
            ],
            [
              -91.70589446999998,
              35.06051254300007
            ],
            [
              -91.69579315199996,
              35.062313080000024
            ],
            [
              -91.68739318899998,
              35.05921173100006
            ],
            [
              -91.68899536099997,
              35.056911469000056
            ],
            [
              -91.67919921899994,
              35.051010132000044
            ],
            [
              -91.67529296999999,
              35.05071258500004
            ],
            [
              -91.66889953599997,
              35.05391311600005
            ],
            [
              -91.65629577599998,
              35.05131149300007
            ],
            [
              -91.64479827899999,
              35.04281234700005
            ],
            [
              -91.64589691199996,
              35.03951263400006
            ],
            [
              -91.64159393299997,
              35.028411865000066
            ],
            [
              -91.63949584999995,
              35.02651214500003
            ],
            [
              -91.62489318799999,
              35.02611160300006
            ],
            [
              -91.61589813199998,
              35.02191162100007
            ],
            [
              -91.60809326199995,
              35.02131271400003
            ],
            [
              -91.60209655799997,
              35.026012421000075
            ],
            [
              -91.59269714399994,
              35.02751159700006
            ],
            [
              -91.586296082,
              35.02611160300006
            ],
            [
              -91.58499908399995,
              35.02991104100005
            ],
            [
              -91.58409881699998,
              35.090911865000066
            ],
            [
              -91.46579742399996,
              35.08911132800006
            ]
          ]
        ]
      }
    },
    {
      "type": "Feature",
      "properties": {
        "STATE": "AR",
        "ZONE": "044",
        "CWA": "LZK",
        "NAME": "Pulaski",
        "STATE_ZONE": "AR044",
        "TIME_ZONE": "C"
      },
      "geometry": {
        "type": "Polygon",
        "coordinates": [
          [
            [
              -92.22749328599997,
              35.01451110800008
            ],
            [
              -92.07099914599996,
              35.011711121000076
            ],
            [
              -92.07769775399998,
              34.73231124900008
            ],
            [
              -92.08409881599994,
              34.72071075400004
            ],
            [
              -92.09269714499999,
              34.711612701000035
            ],
            [
              -92.09299468999995,
              34.70531082200006
            ],
            [
              -92.09629821799996,
              34.698810577000074
            ],
            [
              -92.09619903599997,
              34.687412262000066
            ],
            [
              -92.100494385,
              34.66911315900006
            ],
            [
              -92.09869384799998,
              34.65971374500003
            ],
            [
              -92.11249542199994,
              34.62321090700004
            ],
            [
              -92.02949523899997,
              34.621410370000035
            ],
            [
              -92.03019714399994,
              34.48931121800007
            ],
            [
              -92.24579620399999,
              34.49351120000006
            ],
            [
              -92.24419403099995,
              34.580913544000055
            ],
            [
              -92.34869384799998,
              34.582412720000036
            ],
            [
              -92.34669494599996,
              34.62511062600004
            ],
            [
              -92.44249725299994,
              34.626911163000045
            ],
            [
              -92.44499969499998,
              34.62841033900003
            ],
            [
              -92.44329833999996,
              34.67201232900004
            ],
            [
              -92.50029754599996,
              34.674114227000075
            ],
            [
              -92.49949645999999,
              34.68781280500008
            ],
            [
              -92.55130004899996,
              34.689411163000045
            ],
            [
              -92.54989623999995,
              34.761711121000076
            ],
            [
              -92.65399932899999,
              34.76451110800008
            ],
            [
              -92.65129852299998,
              34.851711273000035
            ],
            [
              -92.73939514199998,
              34.85311126700003
            ],
            [
              -92.75539398199999,
              34.854812622000054
            ],
            [
              -92.75359344499998,
              34.910911560000045
            ],
            [
              -92.64989471499996,
              34.910011292000036
            ],
            [
              -92.64849853499999,
              34.93901062000003
            ],
            [
              -92.54459381099997,
              34.937011719000054
            ],
            [
              -92.54429626499996,
              34.952613831000065
            ],
            [
              -92.52229309099994,
              34.95051193200004
            ],
            [
              -92.49459838899998,
              34.95271301300005
            ],
            [
              -92.48639678999996,
              34.951713562000066
            ],
            [
              -92.47899627699996,
              34.948211670000035
            ],
            [
              -92.47349548299997,
              34.94321060200008
            ],
            [
              -92.46429443399995,
              34.92931366000005
            ],
            [
              -92.46239471399997,
              34.91761016800007
            ],
            [
              -92.45329284699994,
              34.906711578000056
            ],
            [
              -92.45059966999997,
              34.90031051600005
            ],
            [
              -92.451698304,
              34.89371109000007
            ],
            [
              -92.46389770499997,
              34.86831283600003
            ],
            [
              -92.46319580099998,
              34.85991287200005
            ],
            [
              -92.45699310299995,
              34.852813721000075
            ],
            [
              -92.43669891399998,
              34.842910767000035
            ],
            [
              -92.43809509399995,
              34.84651184100005
            ],
            [
              -92.44639587399996,
              34.855911255000024
            ],
            [
              -92.44680023199999,
              34.859611511000026
            ],
            [
              -92.44269561799996,
              34.86771011400003
            ],
            [
              -92.44269561799996,
              34.87181091300005
            ],
            [
              -92.44359588599997,
              34.87761306800007
            ],
            [
              -92.44759368899997,
              34.885711670000035
            ],
            [
              -92.44819641099997,
              34.89731216400003
            ],
            [
              -92.44419860799997,
              34.90501022300003
            ],
            [
              -92.43709564199997,
              34.903312683000024
            ],
            [
              -92.43369293199999,
              34.908912659000066
            ],
            [
              -92.42319488499999,
              34.91111373900003
            ],
            [
              -92.41790008499999,
              34.91381073000008
            ],
            [
              -92.41819763199999,
              34.91571044900007
            ],
            [
              -92.41599273699995,
              34.916412354000045
            ],
            [
              -92.41749572799995,
              34.92421340900006
            ],
            [
              -92.41459655799997,
              34.92461395300006
            ],
            [
              -92.41419982899998,
              34.92711257900004
            ],
            [
              -92.41790008499999,
              34.92921066300005
            ],
            [
              -92.41889953699996,
              34.93161010700004
            ],
            [
              -92.22989654499997,
              34.92711257900004
            ],
            [
              -92.22749328599997,
              35.01451110800008
            ]
          ]
        ]
      }
    },
    {
      "type": "Feature",
      "properties": {
        "STATE": "AR",
        "ZONE": "008",
        "CWA": "LZK",
        "NAME": "Randolph",
        "STATE_ZONE": "AR008",
        "TIME_ZONE": "C"
      },
      "geometry": {
        "type": "Polygon",
        "coordinates": [
          [
            [
              -90.78319549599996,
              36.49821090700004
            ],
            [
              -90.77890014599996,
              36.49061203000008
            ],
            [
              -90.77669525099998,
              36.48871231100003
            ],
            [
              -90.77169799799998,
              36.48801040600006
            ],
            [
              -90.76969909699994,
              36.48541259800004
            ],
            [
              -90.77109527599998,
              36.48151397700008
            ],
            [
              -90.76939392099996,
              36.47621154800004
            ],
            [
              -90.77330017099996,
              36.47421264600007
            ],
            [
              -90.77199554399994,
              36.467010498000036
            ],
            [
              -90.77389526399998,
              36.46441268900003
            ],
            [
              -90.77349853499999,
              36.45951080300006
            ],
            [
              -90.77549743699996,
              36.453712463000045
            ],
            [
              -90.77489471399997,
              36.44701385500008
            ],
            [
              -90.77949523899997,
              36.438110352000024
            ],
            [
              -90.77709960999994,
              36.435112
            ],
            [
              -90.76839446999998,
              36.43331146200006
            ],
            [
              -90.77339935299995,
              36.42831039400005
            ],
            [
              -90.77849578899998,
              36.429710388000046
            ],
            [
              -90.77799987899994,
              36.426712036000026
            ],
            [
              -90.77579498299997,
              36.425212860000045
            ],
            [
              -90.76799774199998,
              36.42461395300006
            ],
            [
              -90.76499938999996,
              36.42791366600005
            ],
            [
              -90.76269531299994,
              36.42801284800004
            ],
            [
              -90.75709533699995,
              36.422710419000055
            ],
            [
              -90.76169586199995,
              36.42111206100003
            ],
            [
              -90.76179504399994,
              36.41811370800008
            ],
            [
              -90.76559448199998,
              36.42051315300006
            ],
            [
              -90.76869964599996,
              36.42041397100007
            ],
            [
              -90.77059936599994,
              36.41411209100005
            ],
            [
              -90.74919891399998,
              36.41281127900004
            ],
            [
              -90.74849700899995,
              36.40901184100005
            ],
            [
              -90.75189971899994,
              36.28341293300008
            ],
            [
              -90.74979400599995,
              36.28101348900003
            ],
            [
              -90.75149536099997,
              36.28001403800005
            ],
            [
              -90.75489807099996,
              36.283512115000065
            ],
            [
              -90.75909423799999,
              36.28361129800004
            ],
            [
              -90.76599883999995,
              36.28711319000007
            ],
            [
              -90.77700042699996,
              36.28321075400004
            ],
            [
              -90.78029632599998,
              36.28451156600005
            ],
            [
              -90.78329467899994,
              36.29081344600007
            ],
            [
              -90.78649902299998,
              36.293811798000036
            ],
            [
              -90.78939819299995,
              36.29431152300003
            ],
            [
              -90.79139709499998,
              36.29321289100005
            ],
            [
              -90.79129791399998,
              36.28821182300004
            ],
            [
              -90.79449462899998,
              36.28661346400003
            ],
            [
              -90.79909515399999,
              36.286811829000044
            ],
            [
              -90.79989623999995,
              36.28951263400006
            ],
            [
              -90.80169677699996,
              36.286811829000044
            ],
            [
              -90.803092957,
              36.28971099900008
            ],
            [
              -90.80619811999998,
              36.288112640000065
            ],
            [
              -90.80979919399994,
              36.149711609000065
            ],
            [
              -91.02699279799998,
              36.15111160300006
            ],
            [
              -91.04509735099998,
              36.15011215200008
            ],
            [
              -91.04819488499999,
              36.14781189000007
            ],
            [
              -91.05079650899995,
              36.15161132800006
            ],
            [
              -91.05469512899998,
              36.15151214600007
            ],
            [
              -91.06409454299995,
              36.14381408700007
            ],
            [
              -91.06529998799994,
              36.14101028400006
            ],
            [
              -91.06299591099997,
              36.132110596000075
            ],
            [
              -91.06439971899994,
              36.118213654000044
            ],
            [
              -91.07359313999996,
              36.11531066900005
            ],
            [
              -91.07789611799996,
              36.11761093100006
            ],
            [
              -91.08069610599995,
              36.12181091300005
            ],
            [
              -91.07279968299997,
              36.125812531000065
            ],
            [
              -91.07740020799997,
              36.125411987000064
            ],
            [
              -91.08619689899996,
              36.13301086400003
            ],
            [
              -91.08279418899997,
              36.15071106000005
            ],
            [
              -91.09309387299999,
              36.14981079100005
            ],
            [
              -91.12049865699998,
              36.154312134000065
            ],
            [
              -91.12599945099998,
              36.16051101700003
            ],
            [
              -91.13119506799995,
              36.15991210900006
            ],
            [
              -91.13319396999998,
              36.16141128500004
            ],
            [
              -91.13409423799999,
              36.16561126700003
            ],
            [
              -91.13739776599994,
              36.167911530000026
            ],
            [
              -91.14169311499995,
              36.16661071800007
            ],
            [
              -91.14389800999999,
              36.16831207300004
            ],
            [
              -91.14849853499999,
              36.17781066900005
            ],
            [
              -91.14529418899997,
              36.17931366000005
            ],
            [
              -91.14569854699994,
              36.181911469000056
            ],
            [
              -91.15719604499998,
              36.19051361100003
            ],
            [
              -91.15559387199994,
              36.19671249400005
            ],
            [
              -91.16169738799994,
              36.20521163900003
            ],
            [
              -91.16919708299997,
              36.20381164600008
            ],
            [
              -91.17449951199995,
              36.207611084000064
            ],
            [
              -91.18370056199996,
              36.20621109000007
            ],
            [
              -91.19539642299998,
              36.21281051600005
            ],
            [
              -91.195297241,
              36.21721267700008
            ],
            [
              -91.19719695999999,
              36.220413208000025
            ],
            [
              -91.20019531299994,
              36.22081375100004
            ],
            [
              -91.20359802199994,
              36.21871185300006
            ],
            [
              -91.21189880399999,
              36.22201156600005
            ],
            [
              -91.22659301799996,
              36.224712372000056
            ],
            [
              -91.22789764499998,
              36.23511123700007
            ],
            [
              -91.23439788899998,
              36.24181366000005
            ],
            [
              -91.23699951199995,
              36.24051284800004
            ],
            [
              -91.23839569099994,
              36.23751068100006
            ],
            [
              -91.23939514199998,
              36.22901153600003
            ],
            [
              -91.24129486099997,
              36.226711273000035
            ],
            [
              -91.24129486099997,
              36.25771331800007
            ],
            [
              -91.25889587399996,
              36.257411957000045
            ],
            [
              -91.25859832799995,
              36.32981109600007
            ],
            [
              -91.27610015999994,
              36.330913544000055
            ],
            [
              -91.27579498299997,
              36.37291336100003
            ],
            [
              -91.28129577599998,
              36.37471389800004
            ],
            [
              -91.29259491,
              36.374912262000066
            ],
            [
              -91.29169464099994,
              36.38801193200004
            ],
            [
              -91.31009674099994,
              36.39041137700008
            ],
            [
              -91.30889892699997,
              36.41741180400004
            ],
            [
              -91.30999755899995,
              36.42041397100007
            ],
            [
              -91.34909820699994,
              36.42171096800007
            ],
            [
              -91.348899841,
              36.43571090700004
            ],
            [
              -91.353500366,
              36.43561172500006
            ],
            [
              -91.35339355499997,
              36.44971084600007
            ],
            [
              -91.35769653299997,
              36.45051193200004
            ],
            [
              -91.35820007299998,
              36.464611053000056
            ],
            [
              -91.36209869399994,
              36.465911865000066
            ],
            [
              -91.36199951199995,
              36.47221374500003
            ],
            [
              -91.38089752199994,
              36.47241210900006
            ],
            [
              -91.38069915799997,
              36.47951126100003
            ],
            [
              -91.39809417699996,
              36.48011016800007
            ],
            [
              -91.39819335899995,
              36.48711395300006
            ],
            [
              -91.40739440899995,
              36.488311768000074
            ],
            [
              -91.40789794899996,
              36.497112274000074
            ],
            [
              -90.78319549599996,
              36.49821090700004
            ]
          ]
        ]
      }
    },
    {
      "type": "Feature",
      "properties": {
        "STATE": "AR",
        "ZONE": "043",
        "CWA": "LZK",
        "NAME": "Saline",
        "STATE_ZONE": "AR043",
        "TIME_ZONE": "C"
      },
      "geometry": {
        "type": "Polygon",
        "coordinates": [
          [
            [
              -92.73939514199998,
              34.85311126700003
            ],
            [
              -92.65129852299998,
              34.851711273000035
            ],
            [
              -92.65399932899999,
              34.76451110800008
            ],
            [
              -92.54989623999995,
              34.761711121000076
            ],
            [
              -92.55130004899996,
              34.689411163000045
            ],
            [
              -92.49949645999999,
              34.68781280500008
            ],
            [
              -92.50029754599996,
              34.674114227000075
            ],
            [
              -92.44329833999996,
              34.67201232900004
            ],
            [
              -92.44499969499998,
              34.62841033900003
            ],
            [
              -92.44249725299994,
              34.626911163000045
            ],
            [
              -92.34669494599996,
              34.62511062600004
            ],
            [
              -92.34869384799998,
              34.582412720000036
            ],
            [
              -92.24419403099995,
              34.580913544000055
            ],
            [
              -92.24579620399999,
              34.49351120000006
            ],
            [
              -92.39999389599996,
              34.49571228000008
            ],
            [
              -92.40339660599994,
              34.49501037600004
            ],
            [
              -92.40469360499998,
              34.45191192600004
            ],
            [
              -92.589996338,
              34.455013275000056
            ],
            [
              -92.596397401,
              34.452613831000065
            ],
            [
              -92.59799957299998,
              34.44451141400003
            ],
            [
              -92.60239410399998,
              34.43841171300005
            ],
            [
              -92.61339569199998,
              34.429111481000064
            ],
            [
              -92.615592957,
              34.43271255500008
            ],
            [
              -92.62310028099995,
              34.42561340300006
            ],
            [
              -92.62429809599996,
              34.42161178600003
            ],
            [
              -92.62239837599998,
              34.418811798000036
            ],
            [
              -92.61839294399994,
              34.41711044300007
            ],
            [
              -92.61779785199997,
              34.41371154800004
            ],
            [
              -92.62089538599997,
              34.414810181000064
            ],
            [
              -92.62119293199999,
              34.411811829000044
            ],
            [
              -92.623199463,
              34.413311005000025
            ],
            [
              -92.68619537399996,
              34.41471099900008
            ],
            [
              -92.68499755899995,
              34.46961212200006
            ],
            [
              -92.686096191,
              34.473110199000075
            ],
            [
              -92.73880004899996,
              34.47391128500004
            ],
            [
              -92.73829650999994,
              34.50331115700004
            ],
            [
              -92.79290008499999,
              34.50381088300003
            ],
            [
              -92.79159545899995,
              34.56131362900004
            ],
            [
              -92.80899810799997,
              34.56221389800004
            ],
            [
              -92.80919647199994,
              34.590511322000054
            ],
            [
              -92.87609863299997,
              34.59111022900004
            ],
            [
              -92.87549591099997,
              34.634811401000036
            ],
            [
              -92.97989654499997,
              34.63811111500007
            ],
            [
              -92.97929382299998,
              34.68441009500003
            ],
            [
              -92.969993591,
              34.68501281700003
            ],
            [
              -92.96969604499998,
              34.68781280500008
            ],
            [
              -92.96929931699998,
              34.77231216400003
            ],
            [
              -93.07519531299994,
              34.77191162100007
            ],
            [
              -93.07389831499995,
              34.858112335000044
            ],
            [
              -92.96689605699999,
              34.85911178600003
            ],
            [
              -92.83359527599998,
              34.855411530000026
            ],
            [
              -92.81709289599996,
              34.84781265300006
            ],
            [
              -92.80949401899994,
              34.847110748000034
            ],
            [
              -92.80289459199997,
              34.84961319000007
            ],
            [
              -92.78069305499997,
              34.839714050000055
            ],
            [
              -92.77029418899997,
              34.84261322000003
            ],
            [
              -92.76439666699997,
              34.839611053000056
            ],
            [
              -92.75699615499997,
              34.84251403800005
            ],
            [
              -92.74989318799999,
              34.83601379400005
            ],
            [
              -92.74589538599997,
              34.83451080300006
            ],
            [
              -92.741096498,
              34.829113007000046
            ],
            [
              -92.73939514199998,
              34.85311126700003
            ]
          ]
        ]
      }
    },
    {
      "type": "Feature",
      "properties": {
        "STATE": "AR",
        "ZONE": "007",
        "CWA": "LZK",
        "NAME": "Sharp",
        "STATE_ZONE": "AR007",
        "TIME_ZONE": "C"
      },
      "geometry": {
        "type": "Polygon",
        "coordinates": [
          [
            [
              -91.40789794899996,
              36.497112274000074
            ],
            [
              -91.40739440899995,
              36.488311768000074
            ],
            [
              -91.39819335899995,
              36.48711395300006
            ],
            [
              -91.39809417699996,
              36.48011016800007
            ],
            [
              -91.38069915799997,
              36.47951126100003
            ],
            [
              -91.38089752199994,
              36.47241210900006
            ],
            [
              -91.36199951199995,
              36.47221374500003
            ],
            [
              -91.36209869399994,
              36.465911865000066
            ],
            [
              -91.35820007299998,
              36.464611053000056
            ],
            [
              -91.35769653299997,
              36.45051193200004
            ],
            [
              -91.35339355499997,
              36.44971084600007
            ],
            [
              -91.353500366,
              36.43561172500006
            ],
            [
              -91.348899841,
              36.43571090700004
            ],
            [
              -91.34909820699994,
              36.42171096800007
            ],
            [
              -91.30999755899995,
              36.42041397100007
            ],
            [
              -91.30889892699997,
              36.41741180400004
            ],
            [
              -91.31009674099994,
              36.39041137700008
            ],
            [
              -91.29169464099994,
              36.38801193200004
            ],
            [
              -91.29259491,
              36.374912262000066
            ],
            [
              -91.28129577599998,
              36.37471389800004
            ],
            [
              -91.27579498299997,
              36.37291336100003
            ],
            [
              -91.27610015999994,
              36.330913544000055
            ],
            [
              -91.25859832799995,
              36.32981109600007
            ],
            [
              -91.25969695999999,
              36.24391174300007
            ],
            [
              -91.33149719299996,
              36.244411469000056
            ],
            [
              -91.33219909699994,
              36.23081207300004
            ],
            [
              -91.34980011,
              36.231010437000066
            ],
            [
              -91.35189819399994,
              36.15801239000007
            ],
            [
              -91.34869384799998,
              36.15781402600004
            ],
            [
              -91.34929656999998,
              36.10731124900008
            ],
            [
              -91.35719299299996,
              35.89061355600006
            ],
            [
              -91.46429443399995,
              35.89291381800007
            ],
            [
              -91.46360015899995,
              35.93691253700007
            ],
            [
              -91.67499542299998,
              35.93991088900003
            ],
            [
              -91.71059417699996,
              35.94171142600004
            ],
            [
              -91.70939636199995,
              36.00051116900005
            ],
            [
              -91.68229675299995,
              36.00051116900005
            ],
            [
              -91.68239593499999,
              36.01141357400007
            ],
            [
              -91.69109344599997,
              36.01181030300006
            ],
            [
              -91.68979644799998,
              36.01911163300008
            ],
            [
              -91.68639373799994,
              36.019210815000065
            ],
            [
              -91.68649291999998,
              36.022911072000056
            ],
            [
              -91.68149566699998,
              36.022911072000056
            ],
            [
              -91.67989349399994,
              36.16471099900008
            ],
            [
              -91.67499542299998,
              36.16481399500003
            ],
            [
              -91.67409515399999,
              36.20861053500005
            ],
            [
              -91.69059753399995,
              36.209213257000044
            ],
            [
              -91.69219970699999,
              36.212211609000065
            ],
            [
              -91.69139862099996,
              36.252811432000044
            ],
            [
              -91.64519500699998,
              36.25291061400003
            ],
            [
              -91.56709289699995,
              36.25001144400005
            ],
            [
              -91.56589508099995,
              36.25761413600003
            ],
            [
              -91.56559753399995,
              36.33701324500004
            ],
            [
              -91.45439910899995,
              36.33551025400004
            ],
            [
              -91.45269775399998,
              36.44431304900007
            ],
            [
              -91.45009612999996,
              36.497112274000074
            ],
            [
              -91.40789794899996,
              36.497112274000074
            ]
          ]
        ]
      }
    },
    {
      "type": "Feature",
      "properties": {
        "STATE": "AR",
        "ZONE": "014",
        "CWA": "LZK",
        "NAME": "Stone",
        "STATE_ZONE": "AR014",
        "TIME_ZONE": "C"
      },
      "geometry": {
        "type": "Polygon",
        "coordinates": [
          [
            [
              -91.848899841,
              35.86791229200003
            ],
            [
              -91.85039520299995,
              35.85921096800007
            ],
            [
              -91.85019683799999,
              35.843811035000044
            ],
            [
              -91.85439300499996,
              35.83401107800006
            ],
            [
              -91.86699676599994,
              35.82051086400003
            ],
            [
              -91.87099456799996,
              35.809810638000044
            ],
            [
              -91.86940002399996,
              35.792713165000066
            ],
            [
              -91.86489868199999,
              35.780612946000076
            ],
            [
              -91.86479950099994,
              35.77091217000003
            ],
            [
              -91.85709381099997,
              35.76451110800008
            ],
            [
              -91.84749603499995,
              35.760711669000045
            ],
            [
              -91.83659362799995,
              35.749511719000054
            ],
            [
              -91.83719634999994,
              35.705513
            ],
            [
              -92.12519836499996,
              35.709213257000044
            ],
            [
              -92.41779327399996,
              35.715911865000066
            ],
            [
              -92.41479492199994,
              35.883911133000026
            ],
            [
              -92.41510009799998,
              35.88841247600004
            ],
            [
              -92.41709899899996,
              35.889011383000025
            ],
            [
              -92.41429901099997,
              35.97601318400007
            ],
            [
              -92.31099700899995,
              35.97411346400003
            ],
            [
              -92.30719757099996,
              35.97531127900004
            ],
            [
              -92.30500030499996,
              36.061111450000055
            ],
            [
              -92.19849395799997,
              36.05931091300005
            ],
            [
              -92.19569397099997,
              36.13281250000006
            ],
            [
              -92.19079589799998,
              36.12631225600006
            ],
            [
              -92.19029998799994,
              36.11961364700005
            ],
            [
              -92.19239807099996,
              36.114410400000054
            ],
            [
              -92.19089508099995,
              36.10801315300006
            ],
            [
              -92.18839263899997,
              36.10491180400004
            ],
            [
              -92.17789459199997,
              36.10211181600005
            ],
            [
              -92.162994385,
              36.10841369600007
            ],
            [
              -92.15359497099996,
              36.11561203000008
            ],
            [
              -92.14679717999996,
              36.11621093700006
            ],
            [
              -92.14109802199994,
              36.114212036000026
            ],
            [
              -92.13529968299997,
              36.10641098000008
            ],
            [
              -92.13329315199996,
              36.09801101700003
            ],
            [
              -92.12579345799998,
              36.082412720000036
            ],
            [
              -92.11199951199995,
              36.06381225600006
            ],
            [
              -92.10109710699999,
              36.05861282300003
            ],
            [
              -92.08459472699997,
              36.05851364100005
            ],
            [
              -92.08009338399995,
              36.056812286000024
            ],
            [
              -92.05759429899996,
              36.03541183500005
            ],
            [
              -92.05739593499999,
              36.02941131600005
            ],
            [
              -92.061096191,
              36.025810242000034
            ],
            [
              -92.07359313999996,
              36.02231216400003
            ],
            [
              -92.08179473899997,
              36.02311325100004
            ],
            [
              -92.08829498299997,
              36.02161407500006
            ],
            [
              -92.09489440999994,
              36.01791381800007
            ],
            [
              -92.09919738899998,
              36.01221084600007
            ],
            [
              -92.09759521499996,
              36.00051116900005
            ],
            [
              -92.09309387199994,
              35.996612549000076
            ],
            [
              -92.08509826699998,
              35.98511123700007
            ],
            [
              -92.08289337199994,
              35.97511291500007
            ],
            [
              -92.08369445799997,
              35.97001266500007
            ],
            [
              -92.08829498299997,
              35.96281051600005
            ],
            [
              -92.09459686299994,
              35.95821380600006
            ],
            [
              -92.11019897499995,
              35.95091247600004
            ],
            [
              -92.11329650899995,
              35.939212799000074
            ],
            [
              -92.10889434799998,
              35.931812286000024
            ],
            [
              -92.10079956099997,
              35.927612305000025
            ],
            [
              -92.09299468999995,
              35.92611312900004
            ],
            [
              -92.07889556899994,
              35.927310944000055
            ],
            [
              -92.06499481199995,
              35.93131256100003
            ],
            [
              -92.04509735199997,
              35.94441223100006
            ],
            [
              -92.03699493399995,
              35.94431304900007
            ],
            [
              -92.03049468999995,
              35.93981170700005
            ],
            [
              -92.02890014599996,
              35.93661117600004
            ],
            [
              -92.02749633799993,
              35.92291259800004
            ],
            [
              -92.02089691199996,
              35.91721344000007
            ],
            [
              -92.01439666699997,
              35.91631317100007
            ],
            [
              -91.99969482399996,
              35.922710419000055
            ],
            [
              -91.98619842499994,
              35.93761062600004
            ],
            [
              -91.97949981699998,
              35.940311432000044
            ],
            [
              -91.96959686299994,
              35.94041061400003
            ],
            [
              -91.95669555699999,
              35.934612274000074
            ],
            [
              -91.93599700899995,
              35.911811829000044
            ],
            [
              -91.90390014599996,
              35.890113831000065
            ],
            [
              -91.89619445799997,
              35.88291168200004
            ],
            [
              -91.88389587399996,
              35.880012512000064
            ],
            [
              -91.86679840099998,
              35.882213593000074
            ],
            [
              -91.85989379999995,
              35.88091278100006
            ],
            [
              -91.85479736299999,
              35.87771225000006
            ],
            [
              -91.848899841,
              35.86791229200003
            ]
          ]
        ]
      }
    },
    {
      "type": "Feature",
      "properties": {
        "STATE": "AR",
        "ZONE": "033",
        "CWA": "LZK",
        "NAME": "White",
        "STATE_ZONE": "AR033",
        "TIME_ZONE": "C"
      },
      "geometry": {
        "type": "Polygon",
        "coordinates": [
          [
            [
              -91.58189392099996,
              35.530410767000035
            ],
            [
              -91.58439636299994,
              35.44241333000008
            ],
            [
              -91.34749603299997,
              35.439212799000074
            ],
            [
              -91.34879303099996,
              35.436412811000025
            ],
            [
              -91.35659789999994,
              35.430713654000044
            ],
            [
              -91.35689544699994,
              35.42791366600005
            ],
            [
              -91.34579467799995,
              35.42461013800005
            ],
            [
              -91.34759521499996,
              35.41541290300006
            ],
            [
              -91.35219574099995,
              35.40901184100005
            ],
            [
              -91.35719299299996,
              35.408512115000065
            ],
            [
              -91.36329650899995,
              35.414810181000064
            ],
            [
              -91.36219787599998,
              35.426910400000054
            ],
            [
              -91.365592957,
              35.43051147500006
            ],
            [
              -91.36829376299994,
              35.42921066300005
            ],
            [
              -91.37209320099998,
              35.42091369600007
            ],
            [
              -91.36759948699995,
              35.41171264600007
            ],
            [
              -91.36889648499994,
              35.40801239000007
            ],
            [
              -91.38959503299998,
              35.39631271400003
            ],
            [
              -91.40039825399998,
              35.39291381800007
            ],
            [
              -91.38459777799994,
              35.37961196900005
            ],
            [
              -91.38349914599996,
              35.37731170700005
            ],
            [
              -91.38459777799994,
              35.37501144400005
            ],
            [
              -91.39189910899995,
              35.37511062600004
            ],
            [
              -91.40390014599996,
              35.385913849000076
            ],
            [
              -91.40969848699996,
              35.38511276200006
            ],
            [
              -91.41569518999995,
              35.380413055000076
            ],
            [
              -91.42309570299994,
              35.37741088900003
            ],
            [
              -91.42549896299994,
              35.373912811000025
            ],
            [
              -91.42239379999995,
              35.369312286000024
            ],
            [
              -91.41329956099997,
              35.36891174300007
            ],
            [
              -91.41019439699994,
              35.36671066300005
            ],
            [
              -91.40959930399998,
              35.36301040600006
            ],
            [
              -91.41199493399995,
              35.36071014400005
            ],
            [
              -91.41539764399994,
              35.36101150500008
            ],
            [
              -91.43000030499996,
              35.37111282300003
            ],
            [
              -91.43399810799997,
              35.371612549000076
            ],
            [
              -91.43769836399997,
              35.36991119400005
            ],
            [
              -91.43829345699999,
              35.36711120600006
            ],
            [
              -91.436599732,
              35.36431121800007
            ],
            [
              -91.43259429999995,
              35.36171340900006
            ],
            [
              -91.42539977999996,
              35.360912323000036
            ],
            [
              -91.42319488499999,
              35.35911178600003
            ],
            [
              -91.42329406699997,
              35.356113434000065
            ],
            [
              -91.43079376199995,
              35.350013733000026
            ],
            [
              -91.44199371299999,
              35.34861373900003
            ],
            [
              -91.44449615499997,
              35.34681320200008
            ],
            [
              -91.44469451899994,
              35.34461212200006
            ],
            [
              -91.44149780299995,
              35.339714050000055
            ],
            [
              -91.43009948799994,
              35.33781051600005
            ],
            [
              -91.42659759499998,
              35.33531189000007
            ],
            [
              -91.42489623999995,
              35.331710815000065
            ],
            [
              -91.42739868199999,
              35.32271194500004
            ],
            [
              -91.43489837599998,
              35.31321334800003
            ],
            [
              -91.42769622799995,
              35.31131362900004
            ],
            [
              -91.43779754599996,
              35.305610657000045
            ],
            [
              -91.43889617899998,
              35.301712036000026
            ],
            [
              -91.43729400599995,
              35.29611206100003
            ],
            [
              -91.43449401899994,
              35.293811798000036
            ],
            [
              -91.42769622799995,
              35.293613434000065
            ],
            [
              -91.41389465299994,
              35.30421066300005
            ],
            [
              -91.41149902299998,
              35.28491210900006
            ],
            [
              -91.41189575199996,
              35.265010834000066
            ],
            [
              -91.40069580099998,
              35.26331329300007
            ],
            [
              -91.39639282199994,
              35.256313324000075
            ],
            [
              -91.38959503299998,
              35.25161361700003
            ],
            [
              -91.38529968299997,
              35.25161361700003
            ],
            [
              -91.38089752199994,
              35.254310608000026
            ],
            [
              -91.37919616699998,
              35.257213593000074
            ],
            [
              -91.37939453099995,
              35.26561355600006
            ],
            [
              -91.37609863299997,
              35.26761245700004
            ],
            [
              -91.37289428699995,
              35.26651382400007
            ],
            [
              -91.37109374999994,
              35.26041412400008
            ],
            [
              -91.37439727799995,
              35.25361251800007
            ],
            [
              -91.38309478899998,
              35.24841308600003
            ],
            [
              -91.38559722999997,
              35.245311737000065
            ],
            [
              -91.38869476399998,
              35.23701095600006
            ],
            [
              -91.38839721699998,
              35.23151016200006
            ],
            [
              -91.38029479999994,
              35.22611236600005
            ],
            [
              -91.37819671699998,
              35.22301101700003
            ],
            [
              -91.38039398199999,
              35.220413208000025
            ],
            [
              -91.39139556899994,
              35.22361373900003
            ],
            [
              -91.39429473899997,
              35.222110748000034
            ],
            [
              -91.39309692399996,
              35.218811035000044
            ],
            [
              -91.38039398199999,
              35.21601104700005
            ],
            [
              -91.38009643599997,
              35.213512421000075
            ],
            [
              -91.39039611799996,
              35.202510834000066
            ],
            [
              -91.38909912099996,
              35.19941330000006
            ],
            [
              -91.38609313999996,
              35.198013306000064
            ],
            [
              -91.37870025599995,
              35.19741058300008
            ],
            [
              -91.37799835199996,
              35.19151306200007
            ],
            [
              -91.38009643599997,
              35.188613892000035
            ],
            [
              -91.38599395799997,
              35.18821334800003
            ],
            [
              -91.39419555699999,
              35.193611145000034
            ],
            [
              -91.39579772999997,
              35.19781112700008
            ],
            [
              -91.39599609399994,
              35.209213257000044
            ],
            [
              -91.39849853499999,
              35.21321106000005
            ],
            [
              -91.40529632599998,
              35.21411132800006
            ],
            [
              -91.40979766799995,
              35.20841217000003
            ],
            [
              -91.41109466599994,
              35.197910309000065
            ],
            [
              -91.41359710699999,
              35.19391250600006
            ],
            [
              -91.41949462899998,
              35.19231033300008
            ],
            [
              -91.42789459199997,
              35.193710327000076
            ],
            [
              -91.43089294399994,
              35.19211196900005
            ],
            [
              -91.42989349399994,
              35.18871307400008
            ],
            [
              -91.42659759499998,
              35.18551254300007
            ],
            [
              -91.42679595899995,
              35.18341064500004
            ],
            [
              -91.42989349399994,
              35.18121337900004
            ],
            [
              -91.42160034199998,
              35.17811203000008
            ],
            [
              -91.42979431299995,
              35.17461395300006
            ],
            [
              -91.43579864499998,
              35.16611099200003
            ],
            [
              -91.44409942599998,
              35.16591262800006
            ],
            [
              -91.45189666699997,
              35.16961288500005
            ],
            [
              -91.45629882799994,
              35.16921234100005
            ],
            [
              -91.46239471399997,
              35.162212372000056
            ],
            [
              -91.46289825499997,
              35.15751266500007
            ],
            [
              -91.460395813,
              35.155410767000035
            ],
            [
              -91.43629455699994,
              35.15421295200008
            ],
            [
              -91.43389892599998,
              35.15251159700006
            ],
            [
              -91.43409728999995,
              35.14231109600007
            ],
            [
              -91.42829894999994,
              35.13801193200004
            ],
            [
              -91.43409728999995,
              35.13511276200006
            ],
            [
              -91.43799591099997,
              35.13521194500004
            ],
            [
              -91.44589996399998,
              35.140911102000075
            ],
            [
              -91.45099639899996,
              35.140312195000035
            ],
            [
              -91.45199584999995,
              35.13761138900003
            ],
            [
              -91.44939422599998,
              35.13061142000004
            ],
            [
              -91.43919372599998,
              35.11771392800006
            ],
            [
              -91.44479370099998,
              35.10661315900006
            ],
            [
              -91.44349670399998,
              35.10421371500007
            ],
            [
              -91.43939971999998,
              35.102611542000034
            ],
            [
              -91.451194763,
              35.10181045500008
            ],
            [
              -91.45369720499997,
              35.098411560000045
            ],
            [
              -91.45019531399998,
              35.08941268900003
            ],
            [
              -91.45419311499995,
              35.08841323900003
            ],
            [
              -91.45800018299997,
              35.09041214000007
            ],
            [
              -91.46059417699996,
              35.09401321400003
            ],
            [
              -91.46139526399998,
              35.101913452000076
            ],
            [
              -91.46349334699994,
              35.099712372000056
            ],
            [
              -91.46399688699995,
              35.091213226000036
            ],
            [
              -91.46579742399996,
              35.08911132800006
            ],
            [
              -91.58409881699998,
              35.090911865000066
            ],
            [
              -91.58499908399995,
              35.02991104100005
            ],
            [
              -91.586296082,
              35.02611160300006
            ],
            [
              -91.59269714399994,
              35.02751159700006
            ],
            [
              -91.60209655799997,
              35.026012421000075
            ],
            [
              -91.60809326199995,
              35.02131271400003
            ],
            [
              -91.61589813199998,
              35.02191162100007
            ],
            [
              -91.62489318799999,
              35.02611160300006
            ],
            [
              -91.63949584999995,
              35.02651214500003
            ],
            [
              -91.64159393299997,
              35.028411865000066
            ],
            [
              -91.64589691199996,
              35.03951263400006
            ],
            [
              -91.64479827899999,
              35.04281234700005
            ],
            [
              -91.65629577599998,
              35.05131149300007
            ],
            [
              -91.66889953599997,
              35.05391311600005
            ],
            [
              -91.67529296999999,
              35.05071258500004
            ],
            [
              -91.67919921899994,
              35.051010132000044
            ],
            [
              -91.68899536099997,
              35.056911469000056
            ],
            [
              -91.68739318899998,
              35.05921173100006
            ],
            [
              -91.69579315199996,
              35.062313080000024
            ],
            [
              -91.70589446999998,
              35.06051254300007
            ],
            [
              -91.70809936499995,
              35.062011719000054
            ],
            [
              -91.71099853499999,
              35.06161117600004
            ],
            [
              -91.715393066,
              35.05861282300003
            ],
            [
              -91.72139739999994,
              35.05831146200006
            ],
            [
              -91.73040008499999,
              35.054512024000076
            ],
            [
              -91.73189544799999,
              35.05211257900004
            ],
            [
              -91.73999786399997,
              35.05031204200003
            ],
            [
              -91.744499207,
              35.04721069300007
            ],
            [
              -91.76599883999995,
              35.04971313500005
            ],
            [
              -91.77089691199996,
              35.04721069300007
            ],
            [
              -91.77779388399995,
              35.04671096800007
            ],
            [
              -91.787994385,
              35.04041290300006
            ],
            [
              -91.80139923099995,
              35.04121017500006
            ],
            [
              -91.80289459199997,
              35.03081131000005
            ],
            [
              -91.82719421399997,
              35.03111267100007
            ],
            [
              -91.83219909699994,
              35.02881240800008
            ],
            [
              -91.83649444599996,
              35.03001022300003
            ],
            [
              -91.85609435999999,
              35.02481079100005
            ],
            [
              -91.87199401899994,
              35.025413513000046
            ],
            [
              -91.875,
              35.02401351900005
            ],
            [
              -91.89249420199997,
              35.031711578000056
            ],
            [
              -91.89599609399994,
              35.03221130400004
            ],
            [
              -91.90369415299995,
              35.02911377000004
            ],
            [
              -91.90959930399998,
              35.03471374500003
            ],
            [
              -91.91689300499996,
              35.03771209700005
            ],
            [
              -91.92039489699994,
              35.04331207300004
            ],
            [
              -91.92559814499998,
              35.04541015600006
            ],
            [
              -91.93619537399996,
              35.045612335000044
            ],
            [
              -91.93949890099998,
              35.04391098000008
            ],
            [
              -91.94449615499997,
              35.04611206100003
            ],
            [
              -91.95209503199999,
              35.04521179200003
            ],
            [
              -91.95539856099998,
              35.046810150000056
            ],
            [
              -91.95539856099998,
              35.049312592000035
            ],
            [
              -91.96189880499998,
              35.05121231100003
            ],
            [
              -91.97029876699997,
              35.049911499000075
            ],
            [
              -91.97669982899998,
              35.05311203000008
            ],
            [
              -91.97709655799997,
              35.054813385000045
            ],
            [
              -91.97899627699996,
              35.054111481000064
            ],
            [
              -91.98519897499995,
              35.05971145600006
            ],
            [
              -91.99399566699998,
              35.06001281700003
            ],
            [
              -92.00259399399994,
              35.06401062000003
            ],
            [
              -92.00839996299999,
              35.06811142000004
            ],
            [
              -92.01259612999996,
              35.07551193200004
            ],
            [
              -92.02549743699996,
              35.07181167600004
            ],
            [
              -92.03629302999997,
              35.07241058300008
            ],
            [
              -92.05009460399998,
              35.067512512000064
            ],
            [
              -92.05679321299993,
              35.069011688000046
            ],
            [
              -92.06009674099994,
              35.07371139500003
            ],
            [
              -92.06879424999994,
              35.07471084600007
            ],
            [
              -92.07559966999997,
              35.07441330000006
            ],
            [
              -92.08119964599996,
              35.06911087000003
            ],
            [
              -92.08829498299997,
              35.06561279300007
            ],
            [
              -92.09639739999994,
              35.064514160000044
            ],
            [
              -92.10389709499998,
              35.06811142000004
            ],
            [
              -92.10529327399996,
              35.06561279300007
            ],
            [
              -92.11839294499998,
              35.066810608000026
            ],
            [
              -92.119499207,
              35.07601165800003
            ],
            [
              -92.11149597199994,
              35.362712860000045
            ],
            [
              -92.00809478799994,
              35.359611511000026
            ],
            [
              -91.85199737499994,
              35.35921096800007
            ],
            [
              -91.84929656999998,
              35.43691253700007
            ],
            [
              -91.83679962199994,
              35.441013336000026
            ],
            [
              -91.82869720499997,
              35.45421218900003
            ],
            [
              -91.81959533699995,
              35.45001220700004
            ],
            [
              -91.81259918299997,
              35.454311371000074
            ],
            [
              -91.80509948699995,
              35.45361328100006
            ],
            [
              -91.79609680199997,
              35.45561218300003
            ],
            [
              -91.79399871799995,
              35.53361129800004
            ],
            [
              -91.74509429899996,
              35.534214020000036
            ],
            [
              -91.58189392099996,
              35.530410767000035
            ]
          ]
        ]
      }
    },
    {
      "type": "Feature",
      "properties": {
        "STATE": "AR",
        "ZONE": "034",
        "CWA": "LZK",
        "NAME": "Woodruff",
        "STATE_ZONE": "AR034",
        "TIME_ZONE": "C"
      },
      "geometry": {
        "type": "Polygon",
        "coordinates": [
          [
            [
              -91.03979492199994,
              35.35431289700006
            ],
            [
              -91.04529571499995,
              35.002014160000044
            ],
            [
              -91.05899810799997,
              35.00111007700008
            ],
            [
              -91.23709869399994,
              35.004112244000055
            ],
            [
              -91.23809814599997,
              34.98491287200005
            ],
            [
              -91.29309844999995,
              34.98511123700007
            ],
            [
              -91.29479980499997,
              34.91241073600003
            ],
            [
              -91.36849975599995,
              34.91271209700005
            ],
            [
              -91.36660003699996,
              34.99941253700007
            ],
            [
              -91.36459350599995,
              35.009811401000036
            ],
            [
              -91.36380004899996,
              35.051513672000056
            ],
            [
              -91.436599732,
              35.05211257800005
            ],
            [
              -91.44109344499998,
              35.05271148700007
            ],
            [
              -91.43929290799997,
              35.06091308600003
            ],
            [
              -91.44209289599996,
              35.06061172500006
            ],
            [
              -91.44869995099998,
              35.05611038200004
            ],
            [
              -91.46249389599996,
              35.05201339700005
            ],
            [
              -91.475494385,
              35.05631256100003
            ],
            [
              -91.47909545899995,
              35.06041336100003
            ],
            [
              -91.47489929199998,
              35.06701278700007
            ],
            [
              -91.47089386,
              35.06731033300008
            ],
            [
              -91.46069335899995,
              35.063110352000024
            ],
            [
              -91.44680023299998,
              35.067813873000034
            ],
            [
              -91.45399475099998,
              35.07351303100006
            ],
            [
              -91.46049499499998,
              35.081710815000065
            ],
            [
              -91.46719360499998,
              35.08341217000003
            ],
            [
              -91.46849822999997,
              35.08521270800003
            ],
            [
              -91.46399688699995,
              35.091213226000036
            ],
            [
              -91.46349334699994,
              35.099712372000056
            ],
            [
              -91.46139526399998,
              35.101913452000076
            ],
            [
              -91.46059417699996,
              35.09401321400003
            ],
            [
              -91.45800018299997,
              35.09041214000007
            ],
            [
              -91.45419311499995,
              35.08841323900003
            ],
            [
              -91.45019531399998,
              35.08941268900003
            ],
            [
              -91.45369720499997,
              35.098411560000045
            ],
            [
              -91.451194763,
              35.10181045500008
            ],
            [
              -91.43939971999998,
              35.102611542000034
            ],
            [
              -91.44349670399998,
              35.10421371500007
            ],
            [
              -91.44479370099998,
              35.10661315900006
            ],
            [
              -91.43919372599998,
              35.11771392800006
            ],
            [
              -91.44939422599998,
              35.13061142000004
            ],
            [
              -91.45199584999995,
              35.13761138900003
            ],
            [
              -91.45099639899996,
              35.140312195000035
            ],
            [
              -91.44589996399998,
              35.140911102000075
            ],
            [
              -91.43799591099997,
              35.13521194500004
            ],
            [
              -91.43409728999995,
              35.13511276200006
            ],
            [
              -91.42829894999994,
              35.13801193200004
            ],
            [
              -91.43409728999995,
              35.14231109600007
            ],
            [
              -91.43389892599998,
              35.15251159700006
            ],
            [
              -91.43629455699994,
              35.15421295200008
            ],
            [
              -91.460395813,
              35.155410767000035
            ],
            [
              -91.46289825499997,
              35.15751266500007
            ],
            [
              -91.46329498299997,
              35.16011047400008
            ],
            [
              -91.45929717999996,
              35.16721344000007
            ],
            [
              -91.45189666699997,
              35.16961288500005
            ],
            [
              -91.44409942599998,
              35.16591262800006
            ],
            [
              -91.43579864499998,
              35.16611099200003
            ],
            [
              -91.42979431299995,
              35.17461395300006
            ],
            [
              -91.42160034199998,
              35.17811203000008
            ],
            [
              -91.42989349399994,
              35.18121337900004
            ],
            [
              -91.42679595899995,
              35.18341064500004
            ],
            [
              -91.42659759499998,
              35.18551254300007
            ],
            [
              -91.42989349399994,
              35.18871307400008
            ],
            [
              -91.43089294399994,
              35.19211196900005
            ],
            [
              -91.42789459199997,
              35.193710327000076
            ],
            [
              -91.41949462899998,
              35.19231033300008
            ],
            [
              -91.41359710699999,
              35.19391250600006
            ],
            [
              -91.41109466599994,
              35.197910309000065
            ],
            [
              -91.40979766799995,
              35.20841217000003
            ],
            [
              -91.40529632599998,
              35.21411132800006
            ],
            [
              -91.39849853499999,
              35.21321106000005
            ],
            [
              -91.39599609399994,
              35.209213257000044
            ],
            [
              -91.39579772999997,
              35.19781112700008
            ],
            [
              -91.39149475099998,
              35.19111251800007
            ],
            [
              -91.38339996299999,
              35.187713623000036
            ],
            [
              -91.38009643599997,
              35.188613892000035
            ],
            [
              -91.37799835199996,
              35.19151306200007
            ],
            [
              -91.37870025599995,
              35.19741058300008
            ],
            [
              -91.38609313999996,
              35.198013306000064
            ],
            [
              -91.38909912099996,
              35.19941330000006
            ],
            [
              -91.39039611799996,
              35.202510834000066
            ],
            [
              -91.38009643599997,
              35.213512421000075
            ],
            [
              -91.38039398199999,
              35.21601104700005
            ],
            [
              -91.39309692399996,
              35.218811035000044
            ],
            [
              -91.39429473899997,
              35.222110748000034
            ],
            [
              -91.39139556899994,
              35.22361373900003
            ],
            [
              -91.38039398199999,
              35.220413208000025
            ],
            [
              -91.37819671699998,
              35.22301101700003
            ],
            [
              -91.38029479999994,
              35.22611236600005
            ],
            [
              -91.38839721699998,
              35.23151016200006
            ],
            [
              -91.38869476399998,
              35.23701095600006
            ],
            [
              -91.38309478899998,
              35.24841308600003
            ],
            [
              -91.37439727799995,
              35.25361251800007
            ],
            [
              -91.37199401999999,
              35.25691223100006
            ],
            [
              -91.37139892599998,
              35.264213562000066
            ],
            [
              -91.37609863299997,
              35.26761245700004
            ],
            [
              -91.37939453099995,
              35.26561355600006
            ],
            [
              -91.37919616699998,
              35.257213593000074
            ],
            [
              -91.38089752199994,
              35.254310608000026
            ],
            [
              -91.38529968299997,
              35.25161361700003
            ],
            [
              -91.39270019599996,
              35.25291061400003
            ],
            [
              -91.39909362799995,
              35.25921249400005
            ],
            [
              -91.40069580099998,
              35.26331329300007
            ],
            [
              -91.41189575199996,
              35.265010834000066
            ],
            [
              -91.41149902299998,
              35.28491210900006
            ],
            [
              -91.41389465299994,
              35.30421066300005
            ],
            [
              -91.42769622799995,
              35.293613434000065
            ],
            [
              -91.43449401899994,
              35.293811798000036
            ],
            [
              -91.43729400599995,
              35.29611206100003
            ],
            [
              -91.43889617899998,
              35.301712036000026
            ],
            [
              -91.43779754599996,
              35.305610657000045
            ],
            [
              -91.42769622799995,
              35.31131362900004
            ],
            [
              -91.43489837599998,
              35.31321334800003
            ],
            [
              -91.42739868199999,
              35.32271194500004
            ],
            [
              -91.42489623999995,
              35.331710815000065
            ],
            [
              -91.42659759499998,
              35.33531189000007
            ],
            [
              -91.43009948799994,
              35.33781051600005
            ],
            [
              -91.44149780299995,
              35.339714050000055
            ],
            [
              -91.44469451899994,
              35.34461212200006
            ],
            [
              -91.44449615499997,
              35.34681320200008
            ],
            [
              -91.44199371299999,
              35.34861373900003
            ],
            [
              -91.43399810799997,
              35.34891128500004
            ],
            [
              -91.42729950099994,
              35.35181045500008
            ],
            [
              -91.42329406699997,
              35.356113434000065
            ],
            [
              -91.42319488499999,
              35.35911178600003
            ],
            [
              -91.42539977999996,
              35.360912323000036
            ],
            [
              -91.43499755899995,
              35.36281204200003
            ],
            [
              -91.43829345699999,
              35.36711120600006
            ],
            [
              -91.43769836399997,
              35.36991119400005
            ],
            [
              -91.43399810799997,
              35.371612549000076
            ],
            [
              -91.43000030499996,
              35.37111282300003
            ],
            [
              -91.41839599599996,
              35.36231231700003
            ],
            [
              -91.41199493399995,
              35.36071014400005
            ],
            [
              -91.40959930399998,
              35.36301040600006
            ],
            [
              -91.41019439699994,
              35.36671066300005
            ],
            [
              -91.41329956099997,
              35.36891174300007
            ],
            [
              -91.42239379999995,
              35.369312286000024
            ],
            [
              -91.42549896299994,
              35.373912811000025
            ],
            [
              -91.42309570299994,
              35.37741088900003
            ],
            [
              -91.406799316,
              35.38601303100006
            ],
            [
              -91.40390014599996,
              35.385913849000076
            ],
            [
              -91.39189910899995,
              35.37511062600004
            ],
            [
              -91.38459777799994,
              35.37501144400005
            ],
            [
              -91.38349914599996,
              35.37731170700005
            ],
            [
              -91.38459777799994,
              35.37961196900005
            ],
            [
              -91.40039825399998,
              35.39291381800007
            ],
            [
              -91.38959503299998,
              35.39631271400003
            ],
            [
              -91.36889648499994,
              35.40801239000007
            ],
            [
              -91.36759948699995,
              35.41171264600007
            ],
            [
              -91.37209320099998,
              35.42091369600007
            ],
            [
              -91.36829376299994,
              35.42921066300005
            ],
            [
              -91.365592957,
              35.43051147500006
            ],
            [
              -91.36219787599998,
              35.426910400000054
            ],
            [
              -91.36380004899996,
              35.418811798000036
            ],
            [
              -91.36329650899995,
              35.414810181000064
            ],
            [
              -91.36049652099996,
              35.41121292100007
            ],
            [
              -91.35479736299999,
              35.40811157200005
            ],
            [
              -91.34989929199998,
              35.41121292100007
            ],
            [
              -91.34579467799995,
              35.42461013800005
            ],
            [
              -91.35689544699994,
              35.42791366600005
            ],
            [
              -91.35659789999994,
              35.430713654000044
            ],
            [
              -91.34879303099996,
              35.436412811000025
            ],
            [
              -91.34749603299997,
              35.439212799000074
            ],
            [
              -91.349594116,
              35.44481277500006
            ],
            [
              -91.25419616799996,
              35.445812225000054
            ],
            [
              -91.25289916999998,
              35.44201278700007
            ],
            [
              -91.25059509299996,
              35.35771179200003
            ],
            [
              -91.03979492199994,
              35.35431289700006
            ]
          ]
        ]
      }
    },
    {
      "type": "Feature",
      "properties": {
        "STATE": "AR",
        "ZONE": "221",
        "CWA": "LZK",
        "NAME": "Johnson County Higher Elevations",
        "STATE_ZONE": "AR221",
        "TIME_ZONE": "C"
      },
      "geometry": {
        "type": "Polygon",
        "coordinates": [
          [
            [
              -93.51919555699999,
              35.76271057100007
            ],
            [
              -93.51949310299995,
              35.735713959000066
            ],
            [
              -93.51149749799998,
              35.73431396500007
            ],
            [
              -93.37459564199997,
              35.73031234700005
            ],
            [
              -93.19999694799998,
              35.730010986000025
            ],
            [
              -93.16449737499994,
              35.72811126700003
            ],
            [
              -93.16779327499995,
              35.59771347000003
            ],
            [
              -93.22119903599997,
              35.59891128500004
            ],
            [
              -93.22202586499998,
              35.54602588100005
            ],
            [
              -93.24193342399997,
              35.54432083900008
            ],
            [
              -93.26110716699998,
              35.54810281700003
            ],
            [
              -93.28725318099998,
              35.565119509000056
            ],
            [
              -93.33954520999998,
              35.55424815300006
            ],
            [
              -93.36452917799994,
              35.55283004300003
            ],
            [
              -93.40171461999995,
              35.56322895000005
            ],
            [
              -93.43657597199996,
              35.56748265900006
            ],
            [
              -93.46620812099997,
              35.57409909200004
            ],
            [
              -93.47899061599998,
              35.582132596000065
            ],
            [
              -93.49119208899998,
              35.58166006000005
            ],
            [
              -93.49932640499998,
              35.576934540000025
            ],
            [
              -93.52314832899998,
              35.57598940300005
            ],
            [
              -93.58299365,
              35.578352229000075
            ],
            [
              -93.61436886699994,
              35.56984574200004
            ],
            [
              -93.64690613,
              35.56370160600005
            ],
            [
              -93.68467259499994,
              35.54904830400005
            ],
            [
              -93.70389920799994,
              35.54323778000003
            ],
            [
              -93.69599914599996,
              35.76851272600004
            ],
            [
              -93.51919555699999,
              35.76271057100007
            ]
          ]
        ]
      }
    },
    {
      "type": "Feature",
      "properties": {
        "STATE": "AR",
        "ZONE": "130",
        "CWA": "LZK",
        "NAME": "Western and Northern Logan County",
        "STATE_ZONE": "AR130",
        "TIME_ZONE": "C"
      },
      "geometry": {
        "type": "Polygon",
        "coordinates": [
          [
            [
              -93.75139617899998,
              35.36521148700007
            ],
            [
              -93.74749755899995,
              35.36461257900004
            ],
            [
              -93.73059844999995,
              35.36961364700005
            ],
            [
              -93.71809387199994,
              35.369312286000024
            ],
            [
              -93.71419525099998,
              35.37381362900004
            ],
            [
              -93.70989990199996,
              35.37531280500008
            ],
            [
              -93.69759368899997,
              35.375812531000065
            ],
            [
              -93.68579864499998,
              35.380313873000034
            ],
            [
              -93.68219757099996,
              35.38311386100003
            ],
            [
              -93.67799377399996,
              35.390010834000066
            ],
            [
              -93.67489623999995,
              35.40191268900003
            ],
            [
              -93.66979980499997,
              35.405612946000076
            ],
            [
              -93.66309356699998,
              35.405212402000075
            ],
            [
              -93.66009521499996,
              35.403312683000024
            ],
            [
              -93.64949798699996,
              35.391014099000074
            ],
            [
              -93.63949584999995,
              35.38601303100006
            ],
            [
              -93.594993591,
              35.383712769000056
            ],
            [
              -93.58519744999995,
              35.386310577000074
            ],
            [
              -93.57709503199999,
              35.39411163300008
            ],
            [
              -93.57149505599995,
              35.39661407500006
            ],
            [
              -93.55189514199998,
              35.39991378800005
            ],
            [
              -93.54399871799995,
              35.40241241500007
            ],
            [
              -93.53260040399994,
              35.408813477000024
            ],
            [
              -93.52709960899995,
              35.40841293300008
            ],
            [
              -93.51719665599995,
              35.401012421000075
            ],
            [
              -93.50899505599995,
              35.39771270800003
            ],
            [
              -93.49909973099994,
              35.39601135300006
            ],
            [
              -93.49440002399996,
              35.39701080300006
            ],
            [
              -93.48139953599997,
              35.40471267700008
            ],
            [
              -93.47489929199998,
              35.41471099900008
            ],
            [
              -93.46319580099998,
              35.42411041300005
            ],
            [
              -93.44609832799995,
              35.42841339100005
            ],
            [
              -93.43549346899994,
              35.42791366600005
            ],
            [
              -93.43039703399995,
              35.42371368400006
            ],
            [
              -93.42779540999999,
              35.417713165000066
            ],
            [
              -93.42469787599998,
              35.40691375700004
            ],
            [
              -93.42489623999995,
              35.39041137700008
            ],
            [
              -93.41499328599997,
              35.36621093700006
            ],
            [
              -93.40969848599997,
              35.360210419000055
            ],
            [
              -93.39679717999996,
              35.35141372700008
            ],
            [
              -93.39550018299997,
              35.34891128500004
            ],
            [
              -93.39899444599996,
              35.34441375700004
            ],
            [
              -93.40939331099997,
              35.340812683000024
            ],
            [
              -93.41369628899997,
              35.34111022900004
            ],
            [
              -93.42139434799998,
              35.33761215200008
            ],
            [
              -93.42249298099995,
              35.33361053500005
            ],
            [
              -93.42129516599994,
              35.32941055300006
            ],
            [
              -93.41819763199999,
              35.32691192600004
            ],
            [
              -93.38739776599994,
              35.33131408700007
            ],
            [
              -93.37299346899994,
              35.329612732000044
            ],
            [
              -93.36359405499996,
              35.33071136500007
            ],
            [
              -93.332893373,
              35.34141159100005
            ],
            [
              -93.32159423799999,
              35.338813782000045
            ],
            [
              -93.27909851099997,
              35.317710876000035
            ],
            [
              -93.27929687499994,
              35.26732817100003
            ],
            [
              -93.32857842899995,
              35.266836126000044
            ],
            [
              -93.47928114799998,
              35.279436101000044
            ],
            [
              -93.58186793999994,
              35.28091832600006
            ],
            [
              -93.62453678199995,
              35.277953860000025
            ],
            [
              -93.69171751399995,
              35.25645822900003
            ],
            [
              -93.74437268199995,
              35.25497556400006
            ],
            [
              -93.76525317999995,
              35.251268776000074
            ],
            [
              -93.77160811499994,
              35.243113246000064
            ],
            [
              -93.76162178999994,
              35.231249192000064
            ],
            [
              -93.74164914099998,
              35.22457489800007
            ],
            [
              -93.72803142599997,
              35.208999412000026
            ],
            [
              -93.72258434099996,
              35.19267903300005
            ],
            [
              -93.72258434299994,
              35.16670803300008
            ],
            [
              -93.75345116699998,
              35.14518292200006
            ],
            [
              -93.77433166499998,
              35.13998635300004
            ],
            [
              -93.85149872099998,
              35.12810723600006
            ],
            [
              -93.89507541199998,
              35.11399853200004
            ],
            [
              -93.93955995099998,
              35.09023098000006
            ],
            [
              -93.98767588099997,
              35.07685868800007
            ],
            [
              -94.02762118199996,
              35.05456666200007
            ],
            [
              -94.05031737499996,
              35.05010752700008
            ],
            [
              -94.07472467899998,
              35.053640373000064
            ],
            [
              -94.13809966999997,
              35.055610657000045
            ],
            [
              -94.14179992699997,
              35.056812286000024
            ],
            [
              -94.13929748499999,
              35.143310547000056
            ],
            [
              -94.03149414099994,
              35.140911102000075
            ],
            [
              -94.02829742399996,
              35.230213165000066
            ],
            [
              -94.00689697299998,
              35.231113434000065
            ],
            [
              -93.93329620399999,
              35.22971344000007
            ],
            [
              -93.92009735099998,
              35.23121261600005
            ],
            [
              -93.91619872999996,
              35.319011688000046
            ],
            [
              -93.81009674099994,
              35.313110352000024
            ],
            [
              -93.806793213,
              35.42991256700003
            ],
            [
              -93.79639434799998,
              35.40591049200003
            ],
            [
              -93.78979492199994,
              35.39721298200004
            ],
            [
              -93.76019287099996,
              35.37731170700005
            ],
            [
              -93.75639343299997,
              35.369010925000055
            ],
            [
              -93.75139617899998,
              35.36521148700007
            ]
          ]
        ]
      }
    },
    {
      "type": "Feature",
      "properties": {
        "STATE": "AR",
        "ZONE": "112",
        "CWA": "LZK",
        "NAME": "Newton County Higher Elevations",
        "STATE_ZONE": "AR112",
        "TIME_ZONE": "C"
      },
      "geometry": {
        "type": "Polygon",
        "coordinates": [
          [
            [
              -93.47999572799995,
              36.125213623000036
            ],
            [
              -93.17346646799996,
              36.11836189700006
            ],
            [
              -93.21872879699998,
              36.08541242200005
            ],
            [
              -93.21418956099996,
              36.06119765300008
            ],
            [
              -93.20346969799994,
              36.02040137300003
            ],
            [
              -93.20681638899998,
              36.00115046600007
            ],
            [
              -93.199751156,
              35.99302757900006
            ],
            [
              -93.18599254199995,
              35.993629302000045
            ],
            [
              -93.17223392799997,
              36.00596363200003
            ],
            [
              -93.14174186599996,
              35.99663785100006
            ],
            [
              -93.09451635399995,
              35.996637848000034
            ],
            [
              -93.06104945599998,
              35.99001888300006
            ],
            [
              -93.00824612899999,
              35.988514493000025
            ],
            [
              -92.96920141399994,
              35.99904460100004
            ],
            [
              -92.94087088699996,
              35.99041185600004
            ],
            [
              -92.94659423799999,
              35.81301116900005
            ],
            [
              -92.94960021999998,
              35.81301116900005
            ],
            [
              -92.95129394499997,
              35.724712372000056
            ],
            [
              -93.16449737499994,
              35.72811126700003
            ],
            [
              -93.19999694799998,
              35.730010986000025
            ],
            [
              -93.37459564199997,
              35.73031234700005
            ],
            [
              -93.51149749799998,
              35.73431396500007
            ],
            [
              -93.51949310299995,
              35.735713959000066
            ],
            [
              -93.51709747299998,
              35.82331085200008
            ],
            [
              -93.52539825399998,
              35.82361221300005
            ],
            [
              -93.52369689899996,
              35.88081359900008
            ],
            [
              -93.50669860799997,
              35.881111145000034
            ],
            [
              -93.50489807099996,
              35.925212860000045
            ],
            [
              -93.48729705799997,
              35.92441177400008
            ],
            [
              -93.48609924299996,
              35.95331192000003
            ],
            [
              -93.46879577599998,
              35.95311355600006
            ],
            [
              -93.46689605699999,
              35.96751403800005
            ],
            [
              -93.45199584999995,
              35.96751403800005
            ],
            [
              -93.45069885299995,
              35.97051239000007
            ],
            [
              -93.44819641099997,
              36.05301284800004
            ],
            [
              -93.44579315199996,
              36.080513
            ],
            [
              -93.48009491,
              36.08191299400005
            ],
            [
              -93.47999572799995,
              36.125213623000036
            ]
          ]
        ]
      }
    },
    {
      "type": "Feature",
      "properties": {
        "STATE": "AR",
        "ZONE": "140",
        "CWA": "LZK",
        "NAME": "Polk County Lower Elevations",
        "STATE_ZONE": "AR140",
        "TIME_ZONE": "C"
      },
      "geometry": {
        "type": "Polygon",
        "coordinates": [
          [
            [
              -93.93246160399997,
              34.551518517000034
            ],
            [
              -93.99771898299997,
              34.55372667000006
            ],
            [
              -94.02183368799996,
              34.543211496000026
            ],
            [
              -94.07006309899998,
              34.53503211000003
            ],
            [
              -94.11687399699997,
              34.52334587800004
            ],
            [
              -94.17787001399995,
              34.53035781800003
            ],
            [
              -94.22326239899996,
              34.54554832600007
            ],
            [
              -94.27291032099998,
              34.55255839600005
            ],
            [
              -94.29560651499997,
              34.54204307400005
            ],
            [
              -94.33532485399996,
              34.51048913500006
            ],
            [
              -94.34809146499998,
              34.466059639000036
            ],
            [
              -94.32965081199995,
              34.41692582500008
            ],
            [
              -94.29986206099994,
              34.37830042100006
            ],
            [
              -94.25354624799996,
              34.35501365400006
            ],
            [
              -94.25469970699999,
              34.354812622000054
            ],
            [
              -94.25599670399998,
              34.27071380600006
            ],
            [
              -94.24389648399995,
              34.26941299400005
            ],
            [
              -94.24329376199995,
              34.192512512000064
            ],
            [
              -94.47029876699997,
              34.18991088900003
            ],
            [
              -94.46118678199997,
              34.508518354000046
            ],
            [
              -94.45158610099998,
              34.509507271000075
            ],
            [
              -94.44250762399997,
              34.51623986100003
            ],
            [
              -94.42798205999998,
              34.534190772000045
            ],
            [
              -94.39584424899994,
              34.55880714600005
            ],
            [
              -94.38712890899996,
              34.57507448200005
            ],
            [
              -94.38422379599996,
              34.58512036400003
            ],
            [
              -94.34878141999997,
              34.60042603800008
            ],
            [
              -94.31392006799996,
              34.603295537000065
            ],
            [
              -94.28544996399995,
              34.59659988100003
            ],
            [
              -94.26920457399996,
              34.59637030500005
            ],
            [
              -94.23276283999996,
              34.60738918200008
            ],
            [
              -94.20737505999995,
              34.61118614700007
            ],
            [
              -94.16833760799994,
              34.61417481900003
            ],
            [
              -94.12294522199994,
              34.608197362000055
            ],
            [
              -94.09389409599999,
              34.59848308000005
            ],
            [
              -94.06938220799998,
              34.59773577900006
            ],
            [
              -94.04668601599997,
              34.594746513000075
            ],
            [
              -94.01218780299996,
              34.59474651100004
            ],
            [
              -93.97587389399996,
              34.59773577500005
            ],
            [
              -93.93170769699998,
              34.59847772400008
            ],
            [
              -93.93246160399997,
              34.551518517000034
            ]
          ]
        ]
      }
    },
    {
      "type": "Feature",
      "properties": {
        "STATE": "AR",
        "ZONE": "122",
        "CWA": "LZK",
        "NAME": "Southern Pope County",
        "STATE_ZONE": "AR122",
        "TIME_ZONE": "C"
      },
      "geometry": {
        "type": "Polygon",
        "coordinates": [
          [
            [
              -93.10887926599997,
              35.51453152700003
            ],
            [
              -93.06076333999994,
              35.478550935000044
            ],
            [
              -93.02172588899998,
              35.485204269000064
            ],
            [
              -92.99267476099999,
              35.49850928800004
            ],
            [
              -92.96453148199998,
              35.49259621600004
            ],
            [
              -92.92640187899997,
              35.477811634000034
            ],
            [
              -92.90188999199995,
              35.46154545400003
            ],
            [
              -92.87556240899994,
              35.455629662000035
            ],
            [
              -92.85558975999999,
              35.44897387800006
            ],
            [
              -92.85076108299995,
              35.454337502000044
            ],
            [
              -92.85529327399996,
              35.173412323000036
            ],
            [
              -92.90369415299995,
              35.170310974000074
            ],
            [
              -92.92269897499995,
              35.176010132000044
            ],
            [
              -92.94739532499995,
              35.16921234100005
            ],
            [
              -92.96739959699994,
              35.172111511000026
            ],
            [
              -93.01039886599995,
              35.16631317100007
            ],
            [
              -93.02239990199996,
              35.16321182300004
            ],
            [
              -93.02890014599996,
              35.15811157200005
            ],
            [
              -93.03039550799997,
              35.147510529000044
            ],
            [
              -93.027893066,
              35.132213593000074
            ],
            [
              -93.03219604499998,
              35.125411987000064
            ],
            [
              -93.04219818099995,
              35.11961364700005
            ],
            [
              -93.04879760699998,
              35.11781311000004
            ],
            [
              -93.061096191,
              35.11751174900007
            ],
            [
              -93.06849670399998,
              35.11921310400004
            ],
            [
              -93.08699798599997,
              35.129112244000055
            ],
            [
              -93.09289550799997,
              35.13931274400005
            ],
            [
              -93.09209442099996,
              35.14471054100005
            ],
            [
              -93.08489990199996,
              35.154312134000065
            ],
            [
              -93.08429718099995,
              35.16281127900004
            ],
            [
              -93.07639312699996,
              35.172111511000026
            ],
            [
              -93.07669830299994,
              35.17631149300007
            ],
            [
              -93.08039855999994,
              35.18111038200004
            ],
            [
              -93.08529663099995,
              35.18261337300004
            ],
            [
              -93.09909820599995,
              35.17311096200007
            ],
            [
              -93.110595704,
              35.17131042500006
            ],
            [
              -93.11639404299996,
              35.17201232900004
            ],
            [
              -93.12579345699999,
              35.17631149300007
            ],
            [
              -93.13569641099997,
              35.188510895000036
            ],
            [
              -93.14069366499996,
              35.210712433000026
            ],
            [
              -93.15369415299995,
              35.23181152300003
            ],
            [
              -93.15859985399999,
              35.23841095000006
            ],
            [
              -93.18419647199994,
              35.262912750000055
            ],
            [
              -93.19269561799996,
              35.269512177000024
            ],
            [
              -93.19869995199997,
              35.271713257000044
            ],
            [
              -93.22709655799997,
              35.27231216300004
            ],
            [
              -93.24530029299996,
              35.27651214600007
            ],
            [
              -93.25039672899999,
              35.28321075400004
            ],
            [
              -93.25059509299996,
              35.29461288500005
            ],
            [
              -93.25519561799996,
              35.30141067500006
            ],
            [
              -93.26349639899996,
              35.308910370000035
            ],
            [
              -93.29899597199994,
              35.32741165200008
            ],
            [
              -93.29570007299998,
              35.46991348300003
            ],
            [
              -93.22359466599994,
              35.46871185300006
            ],
            [
              -93.22202899799998,
              35.54540668300007
            ],
            [
              -93.18673628399995,
              35.53391947800003
            ],
            [
              -93.150131865,
              35.526354006000076
            ],
            [
              -93.10887926599997,
              35.51453152700003
            ]
          ]
        ]
      }
    },
    {
      "type": "Feature",
      "properties": {
        "STATE": "AR",
        "ZONE": "237",
        "CWA": "LZK",
        "NAME": "Central and Southern Scott County",
        "STATE_ZONE": "AR237",
        "TIME_ZONE": "C"
      },
      "geometry": {
        "type": "Polygon",
        "coordinates": [
          [
            [
              -93.93049621599994,
              34.66601181000004
            ],
            [
              -93.93009948699995,
              34.68011093100006
            ],
            [
              -94.01819610599995,
              34.68331146200006
            ],
            [
              -94.01819610599995,
              34.692512512000064
            ],
            [
              -94.31769561799996,
              34.69741058300008
            ],
            [
              -94.31679534899996,
              34.726512909000064
            ],
            [
              -94.45459747299998,
              34.728912354000045
            ],
            [
              -94.44915805399995,
              34.89666636800007
            ],
            [
              -94.38596684099997,
              34.908805494000035
            ],
            [
              -94.22444257399997,
              34.935007463000034
            ],
            [
              -94.14193737399995,
              34.94215200100007
            ],
            [
              -94.09313148099994,
              34.94310455700003
            ],
            [
              -93.97808901999997,
              34.92548042800007
            ],
            [
              -93.90836631599996,
              34.92786228500006
            ],
            [
              -93.83864360999996,
              34.941675703000044
            ],
            [
              -93.70564300099994,
              34.98513865900003
            ],
            [
              -93.71009826799997,
              34.745311737000065
            ],
            [
              -93.74519348099994,
              34.74591064500004
            ],
            [
              -93.74569702199994,
              34.731910706000065
            ],
            [
              -93.78149414099994,
              34.732810974000074
            ],
            [
              -93.78159332299998,
              34.71841049200003
            ],
            [
              -93.81709289699995,
              34.71851348900003
            ],
            [
              -93.81699371299999,
              34.711311340000066
            ],
            [
              -93.87019348099994,
              34.71271133400006
            ],
            [
              -93.87049865699998,
              34.69081115700004
            ],
            [
              -93.87799835299995,
              34.69081115700004
            ],
            [
              -93.87809753399995,
              34.66611099200003
            ],
            [
              -93.93049621599994,
              34.66601181000004
            ]
          ]
        ]
      }
    },
    {
      "type": "Feature",
      "properties": {
        "STATE": "AR",
        "ZONE": "313",
        "CWA": "LZK",
        "NAME": "Eastern, Central, and Southern Searcy County Higher Elevations",
        "STATE_ZONE": "AR313",
        "TIME_ZONE": "C"
      },
      "geometry": {
        "type": "Polygon",
        "coordinates": [
          [
            [
              -92.88555380299994,
              35.977388001000065
            ],
            [
              -92.88070006399994,
              35.96504232900003
            ],
            [
              -92.85206727499997,
              35.95601271600003
            ],
            [
              -92.84165535099999,
              35.942767418000074
            ],
            [
              -92.83905237099998,
              35.93042321000007
            ],
            [
              -92.84016793599994,
              35.91476436900007
            ],
            [
              -92.83719310099997,
              35.89729508100004
            ],
            [
              -92.84016793799998,
              35.883738668000035
            ],
            [
              -92.82789674199995,
              35.87982193700003
            ],
            [
              -92.81525369099995,
              35.88614886500005
            ],
            [
              -92.81822852699997,
              35.894583983000075
            ],
            [
              -92.80930401899997,
              35.903018202000055
            ],
            [
              -92.79108315299999,
              35.90151215700007
            ],
            [
              -92.78810831699997,
              35.90753616400008
            ],
            [
              -92.77546526599997,
              35.91536668600003
            ],
            [
              -92.76282221599996,
              35.909343275000026
            ],
            [
              -92.75612883699995,
              35.89970486300007
            ],
            [
              -92.74311393299996,
              35.90392181200008
            ],
            [
              -92.72587476199999,
              35.89980125200003
            ],
            [
              -92.72040106599997,
              35.88919765600008
            ],
            [
              -92.72373288199998,
              35.87859264100007
            ],
            [
              -92.72206697499996,
              35.86952904900005
            ],
            [
              -92.71540334399998,
              35.867600491000076
            ],
            [
              -92.70183809399998,
              35.87917113300006
            ],
            [
              -92.69112868599996,
              35.885148635000064
            ],
            [
              -92.67042383199998,
              35.88360609600005
            ],
            [
              -92.62163653099998,
              35.89768064100008
            ],
            [
              -92.61854270099997,
              35.902885662000074
            ],
            [
              -92.60140764999994,
              35.90963240100007
            ],
            [
              -92.59974174099995,
              35.91368016900003
            ],
            [
              -92.60331154299996,
              35.91753499400005
            ],
            [
              -92.621874516,
              35.91869140500006
            ],
            [
              -92.62853814699997,
              35.92138963200006
            ],
            [
              -92.63825098299998,
              35.95029341700007
            ],
            [
              -92.65424072099995,
              35.97376996100007
            ],
            [
              -92.64494435899996,
              35.997540370000024
            ],
            [
              -92.61742712999995,
              36.02461185300007
            ],
            [
              -92.58990990299998,
              36.015889833000074
            ],
            [
              -92.56722678299997,
              36.02340887100007
            ],
            [
              -92.56685492699995,
              36.03814410700005
            ],
            [
              -92.54417180599995,
              36.05137339700008
            ],
            [
              -92.53513994699995,
              36.06451616100003
            ],
            [
              -92.41149902399997,
              36.062713623000036
            ],
            [
              -92.41709899899996,
              35.889011383000025
            ],
            [
              -92.41510009799998,
              35.88841247600004
            ],
            [
              -92.41479492199994,
              35.883911133000026
            ],
            [
              -92.41669464099994,
              35.789211273000035
            ],
            [
              -92.62959289599996,
              35.79081344600007
            ],
            [
              -92.63119506799995,
              35.71931076000004
            ],
            [
              -92.95129394499997,
              35.724712372000056
            ],
            [
              -92.94960021999998,
              35.81301116900005
            ],
            [
              -92.94659423799999,
              35.81301116900005
            ],
            [
              -92.94096235399996,
              35.98915186600004
            ],
            [
              -92.92295202199995,
              35.97243455700004
            ],
            [
              -92.90203521099994,
              35.96914293800006
            ],
            [
              -92.88555380299994,
              35.977388001000065
            ]
          ]
        ]
      }
    },
    {
      "type": "Feature",
      "properties": {
        "STATE": "AR",
        "ZONE": "223",
        "CWA": "LZK",
        "NAME": "Van Buren County Higher Elevations",
        "STATE_ZONE": "AR223",
        "TIME_ZONE": "C"
      },
      "geometry": {
        "type": "Polygon",
        "coordinates": [
          [
            [
              -92.24132087499999,
              35.664253744000064
            ],
            [
              -92.25598465899998,
              35.66803112700006
            ],
            [
              -92.28573301199998,
              35.66470798300003
            ],
            [
              -92.30655685999994,
              35.66531220200005
            ],
            [
              -92.32254659999995,
              35.66349953400004
            ],
            [
              -92.36159131599999,
              35.63993108600005
            ],
            [
              -92.38687741799998,
              35.62693525100008
            ],
            [
              -92.40323901199997,
              35.62179678100006
            ],
            [
              -92.44302743499998,
              35.61968084500006
            ],
            [
              -92.45195194199994,
              35.62451719100005
            ],
            [
              -92.45529863099995,
              35.631468926000025
            ],
            [
              -92.46013273799997,
              35.635397900000044
            ],
            [
              -92.47091651599999,
              35.62995773100005
            ],
            [
              -92.47612247899997,
              35.61998312700007
            ],
            [
              -92.48393142199996,
              35.61303039500007
            ],
            [
              -92.48802182199995,
              35.601844295000035
            ],
            [
              -92.50103672699998,
              35.59216857000007
            ],
            [
              -92.52855395499995,
              35.57765279000006
            ],
            [
              -92.55978972699995,
              35.56736918800004
            ],
            [
              -92.60106556899996,
              35.55012607000003
            ],
            [
              -92.61742716499998,
              35.538931182000056
            ],
            [
              -92.65424075299995,
              35.533787063000034
            ],
            [
              -92.67171791099997,
              35.528642613000045
            ],
            [
              -92.69886328399997,
              35.517142060000026
            ],
            [
              -92.71410931599996,
              35.513509965000026
            ],
            [
              -92.73158647299994,
              35.515628708000065
            ],
            [
              -92.74646065099995,
              35.51229923100004
            ],
            [
              -92.74980734099995,
              35.50352085500003
            ],
            [
              -92.74646065199994,
              35.49353050000008
            ],
            [
              -92.76207853799997,
              35.48111651200003
            ],
            [
              -92.78067125999996,
              35.46991199900003
            ],
            [
              -92.78795537099995,
              35.46178194700008
            ],
            [
              -92.85059356699998,
              35.462913513000046
            ],
            [
              -92.84939575199996,
              35.548912048000034
            ],
            [
              -92.81340026899994,
              35.549011230000076
            ],
            [
              -92.811599732,
              35.66381073000008
            ],
            [
              -92.80909728999995,
              35.72241210900006
            ],
            [
              -92.63119506799995,
              35.71931076000004
            ],
            [
              -92.62959289599996,
              35.79081344600007
            ],
            [
              -92.41669464099994,
              35.789211273000035
            ],
            [
              -92.41779327399996,
              35.715911865000066
            ],
            [
              -92.24069976599998,
              35.712211495000076
            ],
            [
              -92.24132087499999,
              35.664253744000064
            ]
          ]
        ]
      }
    },
    {
      "type": "Feature",
      "properties": {
        "STATE": "AR",
        "ZONE": "103",
        "CWA": "LZK",
        "NAME": "Boone County Except Southwest",
        "STATE_ZONE": "AR103",
        "TIME_ZONE": "C"
      },
      "geometry": {
        "type": "Polygon",
        "coordinates": [
          [
            [
              -92.85339355499997,
              36.49781036400003
            ],
            [
              -92.85469818099995,
              36.464611053000056
            ],
            [
              -92.85969543499994,
              36.47191238400006
            ],
            [
              -92.87489318799999,
              36.47701263400006
            ],
            [
              -92.87979888899997,
              36.485912323000036
            ],
            [
              -92.88439941399997,
              36.490711212000065
            ],
            [
              -92.88959503199999,
              36.31801223800005
            ],
            [
              -92.88879394499997,
              36.246410370000035
            ],
            [
              -92.89069366499996,
              36.11411285400004
            ],
            [
              -93.04809570299994,
              36.11631393400006
            ],
            [
              -93.089996338,
              36.119312286000024
            ],
            [
              -93.12539672999998,
              36.11921310400004
            ],
            [
              -93.14009857199994,
              36.11761093100006
            ],
            [
              -93.17247986599995,
              36.11833969400004
            ],
            [
              -93.18615521699996,
              36.15232377600006
            ],
            [
              -93.18731725899994,
              36.183750359000044
            ],
            [
              -93.18383112199996,
              36.21703940000003
            ],
            [
              -93.19835668299999,
              36.23344428300004
            ],
            [
              -93.21288224599994,
              36.24750287100005
            ],
            [
              -93.22798883199994,
              36.251719955000056
            ],
            [
              -93.23960928299994,
              36.24562854000004
            ],
            [
              -93.26401222899995,
              36.25406268300003
            ],
            [
              -93.29837816899999,
              36.260136429000056
            ],
            [
              -93.29619598399995,
              36.364212036000026
            ],
            [
              -93.29599761999998,
              36.49811172500006
            ],
            [
              -92.85339355499997,
              36.49781036400003
            ]
          ]
        ]
      }
    },
    {
      "type": "Feature",
      "properties": {
        "STATE": "AR",
        "ZONE": "203",
        "CWA": "LZK",
        "NAME": "Boone County Higher Elevations",
        "STATE_ZONE": "AR203",
        "TIME_ZONE": "C"
      },
      "geometry": {
        "type": "Polygon",
        "coordinates": [
          [
            [
              -93.17247986599995,
              36.11833969400004
            ],
            [
              -93.30009460399998,
              36.12131118800005
            ],
            [
              -93.29837816899999,
              36.260136429000056
            ],
            [
              -93.26401222899995,
              36.25406268300003
            ],
            [
              -93.23960928299994,
              36.24562854000004
            ],
            [
              -93.22798883199994,
              36.251719955000056
            ],
            [
              -93.21288224599994,
              36.24750287100005
            ],
            [
              -93.19835668299999,
              36.23344428300004
            ],
            [
              -93.18383112199996,
              36.21703940000003
            ],
            [
              -93.18731725899994,
              36.183750359000044
            ],
            [
              -93.18615521699996,
              36.15232377600006
            ],
            [
              -93.17247986599995,
              36.11833969400004
            ]
          ]
        ]
      }
    },
    {
      "type": "Feature",
      "properties": {
        "STATE": "AR",
        "ZONE": "212",
        "CWA": "LZK",
        "NAME": "Newton County Lower Elevations",
        "STATE_ZONE": "AR212",
        "TIME_ZONE": "C"
      },
      "geometry": {
        "type": "Polygon",
        "coordinates": [
          [
            [
              -92.94429779099994,
              36.11521148700007
            ],
            [
              -92.94539642299998,
              36.076313019000054
            ],
            [
              -92.94469451899994,
              36.071910858000024
            ],
            [
              -92.93849945099998,
              36.07171249400005
            ],
            [
              -92.94087088699996,
              35.99041185600004
            ],
            [
              -92.96920141399994,
              35.99904460100004
            ],
            [
              -93.00824612899999,
              35.988514493000025
            ],
            [
              -93.06104945599998,
              35.99001888300006
            ],
            [
              -93.09451635399995,
              35.996637848000034
            ],
            [
              -93.14174186599996,
              35.99663785100006
            ],
            [
              -93.17223392799997,
              36.00596363200003
            ],
            [
              -93.18599254199995,
              35.993629302000045
            ],
            [
              -93.199751156,
              35.99302757900006
            ],
            [
              -93.20681638899998,
              36.00115046600007
            ],
            [
              -93.20346969799994,
              36.02040137300003
            ],
            [
              -93.21418956099996,
              36.06119765300008
            ],
            [
              -93.21872879699998,
              36.08541242200005
            ],
            [
              -93.17346646799996,
              36.11836189700006
            ],
            [
              -93.14009857199994,
              36.11761093100006
            ],
            [
              -93.12539672999998,
              36.11921310400004
            ],
            [
              -93.089996338,
              36.119312286000024
            ],
            [
              -93.06229400599995,
              36.11671066300005
            ],
            [
              -92.94429779099994,
              36.11521148700007
            ]
          ]
        ]
      }
    },
    {
      "type": "Feature",
      "properties": {
        "STATE": "AR",
        "ZONE": "213",
        "CWA": "LZK",
        "NAME": "Northwest Searcy County Higher Elevations",
        "STATE_ZONE": "AR213",
        "TIME_ZONE": "C"
      },
      "geometry": {
        "type": "Polygon",
        "coordinates": [
          [
            [
              -92.94429779099994,
              36.11521148700007
            ],
            [
              -92.83779907199994,
              36.11371231100003
            ],
            [
              -92.83729553199998,
              36.07061386100003
            ],
            [
              -92.70931583399994,
              36.06738799200008
            ],
            [
              -92.75481862299995,
              36.03257056500007
            ],
            [
              -92.77479127199996,
              36.03183640200007
            ],
            [
              -92.79797524199995,
              36.03764184200003
            ],
            [
              -92.80254458799999,
              36.040844037000056
            ],
            [
              -92.80939860899997,
              36.041706144000045
            ],
            [
              -92.82112660099995,
              36.03899663400006
            ],
            [
              -92.82127891199997,
              36.03456268900004
            ],
            [
              -92.82708329999997,
              36.023202120000064
            ],
            [
              -92.84102784199996,
              36.00581320900005
            ],
            [
              -92.87007897099994,
              35.985129510000036
            ],
            [
              -92.90203521099994,
              35.96914293800006
            ],
            [
              -92.92295202199995,
              35.97243455700004
            ],
            [
              -92.94096235399996,
              35.98915186600004
            ],
            [
              -92.93849945099998,
              36.07171249400005
            ],
            [
              -92.94469451899994,
              36.071910858000024
            ],
            [
              -92.94539642299998,
              36.076313019000054
            ],
            [
              -92.94429779099994,
              36.11521148700007
            ]
          ]
        ]
      }
    },
    {
      "type": "Feature",
      "properties": {
        "STATE": "AR",
        "ZONE": "113",
        "CWA": "LZK",
        "NAME": "Searcy County Lower Elevations",
        "STATE_ZONE": "AR113",
        "TIME_ZONE": "C"
      },
      "geometry": {
        "type": "Polygon",
        "coordinates": [
          [
            [
              -92.53513994699995,
              36.06451616100003
            ],
            [
              -92.54417180599995,
              36.05137339700008
            ],
            [
              -92.56685492699995,
              36.03814410700005
            ],
            [
              -92.56722678299997,
              36.02340887100007
            ],
            [
              -92.58990990299998,
              36.015889833000074
            ],
            [
              -92.61742712999995,
              36.02461185300007
            ],
            [
              -92.64494435899996,
              35.997540370000024
            ],
            [
              -92.65424072099995,
              35.97376996100007
            ],
            [
              -92.63825098299998,
              35.95029341700007
            ],
            [
              -92.62853814699997,
              35.92138963200006
            ],
            [
              -92.621874516,
              35.91869140500006
            ],
            [
              -92.60331154299996,
              35.91753499400005
            ],
            [
              -92.59974174099995,
              35.91368016900003
            ],
            [
              -92.60140764999994,
              35.90963240100007
            ],
            [
              -92.61854270099997,
              35.902885662000074
            ],
            [
              -92.62163653099998,
              35.89768064100008
            ],
            [
              -92.67042383199998,
              35.88360609600005
            ],
            [
              -92.69112868599996,
              35.885148635000064
            ],
            [
              -92.70183809399998,
              35.87917113300006
            ],
            [
              -92.71540334399998,
              35.867600491000076
            ],
            [
              -92.72206697499996,
              35.86952904900005
            ],
            [
              -92.72373288199998,
              35.87859264100007
            ],
            [
              -92.72040106599997,
              35.88919765600008
            ],
            [
              -92.72587476199999,
              35.89980125200003
            ],
            [
              -92.74311393299996,
              35.90392181200008
            ],
            [
              -92.75612883699995,
              35.89970486300007
            ],
            [
              -92.76282221599996,
              35.909343275000026
            ],
            [
              -92.77546526599997,
              35.91536668600003
            ],
            [
              -92.78810831699997,
              35.90753616400008
            ],
            [
              -92.79108315299999,
              35.90151215700007
            ],
            [
              -92.80930401899997,
              35.903018202000055
            ],
            [
              -92.81822852699997,
              35.894583983000075
            ],
            [
              -92.81525369099995,
              35.88614886500005
            ],
            [
              -92.82789674199995,
              35.87982193700003
            ],
            [
              -92.84016793799998,
              35.883738668000035
            ],
            [
              -92.83719310099997,
              35.89729508100004
            ],
            [
              -92.84016793599994,
              35.91476436900007
            ],
            [
              -92.83905237099998,
              35.93042321000007
            ],
            [
              -92.84165535099999,
              35.942767418000074
            ],
            [
              -92.85206727499997,
              35.95601271600003
            ],
            [
              -92.88070006399994,
              35.96504232900003
            ],
            [
              -92.88555380299994,
              35.977388001000065
            ],
            [
              -92.87007897099994,
              35.985129510000036
            ],
            [
              -92.84102784199996,
              36.00581320900005
            ],
            [
              -92.82708329999997,
              36.023202120000064
            ],
            [
              -92.82127891199997,
              36.03456268900004
            ],
            [
              -92.82112660099995,
              36.03899663400006
            ],
            [
              -92.80939860899997,
              36.041706144000045
            ],
            [
              -92.80254458799999,
              36.040844037000056
            ],
            [
              -92.79797524199995,
              36.03764184200003
            ],
            [
              -92.77479127199996,
              36.03183640200007
            ],
            [
              -92.75481862299995,
              36.03257056500007
            ],
            [
              -92.70931583399994,
              36.06738799200008
            ],
            [
              -92.53513994699995,
              36.06451616100003
            ]
          ]
        ]
      }
    },
    {
      "type": "Feature",
      "properties": {
        "STATE": "AR",
        "ZONE": "121",
        "CWA": "LZK",
        "NAME": "Southern Johnson County",
        "STATE_ZONE": "AR121",
        "TIME_ZONE": "C"
      },
      "geometry": {
        "type": "Polygon",
        "coordinates": [
          [
            [
              -93.22202586499998,
              35.54602588100005
            ],
            [
              -93.22359466599994,
              35.46871185300006
            ],
            [
              -93.29570007299998,
              35.46991348300003
            ],
            [
              -93.29899597199994,
              35.32741165200008
            ],
            [
              -93.32969665499996,
              35.34161377000004
            ],
            [
              -93.33809661899994,
              35.34001159700006
            ],
            [
              -93.36359405499996,
              35.33071136500007
            ],
            [
              -93.37299346899994,
              35.329612732000044
            ],
            [
              -93.38739776599994,
              35.33131408700007
            ],
            [
              -93.41819763199999,
              35.32691192600004
            ],
            [
              -93.42129516599994,
              35.32941055300006
            ],
            [
              -93.42249298099995,
              35.33361053500005
            ],
            [
              -93.42139434799998,
              35.33761215200008
            ],
            [
              -93.41369628899997,
              35.34111022900004
            ],
            [
              -93.40939331099997,
              35.340812683000024
            ],
            [
              -93.39899444599996,
              35.34441375700004
            ],
            [
              -93.39550018299997,
              35.34891128500004
            ],
            [
              -93.39679717999996,
              35.35141372700008
            ],
            [
              -93.40969848599997,
              35.360210419000055
            ],
            [
              -93.41499328599997,
              35.36621093700006
            ],
            [
              -93.42489623999995,
              35.39041137700008
            ],
            [
              -93.42469787599998,
              35.40691375700004
            ],
            [
              -93.42779540999999,
              35.417713165000066
            ],
            [
              -93.43280029299996,
              35.426513672000056
            ],
            [
              -93.43939971899994,
              35.42871093700006
            ],
            [
              -93.46319580099998,
              35.42411041300005
            ],
            [
              -93.47489929199998,
              35.41471099900008
            ],
            [
              -93.48139953599997,
              35.40471267700008
            ],
            [
              -93.49440002399996,
              35.39701080300006
            ],
            [
              -93.49909973099994,
              35.39601135300006
            ],
            [
              -93.50899505599995,
              35.39771270800003
            ],
            [
              -93.51719665599995,
              35.401012421000075
            ],
            [
              -93.52709960899995,
              35.40841293300008
            ],
            [
              -93.53260040399994,
              35.408813477000024
            ],
            [
              -93.54399871799995,
              35.40241241500007
            ],
            [
              -93.55189514199998,
              35.39991378800005
            ],
            [
              -93.57149505599995,
              35.39661407500006
            ],
            [
              -93.57709503199999,
              35.39411163300008
            ],
            [
              -93.58519744999995,
              35.386310577000074
            ],
            [
              -93.594993591,
              35.383712769000056
            ],
            [
              -93.63949584999995,
              35.38601303100006
            ],
            [
              -93.64949798699996,
              35.391014099000074
            ],
            [
              -93.66009521499996,
              35.403312683000024
            ],
            [
              -93.66309356699998,
              35.405212402000075
            ],
            [
              -93.66979980499997,
              35.405612946000076
            ],
            [
              -93.67489623999995,
              35.40191268900003
            ],
            [
              -93.67799377399996,
              35.390010834000066
            ],
            [
              -93.68219757099996,
              35.38311386100003
            ],
            [
              -93.68579864499998,
              35.380313873000034
            ],
            [
              -93.69759368899997,
              35.375812531000065
            ],
            [
              -93.70989990199996,
              35.37531280500008
            ],
            [
              -93.70389920799994,
              35.54323778000003
            ],
            [
              -93.68467259499994,
              35.54904830400005
            ],
            [
              -93.64690613,
              35.56370160600005
            ],
            [
              -93.61436886699994,
              35.56984574200004
            ],
            [
              -93.58299365,
              35.578352229000075
            ],
            [
              -93.52314832899998,
              35.57598940300005
            ],
            [
              -93.49932640499998,
              35.576934540000025
            ],
            [
              -93.49119208899998,
              35.58166006000005
            ],
            [
              -93.47899061599998,
              35.582132596000065
            ],
            [
              -93.46620812099997,
              35.57409909200004
            ],
            [
              -93.43657597199996,
              35.56748265900006
            ],
            [
              -93.40171461999995,
              35.56322895000005
            ],
            [
              -93.36452917799994,
              35.55283004300003
            ],
            [
              -93.33954520999998,
              35.55424815300006
            ],
            [
              -93.28725318099998,
              35.565119509000056
            ],
            [
              -93.26110716699998,
              35.54810281700003
            ],
            [
              -93.24193342399997,
              35.54432083900008
            ],
            [
              -93.22202586499998,
              35.54602588100005
            ]
          ]
        ]
      }
    },
    {
      "type": "Feature",
      "properties": {
        "STATE": "AR",
        "ZONE": "222",
        "CWA": "LZK",
        "NAME": "Pope County Higher Elevations",
        "STATE_ZONE": "AR222",
        "TIME_ZONE": "C"
      },
      "geometry": {
        "type": "Polygon",
        "coordinates": [
          [
            [
              -93.16449737499994,
              35.72811126700003
            ],
            [
              -92.80909728999995,
              35.72241210900006
            ],
            [
              -92.811599732,
              35.66381073000008
            ],
            [
              -92.81340026899994,
              35.549011230000076
            ],
            [
              -92.84939575199996,
              35.548912048000034
            ],
            [
              -92.85076108299995,
              35.454337502000044
            ],
            [
              -92.85558975999999,
              35.44897387800006
            ],
            [
              -92.87556240899994,
              35.455629662000035
            ],
            [
              -92.90188999199995,
              35.46154545400003
            ],
            [
              -92.92640187899997,
              35.477811634000034
            ],
            [
              -92.96453148199998,
              35.49259621600004
            ],
            [
              -92.99267476099999,
              35.49850928800004
            ],
            [
              -93.02172588899998,
              35.485204269000064
            ],
            [
              -93.06076333999994,
              35.478550935000044
            ],
            [
              -93.10887926599997,
              35.51453152700003
            ],
            [
              -93.150131865,
              35.526354006000076
            ],
            [
              -93.18673628399995,
              35.53391947800003
            ],
            [
              -93.22202899799998,
              35.54540668300007
            ],
            [
              -93.22119903599997,
              35.59891128500004
            ],
            [
              -93.16779327499995,
              35.59771347000003
            ],
            [
              -93.16449737499994,
              35.72811126700003
            ]
          ]
        ]
      }
    },
    {
      "type": "Feature",
      "properties": {
        "STATE": "AR",
        "ZONE": "123",
        "CWA": "LZK",
        "NAME": "Southeast Van Buren County",
        "STATE_ZONE": "AR123",
        "TIME_ZONE": "C"
      },
      "geometry": {
        "type": "Polygon",
        "coordinates": [
          [
            [
              -92.24132087499999,
              35.664253744000064
            ],
            [
              -92.24469757099996,
              35.538311005000025
            ],
            [
              -92.24849700899995,
              35.537910461000024
            ],
            [
              -92.25279998799994,
              35.363712312000075
            ],
            [
              -92.48149871799995,
              35.368110657000045
            ],
            [
              -92.47949981799997,
              35.455513
            ],
            [
              -92.78795537099995,
              35.46178194700008
            ],
            [
              -92.78067125999996,
              35.46991199900003
            ],
            [
              -92.76207853799997,
              35.48111651200003
            ],
            [
              -92.74646065199994,
              35.49353050000008
            ],
            [
              -92.74980734099995,
              35.50352085500003
            ],
            [
              -92.74646065099995,
              35.51229923100004
            ],
            [
              -92.73158647299994,
              35.515628708000065
            ],
            [
              -92.71410931599996,
              35.513509965000026
            ],
            [
              -92.69886328399997,
              35.517142060000026
            ],
            [
              -92.67171791099997,
              35.528642613000045
            ],
            [
              -92.65424075299995,
              35.533787063000034
            ],
            [
              -92.61742716499998,
              35.538931182000056
            ],
            [
              -92.60106556899996,
              35.55012607000003
            ],
            [
              -92.55978972699995,
              35.56736918800004
            ],
            [
              -92.52855395499995,
              35.57765279000006
            ],
            [
              -92.50103672699998,
              35.59216857000007
            ],
            [
              -92.48802182199995,
              35.601844295000035
            ],
            [
              -92.48393142199996,
              35.61303039500007
            ],
            [
              -92.47612247899997,
              35.61998312700007
            ],
            [
              -92.47091651599999,
              35.62995773100005
            ],
            [
              -92.46013273799997,
              35.635397900000044
            ],
            [
              -92.45529863099995,
              35.631468926000025
            ],
            [
              -92.45195194199994,
              35.62451719100005
            ],
            [
              -92.44302743499998,
              35.61968084500006
            ],
            [
              -92.40323901199997,
              35.62179678100006
            ],
            [
              -92.38687741799998,
              35.62693525100008
            ],
            [
              -92.36159131599999,
              35.63993108600005
            ],
            [
              -92.32254659999995,
              35.66349953400004
            ],
            [
              -92.30655685999994,
              35.66531220200005
            ],
            [
              -92.28573301199998,
              35.66470798300003
            ],
            [
              -92.25598465899998,
              35.66803112700006
            ],
            [
              -92.24132087499999,
              35.664253744000064
            ]
          ]
        ]
      }
    },
    {
      "type": "Feature",
      "properties": {
        "STATE": "AR",
        "ZONE": "137",
        "CWA": "LZK",
        "NAME": "Northern Scott County",
        "STATE_ZONE": "AR137",
        "TIME_ZONE": "C"
      },
      "geometry": {
        "type": "Polygon",
        "coordinates": [
          [
            [
              -94.14059448199998,
              35.09981155400004
            ],
            [
              -94.14179992699997,
              35.056812286000024
            ],
            [
              -94.13809966999997,
              35.055610657000045
            ],
            [
              -94.07369995199997,
              35.053314209000064
            ],
            [
              -94.07409667999997,
              35.02671051000004
            ],
            [
              -93.70489501999998,
              35.01881408700007
            ],
            [
              -93.70564300099994,
              34.98513865900003
            ],
            [
              -93.83864360999996,
              34.941675703000044
            ],
            [
              -93.90836631599996,
              34.92786228500006
            ],
            [
              -93.97808901999997,
              34.92548042800007
            ],
            [
              -94.09313148099994,
              34.94310455700003
            ],
            [
              -94.14193737399995,
              34.94215200100007
            ],
            [
              -94.22444257399997,
              34.935007463000034
            ],
            [
              -94.38596684099997,
              34.908805494000035
            ],
            [
              -94.44915805399995,
              34.89666636800007
            ],
            [
              -94.44809722899998,
              34.92601394700006
            ],
            [
              -94.44649505599995,
              34.934013367000034
            ],
            [
              -94.43139648399995,
              34.93101120000006
            ],
            [
              -94.42899322499994,
              34.93171310400004
            ],
            [
              -94.41909789999994,
              34.939212799000074
            ],
            [
              -94.41369628899997,
              34.94671249400005
            ],
            [
              -94.40769958499999,
              34.94981384300007
            ],
            [
              -94.39209747299998,
              34.943813324000075
            ],
            [
              -94.37599945099998,
              34.94901275600006
            ],
            [
              -94.36809539799998,
              34.96181106600005
            ],
            [
              -94.36229705799997,
              34.96241378800005
            ],
            [
              -94.36029815699999,
              34.96191406200006
            ],
            [
              -94.350494385,
              34.94901275600006
            ],
            [
              -94.34239959699994,
              34.94751358000008
            ],
            [
              -94.33379363999995,
              34.94981384300007
            ],
            [
              -94.32919311499995,
              34.95471191400003
            ],
            [
              -94.32289886499996,
              34.95561218300003
            ],
            [
              -94.30099487299998,
              34.952510834000066
            ],
            [
              -94.26479339599996,
              34.958011627000076
            ],
            [
              -94.25529479999994,
              34.960113525000054
            ],
            [
              -94.24969482399996,
              34.963813782000045
            ],
            [
              -94.23410034199998,
              34.96751403800005
            ],
            [
              -94.23049926799996,
              34.96981048600003
            ],
            [
              -94.22859954799998,
              35.05751419100005
            ],
            [
              -94.25,
              35.058113098000035
            ],
            [
              -94.24949645999999,
              35.065711975000056
            ],
            [
              -94.22829437299998,
              35.07181167600004
            ],
            [
              -94.22309875499997,
              35.071910858000024
            ],
            [
              -94.22289276099997,
              35.07831192000003
            ],
            [
              -94.22029876699997,
              35.079113007000046
            ],
            [
              -94.19549560499996,
              35.07851028400006
            ],
            [
              -94.195297241,
              35.085910797000054
            ],
            [
              -94.18169403099995,
              35.08561325100004
            ],
            [
              -94.18159484899996,
              35.08921051000004
            ],
            [
              -94.17720031699997,
              35.08921051000004
            ],
            [
              -94.17689514199998,
              35.09251403800005
            ],
            [
              -94.15889739999994,
              35.09251403800005
            ],
            [
              -94.15859985399999,
              35.09981155400004
            ],
            [
              -94.14059448199998,
              35.09981155400004
            ]
          ]
        ]
      }
    },
    {
      "type": "Feature",
      "properties": {
        "STATE": "AR",
        "ZONE": "230",
        "CWA": "LZK",
        "NAME": "Southern and Eastern Logan County",
        "STATE_ZONE": "AR230",
        "TIME_ZONE": "C"
      },
      "geometry": {
        "type": "Polygon",
        "coordinates": [
          [
            [
              -93.47928114799998,
              35.279436101000044
            ],
            [
              -93.32857842899995,
              35.266836126000044
            ],
            [
              -93.27929687499994,
              35.26732817100003
            ],
            [
              -93.27999877899998,
              35.212612157000024
            ],
            [
              -93.45659637499995,
              35.215812683000024
            ],
            [
              -93.45739746099997,
              35.20851135300006
            ],
            [
              -93.47449493499994,
              35.20971298200004
            ],
            [
              -93.47469329799998,
              35.201511383000025
            ],
            [
              -93.48379516699998,
              35.20181274400005
            ],
            [
              -93.48459625199996,
              35.18091201800007
            ],
            [
              -93.49379730199996,
              35.180713654000044
            ],
            [
              -93.49369811999998,
              35.17371368400006
            ],
            [
              -93.51119995099998,
              35.17421340900006
            ],
            [
              -93.51199340799997,
              35.15971374500003
            ],
            [
              -93.52929687499994,
              35.15971374500003
            ],
            [
              -93.52980041499995,
              35.145412445000034
            ],
            [
              -93.662994385,
              35.148212433000026
            ],
            [
              -93.66329956099997,
              35.13381195100004
            ],
            [
              -93.70669555799998,
              35.13491058300008
            ],
            [
              -93.70909881599994,
              35.04681396500007
            ],
            [
              -93.70439910899995,
              35.04661178600003
            ],
            [
              -93.70489501999998,
              35.01881408700007
            ],
            [
              -94.07409667999997,
              35.02671051000004
            ],
            [
              -94.07369995199997,
              35.053314209000064
            ],
            [
              -94.07870370099994,
              35.053640374000054
            ],
            [
              -94.07472467899998,
              35.053640373000064
            ],
            [
              -94.05031737499996,
              35.05010752700008
            ],
            [
              -94.02762118199996,
              35.05456666200007
            ],
            [
              -93.98767588099997,
              35.07685868800007
            ],
            [
              -93.93955995099998,
              35.09023098000006
            ],
            [
              -93.89507541199998,
              35.11399853200004
            ],
            [
              -93.85149872099998,
              35.12810723600006
            ],
            [
              -93.77433166499998,
              35.13998635300004
            ],
            [
              -93.75345116699998,
              35.14518292200006
            ],
            [
              -93.72258434299994,
              35.16670803300008
            ],
            [
              -93.72258434099996,
              35.19267903300005
            ],
            [
              -93.72803142599997,
              35.208999412000026
            ],
            [
              -93.74164914099998,
              35.22457489800007
            ],
            [
              -93.76162178999994,
              35.231249192000064
            ],
            [
              -93.77160811499994,
              35.243113246000064
            ],
            [
              -93.76525317999995,
              35.251268776000074
            ],
            [
              -93.74437268199995,
              35.25497556400006
            ],
            [
              -93.69171751399995,
              35.25645822900003
            ],
            [
              -93.62453678199995,
              35.277953860000025
            ],
            [
              -93.58186793999994,
              35.28091832600006
            ],
            [
              -93.47928114799998,
              35.279436101000044
            ]
          ]
        ]
      }
    },
    {
      "type": "Feature",
      "properties": {
        "STATE": "AR",
        "ZONE": "138",
        "CWA": "LZK",
        "NAME": "Northwest Yell County",
        "STATE_ZONE": "AR138",
        "TIME_ZONE": "C"
      },
      "geometry": {
        "type": "Polygon",
        "coordinates": [
          [
            [
              -93.27929687499994,
              35.26743924900006
            ],
            [
              -93.24823603899995,
              35.26671675600005
            ],
            [
              -93.22197932199998,
              35.244887635000055
            ],
            [
              -93.21569642499998,
              35.24418626200003
            ],
            [
              -93.21146607699995,
              35.23718141000006
            ],
            [
              -93.21869254699999,
              35.204637717000026
            ],
            [
              -93.23844731399998,
              35.193242859000065
            ],
            [
              -93.27621377999998,
              35.176622493000025
            ],
            [
              -93.34477444199996,
              35.131492939000054
            ],
            [
              -93.46155997299996,
              35.115810503000034
            ],
            [
              -93.49525928099996,
              35.10202647400007
            ],
            [
              -93.50048848499995,
              35.083961112000054
            ],
            [
              -93.48247678699994,
              35.07112276400005
            ],
            [
              -93.45284463899998,
              35.04639136600008
            ],
            [
              -93.46562713699996,
              35.02450734900003
            ],
            [
              -93.51675712099996,
              35.00166560800005
            ],
            [
              -93.60391050199996,
              34.994526259000054
            ],
            [
              -93.64981128199997,
              34.99690611500006
            ],
            [
              -93.70563815799994,
              34.985356685000056
            ],
            [
              -93.70439910899995,
              35.04661178600003
            ],
            [
              -93.70909881599994,
              35.04681396500007
            ],
            [
              -93.70669555799998,
              35.13491058300008
            ],
            [
              -93.66329956099997,
              35.13381195100004
            ],
            [
              -93.662994385,
              35.148212433000026
            ],
            [
              -93.52980041499995,
              35.145412445000034
            ],
            [
              -93.52929687499994,
              35.15971374500003
            ],
            [
              -93.51199340799997,
              35.15971374500003
            ],
            [
              -93.51119995099998,
              35.17421340900006
            ],
            [
              -93.49369811999998,
              35.17371368400006
            ],
            [
              -93.49379730199996,
              35.180713654000044
            ],
            [
              -93.48459625199996,
              35.18091201800007
            ],
            [
              -93.48379516699998,
              35.20181274400005
            ],
            [
              -93.47469329799998,
              35.201511383000025
            ],
            [
              -93.47449493499994,
              35.20971298200004
            ],
            [
              -93.45739746099997,
              35.20851135300006
            ],
            [
              -93.45659637499995,
              35.215812683000024
            ],
            [
              -93.27999877899998,
              35.212612157000024
            ],
            [
              -93.27929687499994,
              35.26743924900006
            ]
          ]
        ]
      }
    },
    {
      "type": "Feature",
      "properties": {
        "STATE": "AR",
        "ZONE": "238",
        "CWA": "LZK",
        "NAME": "Yell Excluding Northwest",
        "STATE_ZONE": "AR238",
        "TIME_ZONE": "C"
      },
      "geometry": {
        "type": "Polygon",
        "coordinates": [
          [
            [
              -93.22709655799997,
              35.27231216300004
            ],
            [
              -93.19869995199997,
              35.271713257000044
            ],
            [
              -93.19269561799996,
              35.269512177000024
            ],
            [
              -93.15859985399999,
              35.23841095000006
            ],
            [
              -93.14069366499996,
              35.210712433000026
            ],
            [
              -93.13569641099997,
              35.188510895000036
            ],
            [
              -93.12579345699999,
              35.17631149300007
            ],
            [
              -93.11639404299996,
              35.17201232900004
            ],
            [
              -93.110595704,
              35.17131042500006
            ],
            [
              -93.09909820599995,
              35.17311096200007
            ],
            [
              -93.08529663099995,
              35.18261337300004
            ],
            [
              -93.08289337199994,
              35.18251419100005
            ],
            [
              -93.07809448199998,
              35.17881012000004
            ],
            [
              -93.07639312699996,
              35.172111511000026
            ],
            [
              -93.08429718099995,
              35.16281127900004
            ],
            [
              -93.08489990199996,
              35.154312134000065
            ],
            [
              -93.09209442099996,
              35.14471054100005
            ],
            [
              -93.09289550799997,
              35.13931274400005
            ],
            [
              -93.08699798599997,
              35.129112244000055
            ],
            [
              -93.06849670399998,
              35.11921310400004
            ],
            [
              -93.061096191,
              35.11751174900007
            ],
            [
              -93.04879760699998,
              35.11781311000004
            ],
            [
              -93.04219818099995,
              35.11961364700005
            ],
            [
              -93.03219604499998,
              35.125411987000064
            ],
            [
              -93.027893066,
              35.132213593000074
            ],
            [
              -93.03039550799997,
              35.147510529000044
            ],
            [
              -93.02980041499995,
              35.155612946000076
            ],
            [
              -93.02739715699994,
              35.16011047400008
            ],
            [
              -93.02239990199996,
              35.16321182300004
            ],
            [
              -92.99609374999994,
              35.16911315900006
            ],
            [
              -92.96739959699994,
              35.172111511000026
            ],
            [
              -92.94739532499995,
              35.16921234100005
            ],
            [
              -92.92269897499995,
              35.176010132000044
            ],
            [
              -92.90369415299995,
              35.170310974000074
            ],
            [
              -92.92089843799994,
              35.168811798000036
            ],
            [
              -92.93000030599995,
              35.164810181000064
            ],
            [
              -92.93919372599998,
              35.155410767000035
            ],
            [
              -92.94849395799997,
              35.15011215200008
            ],
            [
              -92.95549774199998,
              35.140911102000075
            ],
            [
              -92.97309875499997,
              35.13471221900005
            ],
            [
              -92.97839355499997,
              35.13141250600006
            ],
            [
              -92.975494385,
              35.12471389800004
            ],
            [
              -92.97959899899996,
              35.122612
            ],
            [
              -92.97879791299994,
              35.119113922000054
            ],
            [
              -92.98229980499997,
              35.116611481000064
            ],
            [
              -92.99139404299996,
              35.114810944000055
            ],
            [
              -92.99549865699998,
              35.116611481000064
            ],
            [
              -93.01029968299997,
              35.114410400000054
            ],
            [
              -93.01849365199996,
              35.11771392800006
            ],
            [
              -93.02069854699994,
              35.115112305000025
            ],
            [
              -93.02339935299995,
              35.114913940000065
            ],
            [
              -93.02459716799996,
              35.11231231700003
            ],
            [
              -93.03439331099997,
              35.11161041300005
            ],
            [
              -93.04100036699998,
              35.108512878000056
            ],
            [
              -93.03869628899997,
              35.10331344600007
            ],
            [
              -93.02839660599994,
              35.09921264600007
            ],
            [
              -93.02579498299997,
              35.090911865000066
            ],
            [
              -93.02689361599994,
              35.08801269500003
            ],
            [
              -93.04059600799997,
              35.07701110800008
            ],
            [
              -93.05130004899996,
              35.07701110800008
            ],
            [
              -93.051498413,
              35.062313080000024
            ],
            [
              -93.06929779099994,
              35.06261062600004
            ],
            [
              -93.06949615499997,
              35.04881286600005
            ],
            [
              -93.08699798599997,
              35.04831314100005
            ],
            [
              -93.08729553199998,
              35.03401184100005
            ],
            [
              -93.10559844999995,
              35.03301239000007
            ],
            [
              -93.10579681399997,
              35.01901245100004
            ],
            [
              -93.12379455599995,
              35.018611908000025
            ],
            [
              -93.12459564199997,
              35.004112244000055
            ],
            [
              -93.14179992799995,
              35.00471115100004
            ],
            [
              -93.14229583699995,
              34.99031066900005
            ],
            [
              -93.16029357899998,
              34.99061203000008
            ],
            [
              -93.16029357899998,
              34.97601318400007
            ],
            [
              -93.18149566699998,
              34.97641372700008
            ],
            [
              -93.181793213,
              34.962913513000046
            ],
            [
              -93.20009612999996,
              34.96151351900005
            ],
            [
              -93.20059966999997,
              34.94761276200006
            ],
            [
              -93.21739959699994,
              34.94721221900005
            ],
            [
              -93.21749877899998,
              34.93271255500008
            ],
            [
              -93.23519897499995,
              34.93261337300004
            ],
            [
              -93.23649597199994,
              34.91811370800008
            ],
            [
              -93.25159454399994,
              34.917911530000026
            ],
            [
              -93.25259399399994,
              34.90381240800008
            ],
            [
              -93.27050018299997,
              34.90391159100005
            ],
            [
              -93.27069854699994,
              34.889213562000066
            ],
            [
              -93.28819274899996,
              34.88781356800007
            ],
            [
              -93.28820037799994,
              34.87631225600006
            ],
            [
              -93.30569458099995,
              34.875411987000064
            ],
            [
              -93.30589294399994,
              34.861412048000034
            ],
            [
              -93.28829956099997,
              34.860912323000036
            ],
            [
              -93.28779602099996,
              34.773212433000026
            ],
            [
              -93.39449310299995,
              34.77231216400003
            ],
            [
              -93.39429473899997,
              34.74301147500006
            ],
            [
              -93.71009826799997,
              34.745311737000065
            ],
            [
              -93.70563815799994,
              34.985356685000056
            ],
            [
              -93.64981128199997,
              34.99690611500006
            ],
            [
              -93.60391050199996,
              34.994526259000054
            ],
            [
              -93.51675712099996,
              35.00166560800005
            ],
            [
              -93.46562713699996,
              35.02450734900003
            ],
            [
              -93.45284463899998,
              35.04639136600008
            ],
            [
              -93.48247678699994,
              35.07112276400005
            ],
            [
              -93.50048848499995,
              35.083961112000054
            ],
            [
              -93.49525928099996,
              35.10202647400007
            ],
            [
              -93.46155997299996,
              35.115810503000034
            ],
            [
              -93.34477444199996,
              35.131492939000054
            ],
            [
              -93.27621377999998,
              35.176622493000025
            ],
            [
              -93.23844731399998,
              35.193242859000065
            ],
            [
              -93.21869254699999,
              35.204637717000026
            ],
            [
              -93.21146607699995,
              35.23718141000006
            ],
            [
              -93.21569642499998,
              35.24418626200003
            ],
            [
              -93.22197932199998,
              35.244887635000055
            ],
            [
              -93.24823603899995,
              35.26671675600005
            ],
            [
              -93.27929687499994,
              35.26743924900006
            ],
            [
              -93.27909851099997,
              35.317710876000035
            ],
            [
              -93.26349639899996,
              35.308910370000035
            ],
            [
              -93.25159454399994,
              35.29741287200005
            ],
            [
              -93.25039672899999,
              35.28321075400004
            ],
            [
              -93.24530029299996,
              35.27651214600007
            ],
            [
              -93.22709655799997,
              35.27231216300004
            ]
          ]
        ]
      }
    },
    {
      "type": "Feature",
      "properties": {
        "STATE": "AR",
        "ZONE": "141",
        "CWA": "LZK",
        "NAME": "Central and Eastern Montgomery County",
        "STATE_ZONE": "AR141",
        "TIME_ZONE": "C"
      },
      "geometry": {
        "type": "Polygon",
        "coordinates": [
          [
            [
              -93.40219879199998,
              34.684377625000025
            ],
            [
              -93.40859985499998,
              34.33951187100007
            ],
            [
              -93.61757783499996,
              34.344901195000034
            ],
            [
              -93.65903505799997,
              34.371744008000064
            ],
            [
              -93.67991555199995,
              34.40695512600007
            ],
            [
              -93.748004128,
              34.44364881900003
            ],
            [
              -93.76162184299994,
              34.46760335000005
            ],
            [
              -93.77796309999997,
              34.48780964000008
            ],
            [
              -93.85876154499994,
              34.50651480700003
            ],
            [
              -93.93247337299994,
              34.551107141000045
            ],
            [
              -93.93170694899999,
              34.59852626000003
            ],
            [
              -93.89144405599995,
              34.601472201000036
            ],
            [
              -93.82335547599996,
              34.62089892500006
            ],
            [
              -93.80065928299996,
              34.63509250300007
            ],
            [
              -93.76797676399997,
              34.65152413900006
            ],
            [
              -93.69898033699997,
              34.66272565700007
            ],
            [
              -93.61636619499996,
              34.66720583800003
            ],
            [
              -93.44387512799995,
              34.68437762700006
            ],
            [
              -93.40219879199998,
              34.684377625000025
            ]
          ]
        ]
      }
    },
    {
      "type": "Feature",
      "properties": {
        "STATE": "AR",
        "ZONE": "240",
        "CWA": "LZK",
        "NAME": "Northern Polk County Higher Elevations",
        "STATE_ZONE": "AR240",
        "TIME_ZONE": "C"
      },
      "geometry": {
        "type": "Polygon",
        "coordinates": [
          [
            [
              -93.93009948699995,
              34.68011093100006
            ],
            [
              -93.93170769699998,
              34.59847772400008
            ],
            [
              -93.97587389399996,
              34.59773577500005
            ],
            [
              -94.01218780299996,
              34.59474651100004
            ],
            [
              -94.04668601599997,
              34.594746513000075
            ],
            [
              -94.06938220799998,
              34.59773577900006
            ],
            [
              -94.09389409599999,
              34.59848308000005
            ],
            [
              -94.12294522199994,
              34.608197362000055
            ],
            [
              -94.16833760799994,
              34.61417481900003
            ],
            [
              -94.20737505999995,
              34.61118614700007
            ],
            [
              -94.23276283999996,
              34.60738918200008
            ],
            [
              -94.26920457399996,
              34.59637030500005
            ],
            [
              -94.28544996399995,
              34.59659988100003
            ],
            [
              -94.31392006799996,
              34.603295537000065
            ],
            [
              -94.34878141999997,
              34.60042603800008
            ],
            [
              -94.38422379599996,
              34.58512036400003
            ],
            [
              -94.38712890899996,
              34.57507448200005
            ],
            [
              -94.39584424899994,
              34.55880714600005
            ],
            [
              -94.42798205999998,
              34.534190772000045
            ],
            [
              -94.44250762399997,
              34.51623986100003
            ],
            [
              -94.45158610099998,
              34.509507271000075
            ],
            [
              -94.46118678199997,
              34.508518354000046
            ],
            [
              -94.45459747299998,
              34.728912354000045
            ],
            [
              -94.31679534899996,
              34.726512909000064
            ],
            [
              -94.31769561799996,
              34.69741058300008
            ],
            [
              -94.01819610599995,
              34.692512512000064
            ],
            [
              -94.01819610599995,
              34.68331146200006
            ],
            [
              -93.93009948699995,
              34.68011093100006
            ]
          ]
        ]
      }
    },
    {
      "type": "Feature",
      "properties": {
        "STATE": "AR",
        "ZONE": "241",
        "CWA": "LZK",
        "NAME": "Northern Montgomery County Higher Elevations",
        "STATE_ZONE": "AR241",
        "TIME_ZONE": "C"
      },
      "geometry": {
        "type": "Polygon",
        "coordinates": [
          [
            [
              -93.74519348099994,
              34.74591064500004
            ],
            [
              -93.39639282199994,
              34.74341201800007
            ],
            [
              -93.39429473899997,
              34.74301147500006
            ],
            [
              -93.39389800999999,
              34.68551254300007
            ],
            [
              -93.44387512799995,
              34.68437762700006
            ],
            [
              -93.61636619499996,
              34.66720583800003
            ],
            [
              -93.69898033699997,
              34.66272565700007
            ],
            [
              -93.76797676399997,
              34.65152413900006
            ],
            [
              -93.80065928299996,
              34.63509250300007
            ],
            [
              -93.82335547599996,
              34.62089892500006
            ],
            [
              -93.89144405599995,
              34.601472201000036
            ],
            [
              -93.93170694899999,
              34.59852626000003
            ],
            [
              -93.93049621599994,
              34.66601181000004
            ],
            [
              -93.87809753399995,
              34.66611099200003
            ],
            [
              -93.87799835299995,
              34.69081115700004
            ],
            [
              -93.87049865699998,
              34.69081115700004
            ],
            [
              -93.87019348099994,
              34.71271133400006
            ],
            [
              -93.81699371299999,
              34.711311340000066
            ],
            [
              -93.81709289699995,
              34.71851348900003
            ],
            [
              -93.78159332299998,
              34.71841049200003
            ],
            [
              -93.78149414099994,
              34.732810974000074
            ],
            [
              -93.74569702199994,
              34.731910706000065
            ],
            [
              -93.74519348099994,
              34.74591064500004
            ]
          ]
        ]
      }
    },
    {
      "type": "Feature",
      "properties": {
        "STATE": "AR",
        "ZONE": "340",
        "CWA": "LZK",
        "NAME": "Southeast Polk County Higher Elevations",
        "STATE_ZONE": "AR340",
        "TIME_ZONE": "C"
      },
      "geometry": {
        "type": "Polygon",
        "coordinates": [
          [
            [
              -93.93246160399997,
              34.551518517000034
            ],
            [
              -93.93539428699995,
              34.35021209200005
            ],
            [
              -94.25354624799996,
              34.35501365400006
            ],
            [
              -94.29986206099994,
              34.37830042100006
            ],
            [
              -94.32965081199995,
              34.41692582500008
            ],
            [
              -94.34809146499998,
              34.466059639000036
            ],
            [
              -94.33532485399996,
              34.51048913500006
            ],
            [
              -94.29560651499997,
              34.54204307400005
            ],
            [
              -94.27291032099998,
              34.55255839600005
            ],
            [
              -94.22326239899996,
              34.54554832600007
            ],
            [
              -94.17787001399995,
              34.53035781800003
            ],
            [
              -94.11687399699997,
              34.52334587800004
            ],
            [
              -94.07006309899998,
              34.53503211000003
            ],
            [
              -94.02183368799996,
              34.543211496000026
            ],
            [
              -93.99771898299997,
              34.55372667000006
            ],
            [
              -93.93246160399997,
              34.551518517000034
            ]
          ]
        ]
      }
    },
    {
      "type": "Feature",
      "properties": {
        "STATE": "AR",
        "ZONE": "341",
        "CWA": "LZK",
        "NAME": "Southwest Montgomery County Higher Elevations",
        "STATE_ZONE": "AR341",
        "TIME_ZONE": "C"
      },
      "geometry": {
        "type": "Polygon",
        "coordinates": [
          [
            [
              -93.61757783499996,
              34.344901195000034
            ],
            [
              -93.66959381099997,
              34.34521102900004
            ],
            [
              -93.74259948699995,
              34.348110199000075
            ],
            [
              -93.83159637599994,
              34.34761047400008
            ],
            [
              -93.93539428699995,
              34.35021209200005
            ],
            [
              -93.93247337299994,
              34.551107141000045
            ],
            [
              -93.85876154499994,
              34.50651480700003
            ],
            [
              -93.77796309999997,
              34.48780964000008
            ],
            [
              -93.76162184299994,
              34.46760335000005
            ],
            [
              -93.748004128,
              34.44364881900003
            ],
            [
              -93.67991555199995,
              34.40695512600007
            ],
            [
              -93.65903505799997,
              34.371744008000064
            ],
            [
              -93.61757783499996,
              34.344901195000034
            ]
          ]
        ]
      }
    }
  ],
  "metadata": {
    "schema_version": "0.1.0",
    "wfo": "LZK",
    "layer": "land_zones",
    "source": "https://www.weather.gov/source/gis/Shapefiles/WSOM/z_16ap26.zip",
    "public_release_status": "public-source-derived"
  }
}