{
  "type": "FeatureCollection",
  "name": "counties_parishes",
  "crs": {
    "type": "name",
    "properties": {
      "name": "urn:ogc:def:crs:OGC:1.3:CRS84"
    }
  },
  "features": [
    {
      "type": "Feature",
      "properties": {
        "STATE": "WA",
        "CWA": "PDT",
        "COUNTYNAME": "Klickitat",
        "FIPS": "53039",
        "TIME_ZONE": "P"
      },
      "geometry": {
        "type": "Polygon",
        "coordinates": [
          [
            [
              -121.18479659999997,
              46.04491216000008
            ],
            [
              -121.07049659999996,
              46.04261216000003
            ],
            [
              -120.59629659999996,
              46.040712160000055
            ],
            [
              -120.44939659999994,
              46.041512160000025
            ],
            [
              -120.42849659999996,
              46.040112160000035
            ],
            [
              -120.37579659999994,
              46.04161216000006
            ],
            [
              -119.86629661199999,
              46.041011721000075
            ],
            [
              -119.86809659999994,
              45.83591216000008
            ],
            [
              -119.90829467799995,
              45.82811355600006
            ],
            [
              -119.96569824199997,
              45.82441330000006
            ],
            [
              -120.07019805899995,
              45.78511047400008
            ],
            [
              -120.14139556899994,
              45.77311325100004
            ],
            [
              -120.17049407999997,
              45.76191330000006
            ],
            [
              -120.21109771699997,
              45.725914001000035
            ],
            [
              -120.28529357899998,
              45.72081375100004
            ],
            [
              -120.32809448199998,
              45.71111297600004
            ],
            [
              -120.40329742399996,
              45.69931411700003
            ],
            [
              -120.48239898699995,
              45.69441223100006
            ],
            [
              -120.50589752199994,
              45.70001220700004
            ],
            [
              -120.52179717999996,
              45.70981216400003
            ],
            [
              -120.55949401899994,
              45.738311768000074
            ],
            [
              -120.59119415299995,
              45.746513367000034
            ],
            [
              -120.63509368899997,
              45.74581146200006
            ],
            [
              -120.66949462899998,
              45.72971344000007
            ],
            [
              -120.689399719,
              45.71581268300008
            ],
            [
              -120.78889465299994,
              45.68621063200004
            ],
            [
              -120.85569763199999,
              45.67151260400004
            ],
            [
              -120.89559936499995,
              45.64291381800007
            ],
            [
              -120.91349792499994,
              45.640010834000066
            ],
            [
              -120.944000244,
              45.65641021700003
            ],
            [
              -120.95309448199998,
              45.656711578000056
            ],
            [
              -120.98449706999997,
              45.64851379400005
            ],
            [
              -121.00749969499998,
              45.65321350100004
            ],
            [
              -121.03359985399999,
              45.651012421000075
            ],
            [
              -121.064399719,
              45.65251159700006
            ],
            [
              -121.08579254199998,
              45.64731216400003
            ],
            [
              -121.12009429899996,
              45.62311172500006
            ],
            [
              -121.11789703399995,
              45.61781311000004
            ],
            [
              -121.13199615499997,
              45.60971069300007
            ],
            [
              -121.14019775399998,
              45.611511230000076
            ],
            [
              -121.14550018299997,
              45.60791397100007
            ],
            [
              -121.16919708299997,
              45.606113434000065
            ],
            [
              -121.18379974399994,
              45.60641098000008
            ],
            [
              -121.19659423799999,
              45.61671066300005
            ],
            [
              -121.195297241,
              45.628513336000026
            ],
            [
              -121.20009612999996,
              45.64891052200005
            ],
            [
              -121.21579742399996,
              45.67121124300007
            ],
            [
              -121.28730011,
              45.687011719000054
            ],
            [
              -121.31219482399996,
              45.69991302500006
            ],
            [
              -121.33779907199994,
              45.70491027800006
            ],
            [
              -121.37259674099994,
              45.70311355600006
            ],
            [
              -121.40169525099998,
              45.692913055000076
            ],
            [
              -121.42359924299996,
              45.694011688000046
            ],
            [
              -121.46289825399998,
              45.70141220100004
            ],
            [
              -121.50019836399997,
              45.72091293300008
            ],
            [
              -121.52239990199996,
              45.724712372000056
            ],
            [
              -121.52149963399995,
              45.73241043100006
            ],
            [
              -121.52469634999994,
              45.74381256100003
            ],
            [
              -121.52219390899995,
              45.74721145600006
            ],
            [
              -121.53599548299997,
              45.76021194500004
            ],
            [
              -121.53849792499994,
              45.76561355600006
            ],
            [
              -121.53559875499997,
              45.77231216400003
            ],
            [
              -121.53099822999997,
              45.77371215800008
            ],
            [
              -121.52909851099997,
              45.77661132800006
            ],
            [
              -121.51859283399995,
              45.77831268300008
            ],
            [
              -121.51549529999994,
              45.78111267100007
            ],
            [
              -121.51729583699995,
              45.78221130400004
            ],
            [
              -121.60889434799998,
              45.782611847000055
            ],
            [
              -121.60849761999998,
              45.86781311000004
            ],
            [
              -121.60919952399996,
              45.87001037600004
            ],
            [
              -121.61259460399998,
              45.87071228000008
            ],
            [
              -121.61279296899994,
              45.87481308000008
            ],
            [
              -121.612495422,
              46.043811798000036
            ],
            [
              -121.18479659999997,
              46.04491216000008
            ]
          ]
        ]
      }
    },
    {
      "type": "Feature",
      "properties": {
        "STATE": "WA",
        "CWA": "PDT",
        "COUNTYNAME": "Franklin",
        "FIPS": "53021",
        "TIME_ZONE": "P"
      },
      "geometry": {
        "type": "Polygon",
        "coordinates": [
          [
            [
              -118.25239562999997,
              46.73911285400004
            ],
            [
              -118.21540069599996,
              46.73841095000006
            ],
            [
              -118.22789764399994,
              46.736412048000034
            ],
            [
              -118.23309326199995,
              46.73401260400004
            ],
            [
              -118.241130452,
              46.73709385600006
            ],
            [
              -118.248893738,
              46.73341369600007
            ],
            [
              -118.21769714399994,
              46.67931366000005
            ],
            [
              -118.21849822999997,
              46.67681121800007
            ],
            [
              -118.22309875499997,
              46.673213959000066
            ],
            [
              -118.22399902299998,
              46.664211273000035
            ],
            [
              -118.22709655799997,
              46.66281127900004
            ],
            [
              -118.23059844999995,
              46.657012939000026
            ],
            [
              -118.22759246799995,
              46.64991378800005
            ],
            [
              -118.22069549599996,
              46.641811371000074
            ],
            [
              -118.214996338,
              46.63861084000007
            ],
            [
              -118.21659851099997,
              46.63441085800008
            ],
            [
              -118.21540069599996,
              46.632110596000075
            ],
            [
              -118.20179748499999,
              46.62531280500008
            ],
            [
              -118.19829559299995,
              46.621513367000034
            ],
            [
              -118.19959258999995,
              46.608112335000044
            ],
            [
              -118.20520019499997,
              46.610210419000055
            ],
            [
              -118.20819854699994,
              46.60881042500006
            ],
            [
              -118.20899963399995,
              46.60441207900004
            ],
            [
              -118.21299743699996,
              46.59871292100007
            ],
            [
              -118.21089935299995,
              46.59621048000008
            ],
            [
              -118.21540069599996,
              46.59031295800003
            ],
            [
              -118.22379302999997,
              46.590911865000066
            ],
            [
              -118.24069659999998,
              46.59931216000007
            ],
            [
              -118.24979659999997,
              46.60111216000007
            ],
            [
              -118.27389659999994,
              46.59381216000003
            ],
            [
              -118.28339659999995,
              46.59371216000005
            ],
            [
              -118.30569659999998,
              46.605512160000046
            ],
            [
              -118.32249659999997,
              46.60681216000006
            ],
            [
              -118.36169659999996,
              46.59801216000005
            ],
            [
              -118.37269659999998,
              46.592112160000056
            ],
            [
              -118.38569659999996,
              46.58251216000008
            ],
            [
              -118.38969659999998,
              46.580612160000044
            ],
            [
              -118.39759659999999,
              46.58041216000004
            ],
            [
              -118.42319659999998,
              46.58371216000006
            ],
            [
              -118.45699659999997,
              46.59771216000007
            ],
            [
              -118.46729659999994,
              46.59861216000007
            ],
            [
              -118.47159659999994,
              46.597212160000026
            ],
            [
              -118.47949659999995,
              46.59221216000003
            ],
            [
              -118.48439659999997,
              46.585212160000026
            ],
            [
              -118.49749659999998,
              46.57511216000006
            ],
            [
              -118.52839659999995,
              46.56741216000006
            ],
            [
              -118.54799659999998,
              46.55591216000005
            ],
            [
              -118.56299659999996,
              46.536712160000036
            ],
            [
              -118.58819659999995,
              46.528712160000055
            ],
            [
              -118.61489659999995,
              46.50511216000007
            ],
            [
              -118.61989659999995,
              46.495012160000044
            ],
            [
              -118.62059659999994,
              46.48951216000006
            ],
            [
              -118.61879659999994,
              46.47551216000005
            ],
            [
              -118.63199659999998,
              46.45431216000003
            ],
            [
              -118.63139659999996,
              46.44701216000004
            ],
            [
              -118.63779659999994,
              46.43441216000008
            ],
            [
              -118.63769659999997,
              46.43031216000003
            ],
            [
              -118.63419659999994,
              46.422012160000065
            ],
            [
              -118.63409659999996,
              46.41331216000003
            ],
            [
              -118.63659659999996,
              46.41101216000004
            ],
            [
              -118.65809659999996,
              46.40441216000005
            ],
            [
              -118.67159659999999,
              46.38701216000004
            ],
            [
              -118.69199659999998,
              46.38051216000008
            ],
            [
              -118.69539659999998,
              46.37541216000005
            ],
            [
              -118.69759659999994,
              46.362612160000026
            ],
            [
              -118.70019659999997,
              46.360312160000035
            ],
            [
              -118.72089659999995,
              46.36131216000007
            ],
            [
              -118.7453966,
              46.35971216000007
            ],
            [
              -118.75759659999994,
              46.342912160000026
            ],
            [
              -118.7607966,
              46.327312160000076
            ],
            [
              -118.77359659999996,
              46.317812160000074
            ],
            [
              -118.77429659999996,
              46.31371216000008
            ],
            [
              -118.76919659999999,
              46.30831216000007
            ],
            [
              -118.76649659999998,
              46.30201216000006
            ],
            [
              -118.76679659999996,
              46.29851216000003
            ],
            [
              -118.76999659999996,
              46.293612160000066
            ],
            [
              -118.77999659999995,
              46.28961216000005
            ],
            [
              -118.80199659999994,
              46.29051216000005
            ],
            [
              -118.82449659999997,
              46.284712160000026
            ],
            [
              -118.83049659999995,
              46.28061216000003
            ],
            [
              -118.83399659999998,
              46.27371216000006
            ],
            [
              -118.84569659999994,
              46.268112160000044
            ],
            [
              -118.85139659999999,
              46.25891216000008
            ],
            [
              -118.86279659999997,
              46.251612160000036
            ],
            [
              -118.88289659999998,
              46.24981216000003
            ],
            [
              -118.94669659999994,
              46.23981216000004
            ],
            [
              -118.97559659999996,
              46.237912160000064
            ],
            [
              -118.99029659999997,
              46.22931216000006
            ],
            [
              -119.02229659999995,
              46.217112160000056
            ],
            [
              -119.03189659999998,
              46.20741216000005
            ],
            [
              -119.04139659999998,
              46.192812160000074
            ],
            [
              -119.11749659999998,
              46.22261216000004
            ],
            [
              -119.14179659999996,
              46.226812160000065
            ],
            [
              -119.17169659999996,
              46.228212160000055
            ],
            [
              -119.20449659999997,
              46.23571216000005
            ],
            [
              -119.23759659999996,
              46.26151216000005
            ],
            [
              -119.24359659999999,
              46.264812160000076
            ],
            [
              -119.25879659999998,
              46.269012160000045
            ],
            [
              -119.26629659999998,
              46.27351216000005
            ],
            [
              -119.26889659999995,
              46.27791216000003
            ],
            [
              -119.26709659999995,
              46.286412160000054
            ],
            [
              -119.26279659999994,
              46.29401216000008
            ],
            [
              -119.25239659999994,
              46.30501216000005
            ],
            [
              -119.25009659999995,
              46.318912160000025
            ],
            [
              -119.25629659999998,
              46.344912160000035
            ],
            [
              -119.26399659999998,
              46.354712160000076
            ],
            [
              -119.2702966,
              46.373712160000025
            ],
            [
              -119.26549659999995,
              46.381412160000025
            ],
            [
              -119.26499659999996,
              46.39441216000006
            ],
            [
              -119.26679659999996,
              46.40261216000005
            ],
            [
              -119.25939659999995,
              46.432812160000026
            ],
            [
              -119.26319659999996,
              46.45051216000007
            ],
            [
              -119.26109659999997,
              46.466512160000036
            ],
            [
              -119.26399659999998,
              46.47941216000004
            ],
            [
              -119.2582966,
              46.48851216000003
            ],
            [
              -119.26949659999997,
              46.52051216000007
            ],
            [
              -119.27179659999996,
              46.523312160000046
            ],
            [
              -119.30459659999997,
              46.53901216000003
            ],
            [
              -119.31379659999999,
              46.55031216000003
            ],
            [
              -119.32589659999996,
              46.56221216000006
            ],
            [
              -119.33159659999995,
              46.565812160000064
            ],
            [
              -119.35399659999996,
              46.57461216000007
            ],
            [
              -119.37079659999995,
              46.58421216000005
            ],
            [
              -119.37609659999998,
              46.59111216000008
            ],
            [
              -119.40149659999997,
              46.610912160000055
            ],
            [
              -119.40579659999997,
              46.61621216000003
            ],
            [
              -119.40779659999998,
              46.62441216000008
            ],
            [
              -119.40779659999998,
              46.64041216000004
            ],
            [
              -119.41049659999999,
              46.64931216000008
            ],
            [
              -119.41519659999994,
              46.65441216000005
            ],
            [
              -119.4500966,
              46.66731216000005
            ],
            [
              -119.45749659999996,
              46.67331216000008
            ],
            [
              -119.45619659999994,
              46.67701216000006
            ],
            [
              -119.45219421399997,
              46.679813385000045
            ],
            [
              -119.37609863299997,
              46.67771148700007
            ],
            [
              -119.36889648399995,
              46.67901229900008
            ],
            [
              -119.36959658299997,
              46.73751067400008
            ],
            [
              -119.11660003699996,
              46.73821258500004
            ],
            [
              -118.74779510499997,
              46.73541259800004
            ],
            [
              -118.36689758299997,
              46.73661041300005
            ],
            [
              -118.25239562999997,
              46.73911285400004
            ]
          ]
        ]
      }
    },
    {
      "type": "Feature",
      "properties": {
        "STATE": "OR",
        "CWA": "PDT",
        "COUNTYNAME": "Deschutes",
        "FIPS": "41017",
        "TIME_ZONE": "P"
      },
      "geometry": {
        "type": "Polygon",
        "coordinates": [
          [
            [
              -121.84269659999995,
              44.39291216000004
            ],
            [
              -121.23459659999997,
              44.393112160000044
            ],
            [
              -121.23009659999997,
              44.39301216000007
            ],
            [
              -121.22839659999994,
              44.39101216000006
            ],
            [
              -121.10734558599995,
              44.39051290300006
            ],
            [
              -121.10859659999994,
              44.21921216000004
            ],
            [
              -121.10429659999994,
              44.218512160000046
            ],
            [
              -121.10289659999995,
              44.21531216000005
            ],
            [
              -121.10259666899998,
              44.13802635600007
            ],
            [
              -120.98729659999998,
              44.13381216000005
            ],
            [
              -120.98649659999995,
              43.96091216000008
            ],
            [
              -120.84959659999998,
              43.95761216000005
            ],
            [
              -120.74829659999995,
              43.95731216000007
            ],
            [
              -120.74799659999996,
              43.87131216000006
            ],
            [
              -120.50109659999998,
              43.87251216000004
            ],
            [
              -120.39609659999996,
              43.87191216000008
            ],
            [
              -120.37889659999996,
              43.87051216000003
            ],
            [
              -120.37849659999995,
              43.78831216000003
            ],
            [
              -120.3771966,
              43.78511216000004
            ],
            [
              -120.25789659999998,
              43.78521216000007
            ],
            [
              -120.25749659999997,
              43.69871216000007
            ],
            [
              -120.23619659999997,
              43.69751216000003
            ],
            [
              -119.89799499499998,
              43.69831085200008
            ],
            [
              -119.89639282199994,
              43.61061096200007
            ],
            [
              -120.25119781499995,
              43.610912323000036
            ],
            [
              -120.28019714399994,
              43.61211013800005
            ],
            [
              -120.37709808299996,
              43.61101150500008
            ],
            [
              -120.37859344499998,
              43.61541366600005
            ],
            [
              -120.97109985399999,
              43.615711212000065
            ],
            [
              -120.98349761999998,
              43.61761093100006
            ],
            [
              -122.00219726599994,
              43.61591339100005
            ],
            [
              -122.00049591099997,
              43.62531280500008
            ],
            [
              -121.997299194,
              43.627014160000044
            ],
            [
              -121.97869872999996,
              43.62571334800003
            ],
            [
              -121.96630096399997,
              43.62721252400007
            ],
            [
              -121.98049926799996,
              43.63971328700006
            ],
            [
              -121.98669433599997,
              43.65421295200008
            ],
            [
              -121.97829437299998,
              43.68761062600004
            ],
            [
              -121.973899841,
              43.69151306200007
            ],
            [
              -121.96799468999995,
              43.70381164600008
            ],
            [
              -121.97229766799995,
              43.70561218300003
            ],
            [
              -121.974594116,
              43.70901107800006
            ],
            [
              -121.97349548299997,
              43.71651077300004
            ],
            [
              -121.97779846199995,
              43.72411346400003
            ],
            [
              -121.97409820599995,
              43.731311798000036
            ],
            [
              -121.97589874299996,
              43.736110687000064
            ],
            [
              -121.98009491,
              43.74041366600005
            ],
            [
              -121.98049926799996,
              43.74331283600003
            ],
            [
              -121.97069549599996,
              43.75141143800005
            ],
            [
              -121.97169494599996,
              43.753513336000026
            ],
            [
              -121.968696594,
              43.75771331800007
            ],
            [
              -121.96169280999999,
              43.76391220100004
            ],
            [
              -121.96829986599994,
              43.766811371000074
            ],
            [
              -121.96939849899996,
              43.77091217000003
            ],
            [
              -121.968696594,
              43.775012970000034
            ],
            [
              -121.96239471399997,
              43.77891159100005
            ],
            [
              -121.96139526399998,
              43.78151321400003
            ],
            [
              -121.96609497099996,
              43.784812927000075
            ],
            [
              -121.96809387199994,
              43.79041290300006
            ],
            [
              -121.96699523899997,
              43.80201339700005
            ],
            [
              -121.964096069,
              43.808910370000035
            ],
            [
              -121.96789550799997,
              43.81261062600004
            ],
            [
              -121.97529602099996,
              43.81221389800004
            ],
            [
              -121.97369384799998,
              43.82591247600004
            ],
            [
              -121.974594116,
              43.82851028400006
            ],
            [
              -121.97749328599997,
              43.82861328100006
            ],
            [
              -121.97449493399995,
              43.84281158400006
            ],
            [
              -121.97579956099997,
              43.84571075400004
            ],
            [
              -121.97539520299995,
              43.85581207300004
            ],
            [
              -121.97359466599994,
              43.85951232900004
            ],
            [
              -121.965393066,
              43.86631393400006
            ],
            [
              -121.96219634999994,
              43.872711182000046
            ],
            [
              -121.96229553199998,
              43.87641143800005
            ],
            [
              -121.95259857199994,
              43.88201141400003
            ],
            [
              -121.94629669199998,
              43.88321304300007
            ],
            [
              -121.93289947499994,
              43.893611908000025
            ],
            [
              -121.931793213,
              43.89711380000006
            ],
            [
              -121.93439483599997,
              43.89991378800005
            ],
            [
              -121.93869781499995,
              43.901313782000045
            ],
            [
              -121.92779540999999,
              43.90901184100005
            ],
            [
              -121.92459869399994,
              43.908912659000066
            ],
            [
              -121.91829681399997,
              43.91461181600005
            ],
            [
              -121.91130065899995,
              43.91271209700005
            ],
            [
              -121.90059661899994,
              43.91501236000005
            ],
            [
              -121.89859771699997,
              43.912513733000026
            ],
            [
              -121.89189910899995,
              43.909610748000034
            ],
            [
              -121.87989807099996,
              43.907810211000026
            ],
            [
              -121.86899566699998,
              43.91231155400004
            ],
            [
              -121.86599731399997,
              43.919513702000074
            ],
            [
              -121.86969757099996,
              43.92351150500008
            ],
            [
              -121.86649322499994,
              43.92631149300007
            ],
            [
              -121.858795166,
              43.945812225000054
            ],
            [
              -121.85949706999997,
              43.96181106600005
            ],
            [
              -121.85409545899995,
              43.96651077300004
            ],
            [
              -121.84649658199999,
              43.96731185900006
            ],
            [
              -121.83799743699996,
              43.971714020000036
            ],
            [
              -121.84419250499997,
              43.97411346400003
            ],
            [
              -121.84399414099994,
              43.97791290300006
            ],
            [
              -121.83809661899994,
              43.98211288500005
            ],
            [
              -121.83589935299995,
              43.98621368400006
            ],
            [
              -121.82899475099998,
              43.98891067500006
            ],
            [
              -121.83269500699998,
              43.99151229900008
            ],
            [
              -121.82699584999995,
              43.99841308600003
            ],
            [
              -121.82189941399997,
              44.01041412400008
            ],
            [
              -121.82809448199998,
              44.02991104100005
            ],
            [
              -121.83110046399997,
              44.03191375700004
            ],
            [
              -121.834495544,
              44.03761291500007
            ],
            [
              -121.83259582499994,
              44.04101181000004
            ],
            [
              -121.82409667999997,
              44.04501342800006
            ],
            [
              -121.819000244,
              44.05061340300006
            ],
            [
              -121.80189514199998,
              44.05331039400005
            ],
            [
              -121.78849792499994,
              44.074512482000046
            ],
            [
              -121.78069305399998,
              44.079113007000046
            ],
            [
              -121.77519988999995,
              44.08861160300006
            ],
            [
              -121.77219390899995,
              44.09041214000007
            ],
            [
              -121.76879882799994,
              44.10381317100007
            ],
            [
              -121.76779937699996,
              44.11551284800004
            ],
            [
              -121.770698547,
              44.12441253700007
            ],
            [
              -121.77259826699998,
              44.13981246900005
            ],
            [
              -121.78199768099995,
              44.14601135300006
            ],
            [
              -121.78339386,
              44.14851379400005
            ],
            [
              -121.78279876699997,
              44.15321350100004
            ],
            [
              -121.78059387199994,
              44.15571212800006
            ],
            [
              -121.78109741199995,
              44.15911102300004
            ],
            [
              -121.77639770499997,
              44.16041183500005
            ],
            [
              -121.77179717999996,
              44.165512085000046
            ],
            [
              -121.77269744899996,
              44.16901016200006
            ],
            [
              -121.77639770499997,
              44.17111206100003
            ],
            [
              -121.77909851099997,
              44.17601394700006
            ],
            [
              -121.77419280999999,
              44.18291091900005
            ],
            [
              -121.77409362799995,
              44.18981170700005
            ],
            [
              -121.78039550799997,
              44.19531250000006
            ],
            [
              -121.78160095199996,
              44.20481109600007
            ],
            [
              -121.78459930399998,
              44.206813812000064
            ],
            [
              -121.78469848599997,
              44.21391296400003
            ],
            [
              -121.77809905999999,
              44.217910767000035
            ],
            [
              -121.777496338,
              44.22021102900004
            ],
            [
              -121.77890014599996,
              44.22351074200003
            ],
            [
              -121.78429412799994,
              44.22711181600005
            ],
            [
              -121.79089355499997,
              44.250213623000036
            ],
            [
              -121.80009460399998,
              44.25851059000007
            ],
            [
              -121.81579589799998,
              44.26081085200008
            ],
            [
              -121.81849670399998,
              44.26321029700006
            ],
            [
              -121.82429504399994,
              44.27331161500007
            ],
            [
              -121.82509612999996,
              44.28251266500007
            ],
            [
              -121.83390045199997,
              44.285911560000045
            ],
            [
              -121.84049987799995,
              44.28601074200003
            ],
            [
              -121.83689880399999,
              44.30221176100008
            ],
            [
              -121.83979797399996,
              44.30821228000008
            ],
            [
              -121.840393066,
              44.32031250000006
            ],
            [
              -121.838699341,
              44.32271194500004
            ],
            [
              -121.83749389599996,
              44.33471298200004
            ],
            [
              -121.84329986599994,
              44.34261322000003
            ],
            [
              -121.84339904799998,
              44.34591293300008
            ],
            [
              -121.83719634999994,
              44.35641098000008
            ],
            [
              -121.84559631299999,
              44.36681366000005
            ],
            [
              -121.84239959699994,
              44.372711182000046
            ],
            [
              -121.84559628899996,
              44.386512614000026
            ],
            [
              -121.84269659999995,
              44.39291216000004
            ]
          ]
        ]
      }
    },
    {
      "type": "Feature",
      "properties": {
        "STATE": "OR",
        "CWA": "PDT",
        "COUNTYNAME": "Jefferson",
        "FIPS": "41031",
        "TIME_ZONE": "P"
      },
      "geometry": {
        "type": "Polygon",
        "coordinates": [
          [
            [
              -121.75659659999997,
              44.82681216000003
            ],
            [
              -121.75119659999996,
              44.82551216000007
            ],
            [
              -121.0920966,
              44.82511216000006
            ],
            [
              -121.08809659999997,
              44.82331216000006
            ],
            [
              -120.37219659999994,
              44.821512160000054
            ],
            [
              -120.38009659999994,
              44.81881216000005
            ],
            [
              -120.37769659999998,
              44.813812160000055
            ],
            [
              -120.38389659999996,
              44.81201216000005
            ],
            [
              -120.38549659999995,
              44.80941216000008
            ],
            [
              -120.37929659999998,
              44.806112160000055
            ],
            [
              -120.38109659999998,
              44.80171216000008
            ],
            [
              -120.38419659999994,
              44.800112160000026
            ],
            [
              -120.38539659999998,
              44.79731216000005
            ],
            [
              -120.39169659999999,
              44.79631216000007
            ],
            [
              -120.39609659999996,
              44.80371216000003
            ],
            [
              -120.40439659999998,
              44.79521216000006
            ],
            [
              -120.40359659999996,
              44.79191216000004
            ],
            [
              -120.40019659999996,
              44.79091216000006
            ],
            [
              -120.39509659999999,
              44.786412160000054
            ],
            [
              -120.39479659999995,
              44.78341216000007
            ],
            [
              -120.39909659999995,
              44.77841216000007
            ],
            [
              -120.38809659999998,
              44.77001216000008
            ],
            [
              -120.38539659999998,
              44.75601216000007
            ],
            [
              -120.38549806199995,
              44.56391214800004
            ],
            [
              -120.82729659999995,
              44.56261216000007
            ],
            [
              -120.82749659999996,
              44.47661216000006
            ],
            [
              -120.98829659999996,
              44.47641216000005
            ],
            [
              -120.98849659999996,
              44.390012160000026
            ],
            [
              -121.2000966,
              44.390612160000046
            ],
            [
              -121.22839659999994,
              44.39101216000006
            ],
            [
              -121.23009659999997,
              44.39301216000007
            ],
            [
              -121.23459659999997,
              44.393112160000044
            ],
            [
              -121.84269659999995,
              44.39291216000004
            ],
            [
              -121.84609222399996,
              44.40161132800006
            ],
            [
              -121.84519958499999,
              44.407913208000025
            ],
            [
              -121.84189605699999,
              44.41081237800006
            ],
            [
              -121.844596863,
              44.414413452000076
            ],
            [
              -121.84399414099994,
              44.41841125500008
            ],
            [
              -121.84699249299996,
              44.429813385000045
            ],
            [
              -121.84099578899998,
              44.44351196300005
            ],
            [
              -121.84779357899998,
              44.457912445000034
            ],
            [
              -121.84869384799998,
              44.46651077300004
            ],
            [
              -121.84819793699995,
              44.46941375700004
            ],
            [
              -121.84420013399995,
              44.472312927000075
            ],
            [
              -121.84339904799998,
              44.480411530000026
            ],
            [
              -121.84869384799998,
              44.485210419000055
            ],
            [
              -121.84619903599997,
              44.49041366600005
            ],
            [
              -121.82329559299995,
              44.50911331200007
            ],
            [
              -121.80849456799996,
              44.51481246900005
            ],
            [
              -121.81219482399996,
              44.529312134000065
            ],
            [
              -121.81579589799998,
              44.535911560000045
            ],
            [
              -121.81299591099997,
              44.54261398300008
            ],
            [
              -121.80729675299995,
              44.54621124300007
            ],
            [
              -121.80209350599995,
              44.55671310400004
            ],
            [
              -121.79839324999995,
              44.58141326900005
            ],
            [
              -121.79359435999999,
              44.59351348900003
            ],
            [
              -121.79979705799997,
              44.602611542000034
            ],
            [
              -121.79869842499994,
              44.605213165000066
            ],
            [
              -121.80130004899996,
              44.609413147000055
            ],
            [
              -121.810493469,
              44.61561203000008
            ],
            [
              -121.80729675299995,
              44.62811279300007
            ],
            [
              -121.79759979199997,
              44.64061355600006
            ],
            [
              -121.79789733899997,
              44.65381240800008
            ],
            [
              -121.80079650899995,
              44.65911102300004
            ],
            [
              -121.79949951199995,
              44.660610199000075
            ],
            [
              -121.80039977999996,
              44.667312622000054
            ],
            [
              -121.79909515399999,
              44.67311096200007
            ],
            [
              -121.80019378699996,
              44.679512024000076
            ],
            [
              -121.78809356699998,
              44.68761062600004
            ],
            [
              -121.78889465299994,
              44.691612244000055
            ],
            [
              -121.80099487299998,
              44.705810547000056
            ],
            [
              -121.80130004899996,
              44.710514069000055
            ],
            [
              -121.796295166,
              44.71421051000004
            ],
            [
              -121.79499816899994,
              44.725811005000025
            ],
            [
              -121.80259704599996,
              44.72941207900004
            ],
            [
              -121.79069518999995,
              44.74671173100006
            ],
            [
              -121.77649688699995,
              44.75161361700003
            ],
            [
              -121.77339935299995,
              44.75851059000007
            ],
            [
              -121.77039337199994,
              44.760913849000076
            ],
            [
              -121.75919341999997,
              44.76271057100007
            ],
            [
              -121.76219940199996,
              44.766811371000074
            ],
            [
              -121.768295288,
              44.769912720000036
            ],
            [
              -121.772293091,
              44.77551269500003
            ],
            [
              -121.77859497099996,
              44.775810242000034
            ],
            [
              -121.78379821799996,
              44.77241134600007
            ],
            [
              -121.79389953599997,
              44.773014069000055
            ],
            [
              -121.79619598399995,
              44.77401351900005
            ],
            [
              -121.79699706999997,
              44.77731323200004
            ],
            [
              -121.80099487299998,
              44.77921295200008
            ],
            [
              -121.80419921899994,
              44.778713226000036
            ],
            [
              -121.80659484899996,
              44.78161239600007
            ],
            [
              -121.81089782699996,
              44.78241348300003
            ],
            [
              -121.81829833999996,
              44.79001236000005
            ],
            [
              -121.815994263,
              44.792510986000025
            ],
            [
              -121.81909942599998,
              44.79461288500005
            ],
            [
              -121.819694519,
              44.799911499000075
            ],
            [
              -121.81039428699995,
              44.80681228600008
            ],
            [
              -121.81060028099995,
              44.811111450000055
            ],
            [
              -121.79619598399995,
              44.81261062600004
            ],
            [
              -121.77819824199997,
              44.819713593000074
            ],
            [
              -121.76390075699999,
              44.82091140700004
            ],
            [
              -121.76029667399996,
              44.82561209200003
            ],
            [
              -121.75659659999997,
              44.82681216000003
            ]
          ]
        ]
      }
    },
    {
      "type": "Feature",
      "properties": {
        "STATE": "OR",
        "CWA": "PDT",
        "COUNTYNAME": "Union",
        "FIPS": "41061",
        "TIME_ZONE": "P"
      },
      "geometry": {
        "type": "Polygon",
        "coordinates": [
          [
            [
              -117.97249659999994,
              45.86061216000007
            ],
            [
              -117.74779659999996,
              45.86101216000003
            ],
            [
              -117.74709659999996,
              45.773312160000046
            ],
            [
              -117.78809659999996,
              45.77361216000003
            ],
            [
              -117.78719659999996,
              45.68961216000008
            ],
            [
              -117.76689659999994,
              45.68951216000005
            ],
            [
              -117.76699659999997,
              45.66151216000003
            ],
            [
              -117.74639659999997,
              45.65991216000003
            ],
            [
              -117.74609659999999,
              45.61741216000007
            ],
            [
              -117.72759659999997,
              45.61731216000004
            ],
            [
              -117.72729659999999,
              45.514712160000045
            ],
            [
              -117.68459659999996,
              45.51521216000003
            ],
            [
              -117.68339659999998,
              45.428212160000044
            ],
            [
              -117.66379659999996,
              45.42791216000006
            ],
            [
              -117.66359659999995,
              45.365712160000044
            ],
            [
              -117.64369659999994,
              45.36441216000003
            ],
            [
              -117.64369659999994,
              45.33731216000007
            ],
            [
              -117.58299659999994,
              45.33791216000003
            ],
            [
              -117.58139659999995,
              45.31001216000004
            ],
            [
              -117.56329659999994,
              45.31021216000005
            ],
            [
              -117.56069659999997,
              45.29601216000003
            ],
            [
              -117.54199659999995,
              45.29591216000006
            ],
            [
              -117.54179659999994,
              45.26741216000005
            ],
            [
              -117.5218966,
              45.26781216000006
            ],
            [
              -117.51999659999996,
              45.209412160000056
            ],
            [
              -117.4765966,
              45.209412160000056
            ],
            [
              -117.47699659999995,
              45.16531216000004
            ],
            [
              -117.26719659999998,
              45.16581216000003
            ],
            [
              -117.26659393299997,
              45.080810547000056
            ],
            [
              -117.56309509299996,
              45.079612732000044
            ],
            [
              -117.56369781499995,
              44.993213654000044
            ],
            [
              -117.77829742399996,
              44.99291229200003
            ],
            [
              -117.77979278599997,
              44.99501419100005
            ],
            [
              -117.78469848599997,
              44.99681091300005
            ],
            [
              -117.78419494599996,
              45.00331115700004
            ],
            [
              -117.77869415299995,
              45.00771331800007
            ],
            [
              -117.77949523899997,
              45.01121139500003
            ],
            [
              -117.79359435999999,
              45.01771163900003
            ],
            [
              -117.795394897,
              45.01971054100005
            ],
            [
              -117.79389953599997,
              45.02241134600007
            ],
            [
              -117.79599761999998,
              45.02361297600004
            ],
            [
              -117.79419708299997,
              45.025611877000074
            ],
            [
              -117.80009460399998,
              45.02921295200008
            ],
            [
              -117.80249786399997,
              45.02761077900004
            ],
            [
              -117.80449676499995,
              45.02821350100004
            ],
            [
              -117.80319976799996,
              45.02981185900006
            ],
            [
              -117.81009674099994,
              45.03231048600003
            ],
            [
              -117.81289672899999,
              45.03161239600007
            ],
            [
              -117.811393738,
              45.02661132800006
            ],
            [
              -117.815093994,
              45.025012970000034
            ],
            [
              -117.81829833999996,
              45.02651214600007
            ],
            [
              -117.82709503199999,
              45.03241348300003
            ],
            [
              -117.82969665499996,
              45.038414001000035
            ],
            [
              -117.84079742399996,
              45.05061340300006
            ],
            [
              -117.83779907199994,
              45.05381393400006
            ],
            [
              -117.84449768099995,
              45.05521011400003
            ],
            [
              -117.84269714399994,
              45.05741119400005
            ],
            [
              -117.85319518999995,
              45.060314178000056
            ],
            [
              -117.85849761999998,
              45.059013367000034
            ],
            [
              -117.86029815699999,
              45.055610657000045
            ],
            [
              -117.86370086699998,
              45.054813385000045
            ],
            [
              -117.86849975599995,
              45.05751037600004
            ],
            [
              -117.872299194,
              45.062713623000036
            ],
            [
              -117.87409973099994,
              45.06041336100003
            ],
            [
              -117.88259887699996,
              45.060112
            ],
            [
              -117.88819885299995,
              45.056911469000056
            ],
            [
              -117.88659667999997,
              45.05061340300006
            ],
            [
              -117.89379882799994,
              45.04581069900007
            ],
            [
              -117.89809417699996,
              45.037212372000056
            ],
            [
              -117.906196594,
              45.03031158400006
            ],
            [
              -117.91829681399997,
              45.02461242700008
            ],
            [
              -117.92529296899994,
              45.01721191400003
            ],
            [
              -117.95539856,
              45.00121307400008
            ],
            [
              -117.96859741199995,
              44.996212006000064
            ],
            [
              -117.97819518999995,
              44.99501419100005
            ],
            [
              -118.00269317599998,
              44.99501419100005
            ],
            [
              -118.01639556899994,
              45.00071334800003
            ],
            [
              -118.03609466599994,
              45.00381088300003
            ],
            [
              -118.04709625199996,
              45.01011276200006
            ],
            [
              -118.06889343299997,
              45.01671218900003
            ],
            [
              -118.08889770499997,
              45.03381347700008
            ],
            [
              -118.09359741199995,
              45.04201126100003
            ],
            [
              -118.09909820599995,
              45.044712067000034
            ],
            [
              -118.10919952399996,
              45.04661178600003
            ],
            [
              -118.13089752199994,
              45.04481124900008
            ],
            [
              -118.13769531199995,
              45.03911209100005
            ],
            [
              -118.14249420199997,
              45.02781295800003
            ],
            [
              -118.14949798599997,
              45.02591323900003
            ],
            [
              -118.15390014599996,
              45.022911072000056
            ],
            [
              -118.15629577599998,
              45.018310547000056
            ],
            [
              -118.16019439699994,
              45.01641082800006
            ],
            [
              -118.16679382299998,
              45.01641082800006
            ],
            [
              -118.17479705799997,
              45.01911163300008
            ],
            [
              -118.185493469,
              45.019313812000064
            ],
            [
              -118.20029449499998,
              45.015010834000066
            ],
            [
              -118.21159362799995,
              45.00861358600008
            ],
            [
              -118.21360015899995,
              45.00661087000003
            ],
            [
              -118.21289825399998,
              44.99481201200007
            ],
            [
              -118.21419525099998,
              44.99091339100005
            ],
            [
              -118.21829986599994,
              44.98781204200003
            ],
            [
              -118.23149871799995,
              44.97001266500007
            ],
            [
              -118.23249816899994,
              44.96141052200005
            ],
            [
              -118.25169659999995,
              44.95641216000007
            ],
            [
              -118.26059659999999,
              44.95701216000003
            ],
            [
              -118.26379659999998,
              44.95901216000004
            ],
            [
              -118.27439659999999,
              44.95761216000005
            ],
            [
              -118.28429659999995,
              44.96471216000003
            ],
            [
              -118.29869659999997,
              44.96121216000006
            ],
            [
              -118.30209659999997,
              44.967612160000044
            ],
            [
              -118.31969659999999,
              44.97521216000007
            ],
            [
              -118.32439659999994,
              44.971912160000045
            ],
            [
              -118.32959659999995,
              44.97301216000005
            ],
            [
              -118.34589659999995,
              44.986512160000075
            ],
            [
              -118.35569659999999,
              44.988712160000034
            ],
            [
              -118.35789659999995,
              44.99171216000008
            ],
            [
              -118.36009659999996,
              44.99201216000006
            ],
            [
              -118.36299659999997,
              44.99121216000003
            ],
            [
              -118.36829659999995,
              44.98481216000005
            ],
            [
              -118.37919659999994,
              44.97981216000005
            ],
            [
              -118.38679659999997,
              44.98321216000005
            ],
            [
              -118.38769659999997,
              44.97981216000005
            ],
            [
              -118.39049659999995,
              44.97721216000008
            ],
            [
              -118.39039659999997,
              44.972512160000065
            ],
            [
              -118.40359659999996,
              44.975912160000064
            ],
            [
              -118.42479659999998,
              44.96381216000003
            ],
            [
              -118.43579659999995,
              44.963312160000044
            ],
            [
              -118.43799659999996,
              44.96671216000004
            ],
            [
              -118.43649659999994,
              44.97061216000003
            ],
            [
              -118.4362966,
              44.983312160000025
            ],
            [
              -118.44649659999999,
              44.989612160000036
            ],
            [
              -118.46389659999994,
              44.99001216000005
            ],
            [
              -118.46969659999996,
              44.993612160000055
            ],
            [
              -118.51909659999995,
              44.995912160000046
            ],
            [
              -118.5184966,
              45.080612160000044
            ],
            [
              -118.54859659999994,
              45.080712160000076
            ],
            [
              -118.54709659999997,
              45.10191216000004
            ],
            [
              -118.54669659999996,
              45.19691216000007
            ],
            [
              -118.65539659999996,
              45.197112160000074
            ],
            [
              -118.65579659999997,
              45.25771216000004
            ],
            [
              -118.69679659999997,
              45.25871216000007
            ],
            [
              -118.69689659999995,
              45.34511216000004
            ],
            [
              -118.65619659999999,
              45.345212160000074
            ],
            [
              -118.65629659999996,
              45.34041216000003
            ],
            [
              -118.62019659999999,
              45.33991216000004
            ],
            [
              -118.61379659999994,
              45.34041216000003
            ],
            [
              -118.61339659999999,
              45.35451216000007
            ],
            [
              -118.6108966,
              45.354912160000026
            ],
            [
              -118.42829894999994,
              45.35511216000003
            ],
            [
              -118.42849659999996,
              45.42891216000004
            ],
            [
              -118.40489659999997,
              45.42991216000007
            ],
            [
              -118.40429659999995,
              45.44261216000007
            ],
            [
              -118.38449659999998,
              45.44261216000007
            ],
            [
              -118.38409659999996,
              45.435412160000055
            ],
            [
              -118.36639659999997,
              45.43521216000005
            ],
            [
              -118.36649659999995,
              45.43011216000008
            ],
            [
              -118.35849659999997,
              45.42891216000004
            ],
            [
              -118.24689659999996,
              45.42901216000007
            ],
            [
              -118.23279659999997,
              45.42731216000004
            ],
            [
              -118.19809659999999,
              45.427112160000036
            ],
            [
              -118.19819659999996,
              45.47041216000008
            ],
            [
              -118.11739659999995,
              45.47071216000006
            ],
            [
              -118.11709659999997,
              45.688212160000035
            ],
            [
              -118.06679659999998,
              45.68901216000006
            ],
            [
              -118.06639659999996,
              45.77291216000003
            ],
            [
              -118.0449966,
              45.77431216000008
            ],
            [
              -118.04449659999995,
              45.81691216000007
            ],
            [
              -117.97369659999998,
              45.81701216000005
            ],
            [
              -117.97249659999994,
              45.86061216000007
            ]
          ]
        ]
      }
    },
    {
      "type": "Feature",
      "properties": {
        "STATE": "OR",
        "CWA": "PDT",
        "COUNTYNAME": "Wheeler",
        "FIPS": "41069",
        "TIME_ZONE": "P"
      },
      "geometry": {
        "type": "Polygon",
        "coordinates": [
          [
            [
              -119.79039659999995,
              45.06861216000004
            ],
            [
              -119.7915966,
              45.04961216000004
            ],
            [
              -119.79109659999995,
              44.99461216000003
            ],
            [
              -119.67169659999996,
              44.99441216000008
            ],
            [
              -119.670280457,
              44.86681366000005
            ],
            [
              -119.6717966,
              44.82361216000004
            ],
            [
              -119.6520966,
              44.823212160000026
            ],
            [
              -119.65439659999998,
              44.61591216000005
            ],
            [
              -119.65359659999996,
              44.43321216000004
            ],
            [
              -119.65559659999997,
              44.308112160000064
            ],
            [
              -119.66099659999998,
              44.307012160000056
            ],
            [
              -119.89849659999999,
              44.306712160000075
            ],
            [
              -119.89899659999998,
              44.38951216000004
            ],
            [
              -120.01969659999997,
              44.38961216000007
            ],
            [
              -120.02229659999995,
              44.43851216000007
            ],
            [
              -120.3857966,
              44.43751216000004
            ],
            [
              -120.38719659999998,
              44.48851216000003
            ],
            [
              -120.38549806199995,
              44.56391214800004
            ],
            [
              -120.38539659999998,
              44.75601216000007
            ],
            [
              -120.38809659999998,
              44.77001216000008
            ],
            [
              -120.39909659999995,
              44.77841216000007
            ],
            [
              -120.39479659999995,
              44.78341216000007
            ],
            [
              -120.39509659999999,
              44.786412160000054
            ],
            [
              -120.40019659999996,
              44.79091216000006
            ],
            [
              -120.40359659999996,
              44.79191216000004
            ],
            [
              -120.40439659999998,
              44.79521216000006
            ],
            [
              -120.39609659999996,
              44.80371216000003
            ],
            [
              -120.39169659999999,
              44.79631216000007
            ],
            [
              -120.38539659999998,
              44.79731216000005
            ],
            [
              -120.38419659999994,
              44.800112160000026
            ],
            [
              -120.38109659999998,
              44.80171216000008
            ],
            [
              -120.37929659999998,
              44.806112160000055
            ],
            [
              -120.38549659999995,
              44.80941216000008
            ],
            [
              -120.38389659999996,
              44.81201216000005
            ],
            [
              -120.37769659999998,
              44.813812160000055
            ],
            [
              -120.38009659999994,
              44.81881216000005
            ],
            [
              -120.37219659999994,
              44.821512160000054
            ],
            [
              -120.37949659999998,
              44.82701216000004
            ],
            [
              -120.38879659999998,
              44.82971216000004
            ],
            [
              -120.39729659999995,
              44.82941216000006
            ],
            [
              -120.40079659999998,
              44.830712160000076
            ],
            [
              -120.40519659999995,
              44.83461216000006
            ],
            [
              -120.40569659999994,
              44.839212160000045
            ],
            [
              -120.40949659999995,
              44.84021216000008
            ],
            [
              -120.41289659999995,
              44.852312160000054
            ],
            [
              -120.43069659999998,
              44.855212160000065
            ],
            [
              -120.43909659999997,
              44.86361216000006
            ],
            [
              -120.45289659999997,
              44.864612160000036
            ],
            [
              -120.45499659999996,
              44.86641216000004
            ],
            [
              -120.4550966,
              44.87281216000008
            ],
            [
              -120.45919659999998,
              44.874312160000045
            ],
            [
              -120.4602966,
              44.877212160000056
            ],
            [
              -120.45859659999996,
              44.881412160000025
            ],
            [
              -120.43989659999994,
              44.88741216000005
            ],
            [
              -120.43649659999994,
              44.89451216000003
            ],
            [
              -120.43899659999994,
              44.89911216000007
            ],
            [
              -120.4507966,
              44.90921216000004
            ],
            [
              -120.45359659999997,
              44.908012160000055
            ],
            [
              -120.45499659999996,
              44.903712160000055
            ],
            [
              -120.4568966,
              44.90251216000007
            ],
            [
              -120.47309659999996,
              44.910012160000065
            ],
            [
              -120.46909659999994,
              44.91391216000005
            ],
            [
              -120.47059659999996,
              44.924312160000056
            ],
            [
              -120.47639659999999,
              44.929712160000065
            ],
            [
              -120.47649659999996,
              44.932612160000076
            ],
            [
              -120.47359659999995,
              44.93361216000005
            ],
            [
              -120.47329659999997,
              44.93581216000007
            ],
            [
              -120.48416900599995,
              44.949737549000076
            ],
            [
              -120.48913574199997,
              44.951297760000045
            ],
            [
              -120.48549652099996,
              44.95661163300008
            ],
            [
              -120.48529815699999,
              44.96321106000005
            ],
            [
              -120.47709655799997,
              44.96721267700008
            ],
            [
              -120.47769927999997,
              44.971714020000036
            ],
            [
              -120.483795166,
              44.97381210300006
            ],
            [
              -120.47779846199995,
              44.98141098000008
            ],
            [
              -120.48239898699995,
              44.997310638000044
            ],
            [
              -120.48709869399994,
              45.001911163000045
            ],
            [
              -120.48690032999997,
              45.00481414800004
            ],
            [
              -120.48169708299997,
              45.00901031500007
            ],
            [
              -120.47949981699998,
              45.016212463000045
            ],
            [
              -120.48169708299997,
              45.02181243900003
            ],
            [
              -120.48849487299998,
              45.02651214600007
            ],
            [
              -120.48819732699997,
              45.029613495000035
            ],
            [
              -120.48320007299998,
              45.03451156600005
            ],
            [
              -120.48159789999994,
              45.03861236600005
            ],
            [
              -120.48849487299998,
              45.04401397700008
            ],
            [
              -120.48959350599995,
              45.04671096800007
            ],
            [
              -120.482894897,
              45.05601120000006
            ],
            [
              -120.48919677699996,
              45.05931091300005
            ],
            [
              -120.49119567899999,
              45.062911987000064
            ],
            [
              -120.49499511699997,
              45.063510895000036
            ],
            [
              -120.49539947499994,
              45.069011688000046
            ],
            [
              -120.40219659999997,
              45.066712160000066
            ],
            [
              -120.25519659999998,
              45.065812160000064
            ],
            [
              -120.21429659999995,
              45.06761216000007
            ],
            [
              -120.15229659999994,
              45.067212160000054
            ],
            [
              -120.13139659999996,
              45.06681216000004
            ],
            [
              -120.12839659999997,
              45.065212160000044
            ],
            [
              -119.91989659999996,
              45.06561216000006
            ],
            [
              -119.89029659999994,
              45.068112160000055
            ],
            [
              -119.79039659999995,
              45.06861216000004
            ]
          ]
        ]
      }
    },
    {
      "type": "Feature",
      "properties": {
        "STATE": "OR",
        "CWA": "PDT",
        "COUNTYNAME": "Crook",
        "FIPS": "41013",
        "TIME_ZONE": "P"
      },
      "geometry": {
        "type": "Polygon",
        "coordinates": [
          [
            [
              -120.38549806199995,
              44.56391214800004
            ],
            [
              -120.38719659999998,
              44.48851216000003
            ],
            [
              -120.3857966,
              44.43751216000004
            ],
            [
              -120.02229659999995,
              44.43851216000007
            ],
            [
              -120.01969659999997,
              44.38961216000007
            ],
            [
              -119.89899659999998,
              44.38951216000004
            ],
            [
              -119.89849659999999,
              44.306712160000075
            ],
            [
              -119.66099659999998,
              44.307012160000056
            ],
            [
              -119.65559659999997,
              44.308112160000064
            ],
            [
              -119.65489659999997,
              44.22431216000007
            ],
            [
              -119.65689659999998,
              44.208812160000036
            ],
            [
              -119.65759659999998,
              43.95901216000004
            ],
            [
              -119.77569580099998,
              43.959110260000045
            ],
            [
              -119.777496338,
              43.69811248800005
            ],
            [
              -120.23619659999997,
              43.69751216000003
            ],
            [
              -120.25749659999997,
              43.69871216000007
            ],
            [
              -120.25789659999998,
              43.78521216000007
            ],
            [
              -120.3771966,
              43.78511216000004
            ],
            [
              -120.37849659999995,
              43.78831216000003
            ],
            [
              -120.37889659999996,
              43.87051216000003
            ],
            [
              -120.39609659999996,
              43.87191216000008
            ],
            [
              -120.50109659999998,
              43.87251216000004
            ],
            [
              -120.74799659999996,
              43.87131216000006
            ],
            [
              -120.74829659999995,
              43.95731216000007
            ],
            [
              -120.84959659999998,
              43.95761216000005
            ],
            [
              -120.98649659999995,
              43.96091216000008
            ],
            [
              -120.98729659999998,
              44.13381216000005
            ],
            [
              -121.10259666899998,
              44.13802635600007
            ],
            [
              -121.10289659999995,
              44.21531216000005
            ],
            [
              -121.10429659999994,
              44.218512160000046
            ],
            [
              -121.10859659999994,
              44.21921216000004
            ],
            [
              -121.10734558599995,
              44.39051290300006
            ],
            [
              -120.98849659999996,
              44.390012160000026
            ],
            [
              -120.98829659999996,
              44.47641216000005
            ],
            [
              -120.82749659999996,
              44.47661216000006
            ],
            [
              -120.82729659999995,
              44.56261216000007
            ],
            [
              -120.38549806199995,
              44.56391214800004
            ]
          ]
        ]
      }
    },
    {
      "type": "Feature",
      "properties": {
        "STATE": "OR",
        "CWA": "PDT",
        "COUNTYNAME": "Morrow",
        "FIPS": "41049",
        "TIME_ZONE": "P"
      },
      "geometry": {
        "type": "Polygon",
        "coordinates": [
          [
            [
              -119.48780059799998,
              45.906311035000044
            ],
            [
              -119.45029449499998,
              45.917312622000054
            ],
            [
              -119.43189239499998,
              45.91821289100005
            ],
            [
              -119.43239659999995,
              45.86511216000008
            ],
            [
              -119.43459659999996,
              45.864612160000036
            ],
            [
              -119.43489659999995,
              45.834112160000075
            ],
            [
              -119.43459659999996,
              45.60311216000008
            ],
            [
              -119.248199463,
              45.601913452000076
            ],
            [
              -119.24829864499998,
              45.51971054100005
            ],
            [
              -119.24720001199995,
              45.51611328100006
            ],
            [
              -119.14539337199994,
              45.516014099000074
            ],
            [
              -119.14739659999998,
              45.241312160000064
            ],
            [
              -119.14639659999995,
              45.08361216000003
            ],
            [
              -119.16309659999996,
              45.082912160000035
            ],
            [
              -119.16389659999999,
              44.995912160000046
            ],
            [
              -119.40779659999998,
              44.99481216000004
            ],
            [
              -119.49079894999994,
              44.996513367000034
            ],
            [
              -119.66599659999997,
              44.993612160000055
            ],
            [
              -119.79109659999995,
              44.99461216000003
            ],
            [
              -119.7915966,
              45.04961216000004
            ],
            [
              -119.79019659999994,
              45.08141216000007
            ],
            [
              -119.76039659999998,
              45.081212160000064
            ],
            [
              -119.76009659999994,
              45.16761216000003
            ],
            [
              -119.78489659999997,
              45.169412160000036
            ],
            [
              -119.88299659999996,
              45.16961216000004
            ],
            [
              -119.88199659999998,
              45.25591216000004
            ],
            [
              -120.00669659999994,
              45.25741216000006
            ],
            [
              -120.00459659999996,
              45.51721216000004
            ],
            [
              -120.00029659999996,
              45.51741216000005
            ],
            [
              -119.99919659999995,
              45.52001216000008
            ],
            [
              -119.99839782699996,
              45.62481308000008
            ],
            [
              -120.00029754599996,
              45.812210083000025
            ],
            [
              -119.96569824199997,
              45.82441330000006
            ],
            [
              -119.90829467799995,
              45.82811355600006
            ],
            [
              -119.80269622799995,
              45.847511292000036
            ],
            [
              -119.772895813,
              45.84561157200005
            ],
            [
              -119.67099761999998,
              45.85681152300003
            ],
            [
              -119.62339782699996,
              45.905612946000076
            ],
            [
              -119.60059356699998,
              45.91961288500005
            ],
            [
              -119.57159423799999,
              45.92541122400007
            ],
            [
              -119.52459716799996,
              45.90861129800004
            ],
            [
              -119.48780059799998,
              45.906311035000044
            ]
          ]
        ]
      }
    },
    {
      "type": "Feature",
      "properties": {
        "STATE": "OR",
        "CWA": "PDT",
        "COUNTYNAME": "Grant",
        "FIPS": "41023",
        "TIME_ZONE": "P"
      },
      "geometry": {
        "type": "Polygon",
        "coordinates": [
          [
            [
              -118.8882966,
              44.99821216000004
            ],
            [
              -118.56629659999999,
              44.99661216000004
            ],
            [
              -118.46969659999996,
              44.993612160000055
            ],
            [
              -118.46389659999994,
              44.99001216000005
            ],
            [
              -118.44649659999999,
              44.989612160000036
            ],
            [
              -118.4362966,
              44.983312160000025
            ],
            [
              -118.43649659999994,
              44.97061216000003
            ],
            [
              -118.43799659999996,
              44.96671216000004
            ],
            [
              -118.43579659999995,
              44.963312160000044
            ],
            [
              -118.43239659999995,
              44.96291216000003
            ],
            [
              -118.42479659999998,
              44.96381216000003
            ],
            [
              -118.40359659999996,
              44.975912160000064
            ],
            [
              -118.39039659999997,
              44.972512160000065
            ],
            [
              -118.39049659999995,
              44.97721216000008
            ],
            [
              -118.38769659999997,
              44.97981216000005
            ],
            [
              -118.38679659999997,
              44.98321216000005
            ],
            [
              -118.37919659999994,
              44.97981216000005
            ],
            [
              -118.36829659999995,
              44.98481216000005
            ],
            [
              -118.36299659999997,
              44.99121216000003
            ],
            [
              -118.36009659999996,
              44.99201216000006
            ],
            [
              -118.35789659999995,
              44.99171216000008
            ],
            [
              -118.35569659999999,
              44.988712160000034
            ],
            [
              -118.34589659999995,
              44.986512160000075
            ],
            [
              -118.32959659999995,
              44.97301216000005
            ],
            [
              -118.32439659999994,
              44.971912160000045
            ],
            [
              -118.31969659999999,
              44.97521216000007
            ],
            [
              -118.30209659999997,
              44.967612160000044
            ],
            [
              -118.29869659999997,
              44.96121216000006
            ],
            [
              -118.28429659999995,
              44.96471216000003
            ],
            [
              -118.27439659999999,
              44.95761216000005
            ],
            [
              -118.26379659999998,
              44.95901216000004
            ],
            [
              -118.26059659999999,
              44.95701216000003
            ],
            [
              -118.25169659999995,
              44.95641216000007
            ],
            [
              -118.24529636199998,
              44.95871146200005
            ],
            [
              -118.24389659999997,
              44.95461216000007
            ],
            [
              -118.24459838899998,
              44.94511032100007
            ],
            [
              -118.23399352999996,
              44.94001388500004
            ],
            [
              -118.22859191899994,
              44.94061279300007
            ],
            [
              -118.224197388,
              44.93711090100004
            ],
            [
              -118.22789764399994,
              44.92681121800007
            ],
            [
              -118.23159789999994,
              44.92241287200005
            ],
            [
              -118.22809600799997,
              44.91811370800008
            ],
            [
              -118.22839355499997,
              44.91601181000004
            ],
            [
              -118.23689269999994,
              44.90781402600004
            ],
            [
              -118.23549652099996,
              44.90471267700008
            ],
            [
              -118.23619842499994,
              44.899112701000035
            ],
            [
              -118.23179626499996,
              44.89351272600004
            ],
            [
              -118.22929382299998,
              44.88181304900007
            ],
            [
              -118.22499847399996,
              44.87571334800003
            ],
            [
              -118.22809600799997,
              44.87021255500008
            ],
            [
              -118.22789764399994,
              44.86671066300005
            ],
            [
              -118.23579406699997,
              44.86221313500005
            ],
            [
              -118.25249481199995,
              44.86471176100008
            ],
            [
              -118.25749969499998,
              44.86381149300007
            ],
            [
              -118.26770019499997,
              44.86921310400004
            ],
            [
              -118.28329467799995,
              44.86541366600005
            ],
            [
              -118.28989410399998,
              44.86611175500008
            ],
            [
              -118.29599761999998,
              44.86161041300005
            ],
            [
              -118.29409789999994,
              44.85331344600007
            ],
            [
              -118.30619811999998,
              44.84681320200008
            ],
            [
              -118.30949401899994,
              44.84111022900004
            ],
            [
              -118.31839752199994,
              44.835910797000054
            ],
            [
              -118.30859374999994,
              44.82981109600007
            ],
            [
              -118.31079864499998,
              44.82371139500003
            ],
            [
              -118.30939483599997,
              44.82151031500007
            ],
            [
              -118.30079650899995,
              44.816612244000055
            ],
            [
              -118.29709625199996,
              44.81621170000005
            ],
            [
              -118.29519653299997,
              44.81311035200008
            ],
            [
              -118.29799652099996,
              44.80281066900005
            ],
            [
              -118.297195435,
              44.79961395300006
            ],
            [
              -118.29899597199994,
              44.79701232900004
            ],
            [
              -118.29479217499994,
              44.79071044900007
            ],
            [
              -118.29259491,
              44.78151321400003
            ],
            [
              -118.28319549599996,
              44.771411896000075
            ],
            [
              -118.28949737499994,
              44.765312195000035
            ],
            [
              -118.286697388,
              44.75941085800008
            ],
            [
              -118.28569793699995,
              44.751113892000035
            ],
            [
              -118.29349517799994,
              44.74681091300005
            ],
            [
              -118.29919433599997,
              44.74631118800005
            ],
            [
              -118.30299377399996,
              44.74791336100003
            ],
            [
              -118.30999755899995,
              44.744411469000056
            ],
            [
              -118.32159423799999,
              44.741611481000064
            ],
            [
              -118.369293213,
              44.74691009500003
            ],
            [
              -118.37949371299999,
              44.744411469000056
            ],
            [
              -118.39139556899994,
              44.73331069900007
            ],
            [
              -118.39479827899999,
              44.726711273000035
            ],
            [
              -118.40469360399999,
              44.725013733000026
            ],
            [
              -118.41349792499994,
              44.72701263400006
            ],
            [
              -118.41780090299994,
              44.72621154800004
            ],
            [
              -118.41939544699994,
              44.71911239600007
            ],
            [
              -118.42609405499996,
              44.71871185300006
            ],
            [
              -118.44349670399998,
              44.724010468000074
            ],
            [
              -118.45719909699994,
              44.716812134000065
            ],
            [
              -118.459793091,
              44.71431350700004
            ],
            [
              -118.46239471399997,
              44.707611084000064
            ],
            [
              -118.46909332299998,
              44.70511245700004
            ],
            [
              -118.47269439699994,
              44.70511245700004
            ],
            [
              -118.47709655799997,
              44.70911407500006
            ],
            [
              -118.49169921899994,
              44.71301269500003
            ],
            [
              -118.49509429899996,
              44.71301269500003
            ],
            [
              -118.50469970699999,
              44.70651245100004
            ],
            [
              -118.51879882799994,
              44.706111908000025
            ],
            [
              -118.51719665499996,
              44.702812195000035
            ],
            [
              -118.51899719199997,
              44.69231033300008
            ],
            [
              -118.51509857199994,
              44.68891143800005
            ],
            [
              -118.507797241,
              44.67611312900004
            ],
            [
              -118.50429534899996,
              44.66621398900003
            ],
            [
              -118.49189758299997,
              44.66361236600005
            ],
            [
              -118.48809814499998,
              44.664413452000076
            ],
            [
              -118.47699737499994,
              44.66121292100007
            ],
            [
              -118.47279357899998,
              44.657611847000055
            ],
            [
              -118.46799468999995,
              44.65611267100007
            ],
            [
              -118.45689392099996,
              44.655513763000044
            ],
            [
              -118.44689941399997,
              44.65031051600005
            ],
            [
              -118.43679809599996,
              44.653713226000036
            ],
            [
              -118.42449951199995,
              44.65441131600005
            ],
            [
              -118.41609954799998,
              44.64711380000006
            ],
            [
              -118.40459442099996,
              44.64151382400007
            ],
            [
              -118.39929962199994,
              44.64351272600004
            ],
            [
              -118.38779449499998,
              44.64191055300006
            ],
            [
              -118.37969970699999,
              44.64631271400003
            ],
            [
              -118.373596191,
              44.64561080900006
            ],
            [
              -118.36299896199995,
              44.63961410500008
            ],
            [
              -118.35439300499996,
              44.63761138900003
            ],
            [
              -118.343696594,
              44.63171386700003
            ],
            [
              -118.34199523899997,
              44.61711120600006
            ],
            [
              -118.33789825399998,
              44.61081314100005
            ],
            [
              -118.31909942599998,
              44.60531234700005
            ],
            [
              -118.31079864499998,
              44.59651184100005
            ],
            [
              -118.31099700899995,
              44.59371185300006
            ],
            [
              -118.30629730199996,
              44.58821106000005
            ],
            [
              -118.31520080599995,
              44.57701110800008
            ],
            [
              -118.31459808299996,
              44.57491302500006
            ],
            [
              -118.31759643599997,
              44.56841278100006
            ],
            [
              -118.32359313999996,
              44.56251144400005
            ],
            [
              -118.32629394499997,
              44.56131362900004
            ],
            [
              -118.330795288,
              44.56461334200003
            ],
            [
              -118.33609771699997,
              44.56461334200003
            ],
            [
              -118.33779907199994,
              44.56671142600004
            ],
            [
              -118.34009551999998,
              44.56551361100003
            ],
            [
              -118.34669494599996,
              44.55751419100005
            ],
            [
              -118.34739685099998,
              44.55091095000006
            ],
            [
              -118.35409545899995,
              44.54571151700003
            ],
            [
              -118.35979461699998,
              44.53621292100007
            ],
            [
              -118.36389923099995,
              44.537212372000056
            ],
            [
              -118.36869811999998,
              44.53431320200008
            ],
            [
              -118.37179565399998,
              44.52901077300004
            ],
            [
              -118.36919403099995,
              44.520812988000046
            ],
            [
              -118.37469482399996,
              44.51151275600006
            ],
            [
              -118.37249755899995,
              44.50451278700007
            ],
            [
              -118.36499786399997,
              44.49491119400005
            ],
            [
              -118.36349487299998,
              44.48851394700006
            ],
            [
              -118.35829925499996,
              44.48431396500007
            ],
            [
              -118.36659240699998,
              44.47841262800006
            ],
            [
              -118.36109924299996,
              44.47161102300004
            ],
            [
              -118.37639617899998,
              44.45991134600007
            ],
            [
              -118.38059997599998,
              44.46181106600005
            ],
            [
              -118.39149475099998,
              44.45731353800005
            ],
            [
              -118.40010070799997,
              44.457412720000036
            ],
            [
              -118.40779876699997,
              44.453411102000075
            ],
            [
              -118.41929626499996,
              44.456111908000025
            ],
            [
              -118.421295166,
              44.45381164600008
            ],
            [
              -118.42199706999997,
              44.44851303100006
            ],
            [
              -118.41879272499995,
              44.43181228600008
            ],
            [
              -118.42329406699997,
              44.42611312900004
            ],
            [
              -118.42239379899996,
              44.422710419000055
            ],
            [
              -118.42889404299996,
              44.41601181000004
            ],
            [
              -118.42900085399998,
              44.41101074200003
            ],
            [
              -118.43579864499998,
              44.40221023600003
            ],
            [
              -118.434799194,
              44.39871215800008
            ],
            [
              -118.42609405499996,
              44.39851379400005
            ],
            [
              -118.42769622799995,
              44.39371109000007
            ],
            [
              -118.42139434799998,
              44.38601303100006
            ],
            [
              -118.41099548299997,
              44.37971115100004
            ],
            [
              -118.40869903599997,
              44.37201309200003
            ],
            [
              -118.41639709499998,
              44.37291336100003
            ],
            [
              -118.43359374999994,
              44.36831283600003
            ],
            [
              -118.43309783899997,
              44.36061096200007
            ],
            [
              -118.435493469,
              44.353912354000045
            ],
            [
              -118.43969726599994,
              44.35131073000008
            ],
            [
              -118.45259857199994,
              44.349311829000044
            ],
            [
              -118.45709228499999,
              44.34571075400004
            ],
            [
              -118.46059417699996,
              44.33741378800005
            ],
            [
              -118.46809387199994,
              44.33461380000006
            ],
            [
              -118.46799468999995,
              44.32261276200006
            ],
            [
              -118.47760009799998,
              44.31641006500007
            ],
            [
              -118.48949432399996,
              44.29121398900003
            ],
            [
              -118.49530029299996,
              44.28771209700005
            ],
            [
              -118.49699401899994,
              44.284812927000075
            ],
            [
              -118.49959564199997,
              44.27721023600003
            ],
            [
              -118.49759674099994,
              44.27691268900003
            ],
            [
              -118.497299194,
              44.25511169400005
            ],
            [
              -118.23209381099997,
              44.256511688000046
            ],
            [
              -118.23359680199997,
              44.212512970000034
            ],
            [
              -118.22829437299998,
              44.212512970000034
            ],
            [
              -118.22739410399998,
              44.04001236000005
            ],
            [
              -118.58379363999995,
              44.040111542000034
            ],
            [
              -118.58659362799995,
              44.04121398900003
            ],
            [
              -118.58659362799995,
              44.047111511000026
            ],
            [
              -118.81579589799998,
              44.04751205400004
            ],
            [
              -118.81669616699998,
              43.960010529000044
            ],
            [
              -119.29079437299998,
              43.96031189000007
            ],
            [
              -119.49779510499997,
              43.957412720000036
            ],
            [
              -119.53759765599995,
              43.95911407500006
            ],
            [
              -119.65759659999998,
              43.95901216000004
            ],
            [
              -119.65689659999998,
              44.208812160000036
            ],
            [
              -119.65489659999997,
              44.22431216000007
            ],
            [
              -119.65559659999997,
              44.308112160000064
            ],
            [
              -119.65359659999996,
              44.43321216000004
            ],
            [
              -119.65439659999998,
              44.61591216000005
            ],
            [
              -119.6520966,
              44.823212160000026
            ],
            [
              -119.6717966,
              44.82361216000004
            ],
            [
              -119.670280457,
              44.86681366000005
            ],
            [
              -119.67169659999996,
              44.99441216000008
            ],
            [
              -119.49079894999994,
              44.996513367000034
            ],
            [
              -119.40779659999998,
              44.99481216000004
            ],
            [
              -118.8882966,
              44.99821216000004
            ]
          ]
        ]
      }
    },
    {
      "type": "Feature",
      "properties": {
        "STATE": "OR",
        "CWA": "PDT",
        "COUNTYNAME": "Wallowa",
        "FIPS": "41063",
        "TIME_ZONE": "P"
      },
      "geometry": {
        "type": "Polygon",
        "coordinates": [
          [
            [
              -117.97779659999998,
              46.00011115900003
            ],
            [
              -117.47999665999998,
              45.99791336100003
            ],
            [
              -117.39069366499996,
              45.998611450000055
            ],
            [
              -117.35389709499998,
              45.99631118800005
            ],
            [
              -117.33769988999995,
              45.998611450000055
            ],
            [
              -116.91609954799998,
              45.995613098000035
            ],
            [
              -116.91189575199996,
              45.98951339700005
            ],
            [
              -116.89319610599995,
              45.97701263400006
            ],
            [
              -116.89469909699994,
              45.96851348900003
            ],
            [
              -116.89119720499997,
              45.96061325100004
            ],
            [
              -116.87979888899997,
              45.95811080900006
            ],
            [
              -116.87599945099998,
              45.95441055300006
            ],
            [
              -116.87519836399997,
              45.942913055000076
            ],
            [
              -116.87030029299996,
              45.93141174300007
            ],
            [
              -116.87030029299996,
              45.92631149300007
            ],
            [
              -116.86689758299997,
              45.91801071200007
            ],
            [
              -116.85979461699998,
              45.90731048600003
            ],
            [
              -116.84399414099994,
              45.89271163900003
            ],
            [
              -116.81409454299995,
              45.87751388500004
            ],
            [
              -116.80539703399995,
              45.86631393400006
            ],
            [
              -116.79609680199997,
              45.859611511000026
            ],
            [
              -116.787994385,
              45.845111847000055
            ],
            [
              -116.78829956099997,
              45.83191299400005
            ],
            [
              -116.78260040299995,
              45.82551193200004
            ],
            [
              -116.77359771699997,
              45.82281112700008
            ],
            [
              -116.76049804699994,
              45.81621170000005
            ],
            [
              -116.75009918199999,
              45.81891250600006
            ],
            [
              -116.73539733899997,
              45.826313019000054
            ],
            [
              -116.71619415299995,
              45.82681274400005
            ],
            [
              -116.70909881499995,
              45.825412752000034
            ],
            [
              -116.69599914599996,
              45.818611145000034
            ],
            [
              -116.69319915799997,
              45.811412811000025
            ],
            [
              -116.68779754599996,
              45.807212830000026
            ],
            [
              -116.68039703399995,
              45.79401397700008
            ],
            [
              -116.66279602099996,
              45.78091049200003
            ],
            [
              -116.64569854699994,
              45.78001022300003
            ],
            [
              -116.63189697299998,
              45.78491210900006
            ],
            [
              -116.622299194,
              45.78191375700004
            ],
            [
              -116.61529540999999,
              45.78231048600003
            ],
            [
              -116.59409332299998,
              45.77901077300004
            ],
            [
              -116.57539367699997,
              45.766212463000045
            ],
            [
              -116.56689453099995,
              45.76231384300007
            ],
            [
              -116.559799194,
              45.75581359900008
            ],
            [
              -116.54769897499995,
              45.752014160000044
            ],
            [
              -116.53609466599994,
              45.734611511000026
            ],
            [
              -116.53809356699998,
              45.715911865000066
            ],
            [
              -116.53529357899998,
              45.69241333000008
            ],
            [
              -116.52869415299995,
              45.68211364700005
            ],
            [
              -116.52429962199994,
              45.67801284800004
            ],
            [
              -116.51619720499997,
              45.673912048000034
            ],
            [
              -116.50379943799999,
              45.660911560000045
            ],
            [
              -116.48849487299998,
              45.650413513000046
            ],
            [
              -116.48729705799997,
              45.64411163300008
            ],
            [
              -116.48299407999997,
              45.640911102000075
            ],
            [
              -116.482894897,
              45.63541412400008
            ],
            [
              -116.48109435999999,
              45.632411957000045
            ],
            [
              -116.47349548299997,
              45.630413055000076
            ],
            [
              -116.47159576399997,
              45.62801361100003
            ],
            [
              -116.47249603299997,
              45.62561035200008
            ],
            [
              -116.47099304199998,
              45.622310638000044
            ],
            [
              -116.46479797399996,
              45.61761093100006
            ],
            [
              -116.46339416499995,
              45.61361312900004
            ],
            [
              -116.46359252899998,
              45.60371398900003
            ],
            [
              -116.47139739999994,
              45.59411239600007
            ],
            [
              -116.48109435999999,
              45.58761215200008
            ],
            [
              -116.48320007299998,
              45.583911896000075
            ],
            [
              -116.48149871799995,
              45.57981109600007
            ],
            [
              -116.48329925499996,
              45.57691192600004
            ],
            [
              -116.50139617899998,
              45.567512512000064
            ],
            [
              -116.50339508099995,
              45.56561279300007
            ],
            [
              -116.50359344499998,
              45.56211090100004
            ],
            [
              -116.50959777799994,
              45.55711364700005
            ],
            [
              -116.51899719199997,
              45.55661010700004
            ],
            [
              -116.52669525099998,
              45.55291366600005
            ],
            [
              -116.52779388399995,
              45.55041122400007
            ],
            [
              -116.52399444599996,
              45.54791259800004
            ],
            [
              -116.52459716799996,
              45.545612335000044
            ],
            [
              -116.531799316,
              45.53641128500004
            ],
            [
              -116.53569793699995,
              45.52481079100005
            ],
            [
              -116.54449462899998,
              45.51361084000007
            ],
            [
              -116.55599975599995,
              45.50681304900007
            ],
            [
              -116.55739593499999,
              45.50341033900003
            ],
            [
              -116.55349731399997,
              45.49831390400004
            ],
            [
              -116.55359649699994,
              45.494411469000056
            ],
            [
              -116.55859374999994,
              45.48121261600005
            ],
            [
              -116.55509948699995,
              45.473213196000074
            ],
            [
              -116.55529785199997,
              45.46391296400003
            ],
            [
              -116.57709503199999,
              45.45181274400005
            ],
            [
              -116.58779907199994,
              45.44331359900008
            ],
            [
              -116.59709930399998,
              45.41371154800004
            ],
            [
              -116.61879730199996,
              45.398410797000054
            ],
            [
              -116.623199463,
              45.39311218300003
            ],
            [
              -116.62899780299995,
              45.382411957000045
            ],
            [
              -116.65549468999995,
              45.34831237800006
            ],
            [
              -116.67350006099997,
              45.32151031500007
            ],
            [
              -116.67449951199995,
              45.31561279300007
            ],
            [
              -116.67229461699998,
              45.288112640000065
            ],
            [
              -116.67329406699997,
              45.280612946000076
            ],
            [
              -116.67489623999995,
              45.27571106000005
            ],
            [
              -116.69189453099995,
              45.26271057100007
            ],
            [
              -116.69859313999996,
              45.24631118800005
            ],
            [
              -116.70319366499996,
              45.23951339700005
            ],
            [
              -116.70409393299997,
              45.22811126700003
            ],
            [
              -116.70980071999998,
              45.21721267700008
            ],
            [
              -116.70849609399994,
              45.20871353100006
            ],
            [
              -116.709495544,
              45.20301055900006
            ],
            [
              -116.724197388,
              45.17151260400004
            ],
            [
              -116.724197388,
              45.16391372700008
            ],
            [
              -116.72769927999997,
              45.15531158400006
            ],
            [
              -116.729194641,
              45.143310547000056
            ],
            [
              -116.73220062299998,
              45.139213562000066
            ],
            [
              -116.74249267599998,
              45.13531112700008
            ],
            [
              -116.74569702099996,
              45.132110596000075
            ],
            [
              -116.74699401899994,
              45.12421035800003
            ],
            [
              -116.75279235799997,
              45.12141418500005
            ],
            [
              -116.754096985,
              45.11531066900005
            ],
            [
              -116.77489471399997,
              45.10551071200007
            ],
            [
              -116.78359985399999,
              45.092910767000035
            ],
            [
              -116.78419494599996,
              45.07791137700008
            ],
            [
              -116.78779602099996,
              45.07901382400007
            ],
            [
              -117.26659393299997,
              45.080810547000056
            ],
            [
              -117.26719659999998,
              45.16581216000003
            ],
            [
              -117.47699659999995,
              45.16531216000004
            ],
            [
              -117.4765966,
              45.209412160000056
            ],
            [
              -117.51999659999996,
              45.209412160000056
            ],
            [
              -117.5218966,
              45.26781216000006
            ],
            [
              -117.54179659999994,
              45.26741216000005
            ],
            [
              -117.54199659999995,
              45.29591216000006
            ],
            [
              -117.56069659999997,
              45.29601216000003
            ],
            [
              -117.56329659999994,
              45.31021216000005
            ],
            [
              -117.58139659999995,
              45.31001216000004
            ],
            [
              -117.58299659999994,
              45.33791216000003
            ],
            [
              -117.64369659999994,
              45.33731216000007
            ],
            [
              -117.64369659999994,
              45.36441216000003
            ],
            [
              -117.66359659999995,
              45.365712160000044
            ],
            [
              -117.66379659999996,
              45.42791216000006
            ],
            [
              -117.68339659999998,
              45.428212160000044
            ],
            [
              -117.68459659999996,
              45.51521216000003
            ],
            [
              -117.72729659999999,
              45.514712160000045
            ],
            [
              -117.72759659999997,
              45.61731216000004
            ],
            [
              -117.74609659999999,
              45.61741216000007
            ],
            [
              -117.74639659999997,
              45.65991216000003
            ],
            [
              -117.76699659999997,
              45.66151216000003
            ],
            [
              -117.76689659999994,
              45.68951216000005
            ],
            [
              -117.78719659999996,
              45.68961216000008
            ],
            [
              -117.78809659999996,
              45.77361216000003
            ],
            [
              -117.74709659999996,
              45.773312160000046
            ],
            [
              -117.74779659999996,
              45.86101216000003
            ],
            [
              -117.97769659999994,
              45.86051216000004
            ],
            [
              -117.97779659999998,
              46.00011115900003
            ]
          ]
        ]
      }
    },
    {
      "type": "Feature",
      "properties": {
        "STATE": "OR",
        "CWA": "PDT",
        "COUNTYNAME": "Umatilla",
        "FIPS": "41059",
        "TIME_ZONE": "P"
      },
      "geometry": {
        "type": "Polygon",
        "coordinates": [
          [
            [
              -118.98709526999994,
              45.99981326900007
            ],
            [
              -117.97779659999998,
              46.00011115900003
            ],
            [
              -117.97769659999994,
              45.86051216000004
            ],
            [
              -117.97249659999994,
              45.86061216000007
            ],
            [
              -117.97369659999998,
              45.81701216000005
            ],
            [
              -118.04449659999995,
              45.81691216000007
            ],
            [
              -118.0449966,
              45.77431216000008
            ],
            [
              -118.06639659999996,
              45.77291216000003
            ],
            [
              -118.06679659999998,
              45.68901216000006
            ],
            [
              -118.11709659999997,
              45.688212160000035
            ],
            [
              -118.11739659999995,
              45.47071216000006
            ],
            [
              -118.19819659999996,
              45.47041216000008
            ],
            [
              -118.19809659999999,
              45.427112160000036
            ],
            [
              -118.23279659999997,
              45.42731216000004
            ],
            [
              -118.24689659999996,
              45.42901216000007
            ],
            [
              -118.35849659999997,
              45.42891216000004
            ],
            [
              -118.36649659999995,
              45.43011216000008
            ],
            [
              -118.36639659999997,
              45.43521216000005
            ],
            [
              -118.38409659999996,
              45.435412160000055
            ],
            [
              -118.38449659999998,
              45.44261216000007
            ],
            [
              -118.40429659999995,
              45.44261216000007
            ],
            [
              -118.40489659999997,
              45.42991216000007
            ],
            [
              -118.42849659999996,
              45.42891216000004
            ],
            [
              -118.42829894999994,
              45.35511216000003
            ],
            [
              -118.6108966,
              45.354912160000026
            ],
            [
              -118.61339659999999,
              45.35451216000007
            ],
            [
              -118.61379659999994,
              45.34041216000003
            ],
            [
              -118.62019659999999,
              45.33991216000004
            ],
            [
              -118.65629659999996,
              45.34041216000003
            ],
            [
              -118.65619659999999,
              45.345212160000074
            ],
            [
              -118.69689659999995,
              45.34511216000004
            ],
            [
              -118.69679659999997,
              45.25871216000007
            ],
            [
              -118.65579659999997,
              45.25771216000004
            ],
            [
              -118.65539659999996,
              45.197112160000074
            ],
            [
              -118.54669659999996,
              45.19691216000007
            ],
            [
              -118.54709659999997,
              45.10191216000004
            ],
            [
              -118.54859659999994,
              45.080712160000076
            ],
            [
              -118.5184966,
              45.080612160000044
            ],
            [
              -118.51909659999995,
              44.995912160000046
            ],
            [
              -118.8882966,
              44.99821216000004
            ],
            [
              -119.16389659999999,
              44.995912160000046
            ],
            [
              -119.16309659999996,
              45.082912160000035
            ],
            [
              -119.14639659999995,
              45.08361216000003
            ],
            [
              -119.14739659999998,
              45.241312160000064
            ],
            [
              -119.14539337199994,
              45.516014099000074
            ],
            [
              -119.24720001199995,
              45.51611328100006
            ],
            [
              -119.24829864499998,
              45.51971054100005
            ],
            [
              -119.248199463,
              45.601913452000076
            ],
            [
              -119.43459659999996,
              45.60311216000008
            ],
            [
              -119.43489659999995,
              45.834112160000075
            ],
            [
              -119.43459659999996,
              45.864612160000036
            ],
            [
              -119.43239659999995,
              45.86511216000008
            ],
            [
              -119.43189239499998,
              45.91821289100005
            ],
            [
              -119.36439514199998,
              45.92161178600003
            ],
            [
              -119.32359313999996,
              45.93291091900005
            ],
            [
              -119.25719451899994,
              45.93991088900003
            ],
            [
              -119.22570037799994,
              45.93271255500008
            ],
            [
              -119.19549560499996,
              45.92791366600005
            ],
            [
              -119.16949462899998,
              45.927612305000025
            ],
            [
              -119.12609863299997,
              45.932811737000065
            ],
            [
              -119.09319305399998,
              45.942710876000035
            ],
            [
              -119.06149291999998,
              45.95851135300006
            ],
            [
              -119.02709960899995,
              45.96911239600007
            ],
            [
              -119.00859832799995,
              45.97931289700006
            ],
            [
              -118.98709526999994,
              45.99981326900007
            ]
          ]
        ]
      }
    },
    {
      "type": "Feature",
      "properties": {
        "STATE": "WA",
        "CWA": "PDT",
        "COUNTYNAME": "Columbia",
        "FIPS": "53013",
        "TIME_ZONE": "P"
      },
      "geometry": {
        "type": "Polygon",
        "coordinates": [
          [
            [
              -117.85279846199995,
              46.560211182000046
            ],
            [
              -117.86189269999994,
              46.560112
            ],
            [
              -117.86329650899995,
              46.47091293300008
            ],
            [
              -117.73729705799997,
              46.471412659000066
            ],
            [
              -117.73729705799997,
              46.44191360500008
            ],
            [
              -117.71669769299996,
              46.44171142600004
            ],
            [
              -117.71679687499994,
              46.397911072000056
            ],
            [
              -117.695297241,
              46.397911072000056
            ],
            [
              -117.69539642299998,
              46.38381195100004
            ],
            [
              -117.67409515399999,
              46.38251113900003
            ],
            [
              -117.67509460399998,
              46.33861160300006
            ],
            [
              -117.61179351799996,
              46.338512421000075
            ],
            [
              -117.61299896199995,
              46.12101364100005
            ],
            [
              -117.60359954799998,
              46.12091064500004
            ],
            [
              -117.60319518999995,
              45.99931335400004
            ],
            [
              -117.97779659999998,
              46.00011115900003
            ],
            [
              -117.99689601499995,
              46.00131205900004
            ],
            [
              -117.99319659999998,
              46.01921216000005
            ],
            [
              -117.99209659999997,
              46.042212160000076
            ],
            [
              -117.99229659999997,
              46.20781216000006
            ],
            [
              -118.11649659999995,
              46.207912160000035
            ],
            [
              -118.1160966,
              46.29541216000007
            ],
            [
              -118.24159659999998,
              46.29511216000003
            ],
            [
              -118.24249659999998,
              46.560112160000074
            ],
            [
              -118.22839355499997,
              46.56041336100003
            ],
            [
              -118.228797913,
              46.59261290100005
            ],
            [
              -118.21920013399995,
              46.58991241500007
            ],
            [
              -118.21540069599996,
              46.59031295800003
            ],
            [
              -118.18259429899996,
              46.56511306800007
            ],
            [
              -118.17799377399996,
              46.560112
            ],
            [
              -118.16919708299997,
              46.55601120000006
            ],
            [
              -118.16179656999998,
              46.554710388000046
            ],
            [
              -118.14309692399996,
              46.557811737000065
            ],
            [
              -118.11849975599995,
              46.55681228600008
            ],
            [
              -118.11039733899997,
              46.55841064500004
            ],
            [
              -118.10439300499996,
              46.56161117600004
            ],
            [
              -118.10009765599995,
              46.57021331800007
            ],
            [
              -118.09289550799997,
              46.574512482000046
            ],
            [
              -118.06279754599996,
              46.57581329300007
            ],
            [
              -118.04829406699997,
              46.579311371000074
            ],
            [
              -118.03139495799996,
              46.585712433000026
            ],
            [
              -118.00859832799995,
              46.58821106000005
            ],
            [
              -117.98429870599995,
              46.58711242700008
            ],
            [
              -117.953598022,
              46.592113495000035
            ],
            [
              -117.90989685099998,
              46.58491134600007
            ],
            [
              -117.88759612999996,
              46.586311340000066
            ],
            [
              -117.88249969499998,
              46.59101104700005
            ],
            [
              -117.87899780299995,
              46.60671234100005
            ],
            [
              -117.87409973099994,
              46.61541366600005
            ],
            [
              -117.86750030499996,
              46.620613098000035
            ],
            [
              -117.85219573999996,
              46.624710083000025
            ],
            [
              -117.85279846199995,
              46.560211182000046
            ]
          ]
        ]
      }
    },
    {
      "type": "Feature",
      "properties": {
        "STATE": "WA",
        "CWA": "PDT",
        "COUNTYNAME": "Kittitas",
        "FIPS": "53037",
        "TIME_ZONE": "P"
      },
      "geometry": {
        "type": "Polygon",
        "coordinates": [
          [
            [
              -121.10999298099995,
              47.59261322000003
            ],
            [
              -121.10309600799997,
              47.589714050000055
            ],
            [
              -121.09649658199999,
              47.58921051000004
            ],
            [
              -121.09379577599998,
              47.586612701000035
            ],
            [
              -121.08699798599997,
              47.57371139500003
            ],
            [
              -121.08969879199998,
              47.57051086400003
            ],
            [
              -121.08779907199994,
              47.56691360500008
            ],
            [
              -121.07839965799997,
              47.557811737000065
            ],
            [
              -121.07449340799997,
              47.55111312900004
            ],
            [
              -121.06749725299994,
              47.549312592000035
            ],
            [
              -121.05039977999996,
              47.53641128500004
            ],
            [
              -121.04669952399996,
              47.534812927000075
            ],
            [
              -121.03979492199994,
              47.53511047400008
            ],
            [
              -121.03089904799998,
              47.53141403200004
            ],
            [
              -121.02109527599998,
              47.52331161500007
            ],
            [
              -121.007194519,
              47.52101135300006
            ],
            [
              -120.99609374999994,
              47.51731109600007
            ],
            [
              -120.99239349399994,
              47.51331329300007
            ],
            [
              -120.99199676499995,
              47.509811401000036
            ],
            [
              -120.99440002399996,
              47.50571060200008
            ],
            [
              -120.99079894999994,
              47.500411987000064
            ],
            [
              -120.97889709499998,
              47.49051284800004
            ],
            [
              -120.965393066,
              47.48721313500005
            ],
            [
              -120.94729614299996,
              47.473110199000075
            ],
            [
              -120.95229339599996,
              47.46241378800005
            ],
            [
              -120.93099975599995,
              47.457412720000036
            ],
            [
              -120.93039703399995,
              47.45331192000003
            ],
            [
              -120.92319488499999,
              47.44851303100006
            ],
            [
              -120.92440032999997,
              47.43421173100006
            ],
            [
              -120.91659545899995,
              47.42881393400006
            ],
            [
              -120.90719604499998,
              47.425212860000045
            ],
            [
              -120.90189361599994,
              47.426712036000026
            ],
            [
              -120.88909912099996,
              47.42661285400004
            ],
            [
              -120.87239837599998,
              47.41571044900007
            ],
            [
              -120.86089324999995,
              47.420310974000074
            ],
            [
              -120.84309387199994,
              47.41161346400003
            ],
            [
              -120.83729553199998,
              47.41501236000005
            ],
            [
              -120.83659362799995,
              47.41751098600008
            ],
            [
              -120.82889556899994,
              47.42331314100005
            ],
            [
              -120.81329345699999,
              47.42011261000005
            ],
            [
              -120.80209350599995,
              47.422111511000026
            ],
            [
              -120.79469299299996,
              47.41321182300004
            ],
            [
              -120.79389953599997,
              47.40941238400006
            ],
            [
              -120.78199768099995,
              47.39941024800004
            ],
            [
              -120.76779937699996,
              47.39941406200006
            ],
            [
              -120.75119781499995,
              47.39441299400005
            ],
            [
              -120.734695435,
              47.393310547000056
            ],
            [
              -120.73079681399997,
              47.391613007000046
            ],
            [
              -120.72639465299994,
              47.38761138900003
            ],
            [
              -120.72629547099996,
              47.38051223800005
            ],
            [
              -120.72319793699995,
              47.372814178000056
            ],
            [
              -120.718696594,
              47.36881256100003
            ],
            [
              -120.71119689899996,
              47.367210388000046
            ],
            [
              -120.70899963399995,
              47.36531066900005
            ],
            [
              -120.70099639899996,
              47.36521148700007
            ],
            [
              -120.69709777799994,
              47.36351394700006
            ],
            [
              -120.68129730199996,
              47.35041046100008
            ],
            [
              -120.67459869399994,
              47.35011291500007
            ],
            [
              -120.66499328599997,
              47.34351348900003
            ],
            [
              -120.64919280999999,
              47.34161377000004
            ],
            [
              -120.637397766,
              47.342910767000035
            ],
            [
              -120.63159942599998,
              47.34111404400005
            ],
            [
              -120.61809539799998,
              47.345111847000055
            ],
            [
              -120.60859680199997,
              47.342113495000035
            ],
            [
              -120.60669708299997,
              47.34001159700006
            ],
            [
              -120.58969879199998,
              47.33931350700004
            ],
            [
              -120.57849883999995,
              47.33671188400007
            ],
            [
              -120.57689666699997,
              47.327613831000065
            ],
            [
              -120.56909942599998,
              47.319713593000074
            ],
            [
              -120.570297241,
              47.31191253700007
            ],
            [
              -120.56409454299995,
              47.307811737000065
            ],
            [
              -120.54879760699998,
              47.30731201200007
            ],
            [
              -120.54660034199998,
              47.312011719000054
            ],
            [
              -120.52979278599997,
              47.315711975000056
            ],
            [
              -120.52849578899998,
              47.317710876000035
            ],
            [
              -120.53029632599998,
              47.319911957000045
            ],
            [
              -120.532493591,
              47.329612732000044
            ],
            [
              -120.53089904799998,
              47.332912445000034
            ],
            [
              -120.52509307899999,
              47.33321380600006
            ],
            [
              -120.51619720499997,
              47.320812225000054
            ],
            [
              -120.50749206499995,
              47.317512512000064
            ],
            [
              -120.49649810799997,
              47.31671142600004
            ],
            [
              -120.488395691,
              47.31181335400004
            ],
            [
              -120.48769378699996,
              47.308712006000064
            ],
            [
              -120.48459625199996,
              47.306510925000055
            ],
            [
              -120.48109435999999,
              47.30541229200003
            ],
            [
              -120.47739410399998,
              47.306911469000056
            ],
            [
              -120.45929717999996,
              47.29951095600006
            ],
            [
              -120.45209503099994,
              47.29581070100005
            ],
            [
              -120.44729614299996,
              47.28911209100005
            ],
            [
              -120.427192688,
              47.27461242700008
            ],
            [
              -120.40489959699994,
              47.273410797000054
            ],
            [
              -120.38979339599996,
              47.261711121000076
            ],
            [
              -120.09659576399997,
              47.26211166400003
            ],
            [
              -120.09449659999996,
              47.261312160000045
            ],
            [
              -120.09639739999994,
              47.25451278700007
            ],
            [
              -120.09219360399999,
              47.24211120600006
            ],
            [
              -120.075798035,
              47.22571182300004
            ],
            [
              -120.06539916999998,
              47.22361373900003
            ],
            [
              -120.01779937699996,
              47.22641372700008
            ],
            [
              -120.00939941399997,
              47.222209930000076
            ],
            [
              -120.003494263,
              47.21511077900004
            ],
            [
              -120.00249481199995,
              47.21121215800008
            ],
            [
              -120.00569915799997,
              47.20191192600004
            ],
            [
              -120.00389862099996,
              47.18351364100005
            ],
            [
              -120.01049804699994,
              47.17231369000007
            ],
            [
              -120.01059722899998,
              47.16250991800007
            ],
            [
              -120.00969695999999,
              47.158512115000065
            ],
            [
              -120.00090026899994,
              47.14451217700008
            ],
            [
              -120.00119781499995,
              47.129112244000055
            ],
            [
              -120.012397766,
              47.111812592000035
            ],
            [
              -120.01950073199998,
              47.11001205400004
            ],
            [
              -120.02759551999998,
              47.105213165000066
            ],
            [
              -120.04139709499998,
              47.078712463000045
            ],
            [
              -120.04219818099995,
              47.06831359900008
            ],
            [
              -120.03979492199994,
              47.062412262000066
            ],
            [
              -120.03369903599997,
              47.05491256700003
            ],
            [
              -120.00930023199999,
              47.037212372000056
            ],
            [
              -120.00739288299997,
              47.03361129800004
            ],
            [
              -120.00559997599998,
              47.01571273800005
            ],
            [
              -120.00209808299996,
              47.01001358000008
            ],
            [
              -120.00129699699994,
              46.99431228600008
            ],
            [
              -119.96579742399996,
              46.942512512000064
            ],
            [
              -119.96329498299997,
              46.91811370800008
            ],
            [
              -119.96569824199997,
              46.887912750000055
            ],
            [
              -119.96469879199998,
              46.85801315300006
            ],
            [
              -119.95309448199998,
              46.84371185300006
            ],
            [
              -119.93289947499994,
              46.82401275600006
            ],
            [
              -119.92620086699998,
              46.814212799000074
            ],
            [
              -119.92759704599996,
              46.79801178000008
            ],
            [
              -119.940994263,
              46.77731323200004
            ],
            [
              -119.94699859599996,
              46.77091217000003
            ],
            [
              -119.96439361599994,
              46.76011276200006
            ],
            [
              -119.97039794899996,
              46.75391387900004
            ],
            [
              -119.97299957299998,
              46.73691177400008
            ],
            [
              -120.0,
              46.73931121800007
            ],
            [
              -120.04429626499996,
              46.73691177400008
            ],
            [
              -120.14809417699996,
              46.73541259800004
            ],
            [
              -120.49642930399995,
              46.73769728500008
            ],
            [
              -120.49822997999996,
              46.741764069000055
            ],
            [
              -120.50955765099997,
              46.74697023900006
            ],
            [
              -120.50919659999994,
              46.82451216000004
            ],
            [
              -120.63439659999995,
              46.825812160000055
            ],
            [
              -120.63309659999999,
              46.88131216000005
            ],
            [
              -120.63339659999997,
              46.90501216000007
            ],
            [
              -120.6348966,
              46.912012160000074
            ],
            [
              -121.02589659999995,
              46.91131216000008
            ],
            [
              -121.02649659999997,
              46.91491216000003
            ],
            [
              -121.03179659999995,
              46.91491216000003
            ],
            [
              -121.03179659999995,
              46.918512160000034
            ],
            [
              -121.03709659999998,
              46.918512160000034
            ],
            [
              -121.03719659999996,
              46.92211216000004
            ],
            [
              -121.04239659999996,
              46.922812160000035
            ],
            [
              -121.04239659999996,
              46.93301216000003
            ],
            [
              -121.05299659999997,
              46.93301216000003
            ],
            [
              -121.05289659999994,
              46.93661216000004
            ],
            [
              -121.05819659999997,
              46.93671216000007
            ],
            [
              -121.05819659999997,
              46.943912160000025
            ],
            [
              -121.06349659999995,
              46.94401216000006
            ],
            [
              -121.06349659999995,
              46.94761216000006
            ],
            [
              -121.06869659999995,
              46.94761216000006
            ],
            [
              -121.06949659999998,
              46.958512160000055
            ],
            [
              -121.07399659999999,
              46.95841216000008
            ],
            [
              -121.07399659999999,
              46.96211216000006
            ],
            [
              -121.07829659999999,
              46.96211216000006
            ],
            [
              -121.07919659999999,
              46.965612160000035
            ],
            [
              -121.08459659999994,
              46.965712160000066
            ],
            [
              -121.08459659999994,
              46.96931216000007
            ],
            [
              -121.08989659999997,
              46.970512160000055
            ],
            [
              -121.09109659999996,
              46.99111216000006
            ],
            [
              -121.09879659999996,
              46.99111216000006
            ],
            [
              -121.10549659999998,
              46.99581216000007
            ],
            [
              -121.11249659999999,
              46.99571216000004
            ],
            [
              -121.12249659999998,
              46.99921216000007
            ],
            [
              -121.12319659999997,
              47.00291216000005
            ],
            [
              -121.1314966,
              47.01001216000003
            ],
            [
              -121.1366966,
              47.01801216000007
            ],
            [
              -121.15069659999995,
              47.02631216000003
            ],
            [
              -121.15609659999996,
              47.02761216000005
            ],
            [
              -121.16539659999995,
              47.03491216000003
            ],
            [
              -121.17639659999998,
              47.03901216000003
            ],
            [
              -121.18209659999997,
              47.04401216000008
            ],
            [
              -121.19279659999995,
              47.04341216000006
            ],
            [
              -121.20109659999997,
              47.050712160000046
            ],
            [
              -121.20709659999994,
              47.05191216000003
            ],
            [
              -121.21239659999998,
              47.05571216000004
            ],
            [
              -121.22079659999997,
              47.065812160000064
            ],
            [
              -121.22929659999994,
              47.066612160000034
            ],
            [
              -121.23929659999999,
              47.07281216000007
            ],
            [
              -121.2453966,
              47.073512160000064
            ],
            [
              -121.25179659999998,
              47.07651216000005
            ],
            [
              -121.25629659999998,
              47.08161216000008
            ],
            [
              -121.27159659999995,
              47.08471216000004
            ],
            [
              -121.28079659999997,
              47.08871216000006
            ],
            [
              -121.3026966,
              47.084112160000075
            ],
            [
              -121.30629659999994,
              47.08231216000007
            ],
            [
              -121.31089659999998,
              47.07691216000006
            ],
            [
              -121.33079659999999,
              47.07551216000007
            ],
            [
              -121.34069659999994,
              47.07891216000007
            ],
            [
              -121.34749659999994,
              47.07841216000003
            ],
            [
              -121.35629659999995,
              47.07201216000004
            ],
            [
              -121.36239659999995,
              47.07081216000006
            ],
            [
              -121.36859659999999,
              47.07761216000006
            ],
            [
              -121.37909659999997,
              47.084412160000056
            ],
            [
              -121.37969659999999,
              47.08661216000007
            ],
            [
              -121.37709808299996,
              47.08941268900003
            ],
            [
              -121.38389587399996,
              47.09501266500007
            ],
            [
              -121.39229583699995,
              47.092010498000036
            ],
            [
              -121.40309905999999,
              47.09851074200003
            ],
            [
              -121.39949798599997,
              47.102710724000076
            ],
            [
              -121.39979553199998,
              47.10511398300008
            ],
            [
              -121.40299987799995,
              47.106311798000036
            ],
            [
              -121.40499877899998,
              47.10971069300007
            ],
            [
              -121.40670013399995,
              47.12001037600004
            ],
            [
              -121.39499664299996,
              47.12891387900004
            ],
            [
              -121.39399719199997,
              47.13231277500006
            ],
            [
              -121.36509704599996,
              47.141613007000046
            ],
            [
              -121.35329437299998,
              47.14051055900006
            ],
            [
              -121.334495544,
              47.133312225000054
            ],
            [
              -121.32079315199996,
              47.13541412400008
            ],
            [
              -121.31419372599998,
              47.134811401000036
            ],
            [
              -121.30639648399995,
              47.13741302500006
            ],
            [
              -121.30269622799995,
              47.14041137700008
            ],
            [
              -121.29869842499994,
              47.148914337000065
            ],
            [
              -121.306098938,
              47.16131210300006
            ],
            [
              -121.31060028099995,
              47.16281127900004
            ],
            [
              -121.31369781499995,
              47.16611099200003
            ],
            [
              -121.31759643599997,
              47.17441177400008
            ],
            [
              -121.31019592299998,
              47.18141174300007
            ],
            [
              -121.30939483599997,
              47.18501281700003
            ],
            [
              -121.30649566699998,
              47.18761062600004
            ],
            [
              -121.30759429899996,
              47.19511032100007
            ],
            [
              -121.311393738,
              47.199512482000046
            ],
            [
              -121.30859374999994,
              47.20241165200008
            ],
            [
              -121.31649780299995,
              47.211612701000035
            ],
            [
              -121.324897766,
              47.21531295800003
            ],
            [
              -121.33439636199995,
              47.21871185300006
            ],
            [
              -121.33849334699994,
              47.217712402000075
            ],
            [
              -121.35239410399998,
              47.22001266500007
            ],
            [
              -121.36349487299998,
              47.223411560000045
            ],
            [
              -121.36499786399997,
              47.225811005000025
            ],
            [
              -121.35849761999998,
              47.23631286600005
            ],
            [
              -121.359695435,
              47.240112305000025
            ],
            [
              -121.35139465299994,
              47.242313385000045
            ],
            [
              -121.34669494599996,
              47.245613098000035
            ],
            [
              -121.33929443399995,
              47.24671173100006
            ],
            [
              -121.33709716799996,
              47.25241088900003
            ],
            [
              -121.333198547,
              47.25461196900005
            ],
            [
              -121.33169555699999,
              47.25851059000007
            ],
            [
              -121.33669280999999,
              47.26631164600008
            ],
            [
              -121.33819580099998,
              47.27591323900003
            ],
            [
              -121.34049987799995,
              47.27761077900004
            ],
            [
              -121.34140014599996,
              47.28151321400003
            ],
            [
              -121.36009979199997,
              47.28611373900003
            ],
            [
              -121.36019897499995,
              47.28971099900008
            ],
            [
              -121.36239623999995,
              47.29161071800007
            ],
            [
              -121.36679840099998,
              47.29061126700003
            ],
            [
              -121.37039947499994,
              47.28801345800008
            ],
            [
              -121.36999511699997,
              47.285911560000045
            ],
            [
              -121.37289428699995,
              47.28521347000003
            ],
            [
              -121.40789794899996,
              47.289211273000035
            ],
            [
              -121.41579437299998,
              47.29311370800008
            ],
            [
              -121.41769409199998,
              47.29201126100003
            ],
            [
              -121.41949462899998,
              47.28661346400003
            ],
            [
              -121.42879486099997,
              47.290111542000034
            ],
            [
              -121.43129730199996,
              47.29221344000007
            ],
            [
              -121.43419647199994,
              47.30491256700003
            ],
            [
              -121.44489288299997,
              47.30841445900006
            ],
            [
              -121.44509887699996,
              47.311111450000055
            ],
            [
              -121.43439483599997,
              47.323211670000035
            ],
            [
              -121.43090057399996,
              47.33411407500006
            ],
            [
              -121.44189453099995,
              47.34281158400006
            ],
            [
              -121.46299743699996,
              47.353912354000045
            ],
            [
              -121.46189880399999,
              47.36191177400008
            ],
            [
              -121.46439361599994,
              47.364212036000026
            ],
            [
              -121.46569824199997,
              47.36861038200004
            ],
            [
              -121.45869445799997,
              47.373714447000054
            ],
            [
              -121.45279693599997,
              47.37241363500004
            ],
            [
              -121.44399261499996,
              47.37411117600004
            ],
            [
              -121.43809509299996,
              47.37241363500004
            ],
            [
              -121.44139862099996,
              47.380313873000034
            ],
            [
              -121.43999481199995,
              47.385513306000064
            ],
            [
              -121.42979431199996,
              47.38681411700003
            ],
            [
              -121.42659759499998,
              47.389610291000054
            ],
            [
              -121.427192688,
              47.39531326300005
            ],
            [
              -121.43349456799996,
              47.39901351900005
            ],
            [
              -121.43269348099994,
              47.40091323900003
            ],
            [
              -121.42379760699998,
              47.40511322000003
            ],
            [
              -121.42309570299994,
              47.41361236600005
            ],
            [
              -121.42549896199995,
              47.41591262800006
            ],
            [
              -121.42829894999994,
              47.41611099200003
            ],
            [
              -121.42709350599995,
              47.42121124300007
            ],
            [
              -121.42289733899997,
              47.42261123700007
            ],
            [
              -121.41179656999998,
              47.421913147000055
            ],
            [
              -121.40979766799995,
              47.42641067500006
            ],
            [
              -121.40409851099997,
              47.430610657000045
            ],
            [
              -121.38439941399997,
              47.43491363500004
            ],
            [
              -121.382194519,
              47.438312531000065
            ],
            [
              -121.38529968299997,
              47.44511413600003
            ],
            [
              -121.38069915799997,
              47.44851303100006
            ],
            [
              -121.37929534899996,
              47.45291137700008
            ],
            [
              -121.36319732699997,
              47.46431350700004
            ],
            [
              -121.34809875499997,
              47.465511322000054
            ],
            [
              -121.34019470199996,
              47.47491073600003
            ],
            [
              -121.33739471399997,
              47.47571182300004
            ],
            [
              -121.33200073199998,
              47.47381210300006
            ],
            [
              -121.32259368899997,
              47.47901153600003
            ],
            [
              -121.31289672899999,
              47.47821044900007
            ],
            [
              -121.302192688,
              47.48671340900006
            ],
            [
              -121.29899597199994,
              47.495613098000035
            ],
            [
              -121.29019927999997,
              47.506313324000075
            ],
            [
              -121.28889465299994,
              47.50991058300008
            ],
            [
              -121.291297913,
              47.51281356800007
            ],
            [
              -121.28459930399998,
              47.51451110800008
            ],
            [
              -121.28479766799995,
              47.51781082200006
            ],
            [
              -121.27959442099996,
              47.52181243900003
            ],
            [
              -121.26139831499995,
              47.52441406200006
            ],
            [
              -121.25629424999994,
              47.53221130400004
            ],
            [
              -121.25389862099996,
              47.53361129800004
            ],
            [
              -121.25159454299995,
              47.53241348300003
            ],
            [
              -121.24309539799998,
              47.53601074200003
            ],
            [
              -121.242996216,
              47.54241180400004
            ],
            [
              -121.23509979199997,
              47.54521179200003
            ],
            [
              -121.23269653299997,
              47.55991363500004
            ],
            [
              -121.228797913,
              47.56521225000006
            ],
            [
              -121.21549987799995,
              47.569011688000046
            ],
            [
              -121.20649719199997,
              47.566013336000026
            ],
            [
              -121.19419860799997,
              47.56631088300003
            ],
            [
              -121.18729400599995,
              47.56811142000004
            ],
            [
              -121.18039703399995,
              47.56501388500004
            ],
            [
              -121.17769622799995,
              47.56591033900003
            ],
            [
              -121.16999816899994,
              47.57851028400006
            ],
            [
              -121.172195435,
              47.58201217700008
            ],
            [
              -121.17079925499996,
              47.58611297600004
            ],
            [
              -121.171897888,
              47.58921432500006
            ],
            [
              -121.15429687499994,
              47.59481430100004
            ],
            [
              -121.151199341,
              47.59521102900004
            ],
            [
              -121.14479827899999,
              47.59281158400006
            ],
            [
              -121.141098022,
              47.593013763000044
            ],
            [
              -121.13689422599998,
              47.59551239000007
            ],
            [
              -121.11989593499999,
              47.59171295200008
            ],
            [
              -121.11829376199995,
              47.596012115000065
            ],
            [
              -121.11569213899998,
              47.59741210900006
            ],
            [
              -121.11209869399994,
              47.59591293300008
            ],
            [
              -121.10999298099995,
              47.59261322000003
            ]
          ]
        ]
      }
    },
    {
      "type": "Feature",
      "properties": {
        "STATE": "WA",
        "CWA": "PDT",
        "COUNTYNAME": "Walla Walla",
        "FIPS": "53071",
        "TIME_ZONE": "P"
      },
      "geometry": {
        "type": "Polygon",
        "coordinates": [
          [
            [
              -118.32249659999997,
              46.60681216000006
            ],
            [
              -118.30569659999998,
              46.605512160000046
            ],
            [
              -118.28339659999995,
              46.59371216000005
            ],
            [
              -118.27389659999994,
              46.59381216000003
            ],
            [
              -118.24979659999997,
              46.60111216000007
            ],
            [
              -118.24069659999998,
              46.59931216000007
            ],
            [
              -118.228797913,
              46.59261290100005
            ],
            [
              -118.22839355499997,
              46.56041336100003
            ],
            [
              -118.24249659999998,
              46.560112160000074
            ],
            [
              -118.24159659999998,
              46.29511216000003
            ],
            [
              -118.1160966,
              46.29541216000007
            ],
            [
              -118.11649659999995,
              46.207912160000035
            ],
            [
              -117.99229659999997,
              46.20781216000006
            ],
            [
              -117.99209659999997,
              46.042212160000076
            ],
            [
              -117.99319659999998,
              46.01921216000005
            ],
            [
              -117.99689601499995,
              46.00131205900004
            ],
            [
              -118.11589813199998,
              46.00011062600004
            ],
            [
              -118.773796082,
              46.001010895000036
            ],
            [
              -118.98709526999994,
              45.99981326900007
            ],
            [
              -118.96269659999996,
              46.01851216000006
            ],
            [
              -118.94539659999998,
              46.025312160000055
            ],
            [
              -118.9414966,
              46.028212160000066
            ],
            [
              -118.94759659999994,
              46.046412160000045
            ],
            [
              -118.94199659999998,
              46.06621216000008
            ],
            [
              -118.94199659999998,
              46.072112160000074
            ],
            [
              -118.94479659999996,
              46.07991216000005
            ],
            [
              -118.96789659999996,
              46.115812160000075
            ],
            [
              -118.9688966,
              46.118612160000055
            ],
            [
              -118.96679659999995,
              46.12751216000004
            ],
            [
              -118.97159659999994,
              46.13581216000006
            ],
            [
              -118.98149659999996,
              46.14681216000008
            ],
            [
              -119.01349659999994,
              46.17561216000007
            ],
            [
              -119.04139659999998,
              46.192812160000074
            ],
            [
              -119.03189659999998,
              46.20741216000005
            ],
            [
              -119.02229659999995,
              46.217112160000056
            ],
            [
              -118.99029659999997,
              46.22931216000006
            ],
            [
              -118.97559659999996,
              46.237912160000064
            ],
            [
              -118.94669659999994,
              46.23981216000004
            ],
            [
              -118.88289659999998,
              46.24981216000003
            ],
            [
              -118.86279659999997,
              46.251612160000036
            ],
            [
              -118.85139659999999,
              46.25891216000008
            ],
            [
              -118.84569659999994,
              46.268112160000044
            ],
            [
              -118.83399659999998,
              46.27371216000006
            ],
            [
              -118.83049659999995,
              46.28061216000003
            ],
            [
              -118.82449659999997,
              46.284712160000026
            ],
            [
              -118.80199659999994,
              46.29051216000005
            ],
            [
              -118.77999659999995,
              46.28961216000005
            ],
            [
              -118.76999659999996,
              46.293612160000066
            ],
            [
              -118.76679659999996,
              46.29851216000003
            ],
            [
              -118.76649659999998,
              46.30201216000006
            ],
            [
              -118.76919659999999,
              46.30831216000007
            ],
            [
              -118.77429659999996,
              46.31371216000008
            ],
            [
              -118.77359659999996,
              46.317812160000074
            ],
            [
              -118.7607966,
              46.327312160000076
            ],
            [
              -118.75759659999994,
              46.342912160000026
            ],
            [
              -118.7453966,
              46.35971216000007
            ],
            [
              -118.72089659999995,
              46.36131216000007
            ],
            [
              -118.70019659999997,
              46.360312160000035
            ],
            [
              -118.69759659999994,
              46.362612160000026
            ],
            [
              -118.69539659999998,
              46.37541216000005
            ],
            [
              -118.69199659999998,
              46.38051216000008
            ],
            [
              -118.67159659999999,
              46.38701216000004
            ],
            [
              -118.65809659999996,
              46.40441216000005
            ],
            [
              -118.63659659999996,
              46.41101216000004
            ],
            [
              -118.63409659999996,
              46.41331216000003
            ],
            [
              -118.63419659999994,
              46.422012160000065
            ],
            [
              -118.63769659999997,
              46.43031216000003
            ],
            [
              -118.63779659999994,
              46.43441216000008
            ],
            [
              -118.63139659999996,
              46.44701216000004
            ],
            [
              -118.63199659999998,
              46.45431216000003
            ],
            [
              -118.61879659999994,
              46.47551216000005
            ],
            [
              -118.62059659999994,
              46.48951216000006
            ],
            [
              -118.61659659999998,
              46.50311216000006
            ],
            [
              -118.58819659999995,
              46.528712160000055
            ],
            [
              -118.56539659999999,
              46.53491216000003
            ],
            [
              -118.56029659999996,
              46.539212160000034
            ],
            [
              -118.54799659999998,
              46.55591216000005
            ],
            [
              -118.52839659999995,
              46.56741216000006
            ],
            [
              -118.49749659999998,
              46.57511216000006
            ],
            [
              -118.48439659999997,
              46.585212160000026
            ],
            [
              -118.47589659999994,
              46.59511216000004
            ],
            [
              -118.46729659999994,
              46.59861216000007
            ],
            [
              -118.45149659999998,
              46.59641216000006
            ],
            [
              -118.42319659999998,
              46.58371216000006
            ],
            [
              -118.39319659999995,
              46.58041216000004
            ],
            [
              -118.38569659999996,
              46.58251216000008
            ],
            [
              -118.37269659999998,
              46.592112160000056
            ],
            [
              -118.36169659999996,
              46.59801216000005
            ],
            [
              -118.32249659999997,
              46.60681216000006
            ]
          ]
        ]
      }
    },
    {
      "type": "Feature",
      "properties": {
        "STATE": "OR",
        "CWA": "PDT",
        "COUNTYNAME": "Gilliam",
        "FIPS": "41021",
        "TIME_ZONE": "P"
      },
      "geometry": {
        "type": "Polygon",
        "coordinates": [
          [
            [
              -119.99839782699996,
              45.62481308000008
            ],
            [
              -119.99919659999995,
              45.52001216000008
            ],
            [
              -120.00029659999996,
              45.51741216000005
            ],
            [
              -120.00459659999996,
              45.51721216000004
            ],
            [
              -120.00669659999994,
              45.25741216000006
            ],
            [
              -119.88199659999998,
              45.25591216000004
            ],
            [
              -119.88299659999996,
              45.16961216000004
            ],
            [
              -119.78489659999997,
              45.169412160000036
            ],
            [
              -119.76009659999994,
              45.16761216000003
            ],
            [
              -119.76039659999998,
              45.081212160000064
            ],
            [
              -119.79019659999994,
              45.08141216000007
            ],
            [
              -119.79039659999995,
              45.06861216000004
            ],
            [
              -119.89029659999994,
              45.068112160000055
            ],
            [
              -119.91989659999996,
              45.06561216000006
            ],
            [
              -120.12839659999997,
              45.065212160000044
            ],
            [
              -120.13139659999996,
              45.06681216000004
            ],
            [
              -120.21429659999995,
              45.06761216000007
            ],
            [
              -120.25519659999998,
              45.065812160000064
            ],
            [
              -120.40219659999997,
              45.066712160000066
            ],
            [
              -120.49539947499994,
              45.069011688000046
            ],
            [
              -120.49649810799997,
              45.076713562000066
            ],
            [
              -120.51159667999997,
              45.09011077900004
            ],
            [
              -120.51479339599996,
              45.09501266500007
            ],
            [
              -120.50909423799999,
              45.101913452000076
            ],
            [
              -120.493392944,
              45.10581207300004
            ],
            [
              -120.484695435,
              45.10451126100003
            ],
            [
              -120.47760009799998,
              45.11131286600005
            ],
            [
              -120.46969604499998,
              45.10771179200003
            ],
            [
              -120.46839904799998,
              45.10291290300006
            ],
            [
              -120.46599578899998,
              45.100811005000025
            ],
            [
              -120.46309661899994,
              45.10141372700008
            ],
            [
              -120.46350097699997,
              45.10471344000007
            ],
            [
              -120.45869445799997,
              45.11931228600008
            ],
            [
              -120.46589660599994,
              45.12951278700007
            ],
            [
              -120.46069335899995,
              45.13751220700004
            ],
            [
              -120.45229339599996,
              45.13951110800008
            ],
            [
              -120.44929504399994,
              45.14241409300007
            ],
            [
              -120.45409393299997,
              45.145511627000076
            ],
            [
              -120.46540069599996,
              45.14471054100005
            ],
            [
              -120.47639465299994,
              45.15231323200004
            ],
            [
              -120.47609710699999,
              45.15601348900003
            ],
            [
              -120.46920013399995,
              45.16351318400007
            ],
            [
              -120.483795166,
              45.17091369600007
            ],
            [
              -120.47579956099997,
              45.173912048000034
            ],
            [
              -120.47299194299995,
              45.17701339700005
            ],
            [
              -120.47449493399995,
              45.179512024000076
            ],
            [
              -120.48729705799997,
              45.18041229200003
            ],
            [
              -120.48769378699996,
              45.18291091900005
            ],
            [
              -120.48149871799995,
              45.18821334800003
            ],
            [
              -120.48249816899994,
              45.193710327000076
            ],
            [
              -120.49039459199997,
              45.19761276200006
            ],
            [
              -120.50249481199995,
              45.19561386100003
            ],
            [
              -120.50729370099998,
              45.19671249400005
            ],
            [
              -120.51649475099998,
              45.199512482000046
            ],
            [
              -120.51979827899999,
              45.20161056500007
            ],
            [
              -120.52109527599998,
              45.204612732000044
            ],
            [
              -120.53039550799997,
              45.20541381800007
            ],
            [
              -120.53399658199999,
              45.210910797000054
            ],
            [
              -120.54149627699996,
              45.21021270800003
            ],
            [
              -120.54279327399996,
              45.212512970000034
            ],
            [
              -120.53839874299996,
              45.21741104100005
            ],
            [
              -120.52700042699996,
              45.21721267700008
            ],
            [
              -120.52420043899997,
              45.21961212200006
            ],
            [
              -120.52429962199994,
              45.222110748000034
            ],
            [
              -120.52739715599995,
              45.22421264600007
            ],
            [
              -120.531196594,
              45.224311829000044
            ],
            [
              -120.54159545899995,
              45.220111847000055
            ],
            [
              -120.54449462899998,
              45.222110748000034
            ],
            [
              -120.54489898699995,
              45.225013733000026
            ],
            [
              -120.54209899899996,
              45.23151397700008
            ],
            [
              -120.54279327399996,
              45.234611511000026
            ],
            [
              -120.54899597199994,
              45.23931121800007
            ],
            [
              -120.55539703399995,
              45.25141143800005
            ],
            [
              -120.55130004899996,
              45.25331115700004
            ],
            [
              -120.53839874299996,
              45.25391387900004
            ],
            [
              -120.53499603299997,
              45.25561142000004
            ],
            [
              -120.53369903599997,
              45.25841140700004
            ],
            [
              -120.53749847399996,
              45.26221084600007
            ],
            [
              -120.54429626499996,
              45.261611938000044
            ],
            [
              -120.54679870599995,
              45.26331329300007
            ],
            [
              -120.54609680199997,
              45.26761245700004
            ],
            [
              -120.541000366,
              45.273410797000054
            ],
            [
              -120.54049682599998,
              45.27661132800006
            ],
            [
              -120.541900635,
              45.27891159100005
            ],
            [
              -120.54859924299996,
              45.28101348900003
            ],
            [
              -120.55459594699994,
              45.28071212800006
            ],
            [
              -120.55259704599996,
              45.28331375100004
            ],
            [
              -120.54439544699994,
              45.28491210900006
            ],
            [
              -120.54269409199998,
              45.28741073600003
            ],
            [
              -120.54799652099996,
              45.29741287200005
            ],
            [
              -120.54659271199995,
              45.30061340300006
            ],
            [
              -120.54389953599997,
              45.30371093800005
            ],
            [
              -120.54019927999997,
              45.304111481000064
            ],
            [
              -120.53759765599995,
              45.29761123700007
            ],
            [
              -120.53509521499996,
              45.29521179200003
            ],
            [
              -120.532096863,
              45.29481124900008
            ],
            [
              -120.526199341,
              45.29721069300007
            ],
            [
              -120.52439880399999,
              45.29961395300006
            ],
            [
              -120.526199341,
              45.30591201800007
            ],
            [
              -120.53999328599997,
              45.31061172500006
            ],
            [
              -120.54079437299998,
              45.31381225600006
            ],
            [
              -120.53869628899997,
              45.31581115700004
            ],
            [
              -120.53109741199995,
              45.31741333000008
            ],
            [
              -120.52799987799995,
              45.32011413600003
            ],
            [
              -120.52769470199996,
              45.32471084600007
            ],
            [
              -120.52919769299996,
              45.32771301300005
            ],
            [
              -120.54039764399994,
              45.32951355000006
            ],
            [
              -120.531196594,
              45.33231353800005
            ],
            [
              -120.531196594,
              45.34161377000004
            ],
            [
              -120.53319549599996,
              45.34371185300006
            ],
            [
              -120.54309844999995,
              45.34661102300004
            ],
            [
              -120.53339386,
              45.35471344000007
            ],
            [
              -120.53139495799996,
              45.36451339700005
            ],
            [
              -120.53449249299996,
              45.369712830000026
            ],
            [
              -120.52409362799995,
              45.37301254300007
            ],
            [
              -120.52359771699997,
              45.37631225600006
            ],
            [
              -120.52050018299997,
              45.37731170700005
            ],
            [
              -120.51469421399997,
              45.37591171300005
            ],
            [
              -120.51319885299995,
              45.37901306200007
            ],
            [
              -120.51959991499996,
              45.38171386700003
            ],
            [
              -120.53009796099997,
              45.38051223800005
            ],
            [
              -120.53239440899995,
              45.38161087000003
            ],
            [
              -120.52919769299996,
              45.385913849000076
            ],
            [
              -120.522895813,
              45.389213562000066
            ],
            [
              -120.51899719199997,
              45.395511627000076
            ],
            [
              -120.52859497099996,
              45.400611877000074
            ],
            [
              -120.52529907199994,
              45.40511322000003
            ],
            [
              -120.50969695999999,
              45.40511322000003
            ],
            [
              -120.50669860799997,
              45.40741348300003
            ],
            [
              -120.50049591099997,
              45.418613434000065
            ],
            [
              -120.48809814499998,
              45.41721344000007
            ],
            [
              -120.48399352999996,
              45.419712067000034
            ],
            [
              -120.48419952399996,
              45.422710419000055
            ],
            [
              -120.48880004899996,
              45.42661285400004
            ],
            [
              -120.50559997599998,
              45.42841339100005
            ],
            [
              -120.50599670399998,
              45.43141174300007
            ],
            [
              -120.50069427499994,
              45.43381118800005
            ],
            [
              -120.48389434799998,
              45.43561172500006
            ],
            [
              -120.48410034199998,
              45.44041061400003
            ],
            [
              -120.49589538599997,
              45.44431304900007
            ],
            [
              -120.49679565399998,
              45.44691085800008
            ],
            [
              -120.49319457999997,
              45.45201110800008
            ],
            [
              -120.48179626499996,
              45.45691299400005
            ],
            [
              -120.48269653299997,
              45.45971298200004
            ],
            [
              -120.48569488499999,
              45.461311340000066
            ],
            [
              -120.49259948699995,
              45.46241378800005
            ],
            [
              -120.49539947499994,
              45.46481323200004
            ],
            [
              -120.49379730199996,
              45.46691131600005
            ],
            [
              -120.46249389599996,
              45.478912354000045
            ],
            [
              -120.45509338399995,
              45.48451232900004
            ],
            [
              -120.45050048799999,
              45.485313416000054
            ],
            [
              -120.44759368899997,
              45.48431396500007
            ],
            [
              -120.43840026899994,
              45.47571182300004
            ],
            [
              -120.42399597199994,
              45.468013763000044
            ],
            [
              -120.40950012199994,
              45.47081375100004
            ],
            [
              -120.40760040299995,
              45.474311829000044
            ],
            [
              -120.411697388,
              45.482013702000074
            ],
            [
              -120.42239379899996,
              45.48321151700003
            ],
            [
              -120.42409515399999,
              45.485313416000054
            ],
            [
              -120.42409515399999,
              45.49181366000005
            ],
            [
              -120.42659759499998,
              45.49611282300003
            ],
            [
              -120.424995422,
              45.49921035800003
            ],
            [
              -120.42249298099995,
              45.500213623000036
            ],
            [
              -120.38609313999996,
              45.49641418500005
            ],
            [
              -120.37719726599994,
              45.49291229200003
            ],
            [
              -120.36569976799996,
              45.496612549000076
            ],
            [
              -120.35999298099995,
              45.508312225000054
            ],
            [
              -120.36899566699998,
              45.516014099000074
            ],
            [
              -120.37889862099996,
              45.51911163300008
            ],
            [
              -120.37999725299994,
              45.523212433000026
            ],
            [
              -120.37129974399994,
              45.53091049200003
            ],
            [
              -120.36079406699997,
              45.530410767000035
            ],
            [
              -120.35820007299998,
              45.53111267100007
            ],
            [
              -120.35799659999998,
              45.53371216000005
            ],
            [
              -120.365656,
              45.53715
            ],
            [
              -120.38263280499996,
              45.53964434300008
            ],
            [
              -120.38839659999996,
              45.548712160000036
            ],
            [
              -120.4054966,
              45.556412160000036
            ],
            [
              -120.40719659999996,
              45.559512160000054
            ],
            [
              -120.40559659999997,
              45.564412160000074
            ],
            [
              -120.40259659999998,
              45.56681216000004
            ],
            [
              -120.40309659999997,
              45.571012160000066
            ],
            [
              -120.40859659999995,
              45.58231216000007
            ],
            [
              -120.41059659999996,
              45.59511216000004
            ],
            [
              -120.4199966,
              45.597512160000065
            ],
            [
              -120.4319966,
              45.59821216000006
            ],
            [
              -120.44259659999994,
              45.60591216000006
            ],
            [
              -120.44639659999996,
              45.614612160000036
            ],
            [
              -120.44499659999997,
              45.61741216000007
            ],
            [
              -120.43849659999995,
              45.62241216000007
            ],
            [
              -120.44029659999995,
              45.62551216000003
            ],
            [
              -120.44329659999994,
              45.62681216000004
            ],
            [
              -120.45019659999997,
              45.626312160000055
            ],
            [
              -120.45669659999999,
              45.62221216000006
            ],
            [
              -120.4654966,
              45.61941216000008
            ],
            [
              -120.46849659999998,
              45.620012160000044
            ],
            [
              -120.47239659999997,
              45.62621216000008
            ],
            [
              -120.47679659999994,
              45.62751216000004
            ],
            [
              -120.48039659999995,
              45.63381216000005
            ],
            [
              -120.48609659999994,
              45.63701216000004
            ],
            [
              -120.47929659999994,
              45.63961216000007
            ],
            [
              -120.4790966,
              45.64391216000007
            ],
            [
              -120.48229659999998,
              45.64501216000008
            ],
            [
              -120.49049659999997,
              45.643712160000064
            ],
            [
              -120.49189659999996,
              45.648812160000034
            ],
            [
              -120.48889659999998,
              45.653712160000055
            ],
            [
              -120.49119659999997,
              45.65581216000004
            ],
            [
              -120.49679659999998,
              45.655412160000026
            ],
            [
              -120.50079659999994,
              45.657112160000054
            ],
            [
              -120.50929659999997,
              45.66471216000008
            ],
            [
              -120.53099659999998,
              45.67181216000006
            ],
            [
              -120.54569659999999,
              45.669112160000054
            ],
            [
              -120.54869659999997,
              45.66991216000008
            ],
            [
              -120.5535966,
              45.67841216000005
            ],
            [
              -120.56659659999997,
              45.686212160000025
            ],
            [
              -120.56879659999998,
              45.69271216000004
            ],
            [
              -120.57679659999997,
              45.69831216000006
            ],
            [
              -120.58729659999995,
              45.70161216000008
            ],
            [
              -120.60239659999996,
              45.70291216000004
            ],
            [
              -120.60429659999994,
              45.71091216000008
            ],
            [
              -120.60679659999994,
              45.71471216000003
            ],
            [
              -120.61709659999997,
              45.72071216000006
            ],
            [
              -120.62329659999995,
              45.721912160000045
            ],
            [
              -120.63769659999997,
              45.721112160000075
            ],
            [
              -120.6443966,
              45.722812160000046
            ],
            [
              -120.65329624599997,
              45.73701165500006
            ],
            [
              -120.63509368899997,
              45.74581146200006
            ],
            [
              -120.59119415299995,
              45.746513367000034
            ],
            [
              -120.55949401899994,
              45.738311768000074
            ],
            [
              -120.52179717999996,
              45.70981216400003
            ],
            [
              -120.50589752199994,
              45.70001220700004
            ],
            [
              -120.48239898699995,
              45.69441223100006
            ],
            [
              -120.40329742399996,
              45.69931411700003
            ],
            [
              -120.32809448199998,
              45.71111297600004
            ],
            [
              -120.28529357899998,
              45.72081375100004
            ],
            [
              -120.21109771699997,
              45.725914001000035
            ],
            [
              -120.17049407999997,
              45.76191330000006
            ],
            [
              -120.14139556899994,
              45.77311325100004
            ],
            [
              -120.07019805899995,
              45.78511047400008
            ],
            [
              -120.00029754599996,
              45.812210083000025
            ],
            [
              -119.99839782699996,
              45.62481308000008
            ]
          ]
        ]
      }
    },
    {
      "type": "Feature",
      "properties": {
        "STATE": "OR",
        "CWA": "PDT",
        "COUNTYNAME": "Sherman",
        "FIPS": "41055",
        "TIME_ZONE": "P"
      },
      "geometry": {
        "type": "Polygon",
        "coordinates": [
          [
            [
              -120.64139659999995,
              45.72141216000006
            ],
            [
              -120.62329659999995,
              45.721912160000045
            ],
            [
              -120.61709659999997,
              45.72071216000006
            ],
            [
              -120.60679659999994,
              45.71471216000003
            ],
            [
              -120.60429659999994,
              45.71091216000008
            ],
            [
              -120.60239659999996,
              45.70291216000004
            ],
            [
              -120.58729659999995,
              45.70161216000008
            ],
            [
              -120.57679659999997,
              45.69831216000006
            ],
            [
              -120.57189659999995,
              45.695112160000065
            ],
            [
              -120.56879659999998,
              45.69271216000004
            ],
            [
              -120.56659659999997,
              45.686212160000025
            ],
            [
              -120.5535966,
              45.67841216000005
            ],
            [
              -120.54869659999997,
              45.66991216000008
            ],
            [
              -120.54569659999999,
              45.669112160000054
            ],
            [
              -120.53099659999998,
              45.67181216000006
            ],
            [
              -120.50929659999997,
              45.66471216000008
            ],
            [
              -120.50079659999994,
              45.657112160000054
            ],
            [
              -120.49679659999998,
              45.655412160000026
            ],
            [
              -120.49119659999997,
              45.65581216000004
            ],
            [
              -120.48889659999998,
              45.653712160000055
            ],
            [
              -120.49189659999996,
              45.648812160000034
            ],
            [
              -120.49049659999997,
              45.643712160000064
            ],
            [
              -120.48229659999998,
              45.64501216000008
            ],
            [
              -120.4790966,
              45.64391216000007
            ],
            [
              -120.47929659999994,
              45.63961216000007
            ],
            [
              -120.48609659999994,
              45.63701216000004
            ],
            [
              -120.48039659999995,
              45.63381216000005
            ],
            [
              -120.47679659999994,
              45.62751216000004
            ],
            [
              -120.47239659999997,
              45.62621216000008
            ],
            [
              -120.46849659999998,
              45.620012160000044
            ],
            [
              -120.4654966,
              45.61941216000008
            ],
            [
              -120.45669659999999,
              45.62221216000006
            ],
            [
              -120.45019659999997,
              45.626312160000055
            ],
            [
              -120.44329659999994,
              45.62681216000004
            ],
            [
              -120.44029659999995,
              45.62551216000003
            ],
            [
              -120.43849659999995,
              45.62241216000007
            ],
            [
              -120.44499659999997,
              45.61741216000007
            ],
            [
              -120.44639659999996,
              45.614612160000036
            ],
            [
              -120.44259659999994,
              45.60591216000006
            ],
            [
              -120.4319966,
              45.59821216000006
            ],
            [
              -120.4199966,
              45.597512160000065
            ],
            [
              -120.41059659999996,
              45.59511216000004
            ],
            [
              -120.40859659999995,
              45.58231216000007
            ],
            [
              -120.40309659999997,
              45.571012160000066
            ],
            [
              -120.40259659999998,
              45.56681216000004
            ],
            [
              -120.40559659999997,
              45.564412160000074
            ],
            [
              -120.40719659999996,
              45.559512160000054
            ],
            [
              -120.4054966,
              45.556412160000036
            ],
            [
              -120.38839659999996,
              45.548712160000036
            ],
            [
              -120.38263280499996,
              45.53964434300008
            ],
            [
              -120.365656,
              45.53715
            ],
            [
              -120.35799659999998,
              45.53371216000005
            ],
            [
              -120.35820007299998,
              45.53111267100007
            ],
            [
              -120.36079406699997,
              45.530410767000035
            ],
            [
              -120.37129974399994,
              45.53091049200003
            ],
            [
              -120.37999725299994,
              45.523212433000026
            ],
            [
              -120.37889862099996,
              45.51911163300008
            ],
            [
              -120.36899566699998,
              45.516014099000074
            ],
            [
              -120.35999298099995,
              45.508312225000054
            ],
            [
              -120.36569976799996,
              45.496612549000076
            ],
            [
              -120.37719726599994,
              45.49291229200003
            ],
            [
              -120.38609313999996,
              45.49641418500005
            ],
            [
              -120.42249298099995,
              45.500213623000036
            ],
            [
              -120.424995422,
              45.49921035800003
            ],
            [
              -120.42659759499998,
              45.49611282300003
            ],
            [
              -120.42409515399999,
              45.49181366000005
            ],
            [
              -120.42409515399999,
              45.485313416000054
            ],
            [
              -120.42239379899996,
              45.48321151700003
            ],
            [
              -120.411697388,
              45.482013702000074
            ],
            [
              -120.40760040299995,
              45.474311829000044
            ],
            [
              -120.40950012199994,
              45.47081375100004
            ],
            [
              -120.42399597199994,
              45.468013763000044
            ],
            [
              -120.43840026899994,
              45.47571182300004
            ],
            [
              -120.44759368899997,
              45.48431396500007
            ],
            [
              -120.45050048799999,
              45.485313416000054
            ],
            [
              -120.45509338399995,
              45.48451232900004
            ],
            [
              -120.46249389599996,
              45.478912354000045
            ],
            [
              -120.49379730199996,
              45.46691131600005
            ],
            [
              -120.49539947499994,
              45.46481323200004
            ],
            [
              -120.49259948699995,
              45.46241378800005
            ],
            [
              -120.48569488499999,
              45.461311340000066
            ],
            [
              -120.48269653299997,
              45.45971298200004
            ],
            [
              -120.48179626499996,
              45.45691299400005
            ],
            [
              -120.49319457999997,
              45.45201110800008
            ],
            [
              -120.49679565399998,
              45.44691085800008
            ],
            [
              -120.49589538599997,
              45.44431304900007
            ],
            [
              -120.48410034199998,
              45.44041061400003
            ],
            [
              -120.48389434799998,
              45.43561172500006
            ],
            [
              -120.50069427499994,
              45.43381118800005
            ],
            [
              -120.50599670399998,
              45.43141174300007
            ],
            [
              -120.50559997599998,
              45.42841339100005
            ],
            [
              -120.48880004899996,
              45.42661285400004
            ],
            [
              -120.48419952399996,
              45.422710419000055
            ],
            [
              -120.48399352999996,
              45.419712067000034
            ],
            [
              -120.48809814499998,
              45.41721344000007
            ],
            [
              -120.50049591099997,
              45.418613434000065
            ],
            [
              -120.50669860799997,
              45.40741348300003
            ],
            [
              -120.50969695999999,
              45.40511322000003
            ],
            [
              -120.52529907199994,
              45.40511322000003
            ],
            [
              -120.52859497099996,
              45.400611877000074
            ],
            [
              -120.51899719199997,
              45.395511627000076
            ],
            [
              -120.522895813,
              45.389213562000066
            ],
            [
              -120.52919769299996,
              45.385913849000076
            ],
            [
              -120.53239440899995,
              45.38161087000003
            ],
            [
              -120.53009796099997,
              45.38051223800005
            ],
            [
              -120.51959991499996,
              45.38171386700003
            ],
            [
              -120.51319885299995,
              45.37901306200007
            ],
            [
              -120.51469421399997,
              45.37591171300005
            ],
            [
              -120.52050018299997,
              45.37731170700005
            ],
            [
              -120.52359771699997,
              45.37631225600006
            ],
            [
              -120.52409362799995,
              45.37301254300007
            ],
            [
              -120.53449249299996,
              45.369712830000026
            ],
            [
              -120.53139495799996,
              45.36451339700005
            ],
            [
              -120.53339386,
              45.35471344000007
            ],
            [
              -120.54309844999995,
              45.34661102300004
            ],
            [
              -120.53319549599996,
              45.34371185300006
            ],
            [
              -120.531196594,
              45.34161377000004
            ],
            [
              -120.531196594,
              45.33231353800005
            ],
            [
              -120.54039764399994,
              45.32951355000006
            ],
            [
              -120.52919769299996,
              45.32771301300005
            ],
            [
              -120.52769470199996,
              45.32471084600007
            ],
            [
              -120.52799987799995,
              45.32011413600003
            ],
            [
              -120.53109741199995,
              45.31741333000008
            ],
            [
              -120.53869628899997,
              45.31581115700004
            ],
            [
              -120.54079437299998,
              45.31381225600006
            ],
            [
              -120.53999328599997,
              45.31061172500006
            ],
            [
              -120.526199341,
              45.30591201800007
            ],
            [
              -120.52439880399999,
              45.29961395300006
            ],
            [
              -120.526199341,
              45.29721069300007
            ],
            [
              -120.532096863,
              45.29481124900008
            ],
            [
              -120.53509521499996,
              45.29521179200003
            ],
            [
              -120.53759765599995,
              45.29761123700007
            ],
            [
              -120.54019927999997,
              45.304111481000064
            ],
            [
              -120.54389953599997,
              45.30371093800005
            ],
            [
              -120.54659271199995,
              45.30061340300006
            ],
            [
              -120.54799652099996,
              45.29741287200005
            ],
            [
              -120.54269409199998,
              45.28741073600003
            ],
            [
              -120.54439544699994,
              45.28491210900006
            ],
            [
              -120.55259704599996,
              45.28331375100004
            ],
            [
              -120.55459594699994,
              45.28071212800006
            ],
            [
              -120.54859924299996,
              45.28101348900003
            ],
            [
              -120.541900635,
              45.27891159100005
            ],
            [
              -120.54049682599998,
              45.27661132800006
            ],
            [
              -120.541000366,
              45.273410797000054
            ],
            [
              -120.54609680199997,
              45.26761245700004
            ],
            [
              -120.54679870599995,
              45.26331329300007
            ],
            [
              -120.54429626499996,
              45.261611938000044
            ],
            [
              -120.53749847399996,
              45.26221084600007
            ],
            [
              -120.53369903599997,
              45.25841140700004
            ],
            [
              -120.53499603299997,
              45.25561142000004
            ],
            [
              -120.53839874299996,
              45.25391387900004
            ],
            [
              -120.55130004899996,
              45.25331115700004
            ],
            [
              -120.55539703399995,
              45.25141143800005
            ],
            [
              -120.54899597199994,
              45.23931121800007
            ],
            [
              -120.54279327399996,
              45.234611511000026
            ],
            [
              -120.54209899899996,
              45.23151397700008
            ],
            [
              -120.54489898699995,
              45.225013733000026
            ],
            [
              -120.54449462899998,
              45.222110748000034
            ],
            [
              -120.54159545899995,
              45.220111847000055
            ],
            [
              -120.531196594,
              45.224311829000044
            ],
            [
              -120.52739715599995,
              45.22421264600007
            ],
            [
              -120.52429962199994,
              45.222110748000034
            ],
            [
              -120.52420043899997,
              45.21961212200006
            ],
            [
              -120.52700042699996,
              45.21721267700008
            ],
            [
              -120.53839874299996,
              45.21741104100005
            ],
            [
              -120.54279327399996,
              45.212512970000034
            ],
            [
              -120.54149627699996,
              45.21021270800003
            ],
            [
              -120.53399658199999,
              45.210910797000054
            ],
            [
              -120.53039550799997,
              45.20541381800007
            ],
            [
              -120.52109527599998,
              45.204612732000044
            ],
            [
              -120.51979827899999,
              45.20161056500007
            ],
            [
              -120.51649475099998,
              45.199512482000046
            ],
            [
              -120.50729370099998,
              45.19671249400005
            ],
            [
              -120.50249481199995,
              45.19561386100003
            ],
            [
              -120.49039459199997,
              45.19761276200006
            ],
            [
              -120.48249816899994,
              45.193710327000076
            ],
            [
              -120.48149871799995,
              45.18821334800003
            ],
            [
              -120.48769378699996,
              45.18291091900005
            ],
            [
              -120.48729705799997,
              45.18041229200003
            ],
            [
              -120.47449493399995,
              45.179512024000076
            ],
            [
              -120.47299194299995,
              45.17701339700005
            ],
            [
              -120.47579956099997,
              45.173912048000034
            ],
            [
              -120.483795166,
              45.17091369600007
            ],
            [
              -120.46920013399995,
              45.16351318400007
            ],
            [
              -120.47609710699999,
              45.15601348900003
            ],
            [
              -120.47639465299994,
              45.15231323200004
            ],
            [
              -120.46540069599996,
              45.14471054100005
            ],
            [
              -120.45409393299997,
              45.145511627000076
            ],
            [
              -120.44929504399994,
              45.14241409300007
            ],
            [
              -120.45229339599996,
              45.13951110800008
            ],
            [
              -120.46069335899995,
              45.13751220700004
            ],
            [
              -120.46589660599994,
              45.12951278700007
            ],
            [
              -120.45869445799997,
              45.11931228600008
            ],
            [
              -120.46350097699997,
              45.10471344000007
            ],
            [
              -120.46309661899994,
              45.10141372700008
            ],
            [
              -120.46599578899998,
              45.100811005000025
            ],
            [
              -120.46839904799998,
              45.10291290300006
            ],
            [
              -120.46969604499998,
              45.10771179200003
            ],
            [
              -120.47760009799998,
              45.11131286600005
            ],
            [
              -120.484695435,
              45.10451126100003
            ],
            [
              -120.493392944,
              45.10581207300004
            ],
            [
              -120.50909423799999,
              45.101913452000076
            ],
            [
              -120.51479339599996,
              45.09501266500007
            ],
            [
              -120.51159667999997,
              45.09011077900004
            ],
            [
              -120.50369262699996,
              45.083312988000046
            ],
            [
              -120.7299966,
              45.08401216000004
            ],
            [
              -120.72919659999997,
              45.089212160000045
            ],
            [
              -120.72699659999995,
              45.090612160000035
            ],
            [
              -120.72729659999999,
              45.09991216000003
            ],
            [
              -120.72539659999995,
              45.10341216000006
            ],
            [
              -120.71919659999998,
              45.10851216000003
            ],
            [
              -120.71839659999995,
              45.112612160000026
            ],
            [
              -120.7188966,
              45.11981216000004
            ],
            [
              -120.72369659999998,
              45.12561216000006
            ],
            [
              -120.72389659999999,
              45.129712160000054
            ],
            [
              -120.73319659999999,
              45.13451216000004
            ],
            [
              -120.74509659999995,
              45.13721216000005
            ],
            [
              -120.75419659999994,
              45.14411216000008
            ],
            [
              -120.76139659999996,
              45.14441216000006
            ],
            [
              -120.76199659999997,
              45.149412160000054
            ],
            [
              -120.76429659999997,
              45.15021216000008
            ],
            [
              -120.76889659999995,
              45.156512160000034
            ],
            [
              -120.76769659999997,
              45.15911216000006
            ],
            [
              -120.77209659999994,
              45.16251216000006
            ],
            [
              -120.79109659999995,
              45.16391216000005
            ],
            [
              -120.80839659999998,
              45.168612160000066
            ],
            [
              -120.81249659999997,
              45.17191216000003
            ],
            [
              -120.83659659999995,
              45.18071216000004
            ],
            [
              -120.84109659999996,
              45.18581216000007
            ],
            [
              -120.85329659999996,
              45.19101216000007
            ],
            [
              -120.85869659999997,
              45.195412160000046
            ],
            [
              -120.86319659999998,
              45.194812160000026
            ],
            [
              -120.87009659999995,
              45.19871216000007
            ],
            [
              -120.88559659999999,
              45.19981216000008
            ],
            [
              -120.88929659999997,
              45.20181216000003
            ],
            [
              -120.89399659999998,
              45.20101216000006
            ],
            [
              -120.90079659999998,
              45.20321216000008
            ],
            [
              -120.9174966,
              45.197912160000044
            ],
            [
              -120.92069659999999,
              45.19841216000003
            ],
            [
              -120.91949659999995,
              45.20201216000004
            ],
            [
              -120.92919659999995,
              45.200212160000035
            ],
            [
              -120.93239659999995,
              45.20261216000006
            ],
            [
              -120.94029659999995,
              45.198212160000026
            ],
            [
              -120.95189659999994,
              45.20181216000003
            ],
            [
              -120.95399659999998,
              45.20001216000003
            ],
            [
              -120.95399659999998,
              45.19641216000008
            ],
            [
              -120.97649659999996,
              45.20011216000006
            ],
            [
              -120.98279659999997,
              45.19991216000005
            ],
            [
              -120.98469659999995,
              45.198012160000076
            ],
            [
              -120.99809659999994,
              45.207912160000035
            ],
            [
              -121.00449659999998,
              45.208512160000055
            ],
            [
              -121.00909659999996,
              45.210812160000046
            ],
            [
              -121.01229659999996,
              45.20921216000005
            ],
            [
              -121.01519659999997,
              45.21321216000007
            ],
            [
              -121.01839659999996,
              45.212512160000074
            ],
            [
              -121.0193966,
              45.21511216000005
            ],
            [
              -121.01809659999998,
              45.21721216000003
            ],
            [
              -121.02379659999997,
              45.219112160000066
            ],
            [
              -121.02179659999996,
              45.222512160000065
            ],
            [
              -121.02299659999994,
              45.22521216000007
            ],
            [
              -121.0193966,
              45.22851216000004
            ],
            [
              -121.02399659999998,
              45.23231216000005
            ],
            [
              -121.02149659999998,
              45.23491216000008
            ],
            [
              -121.02509659999998,
              45.23911216000005
            ],
            [
              -121.02199659999997,
              45.245612160000064
            ],
            [
              -121.02389659999994,
              45.26351216000006
            ],
            [
              -121.01919659999999,
              45.268412160000025
            ],
            [
              -121.02399659999998,
              45.27281216000006
            ],
            [
              -121.02439659999999,
              45.275912160000075
            ],
            [
              -121.01819659999995,
              45.28121216000005
            ],
            [
              -121.01929659999996,
              45.28571216000006
            ],
            [
              -121.02749659999995,
              45.284412160000045
            ],
            [
              -121.03059659999997,
              45.28571216000006
            ],
            [
              -121.01979659999995,
              45.294712160000074
            ],
            [
              -121.01769659999997,
              45.30451216000006
            ],
            [
              -121.01539659999997,
              45.30711216000003
            ],
            [
              -121.0082966,
              45.31001216000004
            ],
            [
              -120.99769659999998,
              45.306712160000075
            ],
            [
              -120.99229659999997,
              45.307812160000026
            ],
            [
              -120.98569659999998,
              45.320112160000065
            ],
            [
              -120.98189659999997,
              45.32231216000008
            ],
            [
              -120.97279659999998,
              45.31971216000005
            ],
            [
              -120.97419659999997,
              45.31231216000003
            ],
            [
              -120.97299659999999,
              45.30961216000003
            ],
            [
              -120.96829659999997,
              45.30721216000006
            ],
            [
              -120.95899659999998,
              45.30831216000007
            ],
            [
              -120.95619659999994,
              45.311012160000075
            ],
            [
              -120.95419659999999,
              45.316712160000066
            ],
            [
              -120.94659659999996,
              45.32421216000006
            ],
            [
              -120.9457966,
              45.32711216000007
            ],
            [
              -120.94629659999998,
              45.33051216000007
            ],
            [
              -120.95519659999997,
              45.335012160000076
            ],
            [
              -120.95249659999996,
              45.337512160000074
            ],
            [
              -120.94949659999997,
              45.33761216000005
            ],
            [
              -120.9380966,
              45.33131216000004
            ],
            [
              -120.93479659999997,
              45.33111216000003
            ],
            [
              -120.93219659999994,
              45.33451216000003
            ],
            [
              -120.93369659999996,
              45.338412160000075
            ],
            [
              -120.93879659999999,
              45.34161216000007
            ],
            [
              -120.93869659999996,
              45.34671216000004
            ],
            [
              -120.9217966,
              45.34801216000005
            ],
            [
              -120.91979659999998,
              45.35221216000008
            ],
            [
              -120.92029659999997,
              45.35921216000003
            ],
            [
              -120.91869659999998,
              45.36131216000007
            ],
            [
              -120.91219659999996,
              45.362612160000026
            ],
            [
              -120.90249659999995,
              45.360912160000055
            ],
            [
              -120.9002966,
              45.36251216000005
            ],
            [
              -120.89759659999999,
              45.374912160000065
            ],
            [
              -120.88369659999995,
              45.38721216000005
            ],
            [
              -120.88169659999994,
              45.39221216000004
            ],
            [
              -120.87069659999997,
              45.388312160000055
            ],
            [
              -120.86629659999994,
              45.39071216000008
            ],
            [
              -120.86859659999999,
              45.40041216000003
            ],
            [
              -120.86629659999994,
              45.41271216000007
            ],
            [
              -120.86169659999996,
              45.42241216000008
            ],
            [
              -120.86159659999998,
              45.428312160000075
            ],
            [
              -120.85179659999994,
              45.42731216000004
            ],
            [
              -120.84969659999996,
              45.42941216000003
            ],
            [
              -120.85079659999997,
              45.432812160000026
            ],
            [
              -120.85879659999995,
              45.435412160000055
            ],
            [
              -120.86419659999996,
              45.43951216000005
            ],
            [
              -120.86539659999994,
              45.445412160000046
            ],
            [
              -120.85899659999995,
              45.459912160000044
            ],
            [
              -120.85699659999995,
              45.461412160000066
            ],
            [
              -120.84699659999995,
              45.46211216000006
            ],
            [
              -120.83839659999995,
              45.467112160000056
            ],
            [
              -120.83569659999995,
              45.47071216000006
            ],
            [
              -120.83919659999998,
              45.48241216000008
            ],
            [
              -120.83339659999996,
              45.49491216000007
            ],
            [
              -120.83879659999997,
              45.502212160000056
            ],
            [
              -120.83419659999998,
              45.50781216000007
            ],
            [
              -120.82629659999998,
              45.51141216000008
            ],
            [
              -120.82599659999994,
              45.51461216000007
            ],
            [
              -120.83929659999995,
              45.51631216000004
            ],
            [
              -120.86449659999994,
              45.528712160000055
            ],
            [
              -120.88129659999998,
              45.52721216000003
            ],
            [
              -120.88379659999998,
              45.52941216000005
            ],
            [
              -120.88469659999998,
              45.53881216000008
            ],
            [
              -120.89829659999998,
              45.54391216000005
            ],
            [
              -120.89989659999998,
              45.549812160000045
            ],
            [
              -120.90919659999997,
              45.55991216000007
            ],
            [
              -120.90589659999995,
              45.566112160000046
            ],
            [
              -120.90409659999995,
              45.57651216000005
            ],
            [
              -120.89499659999996,
              45.58931216000008
            ],
            [
              -120.89829659999998,
              45.59581216000004
            ],
            [
              -120.91179659999995,
              45.60581216000003
            ],
            [
              -120.91129659999996,
              45.60851216000003
            ],
            [
              -120.90469659999997,
              45.61561216000007
            ],
            [
              -120.90419659999998,
              45.61911216000004
            ],
            [
              -120.90619659999999,
              45.62501216000004
            ],
            [
              -120.91439659999998,
              45.63501216000003
            ],
            [
              -120.91589659999994,
              45.64131216000004
            ],
            [
              -120.91349792499994,
              45.640010834000066
            ],
            [
              -120.89559936499995,
              45.64291381800007
            ],
            [
              -120.85569763199999,
              45.67151260400004
            ],
            [
              -120.78889465299994,
              45.68621063200004
            ],
            [
              -120.689399719,
              45.71581268300008
            ],
            [
              -120.66949462899998,
              45.72971344000007
            ],
            [
              -120.65329624599997,
              45.73701165500006
            ],
            [
              -120.64619659999994,
              45.72501216000006
            ],
            [
              -120.64139659999995,
              45.72141216000006
            ]
          ]
        ]
      }
    },
    {
      "type": "Feature",
      "properties": {
        "STATE": "OR",
        "CWA": "PDT",
        "COUNTYNAME": "Wasco",
        "FIPS": "41065",
        "TIME_ZONE": "P"
      },
      "geometry": {
        "type": "Polygon",
        "coordinates": [
          [
            [
              -121.31219482399996,
              45.69991302500006
            ],
            [
              -121.28730011,
              45.687011719000054
            ],
            [
              -121.21579742399996,
              45.67121124300007
            ],
            [
              -121.20009612999996,
              45.64891052200005
            ],
            [
              -121.195297241,
              45.628513336000026
            ],
            [
              -121.19659423799999,
              45.61671066300005
            ],
            [
              -121.18379974399994,
              45.60641098000008
            ],
            [
              -121.14550018299997,
              45.60791397100007
            ],
            [
              -121.14019775399998,
              45.611511230000076
            ],
            [
              -121.13199615499997,
              45.60971069300007
            ],
            [
              -121.11789703399995,
              45.61781311000004
            ],
            [
              -121.12009429899996,
              45.62311172500006
            ],
            [
              -121.08579254199998,
              45.64731216400003
            ],
            [
              -121.064399719,
              45.65251159700006
            ],
            [
              -121.03359985399999,
              45.651012421000075
            ],
            [
              -121.00749969499998,
              45.65321350100004
            ],
            [
              -120.98449706999997,
              45.64851379400005
            ],
            [
              -120.95309448199998,
              45.656711578000056
            ],
            [
              -120.944000244,
              45.65641021700003
            ],
            [
              -120.91589659999994,
              45.64131216000004
            ],
            [
              -120.91439659999998,
              45.63501216000003
            ],
            [
              -120.90619659999999,
              45.62501216000004
            ],
            [
              -120.90419659999998,
              45.61911216000004
            ],
            [
              -120.90469659999997,
              45.61561216000007
            ],
            [
              -120.91129659999996,
              45.60851216000003
            ],
            [
              -120.91179659999995,
              45.60581216000003
            ],
            [
              -120.89829659999998,
              45.59581216000004
            ],
            [
              -120.89499659999996,
              45.58931216000008
            ],
            [
              -120.90409659999995,
              45.57651216000005
            ],
            [
              -120.90589659999995,
              45.566112160000046
            ],
            [
              -120.90919659999997,
              45.55991216000007
            ],
            [
              -120.89989659999998,
              45.549812160000045
            ],
            [
              -120.89829659999998,
              45.54391216000005
            ],
            [
              -120.88469659999998,
              45.53881216000008
            ],
            [
              -120.88379659999998,
              45.52941216000005
            ],
            [
              -120.88129659999998,
              45.52721216000003
            ],
            [
              -120.86449659999994,
              45.528712160000055
            ],
            [
              -120.83929659999995,
              45.51631216000004
            ],
            [
              -120.82599659999994,
              45.51461216000007
            ],
            [
              -120.82629659999998,
              45.51141216000008
            ],
            [
              -120.83419659999998,
              45.50781216000007
            ],
            [
              -120.83879659999997,
              45.502212160000056
            ],
            [
              -120.83339659999996,
              45.49491216000007
            ],
            [
              -120.83919659999998,
              45.48241216000008
            ],
            [
              -120.83569659999995,
              45.47071216000006
            ],
            [
              -120.83839659999995,
              45.467112160000056
            ],
            [
              -120.84699659999995,
              45.46211216000006
            ],
            [
              -120.85699659999995,
              45.461412160000066
            ],
            [
              -120.85899659999995,
              45.459912160000044
            ],
            [
              -120.86539659999994,
              45.445412160000046
            ],
            [
              -120.86419659999996,
              45.43951216000005
            ],
            [
              -120.85879659999995,
              45.435412160000055
            ],
            [
              -120.85079659999997,
              45.432812160000026
            ],
            [
              -120.84969659999996,
              45.42941216000003
            ],
            [
              -120.85179659999994,
              45.42731216000004
            ],
            [
              -120.86159659999998,
              45.428312160000075
            ],
            [
              -120.86169659999996,
              45.42241216000008
            ],
            [
              -120.86629659999994,
              45.41271216000007
            ],
            [
              -120.86859659999999,
              45.40041216000003
            ],
            [
              -120.86629659999994,
              45.39071216000008
            ],
            [
              -120.87069659999997,
              45.388312160000055
            ],
            [
              -120.88169659999994,
              45.39221216000004
            ],
            [
              -120.88369659999995,
              45.38721216000005
            ],
            [
              -120.89759659999999,
              45.374912160000065
            ],
            [
              -120.9002966,
              45.36251216000005
            ],
            [
              -120.90249659999995,
              45.360912160000055
            ],
            [
              -120.91219659999996,
              45.362612160000026
            ],
            [
              -120.91869659999998,
              45.36131216000007
            ],
            [
              -120.92029659999997,
              45.35921216000003
            ],
            [
              -120.91979659999998,
              45.35221216000008
            ],
            [
              -120.9217966,
              45.34801216000005
            ],
            [
              -120.93869659999996,
              45.34671216000004
            ],
            [
              -120.93879659999999,
              45.34161216000007
            ],
            [
              -120.93369659999996,
              45.338412160000075
            ],
            [
              -120.93219659999994,
              45.33451216000003
            ],
            [
              -120.93479659999997,
              45.33111216000003
            ],
            [
              -120.9380966,
              45.33131216000004
            ],
            [
              -120.94949659999997,
              45.33761216000005
            ],
            [
              -120.95249659999996,
              45.337512160000074
            ],
            [
              -120.95519659999997,
              45.335012160000076
            ],
            [
              -120.94629659999998,
              45.33051216000007
            ],
            [
              -120.9457966,
              45.32711216000007
            ],
            [
              -120.94659659999996,
              45.32421216000006
            ],
            [
              -120.95419659999999,
              45.316712160000066
            ],
            [
              -120.95619659999994,
              45.311012160000075
            ],
            [
              -120.95899659999998,
              45.30831216000007
            ],
            [
              -120.96829659999997,
              45.30721216000006
            ],
            [
              -120.97299659999999,
              45.30961216000003
            ],
            [
              -120.97419659999997,
              45.31231216000003
            ],
            [
              -120.97279659999998,
              45.31971216000005
            ],
            [
              -120.98189659999997,
              45.32231216000008
            ],
            [
              -120.98569659999998,
              45.320112160000065
            ],
            [
              -120.99229659999997,
              45.307812160000026
            ],
            [
              -120.99769659999998,
              45.306712160000075
            ],
            [
              -121.0082966,
              45.31001216000004
            ],
            [
              -121.01539659999997,
              45.30711216000003
            ],
            [
              -121.01769659999997,
              45.30451216000006
            ],
            [
              -121.01979659999995,
              45.294712160000074
            ],
            [
              -121.03059659999997,
              45.28571216000006
            ],
            [
              -121.02749659999995,
              45.284412160000045
            ],
            [
              -121.01929659999996,
              45.28571216000006
            ],
            [
              -121.01819659999995,
              45.28121216000005
            ],
            [
              -121.02439659999999,
              45.275912160000075
            ],
            [
              -121.02399659999998,
              45.27281216000006
            ],
            [
              -121.01919659999999,
              45.268412160000025
            ],
            [
              -121.02389659999994,
              45.26351216000006
            ],
            [
              -121.02199659999997,
              45.245612160000064
            ],
            [
              -121.02509659999998,
              45.23911216000005
            ],
            [
              -121.02149659999998,
              45.23491216000008
            ],
            [
              -121.02399659999998,
              45.23231216000005
            ],
            [
              -121.0193966,
              45.22851216000004
            ],
            [
              -121.02299659999994,
              45.22521216000007
            ],
            [
              -121.02179659999996,
              45.222512160000065
            ],
            [
              -121.02379659999997,
              45.219112160000066
            ],
            [
              -121.01809659999998,
              45.21721216000003
            ],
            [
              -121.0193966,
              45.21511216000005
            ],
            [
              -121.01839659999996,
              45.212512160000074
            ],
            [
              -121.01519659999997,
              45.21321216000007
            ],
            [
              -121.01229659999996,
              45.20921216000005
            ],
            [
              -121.00909659999996,
              45.210812160000046
            ],
            [
              -121.00449659999998,
              45.208512160000055
            ],
            [
              -120.99809659999994,
              45.207912160000035
            ],
            [
              -120.98469659999995,
              45.198012160000076
            ],
            [
              -120.98279659999997,
              45.19991216000005
            ],
            [
              -120.97649659999996,
              45.20011216000006
            ],
            [
              -120.95399659999998,
              45.19641216000008
            ],
            [
              -120.95399659999998,
              45.20001216000003
            ],
            [
              -120.95189659999994,
              45.20181216000003
            ],
            [
              -120.94029659999995,
              45.198212160000026
            ],
            [
              -120.93239659999995,
              45.20261216000006
            ],
            [
              -120.92919659999995,
              45.200212160000035
            ],
            [
              -120.91949659999995,
              45.20201216000004
            ],
            [
              -120.92069659999999,
              45.19841216000003
            ],
            [
              -120.9174966,
              45.197912160000044
            ],
            [
              -120.90079659999998,
              45.20321216000008
            ],
            [
              -120.89399659999998,
              45.20101216000006
            ],
            [
              -120.88929659999997,
              45.20181216000003
            ],
            [
              -120.88559659999999,
              45.19981216000008
            ],
            [
              -120.87009659999995,
              45.19871216000007
            ],
            [
              -120.86319659999998,
              45.194812160000026
            ],
            [
              -120.85869659999997,
              45.195412160000046
            ],
            [
              -120.85329659999996,
              45.19101216000007
            ],
            [
              -120.84109659999996,
              45.18581216000007
            ],
            [
              -120.83659659999995,
              45.18071216000004
            ],
            [
              -120.81249659999997,
              45.17191216000003
            ],
            [
              -120.80839659999998,
              45.168612160000066
            ],
            [
              -120.79109659999995,
              45.16391216000005
            ],
            [
              -120.77209659999994,
              45.16251216000006
            ],
            [
              -120.76769659999997,
              45.15911216000006
            ],
            [
              -120.76889659999995,
              45.156512160000034
            ],
            [
              -120.76429659999997,
              45.15021216000008
            ],
            [
              -120.76199659999997,
              45.149412160000054
            ],
            [
              -120.76139659999996,
              45.14441216000006
            ],
            [
              -120.75419659999994,
              45.14411216000008
            ],
            [
              -120.74509659999995,
              45.13721216000005
            ],
            [
              -120.73319659999999,
              45.13451216000004
            ],
            [
              -120.72389659999999,
              45.129712160000054
            ],
            [
              -120.72369659999998,
              45.12561216000006
            ],
            [
              -120.7188966,
              45.11981216000004
            ],
            [
              -120.71839659999995,
              45.112612160000026
            ],
            [
              -120.71919659999998,
              45.10851216000003
            ],
            [
              -120.72539659999995,
              45.10341216000006
            ],
            [
              -120.72729659999999,
              45.09991216000003
            ],
            [
              -120.72699659999995,
              45.090612160000035
            ],
            [
              -120.72919659999997,
              45.089212160000045
            ],
            [
              -120.7299966,
              45.08401216000004
            ],
            [
              -120.50369262699996,
              45.083312988000046
            ],
            [
              -120.49649810799997,
              45.076713562000066
            ],
            [
              -120.49509429899996,
              45.07351303100006
            ],
            [
              -120.49499511699997,
              45.063510895000036
            ],
            [
              -120.49119567899999,
              45.062911987000064
            ],
            [
              -120.48919677699996,
              45.05931091300005
            ],
            [
              -120.482894897,
              45.05601120000006
            ],
            [
              -120.48959350599995,
              45.04671096800007
            ],
            [
              -120.48849487299998,
              45.04401397700008
            ],
            [
              -120.48159789999994,
              45.03861236600005
            ],
            [
              -120.48320007299998,
              45.03451156600005
            ],
            [
              -120.48819732699997,
              45.029613495000035
            ],
            [
              -120.48849487299998,
              45.02651214600007
            ],
            [
              -120.48169708299997,
              45.02181243900003
            ],
            [
              -120.47949981699998,
              45.016212463000045
            ],
            [
              -120.48169708299997,
              45.00901031500007
            ],
            [
              -120.48690032999997,
              45.00481414800004
            ],
            [
              -120.48709869399994,
              45.001911163000045
            ],
            [
              -120.48239898699995,
              44.997310638000044
            ],
            [
              -120.47779846199995,
              44.98141098000008
            ],
            [
              -120.483795166,
              44.97381210300006
            ],
            [
              -120.47769927999997,
              44.971714020000036
            ],
            [
              -120.47709655799997,
              44.96721267700008
            ],
            [
              -120.48529815699999,
              44.96321106000005
            ],
            [
              -120.48549652099996,
              44.95661163300008
            ],
            [
              -120.48913574199997,
              44.951297760000045
            ],
            [
              -120.48416900599995,
              44.949737549000076
            ],
            [
              -120.47329659999997,
              44.93581216000007
            ],
            [
              -120.47359659999995,
              44.93361216000005
            ],
            [
              -120.47649659999996,
              44.932612160000076
            ],
            [
              -120.47639659999999,
              44.929712160000065
            ],
            [
              -120.47059659999996,
              44.924312160000056
            ],
            [
              -120.46909659999994,
              44.91391216000005
            ],
            [
              -120.47309659999996,
              44.910012160000065
            ],
            [
              -120.4568966,
              44.90251216000007
            ],
            [
              -120.45499659999996,
              44.903712160000055
            ],
            [
              -120.45359659999997,
              44.908012160000055
            ],
            [
              -120.4507966,
              44.90921216000004
            ],
            [
              -120.43899659999994,
              44.89911216000007
            ],
            [
              -120.43649659999994,
              44.89451216000003
            ],
            [
              -120.43989659999994,
              44.88741216000005
            ],
            [
              -120.45859659999996,
              44.881412160000025
            ],
            [
              -120.4602966,
              44.877212160000056
            ],
            [
              -120.45919659999998,
              44.874312160000045
            ],
            [
              -120.4550966,
              44.87281216000008
            ],
            [
              -120.45499659999996,
              44.86641216000004
            ],
            [
              -120.45289659999997,
              44.864612160000036
            ],
            [
              -120.43909659999997,
              44.86361216000006
            ],
            [
              -120.43069659999998,
              44.855212160000065
            ],
            [
              -120.41289659999995,
              44.852312160000054
            ],
            [
              -120.40949659999995,
              44.84021216000008
            ],
            [
              -120.40569659999994,
              44.839212160000045
            ],
            [
              -120.40519659999995,
              44.83461216000006
            ],
            [
              -120.40079659999998,
              44.830712160000076
            ],
            [
              -120.39729659999995,
              44.82941216000006
            ],
            [
              -120.38879659999998,
              44.82971216000004
            ],
            [
              -120.37949659999998,
              44.82701216000004
            ],
            [
              -120.37219659999994,
              44.821512160000054
            ],
            [
              -121.08809659999997,
              44.82331216000006
            ],
            [
              -121.0920966,
              44.82511216000006
            ],
            [
              -121.75119659999996,
              44.82551216000007
            ],
            [
              -121.75659659999997,
              44.82681216000003
            ],
            [
              -121.74869537399996,
              44.83441162100007
            ],
            [
              -121.74159240699998,
              44.84681320200008
            ],
            [
              -121.74250030499996,
              44.853012085000046
            ],
            [
              -121.748199463,
              44.855010986000025
            ],
            [
              -121.752593994,
              44.86051178000008
            ],
            [
              -121.74639892599998,
              44.87481308000008
            ],
            [
              -121.73979949999995,
              44.87721252400007
            ],
            [
              -121.733398438,
              44.88231277500006
            ],
            [
              -121.73459659999997,
              44.88781216000007
            ],
            [
              -121.71619415299995,
              44.89901351900005
            ],
            [
              -121.71450042699996,
              44.90151214600007
            ],
            [
              -121.71449279799998,
              44.90601348900003
            ],
            [
              -121.72889709499998,
              44.905212402000075
            ],
            [
              -121.744499207,
              44.91281127900004
            ],
            [
              -121.74759674099994,
              44.915111542000034
            ],
            [
              -121.74440002399996,
              44.92161178600003
            ],
            [
              -121.75999450699999,
              44.93951034500003
            ],
            [
              -121.77399444599996,
              44.93951034500003
            ],
            [
              -121.78649902299998,
              44.93501281700003
            ],
            [
              -121.79660034199998,
              44.93621063200004
            ],
            [
              -121.79829406699997,
              44.938613892000035
            ],
            [
              -121.79669952399996,
              44.94511413600003
            ],
            [
              -121.79019927999997,
              44.95361328100006
            ],
            [
              -121.79059600799997,
              44.95731353800005
            ],
            [
              -121.80139923099995,
              44.977710724000076
            ],
            [
              -121.80310058599997,
              44.99881362900004
            ],
            [
              -121.80539703399995,
              45.00761413600003
            ],
            [
              -121.80469512899998,
              45.01221084600007
            ],
            [
              -121.796897888,
              45.01671218900003
            ],
            [
              -121.79249572799995,
              45.01731109600007
            ],
            [
              -121.78329467799995,
              45.01491165200008
            ],
            [
              -121.78109741199995,
              45.01611328100006
            ],
            [
              -121.78169250499997,
              45.019313812000064
            ],
            [
              -121.77869415299995,
              45.02641296400003
            ],
            [
              -121.78059387199994,
              45.03431320200008
            ],
            [
              -121.77809905999999,
              45.03731155400004
            ],
            [
              -121.77050018299997,
              45.039913177000074
            ],
            [
              -121.74679565399998,
              45.03331375100004
            ],
            [
              -121.74179840099998,
              45.03331375100004
            ],
            [
              -121.72889709499998,
              45.03691101100003
            ],
            [
              -121.72039794899996,
              45.037513733000026
            ],
            [
              -121.71809387199994,
              45.03881073000008
            ],
            [
              -121.72079467799995,
              45.04641342200006
            ],
            [
              -121.71939849899996,
              45.04941177400008
            ],
            [
              -121.71009826699998,
              45.05621337900004
            ],
            [
              -121.69889831499995,
              45.05931091300005
            ],
            [
              -121.68799591099997,
              45.06721115100004
            ],
            [
              -121.65929412799994,
              45.066810608000026
            ],
            [
              -121.65989685099998,
              45.080513
            ],
            [
              -121.65279388399995,
              45.08561325100004
            ],
            [
              -121.65169525099998,
              45.088813782000045
            ],
            [
              -121.65290069599996,
              45.09581375100004
            ],
            [
              -121.66289520299995,
              45.107013702000074
            ],
            [
              -121.662994385,
              45.11301422100007
            ],
            [
              -121.66549682599998,
              45.11921310400004
            ],
            [
              -121.686096191,
              45.123912811000025
            ],
            [
              -121.69329833999996,
              45.11791229200003
            ],
            [
              -121.69749450699999,
              45.12021255500008
            ],
            [
              -121.70139312699996,
              45.12921142600004
            ],
            [
              -121.70669555699999,
              45.133712769000056
            ],
            [
              -121.71149444599996,
              45.15171051000004
            ],
            [
              -121.71859741199995,
              45.157012939000026
            ],
            [
              -121.72729492199994,
              45.16081237800006
            ],
            [
              -121.733398438,
              45.175212860000045
            ],
            [
              -121.73959350599995,
              45.183113098000035
            ],
            [
              -121.74529266399998,
              45.18581390400004
            ],
            [
              -121.74759674099994,
              45.18931198100006
            ],
            [
              -121.74949645999999,
              45.19771194500004
            ],
            [
              -121.74849700899995,
              45.20441055300006
            ],
            [
              -121.74629211399997,
              45.20661163300008
            ],
            [
              -121.72999572799995,
              45.21191024800004
            ],
            [
              -121.71309661899994,
              45.21321106000005
            ],
            [
              -121.70619964599996,
              45.220310211000026
            ],
            [
              -121.70149993899997,
              45.23011016800007
            ],
            [
              -121.68319702099996,
              45.22931289700006
            ],
            [
              -121.68499755899995,
              45.23211288500005
            ],
            [
              -121.68499755899995,
              45.237712860000045
            ],
            [
              -121.68129730199996,
              45.24491119400005
            ],
            [
              -121.68119811999998,
              45.25001144400005
            ],
            [
              -121.68919659999995,
              45.251912160000074
            ],
            [
              -121.69559570099995,
              45.25531189000003
            ],
            [
              -121.69679260299995,
              45.25771331800007
            ],
            [
              -121.51279449499998,
              45.25791168200004
            ],
            [
              -121.48149871799995,
              45.25921249400005
            ],
            [
              -121.48040008499999,
              45.28981399500003
            ],
            [
              -121.48249816899994,
              45.519611359000066
            ],
            [
              -121.440994263,
              45.519611359000066
            ],
            [
              -121.44109344499998,
              45.69721221900005
            ],
            [
              -121.42359924299996,
              45.694011688000046
            ],
            [
              -121.40169525099998,
              45.692913055000076
            ],
            [
              -121.37259674099994,
              45.70311355600006
            ],
            [
              -121.33779907199994,
              45.70491027800006
            ],
            [
              -121.31219482399996,
              45.69991302500006
            ]
          ]
        ]
      }
    },
    {
      "type": "Feature",
      "properties": {
        "STATE": "WA",
        "CWA": "PDT",
        "COUNTYNAME": "Yakima",
        "FIPS": "53077",
        "TIME_ZONE": "P"
      },
      "geometry": {
        "type": "Polygon",
        "coordinates": [
          [
            [
              -121.28079659999997,
              47.08871216000006
            ],
            [
              -121.25629659999998,
              47.08161216000008
            ],
            [
              -121.25179659999998,
              47.07651216000005
            ],
            [
              -121.2453966,
              47.073512160000064
            ],
            [
              -121.23929659999999,
              47.07281216000007
            ],
            [
              -121.22929659999994,
              47.066612160000034
            ],
            [
              -121.22079659999997,
              47.065812160000064
            ],
            [
              -121.21239659999998,
              47.05571216000004
            ],
            [
              -121.20709659999994,
              47.05191216000003
            ],
            [
              -121.20109659999997,
              47.050712160000046
            ],
            [
              -121.19279659999995,
              47.04341216000006
            ],
            [
              -121.18209659999997,
              47.04401216000008
            ],
            [
              -121.17639659999998,
              47.03901216000003
            ],
            [
              -121.16539659999995,
              47.03491216000003
            ],
            [
              -121.15609659999996,
              47.02761216000005
            ],
            [
              -121.15069659999995,
              47.02631216000003
            ],
            [
              -121.1366966,
              47.01801216000007
            ],
            [
              -121.1314966,
              47.01001216000003
            ],
            [
              -121.12319659999997,
              47.00291216000005
            ],
            [
              -121.12249659999998,
              46.99921216000007
            ],
            [
              -121.11249659999999,
              46.99571216000004
            ],
            [
              -121.10549659999998,
              46.99581216000007
            ],
            [
              -121.09879659999996,
              46.99111216000006
            ],
            [
              -121.09109659999996,
              46.99111216000006
            ],
            [
              -121.08989659999997,
              46.970512160000055
            ],
            [
              -121.08459659999994,
              46.96931216000007
            ],
            [
              -121.08459659999994,
              46.965712160000066
            ],
            [
              -121.07919659999999,
              46.965612160000035
            ],
            [
              -121.07829659999999,
              46.96211216000006
            ],
            [
              -121.07399659999999,
              46.96211216000006
            ],
            [
              -121.07399659999999,
              46.95841216000008
            ],
            [
              -121.06949659999998,
              46.958512160000055
            ],
            [
              -121.06869659999995,
              46.94761216000006
            ],
            [
              -121.06349659999995,
              46.94761216000006
            ],
            [
              -121.06349659999995,
              46.94401216000006
            ],
            [
              -121.05819659999997,
              46.943912160000025
            ],
            [
              -121.05819659999997,
              46.93671216000007
            ],
            [
              -121.05289659999994,
              46.93661216000004
            ],
            [
              -121.05299659999997,
              46.93301216000003
            ],
            [
              -121.04239659999996,
              46.93301216000003
            ],
            [
              -121.04239659999996,
              46.922812160000035
            ],
            [
              -121.03719659999996,
              46.92211216000004
            ],
            [
              -121.03709659999998,
              46.918512160000034
            ],
            [
              -121.03179659999995,
              46.918512160000034
            ],
            [
              -121.03179659999995,
              46.91491216000003
            ],
            [
              -121.02649659999997,
              46.91491216000003
            ],
            [
              -121.02589659999995,
              46.91131216000008
            ],
            [
              -120.6348966,
              46.912012160000074
            ],
            [
              -120.63339659999997,
              46.90501216000007
            ],
            [
              -120.63309659999999,
              46.88131216000005
            ],
            [
              -120.63439659999995,
              46.825812160000055
            ],
            [
              -120.50919659999994,
              46.82451216000004
            ],
            [
              -120.50955765099997,
              46.74697023900006
            ],
            [
              -120.49822997999996,
              46.741764069000055
            ],
            [
              -120.49642930399995,
              46.73769728500008
            ],
            [
              -120.14809417699996,
              46.73541259800004
            ],
            [
              -120.04429626499996,
              46.73691177400008
            ],
            [
              -120.0,
              46.73931121800007
            ],
            [
              -119.97299957299998,
              46.73691177400008
            ],
            [
              -119.97319793699995,
              46.72311401400003
            ],
            [
              -119.94419860799997,
              46.673213959000066
            ],
            [
              -119.930496216,
              46.662513733000026
            ],
            [
              -119.91729736299999,
              46.655410767000035
            ],
            [
              -119.91239929199998,
              46.64691162100007
            ],
            [
              -119.90149688699995,
              46.63561248800005
            ],
            [
              -119.89479827899999,
              46.63231277500006
            ],
            [
              -119.873893738,
              46.62861251800007
            ],
            [
              -119.87649536099997,
              46.562412262000066
            ],
            [
              -119.87429809599996,
              46.562713623000036
            ],
            [
              -119.873199463,
              46.42511367800006
            ],
            [
              -119.873893738,
              46.21431350700004
            ],
            [
              -119.86819457999997,
              46.21431350700004
            ],
            [
              -119.86689758299997,
              46.210712433000026
            ],
            [
              -119.86539459199997,
              46.126010895000036
            ],
            [
              -119.86629661199999,
              46.041011721000075
            ],
            [
              -120.37579659999994,
              46.04161216000006
            ],
            [
              -120.42849659999996,
              46.040112160000035
            ],
            [
              -120.44939659999994,
              46.041512160000025
            ],
            [
              -120.59629659999996,
              46.040712160000055
            ],
            [
              -121.07049659999996,
              46.04261216000003
            ],
            [
              -121.18479659999997,
              46.04491216000008
            ],
            [
              -121.52429962199994,
              46.04401397700008
            ],
            [
              -121.52359771699997,
              46.38821411100008
            ],
            [
              -121.40349578899998,
              46.38811111500007
            ],
            [
              -121.39719390899995,
              46.38851165800003
            ],
            [
              -121.39369964599996,
              46.39061355600006
            ],
            [
              -121.38929748499999,
              46.40221023600003
            ],
            [
              -121.39049529999994,
              46.40511322000003
            ],
            [
              -121.38689422599998,
              46.410911560000045
            ],
            [
              -121.39609527599998,
              46.42161178600003
            ],
            [
              -121.40769958499999,
              46.43101120000006
            ],
            [
              -121.40869903599997,
              46.439411163000045
            ],
            [
              -121.41489410399998,
              46.45301055900006
            ],
            [
              -121.41289520299995,
              46.45941162100007
            ],
            [
              -121.42579650899995,
              46.46541214000007
            ],
            [
              -121.43589782699996,
              46.475914001000035
            ],
            [
              -121.436393738,
              46.47821044900007
            ],
            [
              -121.43209838899998,
              46.48551178000008
            ],
            [
              -121.42350006099997,
              46.492313385000045
            ],
            [
              -121.42979431199996,
              46.498611450000055
            ],
            [
              -121.44849395799997,
              46.50261306800007
            ],
            [
              -121.45429992699997,
              46.51211166400003
            ],
            [
              -121.45520019499997,
              46.51881408700007
            ],
            [
              -121.45069885299995,
              46.533512115000065
            ],
            [
              -121.42899322499994,
              46.53961181600005
            ],
            [
              -121.41799926799996,
              46.546012878000056
            ],
            [
              -121.41959381099997,
              46.55301284800004
            ],
            [
              -121.41409301799996,
              46.558712006000064
            ],
            [
              -121.42099761999998,
              46.56481170700005
            ],
            [
              -121.42379760699998,
              46.569610596000075
            ],
            [
              -121.42319488499999,
              46.57171249400005
            ],
            [
              -121.41130065899995,
              46.58021163900003
            ],
            [
              -121.40689849899996,
              46.581710815000065
            ],
            [
              -121.40169525099998,
              46.592910767000035
            ],
            [
              -121.40769958499999,
              46.601711273000035
            ],
            [
              -121.401199341,
              46.60711288500005
            ],
            [
              -121.39869689899996,
              46.61191177400008
            ],
            [
              -121.38809966999997,
              46.617313385000045
            ],
            [
              -121.38699340799997,
              46.62001419100005
            ],
            [
              -121.38919830299994,
              46.62681198100006
            ],
            [
              -121.38689422599998,
              46.63541412400008
            ],
            [
              -121.38889312699996,
              46.637912750000055
            ],
            [
              -121.39819335899995,
              46.64131164600008
            ],
            [
              -121.39559936499995,
              46.645111084000064
            ],
            [
              -121.41429901099997,
              46.64941406200006
            ],
            [
              -121.41609954799998,
              46.65241241500007
            ],
            [
              -121.41639709499998,
              46.65811157200005
            ],
            [
              -121.41199493399995,
              46.66561126700003
            ],
            [
              -121.41339874299996,
              46.67501068100006
            ],
            [
              -121.40829467799995,
              46.683113098000035
            ],
            [
              -121.40029907199994,
              46.68671035800003
            ],
            [
              -121.37799835199996,
              46.68591308600003
            ],
            [
              -121.37469482399996,
              46.68801116900005
            ],
            [
              -121.37379455599995,
              46.69151306200007
            ],
            [
              -121.37899780299995,
              46.697311401000036
            ],
            [
              -121.37999725299994,
              46.70001220700004
            ],
            [
              -121.37889862099996,
              46.70301055900006
            ],
            [
              -121.36049652099996,
              46.711612701000035
            ],
            [
              -121.35279846199995,
              46.712512970000034
            ],
            [
              -121.36019897499995,
              46.720413208000025
            ],
            [
              -121.36829376199995,
              46.725914001000035
            ],
            [
              -121.38499450699999,
              46.72831344600007
            ],
            [
              -121.395698547,
              46.726913452000076
            ],
            [
              -121.40719604499998,
              46.727710724000076
            ],
            [
              -121.41269683799999,
              46.735713959000066
            ],
            [
              -121.43029785199997,
              46.74041366600005
            ],
            [
              -121.43069457999997,
              46.74351120000006
            ],
            [
              -121.42419433599997,
              46.75381088300003
            ],
            [
              -121.42530059799998,
              46.75751113900003
            ],
            [
              -121.43309783899997,
              46.75951385500008
            ],
            [
              -121.44249725299994,
              46.758712769000056
            ],
            [
              -121.43889617899998,
              46.76221084600007
            ],
            [
              -121.44249725299994,
              46.76651382400007
            ],
            [
              -121.44670104999994,
              46.768611908000025
            ],
            [
              -121.4550966,
              46.78061216000003
            ],
            [
              -121.45539856,
              46.78581237800006
            ],
            [
              -121.45309448199998,
              46.78911209100005
            ],
            [
              -121.44369506799995,
              46.793811798000036
            ],
            [
              -121.45469665499996,
              46.80211257900004
            ],
            [
              -121.45939636199995,
              46.81191253700007
            ],
            [
              -121.46149444599996,
              46.81181335400004
            ],
            [
              -121.473899841,
              46.82031250000006
            ],
            [
              -121.47049713099995,
              46.82581329300007
            ],
            [
              -121.47200012199994,
              46.82901382400007
            ],
            [
              -121.47709655799997,
              46.83441162100007
            ],
            [
              -121.48279571499995,
              46.83371353100006
            ],
            [
              -121.48449706999997,
              46.83621215800008
            ],
            [
              -121.482894897,
              46.83921051000004
            ],
            [
              -121.488395691,
              46.84321212800006
            ],
            [
              -121.49619293199999,
              46.856113434000065
            ],
            [
              -121.49519348099994,
              46.86221313500005
            ],
            [
              -121.50649261499996,
              46.86471176100008
            ],
            [
              -121.51159667999997,
              46.87011337300004
            ],
            [
              -121.52279663099995,
              46.87321090700004
            ],
            [
              -121.51799774199998,
              46.88181304900007
            ],
            [
              -121.51249694799998,
              46.885513306000064
            ],
            [
              -121.51259612999996,
              46.89351272600004
            ],
            [
              -121.49629974399994,
              46.90830993700007
            ],
            [
              -121.48389434799998,
              46.91321182300004
            ],
            [
              -121.47619628899997,
              46.91381073000008
            ],
            [
              -121.46709442099996,
              46.91831207300004
            ],
            [
              -121.464996338,
              46.92081069900007
            ],
            [
              -121.45649719199997,
              46.922710419000055
            ],
            [
              -121.45499420199997,
              46.92891311600005
            ],
            [
              -121.44939422599998,
              46.935112
            ],
            [
              -121.45179748499999,
              46.943813324000075
            ],
            [
              -121.45039367699997,
              46.94791412400008
            ],
            [
              -121.45319366499996,
              46.953411102000075
            ],
            [
              -121.45279693599997,
              46.956710815000065
            ],
            [
              -121.45779418899997,
              46.96021270800003
            ],
            [
              -121.45669555699999,
              46.96441268900003
            ],
            [
              -121.44449615499997,
              46.97181320200008
            ],
            [
              -121.44279479999994,
              46.97411346400003
            ],
            [
              -121.445297241,
              46.978912354000045
            ],
            [
              -121.44279479999994,
              46.98101425200008
            ],
            [
              -121.42359924299996,
              46.98811340300006
            ],
            [
              -121.40829467799995,
              46.99721145600006
            ],
            [
              -121.40719604499998,
              46.99911117600004
            ],
            [
              -121.40969848599997,
              47.00391387900004
            ],
            [
              -121.40609741199995,
              47.00951385500008
            ],
            [
              -121.40670013399995,
              47.011611938000044
            ],
            [
              -121.39709472699997,
              47.018413544000055
            ],
            [
              -121.39509582499994,
              47.02401351900005
            ],
            [
              -121.40029907199994,
              47.03341293300008
            ],
            [
              -121.38689422599998,
              47.046012878000056
            ],
            [
              -121.38609313999996,
              47.04951095600006
            ],
            [
              -121.37999725299994,
              47.05131149300007
            ],
            [
              -121.373893738,
              47.05751037600004
            ],
            [
              -121.37749481199995,
              47.062713623000036
            ],
            [
              -121.37559509299996,
              47.07241058300008
            ],
            [
              -121.37959289599996,
              47.07641220100004
            ],
            [
              -121.38319395499997,
              47.08411404900005
            ],
            [
              -121.37969659999999,
              47.08661216000007
            ],
            [
              -121.37669659999995,
              47.08181216000003
            ],
            [
              -121.36859659999999,
              47.07761216000006
            ],
            [
              -121.36449659999994,
              47.07191216000007
            ],
            [
              -121.35889659999998,
              47.07071216000003
            ],
            [
              -121.34749659999994,
              47.07841216000003
            ],
            [
              -121.34069659999994,
              47.07891216000007
            ],
            [
              -121.33079659999999,
              47.07551216000007
            ],
            [
              -121.31759659999994,
              47.075812160000055
            ],
            [
              -121.31089659999998,
              47.07691216000006
            ],
            [
              -121.30629659999994,
              47.08231216000007
            ],
            [
              -121.29749659999999,
              47.08591216000008
            ],
            [
              -121.28079659999997,
              47.08871216000006
            ]
          ]
        ]
      }
    },
    {
      "type": "Feature",
      "properties": {
        "STATE": "WA",
        "CWA": "PDT",
        "COUNTYNAME": "Benton",
        "FIPS": "53005",
        "TIME_ZONE": "P"
      },
      "geometry": {
        "type": "Polygon",
        "coordinates": [
          [
            [
              -119.40779659999998,
              46.64041216000004
            ],
            [
              -119.40749659999994,
              46.62121216000003
            ],
            [
              -119.40579659999997,
              46.61621216000003
            ],
            [
              -119.40149659999997,
              46.610912160000055
            ],
            [
              -119.37609659999998,
              46.59111216000008
            ],
            [
              -119.37079659999995,
              46.58421216000005
            ],
            [
              -119.35399659999996,
              46.57461216000007
            ],
            [
              -119.32589659999996,
              46.56221216000006
            ],
            [
              -119.30459659999997,
              46.53901216000003
            ],
            [
              -119.27179659999996,
              46.523312160000046
            ],
            [
              -119.26139659999996,
              46.49981216000003
            ],
            [
              -119.2582966,
              46.48851216000003
            ],
            [
              -119.26399659999998,
              46.47941216000004
            ],
            [
              -119.26109659999997,
              46.466512160000036
            ],
            [
              -119.26319659999996,
              46.45051216000007
            ],
            [
              -119.25939659999995,
              46.432812160000026
            ],
            [
              -119.26679659999996,
              46.40261216000005
            ],
            [
              -119.26499659999996,
              46.39441216000006
            ],
            [
              -119.26549659999995,
              46.381412160000025
            ],
            [
              -119.2702966,
              46.373712160000025
            ],
            [
              -119.26399659999998,
              46.354712160000076
            ],
            [
              -119.25629659999998,
              46.344912160000035
            ],
            [
              -119.25009659999995,
              46.318912160000025
            ],
            [
              -119.25239659999994,
              46.30501216000005
            ],
            [
              -119.26279659999994,
              46.29401216000008
            ],
            [
              -119.26709659999995,
              46.286412160000054
            ],
            [
              -119.26889659999995,
              46.27791216000003
            ],
            [
              -119.26629659999998,
              46.27351216000005
            ],
            [
              -119.25879659999998,
              46.269012160000045
            ],
            [
              -119.24359659999999,
              46.264812160000076
            ],
            [
              -119.23759659999996,
              46.26151216000005
            ],
            [
              -119.20449659999997,
              46.23571216000005
            ],
            [
              -119.17169659999996,
              46.228212160000055
            ],
            [
              -119.14179659999996,
              46.226812160000065
            ],
            [
              -119.11749659999998,
              46.22261216000004
            ],
            [
              -119.04989659999995,
              46.197112160000074
            ],
            [
              -119.01769659999997,
              46.17891216000004
            ],
            [
              -118.98149659999996,
              46.14681216000008
            ],
            [
              -118.96779659999999,
              46.13051216000008
            ],
            [
              -118.96679659999995,
              46.124312160000045
            ],
            [
              -118.9688966,
              46.118612160000055
            ],
            [
              -118.96789659999996,
              46.115812160000075
            ],
            [
              -118.94289659999998,
              46.07571216000008
            ],
            [
              -118.94199659999998,
              46.06621216000008
            ],
            [
              -118.94759659999994,
              46.046412160000045
            ],
            [
              -118.9414966,
              46.028212160000066
            ],
            [
              -118.94539659999998,
              46.025312160000055
            ],
            [
              -118.96269659999996,
              46.01851216000006
            ],
            [
              -118.98709526999994,
              45.99981326900007
            ],
            [
              -119.00859832799995,
              45.97931289700006
            ],
            [
              -119.02709960899995,
              45.96911239600007
            ],
            [
              -119.06149291999998,
              45.95851135300006
            ],
            [
              -119.09319305399998,
              45.942710876000035
            ],
            [
              -119.12609863299997,
              45.932811737000065
            ],
            [
              -119.16949462899998,
              45.927612305000025
            ],
            [
              -119.19549560499996,
              45.92791366600005
            ],
            [
              -119.22570037799994,
              45.93271255500008
            ],
            [
              -119.25719451899994,
              45.93991088900003
            ],
            [
              -119.32359313999996,
              45.93291091900005
            ],
            [
              -119.36439514199998,
              45.92161178600003
            ],
            [
              -119.45029449499998,
              45.917312622000054
            ],
            [
              -119.48780059799998,
              45.906311035000044
            ],
            [
              -119.52459716799996,
              45.90861129800004
            ],
            [
              -119.57159423799999,
              45.92541122400007
            ],
            [
              -119.60059356699998,
              45.91961288500005
            ],
            [
              -119.62339782699996,
              45.905612946000076
            ],
            [
              -119.67099761999998,
              45.85681152300003
            ],
            [
              -119.772895813,
              45.84561157200005
            ],
            [
              -119.80269622799995,
              45.847511292000036
            ],
            [
              -119.86809659999994,
              45.83591216000008
            ],
            [
              -119.86539459199997,
              46.126010895000036
            ],
            [
              -119.86689758299997,
              46.210712433000026
            ],
            [
              -119.86819457999997,
              46.21431350700004
            ],
            [
              -119.873893738,
              46.21431350700004
            ],
            [
              -119.873199463,
              46.42511367800006
            ],
            [
              -119.87429809599996,
              46.562713623000036
            ],
            [
              -119.87649536099997,
              46.562412262000066
            ],
            [
              -119.873893738,
              46.62861251800007
            ],
            [
              -119.86479949999995,
              46.62681198100006
            ],
            [
              -119.829292297,
              46.625213623000036
            ],
            [
              -119.78049468999995,
              46.633712769000056
            ],
            [
              -119.74979400599995,
              46.63581085200008
            ],
            [
              -119.71829986599994,
              46.647613525000054
            ],
            [
              -119.70549774199998,
              46.649112701000035
            ],
            [
              -119.68319702099996,
              46.64741134600007
            ],
            [
              -119.65789794899996,
              46.64021301300005
            ],
            [
              -119.64519500699998,
              46.64111328100006
            ],
            [
              -119.62609863299997,
              46.64501190200008
            ],
            [
              -119.60209655799997,
              46.65651321400003
            ],
            [
              -119.58189392099996,
              46.669712067000034
            ],
            [
              -119.55429840099998,
              46.69591140700004
            ],
            [
              -119.53289794899996,
              46.712512970000034
            ],
            [
              -119.52230071999998,
              46.72381210300006
            ],
            [
              -119.51649475099998,
              46.72711181600005
            ],
            [
              -119.50109863299997,
              46.724712372000056
            ],
            [
              -119.487495422,
              46.71741104100005
            ],
            [
              -119.46569824199997,
              46.69591140700004
            ],
            [
              -119.45249938999996,
              46.68981170700005
            ],
            [
              -119.44949340799997,
              46.68361282300003
            ],
            [
              -119.45619659999994,
              46.67701216000006
            ],
            [
              -119.45749659999996,
              46.67331216000008
            ],
            [
              -119.4500966,
              46.66731216000005
            ],
            [
              -119.41519659999994,
              46.65441216000005
            ],
            [
              -119.41049659999999,
              46.64931216000008
            ],
            [
              -119.40779659999998,
              46.64041216000004
            ]
          ]
        ]
      }
    }
  ],
  "metadata": {
    "schema_version": "0.1.0",
    "wfo": "PDT",
    "layer": "counties",
    "source": "https://www.weather.gov/source/gis/Shapefiles/County/c_16ap26.zip",
    "public_release_status": "public-source-derived"
  }
}