{
  "type": "FeatureCollection",
  "name": "cwa",
  "crs": {
    "type": "name",
    "properties": {
      "name": "urn:ogc:def:crs:OGC:1.3:CRS84"
    }
  },
  "features": [
    {
      "type": "Feature",
      "properties": {
        "WFO": "MOB",
        "CWA": "MOB",
        "STATE": "Alabama",
        "ST": "AL",
        "CITYSTATE": "Mobile AL"
      },
      "geometry": {
        "type": "MultiPolygon",
        "coordinates": [
          [
            [
              [
                -88.11010742211982,
                30.2589111329425
              ],
              [
                -88.09912109356355,
                30.25488281229201
              ],
              [
                -88.0947875978693,
                30.257080078183094
              ],
              [
                -88.09460449230346,
                30.254272461305106
              ],
              [
                -88.08837890576183,
                30.253479003852988
              ],
              [
                -88.0880126946301,
                30.256896972617255
              ],
              [
                -88.09057617165297,
                30.25671386705136
              ],
              [
                -88.09002685495534,
                30.26068115161388
              ],
              [
                -88.07659912065287,
                30.250488281409105
              ],
              [
                -88.07525910832118,
                30.24745868397116
              ],
              [
                -88.07910156158778,
                30.245117186608923
              ],
              [
                -88.10888671924664,
                30.242492676196093
              ],
              [
                -88.12109374977672,
                30.246520995947265
              ],
              [
                -88.13720703057999,
                30.249328612825252
              ],
              [
                -88.17620849632499,
                30.24871826183835
              ],
              [
                -88.2153930658373,
                30.24371337906922
              ],
              [
                -88.28637695333367,
                30.229492187314634
              ],
              [
                -88.30560302695807,
                30.22808837887561
              ],
              [
                -88.31268310524109,
                30.23107910221887
              ],
              [
                -88.31042480506068,
                30.23309326164474
              ],
              [
                -88.2979125976882,
                30.232116698626783
              ],
              [
                -88.27941894542795,
                30.234130858952028
              ],
              [
                -88.26330566372536,
                30.23870849630009
              ],
              [
                -88.23010253910087,
                30.244689941187914
              ],
              [
                -88.17218017567455,
                30.252685547300246
              ],
              [
                -88.14178466792805,
                30.25408935483989
              ],
              [
                -88.13220214781086,
                30.252319336168455
              ],
              [
                -88.12750244098481,
                30.2551269530465
              ],
              [
                -88.12847900400277,
                30.259704590394563
              ],
              [
                -88.12591552697995,
                30.260314941381466
              ],
              [
                -88.1220092767067,
                30.257690430069317
              ],
              [
                -88.11602783181894,
                30.257873534735893
              ],
              [
                -88.11431884833615,
                30.2589111329425
              ],
              [
                -88.11419677705959,
                30.261901855386384
              ],
              [
                -88.11151122965947,
                30.26129150439948
              ],
              [
                -88.11010742211982,
                30.2589111329425
              ]
            ]
          ],
          [
            [
              [
                -87.54830118814925,
                30.279019489158145
              ],
              [
                -87.54830102806994,
                30.278288245905856
              ],
              [
                -87.54858986063351,
                30.278929000273195
              ],
              [
                -87.54830118814925,
                30.279019489158145
              ]
            ]
          ],
          [
            [
              [
                -87.54222395017513,
                30.281081258693177
              ],
              [
                -87.5427536067935,
                30.28035025735852
              ],
              [
                -87.54301452619939,
                30.28064727824932
              ],
              [
                -87.54222395017513,
                30.281081258693177
              ]
            ]
          ],
          [
            [
              [
                -87.5565113428242,
                30.28078645103392
              ],
              [
                -87.55772399856363,
                30.28158950784956
              ],
              [
                -87.55632781997286,
                30.28135871932949
              ],
              [
                -87.5565113428242,
                30.28078645103392
              ]
            ]
          ],
          [
            [
              [
                -87.54634385958144,
                30.28491200008881
              ],
              [
                -87.55088686133956,
                30.28346800004823
              ],
              [
                -87.54727067480178,
                30.28656123621215
              ],
              [
                -87.54634385958144,
                30.28491200008881
              ]
            ]
          ],
          [
            [
              [
                -87.55238429190149,
                30.283697603261828
              ],
              [
                -87.55078086094795,
                30.286951999735038
              ],
              [
                -87.54911781123798,
                30.287982740611028
              ],
              [
                -87.5491943363495,
                30.2868900301508
              ],
              [
                -87.55238429190149,
                30.283697603261828
              ]
            ]
          ],
          [
            [
              [
                -87.53902789362235,
                30.28777605482111
              ],
              [
                -87.54462432884964,
                30.286699294736707
              ],
              [
                -87.54098186142375,
                30.288991000234546
              ],
              [
                -87.53902789362235,
                30.28777605482111
              ]
            ]
          ],
          [
            [
              [
                -87.73589248874731,
                30.284435889105055
              ],
              [
                -87.73549652084773,
                30.279197693418894
              ],
              [
                -87.75231931998059,
                30.282846487575398
              ],
              [
                -87.74709320129017,
                30.287145614778353
              ],
              [
                -87.74765014603736,
                30.292760849433705
              ],
              [
                -87.74572543857806,
                30.29486994489207
              ],
              [
                -87.73933410608407,
                30.29054069489723
              ],
              [
                -87.73925018314941,
                30.288019180241008
              ],
              [
                -87.73589248874731,
                30.284435889105055
              ]
            ]
          ],
          [
            [
              [
                -87.62464141796704,
                30.300964355420717
              ],
              [
                -87.62567485321188,
                30.29986604758011
              ],
              [
                -87.62591286059,
                30.29988900007737
              ],
              [
                -87.62464141796704,
                30.300964355420717
              ]
            ]
          ],
          [
            [
              [
                -87.45829186128032,
                30.29985500030807
              ],
              [
                -87.45839691198785,
                30.30223846363424
              ],
              [
                -87.45617886096562,
                30.301872999839134
              ],
              [
                -87.45705413783816,
                30.300313950428517
              ],
              [
                -87.45829186128032,
                30.29985500030807
              ]
            ]
          ],
          [
            [
              [
                -87.45649719219165,
                30.305768287376623
              ],
              [
                -87.47055053717753,
                30.298936843760373
              ],
              [
                -87.48056030271579,
                30.296777725311813
              ],
              [
                -87.48520660420138,
                30.29324722258133
              ],
              [
                -87.53282165509529,
                30.282251357614086
              ],
              [
                -87.54217186144223,
                30.281931000215536
              ],
              [
                -87.51757812483055,
                30.28893852209518
              ],
              [
                -87.51578952796433,
                30.291157885228245
              ],
              [
                -87.50733086093044,
                30.293679999732262
              ],
              [
                -87.50379180924455,
                30.29679489067172
              ],
              [
                -87.49794006278364,
                30.297044753812372
              ],
              [
                -87.49963378926793,
                30.29867363018394
              ],
              [
                -87.50481886110151,
                30.29913400033388
              ],
              [
                -87.50106811530122,
                30.300415038723088
              ],
              [
                -87.49064890012659,
                30.297279009218926
              ],
              [
                -87.47401198816266,
                30.304641453940008
              ],
              [
                -87.45776492870846,
                30.306822972702093
              ],
              [
                -87.45649719219165,
                30.305768287376623
              ]
            ]
          ],
          [
            [
              [
                -87.41932886133782,
                30.30668599965918
              ],
              [
                -87.42022685958187,
                30.30611300021485
              ],
              [
                -87.42033264143822,
                30.307213095907684
              ],
              [
                -87.41932886133782,
                30.30668599965918
              ]
            ]
          ],
          [
            [
              [
                -87.40450698271104,
                30.30876915057587
              ],
              [
                -87.40088895436173,
                30.308285999699194
              ],
              [
                -87.40078735435287,
                30.307897568118335
              ],
              [
                -87.40316009506228,
                30.307439804203625
              ],
              [
                -87.40450698271104,
                30.30876915057587
              ]
            ]
          ],
          [
            [
              [
                -87.44775390501866,
                30.31104087673515
              ],
              [
                -87.44627470101659,
                30.309644698144382
              ],
              [
                -87.44812011704971,
                30.31049156183616
              ],
              [
                -87.44775390501866,
                30.31104087673515
              ]
            ]
          ],
          [
            [
              [
                -87.44094085703489,
                30.311523436757227
              ],
              [
                -87.4429978610624,
                30.311270999756857
              ],
              [
                -87.44334233378163,
                30.312004165759674
              ],
              [
                -87.44094085703489,
                30.311523436757227
              ]
            ]
          ],
          [
            [
              [
                -87.71519700024135,
                30.31287199984297
              ],
              [
                -87.71659700005148,
                30.31294100032693
              ],
              [
                -87.71493530292184,
                30.31360626211938
              ],
              [
                -87.71519700024135,
                30.31287199984297
              ]
            ]
          ],
          [
            [
              [
                -88.22161865058024,
                30.31909179744855
              ],
              [
                -88.22540283227482,
                30.318908690983335
              ],
              [
                -88.2274780268894,
                30.320495604988253
              ],
              [
                -88.22637939529284,
                30.3217163087607
              ],
              [
                -88.2192993161105,
                30.3217163087607
              ],
              [
                -88.22161865058024,
                30.31909179744855
              ]
            ]
          ],
          [
            [
              [
                -87.3202928610267,
                30.327383999971687
              ],
              [
                -87.31226355461934,
                30.326440709171436
              ],
              [
                -87.31286886130886,
                30.325255999864567
              ],
              [
                -87.32088495307806,
                30.317175994176864
              ],
              [
                -87.3504858612335,
                30.3130639997039
              ],
              [
                -87.4198608400057,
                30.297128676747093
              ],
              [
                -87.4615936277437,
                30.29128265357167
              ],
              [
                -87.54233186072673,
                30.27567400035491
              ],
              [
                -87.54539489675705,
                30.275995255276882
              ],
              [
                -87.54761285874639,
                30.279249998888417
              ],
              [
                -87.53070986077142,
                30.279958000061697
              ],
              [
                -87.50469386073303,
                30.286780002595094
              ],
              [
                -87.49795995398864,
                30.286754998744243
              ],
              [
                -87.4733470600188,
                30.293891906985948
              ],
              [
                -87.47257995629991,
                30.292081833409952
              ],
              [
                -87.47112695404564,
                30.292402996601083
              ],
              [
                -87.47212982223346,
                30.294258118117682
              ],
              [
                -87.46743011540747,
                30.295337676892302
              ],
              [
                -87.45203086123524,
                30.296142999999518
              ],
              [
                -87.44265385958789,
                30.307030000234363
              ],
              [
                -87.43747686096833,
                30.31012499996882
              ],
              [
                -87.43958986128303,
                30.3115690000094
              ],
              [
                -87.43607562189237,
                30.312531939197697
              ],
              [
                -87.42643737798255,
                30.312232971274682
              ],
              [
                -87.42302694373842,
                30.310261249057476
              ],
              [
                -87.42207686125812,
                30.305081000288
              ],
              [
                -87.40770721391675,
                30.301479339599894
              ],
              [
                -87.40200042557916,
                30.302371978783867
              ],
              [
                -87.39980686129758,
                30.30471000026637
              ],
              [
                -87.39595031655381,
                30.304182053259183
              ],
              [
                -87.36386108412171,
                30.312358855676678
              ],
              [
                -87.36512564783033,
                30.31327215858329
              ],
              [
                -87.35993957505133,
                30.316999434776164
              ],
              [
                -87.35803973474594,
                30.31580055934836
              ],
              [
                -87.35970306414504,
                30.316007613860336
              ],
              [
                -87.36261334942651,
                30.312505024287475
              ],
              [
                -87.35614776620639,
                30.3140087132316
              ],
              [
                -87.3563079831269,
                30.315256118774926
              ],
              [
                -87.3526916499996,
                30.314439773576737
              ],
              [
                -87.3519418609281,
                30.315831999647116
              ],
              [
                -87.35622919532108,
                30.31653683340818
              ],
              [
                -87.35139465314069,
                30.31792831394057
              ],
              [
                -87.35087585403738,
                30.320037841972862
              ],
              [
                -87.34565388032229,
                30.3157840073261
              ],
              [
                -87.33580017144072,
                30.31709480338253
              ],
              [
                -87.33355688813981,
                30.319783949869418
              ],
              [
                -87.33219909711062,
                30.31848716704917
              ],
              [
                -87.3336368612521,
                30.3184879998214
              ],
              [
                -87.33421325743586,
                30.317705154369435
              ],
              [
                -87.33192443786248,
                30.3179111476814
              ],
              [
                -87.32859802188119,
                30.320583343746364
              ],
              [
                -87.32984487344214,
                30.317832018133174
              ],
              [
                -87.32310885958617,
                30.31877599961274
              ],
              [
                -87.31925201356955,
                30.321352005091
              ],
              [
                -87.31870913511847,
                30.323367451446757
              ],
              [
                -87.31811523363109,
                30.32253646888296
              ],
              [
                -87.31770086110583,
                30.325064000003636
              ],
              [
                -87.32018280019605,
                30.32592773407771
              ],
              [
                -87.32298131233767,
                30.323000237570966
              ],
              [
                -87.32616464528212,
                30.32532012062711
              ],
              [
                -87.3202928610267,
                30.327383999971687
              ]
            ]
          ],
          [
            [
              [
                -88.25421142601647,
                30.324279784884197
              ],
              [
                -88.25750732440343,
                30.323730469085945
              ],
              [
                -88.26068115241321,
                30.326904297095666
              ],
              [
                -88.26300048778222,
                30.33367919943555
              ],
              [
                -88.2573242188376,
                30.340698241630605
              ],
              [
                -88.25830078095623,
                30.343872069640327
              ],
              [
                -88.2628784183043,
                30.347106933738075
              ],
              [
                -88.25939941435144,
                30.35827636696081
              ],
              [
                -88.2598876949611,
                30.367126464814532
              ],
              [
                -88.25610351596447,
                30.363525391383746
              ],
              [
                -88.25640869100823,
                30.352111815607827
              ],
              [
                -88.25231933606847,
                30.336914061734603
              ],
              [
                -88.25421142601647,
                30.324279784884197
              ]
            ]
          ],
          [
            [
              [
                -87.11316697977225,
                30.370332128824714
              ],
              [
                -87.11475371211407,
                30.371591300198418
              ],
              [
                -87.11312104779807,
                30.372973515915078
              ],
              [
                -87.11316697977225,
                30.370332128824714
              ]
            ]
          ],
          [
            [
              [
                -88.38208007783328,
                30.380493163928406
              ],
              [
                -88.38391113259263,
                30.37847900360316
              ],
              [
                -88.38616943367236,
                30.38189697326675
              ],
              [
                -88.38378906311476,
                30.381530762135014
              ],
              [
                -88.38208007783328,
                30.380493163928406
              ]
            ]
          ],
          [
            [
              [
                -88.34478759826902,
                30.38989257758044
              ],
              [
                -88.34637451227388,
                30.387878418154514
              ],
              [
                -88.34832763741048,
                30.38909912102764
              ],
              [
                -88.34698486326079,
                30.390930175787048
              ],
              [
                -88.34478759826902,
                30.38989257758044
              ]
            ]
          ],
          [
            [
              [
                -86.86237400035981,
                30.388030999830846
              ],
              [
                -86.86319732699502,
                30.389457703210496
              ],
              [
                -86.8631363988257,
                30.39363814058777
              ],
              [
                -86.86231300024474,
                30.392170000045496
              ],
              [
                -86.86237400035981,
                30.388030999830846
              ]
            ]
          ],
          [
            [
              [
                -86.74350738505774,
                30.403717040608967
              ],
              [
                -86.74532070608569,
                30.402730254997323
              ],
              [
                -86.74365988489575,
                30.40436534298624
              ],
              [
                -86.74350738505774,
                30.403717040608967
              ]
            ]
          ],
          [
            [
              [
                -86.69499969497991,
                30.40450286911215
              ],
              [
                -86.69411372516822,
                30.402768538237524
              ],
              [
                -86.69946699990209,
                30.403016000188302
              ],
              [
                -86.69876157798438,
                30.40436123668178
              ],
              [
                -86.69499969497991,
                30.40450286911215
              ]
            ]
          ],
          [
            [
              [
                -86.65155299997093,
                30.404647999905308
              ],
              [
                -86.65240699978318,
                30.40334400002564
              ],
              [
                -86.64778223616122,
                30.402999258409125
              ],
              [
                -86.64789100016947,
                30.40188600023879
              ],
              [
                -86.65335083017663,
                30.403467178367634
              ],
              [
                -86.65155299997093,
                30.404647999905308
              ]
            ]
          ],
          [
            [
              [
                -86.66099548305505,
                30.405151366642315
              ],
              [
                -86.6501312257754,
                30.398426055618017
              ],
              [
                -86.64732360799809,
                30.400077819735657
              ],
              [
                -86.63305300029572,
                30.400699000358657
              ],
              [
                -86.60075378425972,
                30.398097991928807
              ],
              [
                -86.59965199964006,
                30.39979900022371
              ],
              [
                -86.59484863335769,
                30.400897979857916
              ],
              [
                -86.5833519997949,
                30.396600000189892
              ],
              [
                -86.58285147581489,
                30.39779742680986
              ],
              [
                -86.56587246084536,
                30.395009990718563
              ],
              [
                -86.53547699986359,
                30.39504400038038
              ],
              [
                -86.51965331964493,
                30.389640807877015
              ],
              [
                -86.51916400031831,
                30.391888999677633
              ],
              [
                -86.52114800008007,
                30.391991999930895
              ],
              [
                -86.51805114684294,
                30.392127990914105
              ],
              [
                -86.51637268095442,
                30.391386032239666
              ],
              [
                -86.51716613840654,
                30.388713837073965
              ],
              [
                -86.5154266364301,
                30.387445450347286
              ],
              [
                -86.52861674736494,
                30.38685837471428
              ],
              [
                -86.57527160560011,
                30.392267226651256
              ],
              [
                -86.63302900008824,
                30.39639299963727
              ],
              [
                -86.75016021702038,
                30.391942977886174
              ],
              [
                -86.85062499994376,
                30.38096699962739
              ],
              [
                -86.90967900008576,
                30.37242300042118
              ],
              [
                -87.15539326958367,
                30.327747941214568
              ],
              [
                -87.21637199966801,
                30.319703000093455
              ],
              [
                -87.26878602635401,
                30.315559924151216
              ],
              [
                -87.28165086059869,
                30.31837600005241
              ],
              [
                -87.2973158608383,
                30.32419999973024
              ],
              [
                -87.30185699470451,
                30.329254150059057
              ],
              [
                -87.29537963935883,
                30.331462859823148
              ],
              [
                -87.25608189016708,
                30.319736036688766
              ],
              [
                -87.2391036216348,
                30.31972903906393
              ],
              [
                -87.23088073705634,
                30.3229064940395
              ],
              [
                -87.21029662958574,
                30.322179794162196
              ],
              [
                -87.19235700017538,
                30.32642299972173
              ],
              [
                -87.18392944159041,
                30.326147078724773
              ],
              [
                -87.17454528763488,
                30.328735351855073
              ],
              [
                -87.16632999962974,
                30.32907999994211
              ],
              [
                -87.16056823663479,
                30.331666945673078
              ],
              [
                -87.15670776365232,
                30.33616066008642
              ],
              [
                -87.1547279996974,
                30.335679295263333
              ],
              [
                -87.15945434624103,
                30.338567734213598
              ],
              [
                -87.15641784740569,
                30.33941459700611
              ],
              [
                -87.15393500000022,
                30.336411999913935
              ],
              [
                -87.14915099971881,
                30.339045999972996
              ],
              [
                -87.15002406335981,
                30.344249435063432
              ],
              [
                -87.14151763872803,
                30.335216522124824
              ],
              [
                -87.13009643580182,
                30.33580589282775
              ],
              [
                -87.12044525064778,
                30.338167190563468
              ],
              [
                -87.11764511073324,
                30.342065800196565
              ],
              [
                -87.11045499859927,
                30.340395000129206
              ],
              [
                -87.08238983212499,
                30.34514808711458
              ],
              [
                -87.07760620056564,
                30.351037979219427
              ],
              [
                -87.07063100032036,
                30.348977000188484
              ],
              [
                -87.05601501518078,
                30.350788116078718
              ],
              [
                -87.04444021344506,
                30.359198681973623
              ],
              [
                -87.04845700029028,
                30.355485999978953
              ],
              [
                -87.04655366791741,
                30.355005152266017
              ],
              [
                -87.04444122158509,
                30.3569526674317
              ],
              [
                -87.04629000018332,
                30.353950000192413
              ],
              [
                -87.04203796418068,
                30.355829238828335
              ],
              [
                -87.04462596301772,
                30.352529182875514
              ],
              [
                -87.03897094685169,
                30.35156440727161
              ],
              [
                -87.03368206627431,
                30.35557595106934
              ],
              [
                -87.02022552488802,
                30.356901168654076
              ],
              [
                -87.01512600016474,
                30.359857000100533
              ],
              [
                -87.00836181594502,
                30.359210967612114
              ],
              [
                -86.99748899981745,
                30.362349999952585
              ],
              [
                -86.98863220201446,
                30.362260817782555
              ],
              [
                -86.97859199982088,
                30.36627700028339
              ],
              [
                -86.96997499994626,
                30.36545400010209
              ],
              [
                -86.9307178641381,
                30.374053721302232
              ],
              [
                -86.91450200036701,
                30.375198999834026
              ],
              [
                -86.91171264602178,
                30.377632140810704
              ],
              [
                -86.90248870808739,
                30.377218245825418
              ],
              [
                -86.89783130896768,
                30.380173848844095
              ],
              [
                -86.88876499970496,
                30.379461000324966
              ],
              [
                -86.8822860723443,
                30.38197708127734
              ],
              [
                -86.87655000028224,
                30.381175000226108
              ],
              [
                -86.86307502908926,
                30.386529098738947
              ],
              [
                -86.84889984125465,
                30.386203766290805
              ],
              [
                -86.84624540500141,
                30.38940842575829
              ],
              [
                -86.84198760974039,
                30.3864784237403
              ],
              [
                -86.83238983172532,
                30.387966156013363
              ],
              [
                -86.82978014393848,
                30.390296875000843
              ],
              [
                -86.82540130622527,
                30.389190673810617
              ],
              [
                -86.79849907467252,
                30.394168853909548
              ],
              [
                -86.7936630252284,
                30.393081665286672
              ],
              [
                -86.78804779057305,
                30.393184661942655
              ],
              [
                -86.78424835008127,
                30.395309445174803
              ],
              [
                -86.76546478337303,
                30.394573211584486
              ],
              [
                -86.76022899966858,
                30.395870999846807
              ],
              [
                -86.7556210003089,
                30.400295999760658
              ],
              [
                -86.7544479372225,
                30.398998260061717
              ],
              [
                -86.74481964071379,
                30.398296356291837
              ],
              [
                -86.7391259995652,
                30.398712999605323
              ],
              [
                -86.7364716208686,
                30.401428015090858
              ],
              [
                -86.72507385967083,
                30.4024959717118
              ],
              [
                -86.71898651061895,
                30.40087127718772
              ],
              [
                -86.70312887829505,
                30.40252249631618
              ],
              [
                -86.70139312559223,
                30.400684356697752
              ],
              [
                -86.6983390081387,
                30.40217491913728
              ],
              [
                -86.68768310489133,
                30.4002265927831
              ],
              [
                -86.67050362114514,
                30.402870601397183
              ],
              [
                -86.6681249997689,
                30.401921000054188
              ],
              [
                -86.66995572267842,
                30.400994173142635
              ],
              [
                -86.66860961923851,
                30.400905608806852
              ],
              [
                -86.66625976627518,
                30.401298522608784
              ],
              [
                -86.66656494131894,
                30.40222930923528
              ],
              [
                -86.66418566973283,
                30.404277050245696
              ],
              [
                -86.66488999987354,
                30.403286000048922
              ],
              [
                -86.66453899987494,
                30.402195000099255
              ],
              [
                -86.66292454233371,
                30.403915296154025
              ],
              [
                -86.65763854858011,
                30.40255737292449
              ],
              [
                -86.66099548305505,
                30.405151366642315
              ]
            ]
          ],
          [
            [
              [
                -86.66749861027262,
                30.404969128922232
              ],
              [
                -86.67015375159434,
                30.40389711006361
              ],
              [
                -86.67320251358512,
                30.404926299609087
              ],
              [
                -86.66825909588056,
                30.4056852761546
              ],
              [
                -86.66749861027262,
                30.404969128922232
              ]
            ]
          ],
          [
            [
              [
                -86.66221999995298,
                30.405616999624897
              ],
              [
                -86.66537681278965,
                30.40433300156684
              ],
              [
                -86.66665649410186,
                30.40523719793839
              ],
              [
                -86.66560699966328,
                30.405876999923635
              ],
              [
                -86.66221999995298,
                30.405616999624897
              ]
            ]
          ],
          [
            [
              [
                -86.67929077095226,
                30.40549469002798
              ],
              [
                -86.67430499967594,
                30.405434000179014
              ],
              [
                -86.6801757811873,
                30.404750823891447
              ],
              [
                -86.67929077095226,
                30.40549469002798
              ]
            ]
          ],
          [
            [
              [
                -86.71381378198043,
                30.406368256389953
              ],
              [
                -86.71652699972122,
                30.405487999971285
              ],
              [
                -86.71792969479952,
                30.406369290610314
              ],
              [
                -86.71471108055187,
                30.406948918957482
              ],
              [
                -86.71381378198043,
                30.406368256389953
              ]
            ]
          ],
          [
            [
              [
                -86.46084900008123,
                30.406598999943924
              ],
              [
                -86.4523468022631,
                30.406341552820436
              ],
              [
                -86.45222473098653,
                30.404441833024237
              ],
              [
                -86.45678599977401,
                30.402672999659274
              ],
              [
                -86.45756530819239,
                30.401945113576176
              ],
              [
                -86.45018005396628,
                30.402637481834347
              ],
              [
                -86.44757080055194,
                30.397727965873003
              ],
              [
                -86.44537353466086,
                30.39682197625325
              ],
              [
                -86.44978099959343,
                30.404659999559385
              ],
              [
                -86.44111633295239,
                30.408573151229973
              ],
              [
                -86.43901061984417,
                30.406089783117068
              ],
              [
                -86.44022899976846,
                30.403648999701602
              ],
              [
                -86.43807700035325,
                30.40589199971606
              ],
              [
                -86.43954199956357,
                30.409318000325527
              ],
              [
                -86.43785095215969,
                30.41040420509006
              ],
              [
                -86.4298706048445,
                30.403560637713326
              ],
              [
                -86.42239379873479,
                30.403129578267453
              ],
              [
                -86.41627177002613,
                30.399579741012303
              ],
              [
                -86.41901308978225,
                30.40263046442442
              ],
              [
                -86.41001892143606,
                30.402244568032415
              ],
              [
                -86.39444732658279,
                30.397626876679055
              ],
              [
                -86.3946533019083,
                30.378450142560098
              ],
              [
                -86.47084899988141,
                30.38389999998509
              ],
              [
                -86.50615000002244,
                30.382299999945076
              ],
              [
                -86.50744740337495,
                30.381105666093674
              ],
              [
                -86.50634765571971,
                30.3834991460688
              ],
              [
                -86.508649119761,
                30.387100160144314
              ],
              [
                -86.50654602098206,
                30.387300491324652
              ],
              [
                -86.51394653310598,
                30.393600464389976
              ],
              [
                -86.5056500003472,
                30.38820000042972
              ],
              [
                -86.48754882841564,
                30.38909912102764
              ],
              [
                -86.48664961069096,
                30.388500408167374
              ],
              [
                -86.48844909744787,
                30.386499404923654
              ],
              [
                -86.48075103832974,
                30.387300491324652
              ],
              [
                -86.4879455571417,
                30.389699935603574
              ],
              [
                -86.5132500000874,
                30.394100000015044
              ],
              [
                -86.51564788763989,
                30.396999359432925
              ],
              [
                -86.50295181297577,
                30.40769847240665
              ],
              [
                -86.5002506650361,
                30.406100000314837
              ],
              [
                -86.5025480677391,
                30.408100299389332
              ],
              [
                -86.50124392306856,
                30.410599492872336
              ],
              [
                -86.49945000041714,
                30.410299999745234
              ],
              [
                -86.49864959660158,
                30.412698746150284
              ],
              [
                -86.49566290941573,
                30.41399222216336
              ],
              [
                -86.4914500002173,
                30.411599000293677
              ],
              [
                -86.48764900030108,
                30.406800000219903
              ],
              [
                -86.48874899976647,
                30.40259999989013
              ],
              [
                -86.48525106778254,
                30.406398213706666
              ],
              [
                -86.48284912069033,
                30.405500412414142
              ],
              [
                -86.48744900007125,
                30.40840000025986
              ],
              [
                -86.48664856028279,
                30.40979957559
              ],
              [
                -86.48883819632567,
                30.417400360438307
              ],
              [
                -86.47464752216536,
                30.410198211778095
              ],
              [
                -86.46084900008123,
                30.406598999943924
              ]
            ]
          ],
          [
            [
              [
                -87.41059886074879,
                30.452172999884112
              ],
              [
                -87.4123438611802,
                30.45345699974081
              ],
              [
                -87.41334533721749,
                30.455680846893642
              ],
              [
                -87.40996551499649,
                30.454580306935668
              ],
              [
                -87.41171264592185,
                30.454029082776003
              ],
              [
                -87.41059886074879,
                30.452172999884112
              ]
            ]
          ],
          [
            [
              [
                -87.42612686096584,
                30.468586000443622
              ],
              [
                -87.42781829777618,
                30.469869613591868
              ],
              [
                -87.42803192633232,
                30.47122193044777
              ],
              [
                -87.42602086057423,
                30.470236000091404
              ],
              [
                -87.42612686096584,
                30.468586000443622
              ]
            ]
          ],
          [
            [
              [
                -87.43512286123104,
                30.49900200014224
              ],
              [
                -87.43700291015614,
                30.499825458078476
              ],
              [
                -87.43656686127161,
                30.501507999694468
              ],
              [
                -87.43541717516246,
                30.50019454973875
              ],
              [
                -87.43512286123104,
                30.49900200014224
              ]
            ]
          ],
          [
            [
              [
                -87.44181999919357,
                30.504352995094678
              ],
              [
                -87.44258686099482,
                30.505957999861835
              ],
              [
                -87.43962286100617,
                30.50577500041601
              ],
              [
                -87.43980786144363,
                30.505064000003642
              ],
              [
                -87.44181999919357,
                30.504352995094678
              ]
            ]
          ],
          [
            [
              [
                -87.00241851760046,
                30.523983001914075
              ],
              [
                -87.00355529843824,
                30.525609969924233
              ],
              [
                -87.00172673929757,
                30.529253158606423
              ],
              [
                -87.00088500983532,
                30.524784088315073
              ],
              [
                -87.00241851760046,
                30.523983001914075
              ]
            ]
          ],
          [
            [
              [
                -86.99820709228345,
                30.537757873627015
              ],
              [
                -86.99964200017814,
                30.535074999911387
              ],
              [
                -87.00222599883074,
                30.534710008260333
              ],
              [
                -87.0007689999893,
                30.536725999605267
              ],
              [
                -87.00180099811752,
                30.537413999856255
              ],
              [
                -86.99820709228345,
                30.537757873627015
              ]
            ]
          ],
          [
            [
              [
                -86.99778299988549,
                30.53853700038229
              ],
              [
                -86.99822998002952,
                30.539247513362113
              ],
              [
                -86.99762725799155,
                30.539659499985987
              ],
              [
                -86.99778299988549,
                30.53853700038229
              ]
            ]
          ],
          [
            [
              [
                -87.12947082511846,
                30.545665740981235
              ],
              [
                -87.12461090137197,
                30.54419830191017
              ],
              [
                -87.1258087155997,
                30.541507721004564
              ],
              [
                -87.1273279996874,
                30.541619000416574
              ],
              [
                -87.1243770002983,
                30.54037281255529
              ],
              [
                -87.12964792321304,
                30.54083461802327
              ],
              [
                -87.12995147677918,
                30.539682387732057
              ],
              [
                -87.12806400035328,
                30.538578999621166
              ],
              [
                -87.12593826204113,
                30.54009811463635
              ],
              [
                -87.1228669999121,
                30.538170727197326
              ],
              [
                -87.12830352758567,
                30.536819458051582
              ],
              [
                -87.127008000219,
                30.534403000398186
              ],
              [
                -87.13059234625973,
                30.531988144437378
              ],
              [
                -87.13223982330913,
                30.532690823422797
              ],
              [
                -87.1307983395717,
                30.54368400571235
              ],
              [
                -87.12902399965782,
                30.54699500011924
              ],
              [
                -87.12947082511846,
                30.545665740981235
              ]
            ]
          ],
          [
            [
              [
                -87.17337799100147,
                30.54601859987855
              ],
              [
                -87.1700210574258,
                30.546546936292145
              ],
              [
                -87.17347717273327,
                30.545314788646635
              ],
              [
                -87.17264089316268,
                30.54363512216321
              ],
              [
                -87.17947377929147,
                30.54829026488386
              ],
              [
                -87.17555236824717,
                30.54635429431528
              ],
              [
                -87.17337799100147,
                30.54601859987855
              ]
            ]
          ],
          [
            [
              [
                -87.1875534063646,
                30.54875373769488
              ],
              [
                -87.17991663064794,
                30.548282098140362
              ],
              [
                -87.18118600033364,
                30.54764999974776
              ],
              [
                -87.17542600000985,
                30.54469099998971
              ],
              [
                -87.1875534063646,
                30.54875373769488
              ]
            ]
          ],
          [
            [
              [
                -87.18371509177803,
                30.552289326990888
              ],
              [
                -87.1794586176211,
                30.552225112698864
              ],
              [
                -87.17491399978121,
                30.547954000276945
              ],
              [
                -87.17136427134403,
                30.54710699988817
              ],
              [
                -87.17542094761859,
                30.54677494230981
              ],
              [
                -87.18272200012018,
                30.550114000061114
              ],
              [
                -87.18795013419128,
                30.549346924221254
              ],
              [
                -87.18371509177803,
                30.552289326990888
              ]
            ]
          ],
          [
            [
              [
                -86.9973983760342,
                30.55630111720285
              ],
              [
                -86.998111279412,
                30.556141527109844
              ],
              [
                -86.99726500027953,
                30.55687399973533
              ],
              [
                -86.9973983760342,
                30.55630111720285
              ]
            ]
          ],
          [
            [
              [
                -87.17529800040234,
                30.55801800033049
              ],
              [
                -87.17309000020333,
                30.55805000000754
              ],
              [
                -87.17190551842492,
                30.556051254062197
              ],
              [
                -87.17529800040234,
                30.55801800033049
              ]
            ]
          ],
          [
            [
              [
                -87.17552185065284,
                30.557857512714065
              ],
              [
                -87.1731056762859,
                30.555746486411294
              ],
              [
                -87.17884999962774,
                30.557410000171444
              ],
              [
                -87.18123626704005,
                30.555042266887142
              ],
              [
                -87.1801928484212,
                30.552850863676497
              ],
              [
                -87.18568199992433,
                30.553202000372096
              ],
              [
                -87.18527984558835,
                30.55539321922174
              ],
              [
                -87.18089799964292,
                30.557889999823658
              ],
              [
                -87.17552185065284,
                30.557857512714065
              ]
            ]
          ],
          [
            [
              [
                -86.99644577365348,
                30.56180157678142
              ],
              [
                -86.99541978029856,
                30.561120790891835
              ],
              [
                -86.99697699958881,
                30.56148099994823
              ],
              [
                -86.99644577365348,
                30.56180157678142
              ]
            ]
          ],
          [
            [
              [
                -87.17518599973408,
                30.560962000296115
              ],
              [
                -87.17582599957018,
                30.559761999816487
              ],
              [
                -87.17801692434153,
                30.56065799976693
              ],
              [
                -87.1753168510918,
                30.558499983887202
              ],
              [
                -87.18145752004847,
                30.558946608799033
              ],
              [
                -87.17862601088166,
                30.56264209485687
              ],
              [
                -87.17891693077172,
                30.564958572180387
              ],
              [
                -87.17518599973408,
                30.560962000296115
              ]
            ]
          ],
          [
            [
              [
                -86.99345599999435,
                30.56505800032653
              ],
              [
                -86.99450683622149,
                30.565242766940173
              ],
              [
                -86.99343109057236,
                30.565263748123527
              ],
              [
                -86.99345599999435,
                30.56505800032653
              ]
            ]
          ],
          [
            [
              [
                -87.18728199996428,
                30.56302600014982
              ],
              [
                -87.1870117186159,
                30.560722350755952
              ],
              [
                -87.18160247817178,
                30.558435440443247
              ],
              [
                -87.18587493867744,
                30.55552291944724
              ],
              [
                -87.18755356374595,
                30.55141058143323
              ],
              [
                -87.19075012212039,
                30.549875258836153
              ],
              [
                -87.19644927971046,
                30.550098419306664
              ],
              [
                -87.20187400018494,
                30.555106000041917
              ],
              [
                -87.20918664135036,
                30.559491346148775
              ],
              [
                -87.20407984111176,
                30.56352135482672
              ],
              [
                -87.20096588097061,
                30.560003280726903
              ],
              [
                -87.19949340659542,
                30.559505462806897
              ],
              [
                -87.20070510815418,
                30.56205052531152
              ],
              [
                -87.19891357410211,
                30.56267356932983
              ],
              [
                -87.19827270462156,
                30.563617706392108
              ],
              [
                -87.19011400016092,
                30.563010000311294
              ],
              [
                -87.18614959702626,
                30.566881179722714
              ],
              [
                -87.18448207318909,
                30.564418948375817
              ],
              [
                -87.18728199996428,
                30.56302600014982
              ]
            ]
          ],
          [
            [
              [
                -87.18521881129908,
                30.5755214693404
              ],
              [
                -87.17931404620623,
                30.573442080287805
              ],
              [
                -87.17995433382544,
                30.572466268203755
              ],
              [
                -87.18510600034159,
                30.5749139997813
              ],
              [
                -87.18880462593268,
                30.573442458902434
              ],
              [
                -87.1897132910355,
                30.57088200000436
              ],
              [
                -87.18877000023531,
                30.574753999597476
              ],
              [
                -87.18521881129908,
                30.5755214693404
              ]
            ]
          ],
          [
            [
              [
                -87.19480199961254,
                30.582546000097864
              ],
              [
                -87.18849945088891,
                30.583793640364263
              ],
              [
                -87.18619537431704,
                30.580514908236466
              ],
              [
                -87.18942260676783,
                30.582834243605532
              ],
              [
                -87.18998718316192,
                30.581090926704974
              ],
              [
                -87.18486785896448,
                30.576353073335724
              ],
              [
                -87.18745422373343,
                30.57654571531259
              ],
              [
                -87.19185799964691,
                30.579938000338473
              ],
              [
                -87.19979095358963,
                30.582208632922118
              ],
              [
                -87.1983032231152,
                30.582609176572305
              ],
              [
                -87.19713604878956,
                30.584928493954862
              ],
              [
                -87.19480199961254,
                30.582546000097864
              ]
            ]
          ],
          [
            [
              [
                -87.01210784929776,
                30.587415694079084
              ],
              [
                -87.01294708314134,
                30.590570450166183
              ],
              [
                -87.01268247561575,
                30.59288554703045
              ],
              [
                -87.01178741455749,
                30.59020423903445
              ],
              [
                -87.01210784929776,
                30.587415694079084
              ]
            ]
          ],
          [
            [
              [
                -87.02155304024058,
                30.59845924379914
              ],
              [
                -87.01790100043081,
                30.596600999836312
              ],
              [
                -87.01628702312757,
                30.592406836106647
              ],
              [
                -87.02155304024058,
                30.59845924379914
              ]
            ]
          ],
          [
            [
              [
                -87.0215072629498,
                30.594816208001646
              ],
              [
                -87.0235137943261,
                30.597404480232626
              ],
              [
                -87.02282700006594,
                30.599674000354867
              ],
              [
                -87.02235412574225,
                30.599123001025703
              ],
              [
                -87.0215072629498,
                30.594816208001646
              ]
            ]
          ],
          [
            [
              [
                -87.0424349995755,
                30.602153999607424
              ],
              [
                -87.04529600021021,
                30.602521000343927
              ],
              [
                -87.046621000159,
                30.602956999765752
              ],
              [
                -87.04529600021021,
                30.603369999925633
              ],
              [
                -87.0424349995755,
                30.602153999607424
              ]
            ]
          ],
          [
            [
              [
                -87.02439117381357,
                30.6016006467525
              ],
              [
                -87.02849578934917,
                30.60244941700705
              ],
              [
                -87.03085327126144,
                30.605979789335834
              ],
              [
                -87.02825927664429,
                30.604719161959792
              ],
              [
                -87.02439117381357,
                30.6016006467525
              ]
            ]
          ],
          [
            [
              [
                -87.01787567102537,
                30.599054336888173
              ],
              [
                -87.02703824102196,
                30.60607129535407
              ],
              [
                -87.0271148677569,
                30.606575011927305
              ],
              [
                -87.02494399966582,
                30.606849000281215
              ],
              [
                -87.01787567102537,
                30.599054336888173
              ]
            ]
          ],
          [
            [
              [
                -87.02934301996436,
                30.607538139073938
              ],
              [
                -87.03106500044936,
                30.60834099983731
              ],
              [
                -87.0326538012319,
                30.611802612700444
              ],
              [
                -87.02902211577799,
                30.618012838821528
              ],
              [
                -87.03114318840738,
                30.612672805705472
              ],
              [
                -87.02934301996436,
                30.607538139073938
              ]
            ]
          ],
          [
            [
              [
                -87.03047400017493,
                30.633426000109864
              ],
              [
                -87.03370835435703,
                30.628614607378267
              ],
              [
                -87.03672790636773,
                30.632259368974758
              ],
              [
                -87.034952999881,
                30.633358999718098
              ],
              [
                -87.03047400017493,
                30.633426000109864
              ]
            ]
          ],
          [
            [
              [
                -87.92530059794422,
                30.63895416330405
              ],
              [
                -87.92293699974272,
                30.63920999974175
              ],
              [
                -87.92350199971747,
                30.637958999608202
              ],
              [
                -87.92530059794422,
                30.63895416330405
              ]
            ]
          ],
          [
            [
              [
                -87.01491546617581,
                30.633558273295705
              ],
              [
                -87.0195236211182,
                30.635944366239585
              ],
              [
                -87.0166854857465,
                30.639564514290953
              ],
              [
                -87.01353454458354,
                30.640228270618252
              ],
              [
                -87.01332299975661,
                30.636882000304126
              ],
              [
                -87.01616000018385,
                30.635346999664364
              ],
              [
                -87.01491546617581,
                30.633558273295705
              ]
            ]
          ],
          [
            [
              [
                -88.03630065894822,
                30.64759063709829
              ],
              [
                -88.03725899990286,
                30.64652699992115
              ],
              [
                -88.03729699985661,
                30.647790999754875
              ],
              [
                -88.03630065894822,
                30.64759063709829
              ]
            ]
          ],
          [
            [
              [
                -87.00541892484347,
                30.64448907860816
              ],
              [
                -87.00533700020236,
                30.647721000124136
              ],
              [
                -87.00202295169782,
                30.648841901632522
              ],
              [
                -87.00157300019379,
                30.647420999779342
              ],
              [
                -87.00350952114746,
                30.64714813198077
              ],
              [
                -87.00541892484347,
                30.64448907860816
              ]
            ]
          ],
          [
            [
              [
                -88.04929218428686,
                30.652301785099382
              ],
              [
                -88.05042980958802,
                30.650063037978896
              ],
              [
                -88.0525021191774,
                30.650854407205202
              ],
              [
                -88.05125199858082,
                30.652309000360106
              ],
              [
                -88.04929218428686,
                30.652301785099382
              ]
            ]
          ],
          [
            [
              [
                -88.04460144010432,
                30.652990341131385
              ],
              [
                -88.0468880887143,
                30.651576003429852
              ],
              [
                -88.04823093211178,
                30.6525178130467
              ],
              [
                -88.0454711906429,
                30.653635024636742
              ],
              [
                -88.04460144010432,
                30.652990341131385
              ]
            ]
          ],
          [
            [
              [
                -88.0267969985826,
                30.662190000068506
              ],
              [
                -88.02912599986496,
                30.66105599993449
              ],
              [
                -88.02929687285234,
                30.663290016621033
              ],
              [
                -88.0267969985826,
                30.662190000068506
              ]
            ]
          ],
          [
            [
              [
                -87.92659759480313,
                30.663789749197633
              ],
              [
                -87.92949800013258,
                30.6503029995838
              ],
              [
                -87.93143463080355,
                30.654027939337993
              ],
              [
                -87.9369121378848,
                30.65768331473322
              ],
              [
                -87.93407144933786,
                30.659009416351523
              ],
              [
                -87.93289254785276,
                30.662289419221395
              ],
              [
                -87.93274899986642,
                30.65861399973636
              ],
              [
                -87.92899322505724,
                30.659790038679375
              ],
              [
                -87.9283907539301,
                30.664489429843343
              ],
              [
                -87.92659759480313,
                30.663789749197633
              ]
            ]
          ],
          [
            [
              [
                -87.95546973014388,
                30.668909357580844
              ],
              [
                -87.95903999999598,
                30.66329899994895
              ],
              [
                -87.95987701431272,
                30.663200377595388
              ],
              [
                -87.95828930530718,
                30.665662430876523
              ],
              [
                -87.96006011987862,
                30.665096283366836
              ],
              [
                -87.96050878355351,
                30.66656478543655
              ],
              [
                -87.95546973014388,
                30.668909357580844
              ]
            ]
          ],
          [
            [
              [
                -87.92109098116379,
                30.667999070101075
              ],
              [
                -87.9231338496474,
                30.66855812106047
              ],
              [
                -87.9226913454292,
                30.672559738141445
              ],
              [
                -87.92170100030091,
                30.6710430000345
              ],
              [
                -87.92109098116379,
                30.667999070101075
              ]
            ]
          ],
          [
            [
              [
                -88.03439708465771,
                30.687290914743983
              ],
              [
                -88.02875204287244,
                30.683761749305347
              ],
              [
                -88.02740478470304,
                30.683715820029136
              ],
              [
                -88.02159881643217,
                30.67658996625397
              ],
              [
                -88.02369700041618,
                30.666890000073522
              ],
              [
                -88.02900342227008,
                30.667051826780437
              ],
              [
                -88.02816772456083,
                30.667747498248502
              ],
              [
                -88.03267669687204,
                30.67376136819263
              ],
              [
                -88.03289794898114,
                30.676369521736092
              ],
              [
                -88.03439800016753,
                30.676189999968585
              ],
              [
                -88.03289794898114,
                30.67767333995272
              ],
              [
                -88.03489685140852,
                30.677989959768865
              ],
              [
                -88.03314971868451,
                30.67828750586375
              ],
              [
                -88.03499592791968,
                30.678992326135017
              ],
              [
                -88.0335769650049,
                30.679306030349096
              ],
              [
                -88.03509516540953,
                30.679889829751914
              ],
              [
                -88.03381962367666,
                30.68011648498782
              ],
              [
                -88.03524588728783,
                30.68092967086767
              ],
              [
                -88.03384399440478,
                30.681146622418737
              ],
              [
                -88.03523099991065,
                30.68183799962401
              ],
              [
                -88.0337066652304,
                30.682548523395667
              ],
              [
                -88.03529178328915,
                30.68255615774052
              ],
              [
                -88.03469750678448,
                30.6862897894423
              ],
              [
                -88.03169738822385,
                30.684090520761004
              ],
              [
                -88.03439708465771,
                30.687290914743983
              ]
            ]
          ],
          [
            [
              [
                -87.93514499974191,
                30.69719500004925
              ],
              [
                -87.92978900006227,
                30.686282000414053
              ],
              [
                -87.9298942009566,
                30.682991005130816
              ],
              [
                -87.9313453128359,
                30.68624955737124
              ],
              [
                -87.92962100040882,
                30.676962999642797
              ],
              [
                -87.93540191716471,
                30.675655364703346
              ],
              [
                -87.94086456294917,
                30.679527283357515
              ],
              [
                -87.93611907973172,
                30.678281784376907
              ],
              [
                -87.93364715459245,
                30.680171966862815
              ],
              [
                -87.9359207153687,
                30.68400382971305
              ],
              [
                -87.93630218529756,
                30.68922615056647
              ],
              [
                -87.93889617901539,
                30.690690994194085
              ],
              [
                -87.94120300031818,
                30.68864699975927
              ],
              [
                -87.94481817511866,
                30.671786680910657
              ],
              [
                -87.93979644804762,
                30.672309875000792
              ],
              [
                -87.93932342533577,
                30.67726325989156
              ],
              [
                -87.94145962096468,
                30.6771183557276
              ],
              [
                -87.94127654957305,
                30.680006026656883
              ],
              [
                -87.94068399976675,
                30.680575999882535
              ],
              [
                -87.94109500163296,
                30.679390600795614
              ],
              [
                -87.94062299965168,
                30.678606999913143
              ],
              [
                -87.93667099996662,
                30.675670000270372
              ],
              [
                -87.93360462565289,
                30.675296646722927
              ],
              [
                -87.93813600007633,
                30.670729999989533
              ],
              [
                -87.93473299962818,
                30.6728237503159
              ],
              [
                -87.93439483565311,
                30.670589446745623
              ],
              [
                -87.93341827443379,
                30.67428398132074
              ],
              [
                -87.92916299997245,
                30.675685000062742
              ],
              [
                -87.92830819526694,
                30.672431697165166
              ],
              [
                -87.92987962834212,
                30.67178715125607
              ],
              [
                -87.92876434309994,
                30.670841217348368
              ],
              [
                -87.92819400025286,
                30.67189000042322
              ],
              [
                -87.92679595916616,
                30.66489028915555
              ],
              [
                -87.93047500022107,
                30.666060999615468
              ],
              [
                -87.9329159149375,
                30.66267700903677
              ],
              [
                -87.93444061294389,
                30.666946410948185
              ],
              [
                -87.9374618529821,
                30.66881561315006
              ],
              [
                -87.94053099990566,
                30.666877000373347
              ],
              [
                -87.94228363018533,
                30.670009613353045
              ],
              [
                -87.94544499988677,
                30.670715000197163
              ],
              [
                -87.95322699992607,
                30.66363800029353
              ],
              [
                -87.95619287590046,
                30.658789696687222
              ],
              [
                -87.95591631728416,
                30.66193992288919
              ],
              [
                -87.94536590631151,
                30.679424285802213
              ],
              [
                -87.9426040649256,
                30.6888656618209
              ],
              [
                -87.93514499974191,
                30.69719500004925
              ]
            ]
          ],
          [
            [
              [
                -87.87929534880129,
                30.71448898278038
              ],
              [
                -87.87972899829458,
                30.71288211641661
              ],
              [
                -87.88254699964426,
                30.71400700012299
              ],
              [
                -87.88353900042449,
                30.710753000250804
              ],
              [
                -87.8873933130509,
                30.710889373445866
              ],
              [
                -87.88339296581267,
                30.714888993132604
              ],
              [
                -87.87929534880129,
                30.71448898278038
              ]
            ]
          ],
          [
            [
              [
                -87.98229387086542,
                30.714986196355937
              ],
              [
                -87.98179611230069,
                30.720688235373814
              ],
              [
                -87.98029141701522,
                30.722416396899234
              ],
              [
                -87.98006903715628,
                30.721805025181823
              ],
              [
                -87.98229387086542,
                30.714986196355937
              ]
            ]
          ],
          [
            [
              [
                -87.97425112768735,
                30.725404701066168
              ],
              [
                -87.96792200039994,
                30.72021300032975
              ],
              [
                -87.96891370530324,
                30.716912277979304
              ],
              [
                -87.96818099975332,
                30.715357000325355
              ],
              [
                -87.95776367225562,
                30.708459854039063
              ],
              [
                -87.95563799959399,
                30.701544000055605
              ],
              [
                -87.95818600018373,
                30.69353300024784
              ],
              [
                -87.9630962589851,
                30.689190083255767
              ],
              [
                -87.97018432594587,
                30.689000383860673
              ],
              [
                -87.96048736619895,
                30.692766189707925
              ],
              [
                -87.96245575013273,
                30.6953945159442
              ],
              [
                -87.96229553231291,
                30.69998931865217
              ],
              [
                -87.96496199969647,
                30.701006000426617
              ],
              [
                -87.96614837634644,
                30.704000473043436
              ],
              [
                -87.96360015902007,
                30.70594978325596
              ],
              [
                -87.96093400010398,
                30.70562999962482
              ],
              [
                -87.96047210740181,
                30.707929611062752
              ],
              [
                -87.96319580134514,
                30.710189818705203
              ],
              [
                -87.96586199983142,
                30.7085100002364
              ],
              [
                -87.96828460704893,
                30.71004676804398
              ],
              [
                -87.97143199858783,
                30.717848000085212
              ],
              [
                -87.97409057621906,
                30.719362258761294
              ],
              [
                -87.98063303888358,
                30.699531075398852
              ],
              [
                -87.9850269995963,
                30.695734000124048
              ],
              [
                -87.98802185082769,
                30.68665504459466
              ],
              [
                -87.99311999958826,
                30.68372564062588
              ],
              [
                -87.99550699994808,
                30.68000799976943
              ],
              [
                -87.95672100007408,
                30.67386199963164
              ],
              [
                -87.95369720506193,
                30.67448234568377
              ],
              [
                -87.95760345533517,
                30.670742034717193
              ],
              [
                -87.96404295641725,
                30.67125537223768
              ],
              [
                -87.96193695102943,
                30.67295455940547
              ],
              [
                -87.97214900017616,
                30.675383999671908
              ],
              [
                -87.99482299988148,
                30.678900999981238
              ],
              [
                -87.99779807232312,
                30.678092040015713
              ],
              [
                -88.00739532333546,
                30.682287586003326
              ],
              [
                -88.00285339356924,
                30.681428908817168
              ],
              [
                -87.98395538273468,
                30.70284462028303
              ],
              [
                -87.97425112768735,
                30.725404701066168
              ]
            ]
          ],
          [
            [
              [
                -87.94679260159722,
                30.74468803362589
              ],
              [
                -87.93529799960294,
                30.743356000079416
              ],
              [
                -87.93960033109039,
                30.734780846558863
              ],
              [
                -87.94158399990164,
                30.72465300003597
              ],
              [
                -87.94170600013177,
                30.71337699984872
              ],
              [
                -87.9389953652439,
                30.705089570926987
              ],
              [
                -87.94053637515356,
                30.70015025233232
              ],
              [
                -87.94576500025454,
                30.692019999723243
              ],
              [
                -87.94831299994496,
                30.681323000156397
              ],
              [
                -87.95104500002668,
                30.67753499994035
              ],
              [
                -87.95447540281754,
                30.675128936651163
              ],
              [
                -87.96314487723424,
                30.676039983158773
              ],
              [
                -87.96649600029014,
                30.679189999818675
              ],
              [
                -87.95633697517121,
                30.676933288740315
              ],
              [
                -87.95735931368137,
                30.67945861832061
              ],
              [
                -87.96147918711478,
                30.682271956685497
              ],
              [
                -87.96389589028308,
                30.68799005219921
              ],
              [
                -87.94549560473831,
                30.698688506869132
              ],
              [
                -87.94435882569923,
                30.705701827577343
              ],
              [
                -87.94712066708507,
                30.706453322662753
              ],
              [
                -87.94909500003416,
                30.71388900007736
              ],
              [
                -87.9532429997646,
                30.712568000313013
              ],
              [
                -87.95486444863536,
                30.70973025434779
              ],
              [
                -87.95549774222701,
                30.71078872671842
              ],
              [
                -87.95253999972118,
                30.702913000234844
              ],
              [
                -87.95370000015487,
                30.703214999772456
              ],
              [
                -87.95611099982273,
                30.696408999775542
              ],
              [
                -87.95571400040075,
                30.693479999602346
              ],
              [
                -87.95859500015911,
                30.691489000417107
              ],
              [
                -87.95549500019405,
                30.69948899971763
              ],
              [
                -87.95516204779022,
                30.70327949465303
              ],
              [
                -87.95703124999216,
                30.70852279668975
              ],
              [
                -87.96300899956566,
                30.714872999589318
              ],
              [
                -87.96149444591191,
                30.71938896233081
              ],
              [
                -87.96259580515226,
                30.720488890749778
              ],
              [
                -87.96332899993337,
                30.718764000058627
              ],
              [
                -87.96346599995587,
                30.7151780001646
              ],
              [
                -87.96249605504886,
                30.713289107306537
              ],
              [
                -87.96779632643927,
                30.715589522738355
              ],
              [
                -87.96703338568216,
                30.720022201963104
              ],
              [
                -87.9741745000531,
                30.72681999204906
              ],
              [
                -87.96892547563016,
                30.73413658123826
              ],
              [
                -87.9604568477053,
                30.741064072449035
              ],
              [
                -87.94679260159722,
                30.74468803362589
              ]
            ]
          ],
          [
            [
              [
                -88.00335693387535,
                30.74391746481922
              ],
              [
                -88.00625299997591,
                30.74341300000998
              ],
              [
                -88.00719451911175,
                30.74348831193612
              ],
              [
                -88.00209045371145,
                30.74604415911068
              ],
              [
                -88.00335693387535,
                30.74391746481922
              ]
            ]
          ],
          [
            [
              [
                -87.99827575712044,
                30.74568939185201
              ],
              [
                -87.99807399961537,
                30.746857999697
              ],
              [
                -87.99489699969672,
                30.748588000335985
              ],
              [
                -87.99546814024245,
                30.747528075560297
              ],
              [
                -87.99827575712044,
                30.74568939185201
              ]
            ]
          ],
          [
            [
              [
                -87.98385601664182,
                30.755261176761962
              ],
              [
                -87.99069700026632,
                30.748488000221073
              ],
              [
                -87.98994086288047,
                30.75003907174579
              ],
              [
                -87.98385601664182,
                30.755261176761962
              ]
            ]
          ],
          [
            [
              [
                -88.0259857183662,
                30.75669670069226
              ],
              [
                -88.02706909206489,
                30.750234604143714
              ],
              [
                -88.01896667527183,
                30.743061065615734
              ],
              [
                -88.01693725614939,
                30.737012863153154
              ],
              [
                -88.01739700037126,
                30.72618899982251
              ],
              [
                -88.01554870560824,
                30.719224929586858
              ],
              [
                -88.00682067903108,
                30.706052779911943
              ],
              [
                -88.00553894006998,
                30.700876236349302
              ],
              [
                -88.00849748297242,
                30.691791238275073
              ],
              [
                -88.008037999554,
                30.70477499976647
              ],
              [
                -88.01762099990918,
                30.71600899981553
              ],
              [
                -88.02198586125843,
                30.732476530767315
              ],
              [
                -88.02164999864846,
                30.741307000018082
              ],
              [
                -88.02345099986371,
                30.743512000078795
              ],
              [
                -88.0287170412584,
                30.743570328308067
              ],
              [
                -88.03366088883894,
                30.736505507922914
              ],
              [
                -88.02754211387742,
                30.726444243607034
              ],
              [
                -88.02708435086208,
                30.72022819527507
              ],
              [
                -88.0220184329043,
                30.713163375789236
              ],
              [
                -88.02391052195298,
                30.704839705987695
              ],
              [
                -88.02032470731933,
                30.69971275284132
              ],
              [
                -88.02048486578389,
                30.69819653364317
              ],
              [
                -88.02379699963177,
                30.700089000407104
              ],
              [
                -88.02616882303272,
                30.69877052324108
              ],
              [
                -88.02804565418353,
                30.69692039476047
              ],
              [
                -88.02803039628571,
                30.693300246709043
              ],
              [
                -88.0122804712667,
                30.686773161552196
              ],
              [
                -88.01075503491688,
                30.68433338267954
              ],
              [
                -88.024597167825,
                30.689989090424262
              ],
              [
                -88.02639770499007,
                30.68559074371791
              ],
              [
                -88.02529901044096,
                30.683893490092544
              ],
              [
                -88.0284957891493,
                30.68399047927727
              ],
              [
                -88.03399467401493,
                30.68858021160753
              ],
              [
                -88.03323200035652,
                30.69173600011635
              ],
              [
                -88.03599299997694,
                30.702387000259932
              ],
              [
                -88.03439800016753,
                30.703588999932435
              ],
              [
                -88.03620699995304,
                30.70378299988556
              ],
              [
                -88.03697000006542,
                30.714808000189123
              ],
              [
                -88.04046400021338,
                30.724122999876613
              ],
              [
                -88.04054081490665,
                30.735093521049237
              ],
              [
                -88.03150699994808,
                30.757958999908
              ],
              [
                -88.02269744892811,
                30.77058601383351
              ],
              [
                -88.02079772913186,
                30.766395568800533
              ],
              [
                -88.0259857183662,
                30.75669670069226
              ]
            ]
          ],
          [
            [
              [
                -87.95615386960537,
                30.77071571405901
              ],
              [
                -87.9409484858839,
                30.773260117360564
              ],
              [
                -87.93850708013758,
                30.770418167064804
              ],
              [
                -87.9402549997684,
                30.763658000116664
              ],
              [
                -87.93932600009481,
                30.760931000265487
              ],
              [
                -87.9346008298644,
                30.75951003995641
              ],
              [
                -87.92693328923986,
                30.764482497669178
              ],
              [
                -87.92361500043188,
                30.761480000401775
              ],
              [
                -87.92021964422116,
                30.754834835159556
              ],
              [
                -87.9375409996174,
                30.74709399978832
              ],
              [
                -87.94059568094588,
                30.74738849268482
              ],
              [
                -87.93969968998869,
                30.750183098171476
              ],
              [
                -87.94092900027312,
                30.747689000247192
              ],
              [
                -87.96299599087223,
                30.74278804942901
              ],
              [
                -87.96212400012246,
                30.7453969997718
              ],
              [
                -87.95988100010806,
                30.746865000019795
              ],
              [
                -87.95955657957245,
                30.74830055182906
              ],
              [
                -87.95699310344895,
                30.749488831444467
              ],
              [
                -87.9579086285803,
                30.75114631704895
              ],
              [
                -87.9575959999554,
                30.74958799968647
              ],
              [
                -87.95988464416098,
                30.748760223205807
              ],
              [
                -87.96273400037376,
                30.745462000071313
              ],
              [
                -87.96406555188366,
                30.74198913579005
              ],
              [
                -87.97463599975157,
                30.73131399964143
              ],
              [
                -87.97634124834991,
                30.74561500532826
              ],
              [
                -87.96679599973555,
                30.748187999876336
              ],
              [
                -87.964553831594,
                30.750188827752254
              ],
              [
                -87.97643600002135,
                30.74610199990741
              ],
              [
                -87.97579956060122,
                30.730562209578352
              ],
              [
                -87.98165499967848,
                30.727903999769808
              ],
              [
                -87.98464202860669,
                30.728961945137712
              ],
              [
                -87.99484252865972,
                30.726167678695447
              ],
              [
                -87.99780273440865,
                30.723325729299006
              ],
              [
                -88.00024414105422,
                30.716981888203634
              ],
              [
                -87.99737548808827,
                30.71346473680819
              ],
              [
                -87.99650300001338,
                30.71436100026
              ],
              [
                -87.99953899972502,
                30.71760799980939
              ],
              [
                -87.99545000001746,
                30.725194999849407
              ],
              [
                -87.9849670004267,
                30.72835699997563
              ],
              [
                -87.98084258991355,
                30.72765541096851
              ],
              [
                -87.97519683766387,
                30.730388641322804
              ],
              [
                -87.98312377873935,
                30.720136641592774
              ],
              [
                -87.9837646482199,
                30.711069106554078
              ],
              [
                -87.98736572344933,
                30.703313828070748
              ],
              [
                -88.0021969999915,
                30.688489999713795
              ],
              [
                -87.9988070001429,
                30.692228000322018
              ],
              [
                -87.99819625075634,
                30.695389208145514
              ],
              [
                -87.99018500003768,
                30.701417999641023
              ],
              [
                -87.99149322493236,
                30.70546913069586
              ],
              [
                -87.9854965212474,
                30.719644546958307
              ],
              [
                -87.99349699988659,
                30.723688999647663
              ],
              [
                -87.99659729033266,
                30.717988967916597
              ],
              [
                -87.99377441375816,
                30.715124129874766
              ],
              [
                -87.99379172211025,
                30.71273180283049
              ],
              [
                -87.9995850917785,
                30.711065500272696
              ],
              [
                -88.00539398194667,
                30.71568870536953
              ],
              [
                -88.00842000008288,
                30.713873000238834
              ],
              [
                -88.01000700042272,
                30.716189000022382
              ],
              [
                -88.00459700005149,
                30.71868900019723
              ],
              [
                -88.00286600026567,
                30.72077400012006
              ],
              [
                -88.00539398194667,
                30.72438812271372
              ],
              [
                -88.00582600006982,
                30.723577999924828
              ],
              [
                -88.00729100017946,
                30.731717000239428
              ],
              [
                -88.01023864689603,
                30.732843399303476
              ],
              [
                -88.01127624510258,
                30.730249404686333
              ],
              [
                -88.00988769456143,
                30.725580214555293
              ],
              [
                -88.00759887678669,
                30.72278785737376
              ],
              [
                -88.00652916558846,
                30.724893146001932
              ],
              [
                -88.00596618728969,
                30.72341537461989
              ],
              [
                -88.00319700024136,
                30.720389000352156
              ],
              [
                -88.0106158378506,
                30.717015147830864
              ],
              [
                -88.0137149996475,
                30.725535000240143
              ],
              [
                -88.01223499974543,
                30.73368600020882
              ],
              [
                -88.00819100031435,
                30.738675000051273
              ],
              [
                -87.99874600002784,
                30.743734000423842
              ],
              [
                -87.99629211259088,
                30.742733001926524
              ],
              [
                -87.99606323243222,
                30.740736007860505
              ],
              [
                -87.99309700032626,
                30.740688000251055
              ],
              [
                -87.99263000487082,
                30.738286972265996
              ],
              [
                -87.9883849997679,
                30.737435000424966
              ],
              [
                -87.98749542187619,
                30.739688873242983
              ],
              [
                -87.98878478978617,
                30.737627029064186
              ],
              [
                -87.99218499963797,
                30.738529999659818
              ],
              [
                -87.9930239996578,
                30.741174000180024
              ],
              [
                -87.99572572855948,
                30.741422668121686
              ],
              [
                -87.99599456829463,
                30.74308776918525
              ],
              [
                -87.99749699998654,
                30.744187999776443
              ],
              [
                -87.98619777480741,
                30.749587850399053
              ],
              [
                -87.98362731904552,
                30.74418067929497
              ],
              [
                -87.98167099861763,
                30.74445100021353
              ],
              [
                -87.97719199981088,
                30.752766996999355
              ],
              [
                -87.97929099858067,
                30.75799099958499
              ],
              [
                -87.97915000017235,
                30.750188000375942
              ],
              [
                -87.98240661617234,
                30.74462318441249
              ],
              [
                -87.98512268116679,
                30.750883101673878
              ],
              [
                -87.97541809067229,
                30.769794463843482
              ],
              [
                -87.96573638882325,
                30.7741508535791
              ],
              [
                -87.95615386960537,
                30.77071571405901
              ]
            ]
          ],
          [
            [
              [
                -87.95525333617246,
                30.772937895667383
              ],
              [
                -87.96047899980596,
                30.773350000102482
              ],
              [
                -87.96523271991407,
                30.775491751743004
              ],
              [
                -87.95597067320796,
                30.775596536251214
              ],
              [
                -87.95525333617246,
                30.772937895667383
              ]
            ]
          ],
          [
            [
              [
                -87.92252143291773,
                30.803625174062574
              ],
              [
                -87.92103585092377,
                30.792627101259768
              ],
              [
                -87.92719600009531,
                30.7777970001315
              ],
              [
                -87.92661285360026,
                30.771266937319353
              ],
              [
                -87.92860300022824,
                30.774933000257818
              ],
              [
                -87.92985018633698,
                30.77557476456377
              ],
              [
                -87.92871019671816,
                30.772917027798655
              ],
              [
                -87.93544769265685,
                30.780342102206305
              ],
              [
                -87.93675057467925,
                30.786530520667043
              ],
              [
                -87.92897033731117,
                30.793060302890694
              ],
              [
                -87.92334499967194,
                30.799087999911308
              ],
              [
                -87.93685913094413,
                30.787170409886585
              ],
              [
                -87.93701934786458,
                30.78334426942257
              ],
              [
                -87.9379729997541,
                30.787445999933027
              ],
              [
                -87.93478393632955,
                30.792419434309522
              ],
              [
                -87.92315673829279,
                30.800165176381824
              ],
              [
                -87.9252029999185,
                30.800464000413342
              ],
              [
                -87.92639800016752,
                30.798423999867737
              ],
              [
                -87.92679595916616,
                30.80211448659435
              ],
              [
                -87.93406694913034,
                30.794780883131295
              ],
              [
                -87.93114999987256,
                30.799776000162353
              ],
              [
                -87.92780303977844,
                30.802434921334623
              ],
              [
                -87.92252143291773,
                30.803625174062574
              ]
            ]
          ],
          [
            [
              [
                -87.99229573855746,
                30.807898822572668
              ],
              [
                -87.99135900021764,
                30.795433000432695
              ],
              [
                -87.9927673340452,
                30.792545318711518
              ],
              [
                -88.00000000029974,
                30.78798866344613
              ],
              [
                -88.0018005365655,
                30.788988113310836
              ],
              [
                -88.00163268979674,
                30.78754043594239
              ],
              [
                -88.01113663075085,
                30.786000161678146
              ],
              [
                -88.01345600029413,
                30.80028400020649
              ],
              [
                -88.0124969479757,
                30.8025856018441
              ],
              [
                -88.00818215458276,
                30.80558205926468
              ],
              [
                -87.9973120004484,
                30.805628000232105
              ],
              [
                -87.99229573855746,
                30.807898822572668
              ]
            ]
          ],
          [
            [
              [
                -87.9514630004171,
                30.82028599720104
              ],
              [
                -87.93677899955117,
                30.80958400010155
              ],
              [
                -87.92918500008767,
                30.806375999652687
              ],
              [
                -87.93903500016506,
                30.79205300014587
              ],
              [
                -87.9410789999958,
                30.786553000120932
              ],
              [
                -87.9393270001409,
                30.779402000402058
              ],
              [
                -87.92993164063267,
                30.77009773322385
              ],
              [
                -87.92993164063267,
                30.765583037627152
              ],
              [
                -87.93157958982619,
                30.763290404928284
              ],
              [
                -87.93536220310318,
                30.760981270569232
              ],
              [
                -87.93852900021318,
                30.762007999569562
              ],
              [
                -87.93696401617638,
                30.770303817367335
              ],
              [
                -87.94049500004417,
                30.774520000097993
              ],
              [
                -87.95333862287913,
                30.773740768122025
              ],
              [
                -87.95787811278461,
                30.777360916173393
              ],
              [
                -87.97252654996026,
                30.773691176806437
              ],
              [
                -87.97085571302068,
                30.780498505102003
              ],
              [
                -87.96289690536787,
                30.78357106944935
              ],
              [
                -87.9613037095985,
                30.787328720244318
              ],
              [
                -87.96576682907585,
                30.794549106256284
              ],
              [
                -87.96332549977194,
                30.797321320422668
              ],
              [
                -87.9663543696584,
                30.796175003173914
              ],
              [
                -87.96645700029029,
                30.792989000142313
              ],
              [
                -87.96894836427555,
                30.79202651960827
              ],
              [
                -87.97261600012826,
                30.793744525989155
              ],
              [
                -87.97139739987006,
                30.79844284066462
              ],
              [
                -87.97731780956923,
                30.799449921276903
              ],
              [
                -87.9802932741153,
                30.79717826796275
              ],
              [
                -87.98137664781399,
                30.79227447528683
              ],
              [
                -87.97935485764054,
                30.787897109763833
              ],
              [
                -87.97096599958115,
                30.782445999583274
              ],
              [
                -87.97552800041683,
                30.7721539998073
              ],
              [
                -87.98680114705525,
                30.756223678879735
              ],
              [
                -88.00049591075765,
                30.745288849101144
              ],
              [
                -88.00028700004498,
                30.748426000059908
              ],
              [
                -87.99136352470686,
                30.756725310824493
              ],
              [
                -87.98746399956389,
                30.757850000277358
              ],
              [
                -87.9836190003166,
                30.764750000112485
              ],
              [
                -87.98874664324296,
                30.76722335787173
              ],
              [
                -87.99157714786702,
                30.76405906717224
              ],
              [
                -87.99176788328117,
                30.767747879361195
              ],
              [
                -87.99516661734549,
                30.770199480721487
              ],
              [
                -87.99370999981659,
                30.775493000001973
              ],
              [
                -87.99811554019999,
                30.776683806712356
              ],
              [
                -88.00209045371145,
                30.7735023497537
              ],
              [
                -88.01367187535675,
                30.769916534220727
              ],
              [
                -88.01549766368618,
                30.764090508370316
              ],
              [
                -88.02072143604539,
                30.759359360346252
              ],
              [
                -88.01679929924825,
                30.74298973229037
              ],
              [
                -88.02340500044039,
                30.748558999897966
              ],
              [
                -88.02535795470578,
                30.752587181153558
              ],
              [
                -88.01922417005937,
                30.765885709857685
              ],
              [
                -88.02109527612606,
                30.771087645778266
              ],
              [
                -88.02032300040611,
                30.774703999589974
              ],
              [
                -88.01687399963532,
                30.77915199966509
              ],
              [
                -88.01098399961188,
                30.783050999603972
              ],
              [
                -87.99185943606409,
                30.79089546205597
              ],
              [
                -87.98915600024918,
                30.795846999739297
              ],
              [
                -87.99078099964339,
                30.804782999935526
              ],
              [
                -87.98828799979134,
                30.809481999894444
              ],
              [
                -87.964553831594,
                30.819366454798114
              ],
              [
                -87.9514630004171,
                30.82028599720104
              ]
            ]
          ],
          [
            [
              [
                -87.93789703492018,
                30.838117000199475
              ],
              [
                -87.93988699988512,
                30.836259999999072
              ],
              [
                -87.9399108885766,
                30.838001251156868
              ],
              [
                -87.93789703492018,
                30.838117000199475
              ]
            ]
          ],
          [
            [
              [
                -87.99586486806919,
                30.868421555010798
              ],
              [
                -87.98034668035496,
                30.85997199990794
              ],
              [
                -87.96113699957283,
                30.85246099977536
              ],
              [
                -87.95183899976996,
                30.844556000359205
              ],
              [
                -87.94517099984171,
                30.83252500042846
              ],
              [
                -87.94734954814311,
                30.82443428021793
              ],
              [
                -87.95181274406286,
                30.822143554981153
              ],
              [
                -87.95916400031831,
                30.8218209996395
              ],
              [
                -87.95563329973697,
                30.82571756781158
              ],
              [
                -87.95807699965377,
                30.827320999664437
              ],
              [
                -87.95956399987864,
                30.827182999595834
              ],
              [
                -87.96083831763423,
                30.828649521358386
              ],
              [
                -87.95958709716678,
                30.830184936585624
              ],
              [
                -87.96213345559448,
                30.831982434042175
              ],
              [
                -87.95990753190705,
                30.83215713544348
              ],
              [
                -87.95895385663516,
                30.8362808229017
              ],
              [
                -87.9546508794345,
                30.835845946733116
              ],
              [
                -87.95922100024893,
                30.83673899960519
              ],
              [
                -87.96044158890817,
                30.832777022841356
              ],
              [
                -87.96256599982098,
                30.832271000406422
              ],
              [
                -87.95999145484171,
                30.826793671390874
              ],
              [
                -87.95648299989051,
                30.825739999601353
              ],
              [
                -87.95964227237295,
                30.822118837114715
              ],
              [
                -87.96633299996796,
                30.821017000334336
              ],
              [
                -87.99022600012978,
                30.810192000260656
              ],
              [
                -87.99105071981484,
                30.815851211764084
              ],
              [
                -88.00076000027377,
                30.827105999642242
              ],
              [
                -88.00549316367852,
                30.830314635911748
              ],
              [
                -88.00419616681961,
                30.833885192647585
              ],
              [
                -87.99820799860021,
                30.83658899988251
              ],
              [
                -87.99042511003074,
                30.831687926756445
              ],
              [
                -87.98728942856422,
                30.8314609531605
              ],
              [
                -87.98195524373949,
                30.83391373173339
              ],
              [
                -87.97371673613844,
                30.83075523356723
              ],
              [
                -87.9711427676246,
                30.831856617089272
              ],
              [
                -87.97125055317048,
                30.835132128744817
              ],
              [
                -87.9642639162467,
                30.8368530273454
              ],
              [
                -87.96307206722207,
                30.838502864215855
              ],
              [
                -87.97087900006574,
                30.835797000231423
              ],
              [
                -87.97528839134617,
                30.83836173990244
              ],
              [
                -87.979141233581,
                30.844892502387154
              ],
              [
                -87.97651600011329,
                30.848170999791876
              ],
              [
                -87.97422790359485,
                30.84780502338316
              ],
              [
                -87.97361755440659,
                30.849088668906973
              ],
              [
                -87.97402000012289,
                30.849867999808396
              ],
              [
                -87.97784500024653,
                30.851057999826878
              ],
              [
                -87.97962499959402,
                30.851149000426062
              ],
              [
                -87.97409900016868,
                30.849225999880048
              ],
              [
                -87.97720599955721,
                30.84828499965306
              ],
              [
                -87.9788284295883,
                30.846612929742946
              ],
              [
                -87.97954100021695,
                30.84301300024981
              ],
              [
                -87.97738899990236,
                30.839782999685724
              ],
              [
                -87.97159599985548,
                30.834651000443387
              ],
              [
                -87.9717025758132,
                30.83249854956847
              ],
              [
                -87.97366700003198,
                30.831328000087183
              ],
              [
                -87.97927093470582,
                30.83419036859067
              ],
              [
                -87.98373300017778,
                30.834143000399195
              ],
              [
                -87.98384499994677,
                30.84413499983043
              ],
              [
                -87.98525237959359,
                30.84628868097792
              ],
              [
                -87.99200000009989,
                30.846514999867395
              ],
              [
                -87.99486700011192,
                30.845162000426058
              ],
              [
                -87.9959030146124,
                30.842733383039274
              ],
              [
                -87.99882400002753,
                30.84323499969554
              ],
              [
                -87.99781799320579,
                30.85059165997717
              ],
              [
                -88.0013961788905,
                30.85498428339804
              ],
              [
                -87.99667900003578,
                30.853043999680892
              ],
              [
                -87.99171110368445,
                30.852841236733752
              ],
              [
                -87.99702453575367,
                30.857238769553646
              ],
              [
                -88.00037799974484,
                30.864449000421075
              ],
              [
                -87.99644600008281,
                30.86312799975741
              ],
              [
                -87.99463653624713,
                30.85992050202958
              ],
              [
                -87.99129099977978,
                30.861481000248034
              ],
              [
                -87.99073500022007,
                30.863497999732942
              ],
              [
                -87.99586486806919,
                30.868421555010798
              ]
            ]
          ],
          [
            [
              [
                -87.92771233775414,
                30.86278103501678
              ],
              [
                -87.93141174305748,
                30.865503310729252
              ],
              [
                -87.9301899996687,
                30.872858999743073
              ],
              [
                -87.9319152833636,
                30.875751494635836
              ],
              [
                -87.92984008784975,
                30.878892899387836
              ],
              [
                -87.92973327626964,
                30.884963988697166
              ],
              [
                -87.93340301473728,
                30.893743514951325
              ],
              [
                -87.9374689998944,
                30.895416000348177
              ],
              [
                -87.93388294064516,
                30.901328280176017
              ],
              [
                -87.92561600007832,
                30.889456999840718
              ],
              [
                -87.9210205075903,
                30.885835647597105
              ],
              [
                -87.92259206207399,
                30.87162088329717
              ],
              [
                -87.92713499998024,
                30.866008000368993
              ],
              [
                -87.92771233775414,
                30.86278103501678
              ]
            ]
          ],
          [
            [
              [
                -87.93029785176441,
                32.310413360887935
              ],
              [
                -87.92869567896236,
                32.30791091905371
              ],
              [
                -87.93179321298635,
                32.29731369027462
              ],
              [
                -87.92849731459933,
                32.28671264567214
              ],
              [
                -87.93359375015143,
                32.2824134833956
              ],
              [
                -87.94369506757329,
                32.282512665127456
              ],
              [
                -87.94509887691163,
                32.28581237843855
              ],
              [
                -87.93819427524556,
                32.293712615944514
              ],
              [
                -87.93739318794525,
                32.302413939851476
              ],
              [
                -87.94249725334555,
                32.30531311041176
              ],
              [
                -87.94569397000066,
                32.3051109311246
              ],
              [
                -87.95739746112389,
                32.29811096175155
              ],
              [
                -87.96449279820405,
                32.297012329255665
              ],
              [
                -87.96839904757792,
                32.29881286642069
              ],
              [
                -87.97279357936014,
                32.305912018424976
              ],
              [
                -87.9764938354221,
                32.308013915709694
              ],
              [
                -87.98169708255426,
                32.305412292143615
              ],
              [
                -87.99069976837956,
                32.29471206670854
              ],
              [
                -88.00000000029974,
                32.29711151098752
              ],
              [
                -88.00329589778744,
                32.29691314662449
              ],
              [
                -88.00669860775452,
                32.294212341326556
              ],
              [
                -88.00459289644499,
                32.284610748387365
              ],
              [
                -88.00779724114972,
                32.282512665127456
              ],
              [
                -88.0166931153949,
                32.28581237843855
              ],
              [
                -88.01939392159215,
                32.284610748387365
              ],
              [
                -88.02009582536203,
                32.272712707825235
              ],
              [
                -88.01849365255998,
                32.2689132691321
              ],
              [
                -88.011497498111,
                32.26401138301895
              ],
              [
                -88.00909423800863,
                32.26041030868885
              ],
              [
                -88.00839996318774,
                32.2552108755815
              ],
              [
                -88.00869751018189,
                32.24921035787179
              ],
              [
                -88.0150985724411,
                32.238510132436716
              ],
              [
                -88.01459503213499,
                32.23371124297955
              ],
              [
                -88.00939941395177,
                32.225513457580064
              ],
              [
                -88.00749969505483,
                32.21931075968388
              ],
              [
                -88.01269531323805,
                32.20181274416285
              ],
              [
                -88.0070953373799,
                32.18661117626482
              ],
              [
                -88.01109314043606,
                32.16971206695837
              ],
              [
                -88.01729583743293,
                32.15221404963876
              ],
              [
                -88.02139282222095,
                32.14501190187781
              ],
              [
                -88.0240936284182,
                32.14381408675075
              ],
              [
                -88.03429412757191,
                32.145214081164966
              ],
              [
                -88.03919983040782,
                32.141910552929744
              ],
              [
                -88.0430984499335,
                32.12031173679725
              ],
              [
                -88.05209350591053,
                32.102710723720975
              ],
              [
                -88.05089569078348,
                32.09871292066481
              ],
              [
                -88.04469299288729,
                32.09111022925373
              ],
              [
                -88.04449462942358,
                32.082813263021706
              ],
              [
                -88.05769348086943,
                32.074813842884566
              ],
              [
                -88.06749725309572,
                32.062911987398365
              ],
              [
                -88.07159423788374,
                32.06211090099731
              ],
              [
                -88.08069610634021,
                32.06901168773925
              ],
              [
                -88.08599853520423,
                32.071113585923285
              ],
              [
                -88.09159851106239,
                32.071113585923285
              ],
              [
                -88.10049438530763,
                32.06711196884231
              ],
              [
                -88.11779785228902,
                32.05431366014733
              ],
              [
                -88.11799621575273,
                32.05011367780406
              ],
              [
                -88.11339569155786,
                32.04131317126587
              ],
              [
                -88.11329650892668,
                32.03741073591681
              ],
              [
                -88.1173934937147,
                32.01681137144766
              ],
              [
                -88.11199951206777,
                32.00411224358521
              ],
              [
                -88.10289764541,
                31.99641227700505
              ],
              [
                -88.09509277291312,
                31.9931125636939
              ],
              [
                -88.09189605715727,
                31.994112015357302
              ],
              [
                -88.09199523888913,
                31.998712539552116
              ],
              [
                -88.09409332304836,
                32.00301361108933
              ],
              [
                -88.09239959656412,
                32.00651168786413
              ],
              [
                -88.08839416455902,
                32.00621032684518
              ],
              [
                -88.08419799803914,
                31.999311446665956
              ],
              [
                -88.07209777818986,
                31.98991203301398
              ],
              [
                -87.66819763241477,
                31.991312027428194
              ],
              [
                -87.66790008542057,
                32.00111389219245
              ],
              [
                -87.6238937378057,
                32.005512237999426
              ],
              [
                -87.62279510530982,
                32.01411056525046
              ],
              [
                -87.62329864471667,
                32.13231277491468
              ],
              [
                -87.52199554435884,
                32.13281250029672
              ],
              [
                -87.52259826729619,
                32.256011962881814
              ],
              [
                -87.51359558057158,
                32.26611328120299
              ],
              [
                -87.50219726629075,
                32.269012450863954
              ],
              [
                -87.48359680155113,
                32.266410828197195
              ],
              [
                -87.47699737492889,
                32.267513274717885
              ],
              [
                -87.47200012200801,
                32.26411056475081
              ],
              [
                -87.4655990597488,
                32.26361084026814
              ],
              [
                -87.4581985467255,
                32.26361084026814
              ],
              [
                -87.45359802343,
                32.2681121827311
              ],
              [
                -87.44549560483824,
                32.268814087400244
              ],
              [
                -87.43609619118621,
                32.26461410505698
              ],
              [
                -87.43719482458147,
                32.25861358644789
              ],
              [
                -87.43459320101539,
                32.255611420131004
              ],
              [
                -87.42859649733043,
                32.252613067838865
              ],
              [
                -87.42339325019827,
                32.24591064456064
              ],
              [
                -87.41379547128395,
                32.24191284240379
              ],
              [
                -87.40909576355858,
                32.237010956290646
              ],
              [
                -87.39189910905662,
                32.23901367184351
              ],
              [
                -87.38789367705152,
                32.23251342785244
              ],
              [
                -87.3886947625532,
                32.22841262814035
              ],
              [
                -87.38589477642273,
                32.226112365593224
              ],
              [
                -87.38739776659361,
                32.2235107420272
              ],
              [
                -87.37779998857854,
                32.22321319593232
              ],
              [
                -87.37469482380703,
                32.22111129774822
              ],
              [
                -87.37329864521627,
                32.21831130981917
              ],
              [
                -87.37329864521627,
                32.21061325070099
              ],
              [
                -87.37109375037625,
                32.207111359002056
              ],
              [
                -87.36769866935805,
                32.20551300022481
              ],
              [
                -87.36689758295705,
                32.20291137665873
              ],
              [
                -87.36399841329609,
                32.203212737677745
              ],
              [
                -87.36209869439921,
                32.20161056487569
              ],
              [
                -87.36409759502794,
                32.19761276181953
              ],
              [
                -87.35759735103687,
                32.19771194535002
              ],
              [
                -87.35449981701288,
                32.20071029674284
              ],
              [
                -87.35149383487254,
                32.19861221258361
              ],
              [
                -87.34169769339383,
                32.200210571360856
              ],
              [
                -87.32819366510552,
                32.19531250017178
              ],
              [
                -87.3257980348514,
                32.19601058991685
              ],
              [
                -87.32559966958905,
                32.19861221258361
              ],
              [
                -87.3209991462935,
                32.193012237624714
              ],
              [
                -87.32339477474903,
                32.188713074448856
              ],
              [
                -87.32159423758395,
                32.186313629270614
              ],
              [
                -87.32219696142062,
                32.18361282307336
              ],
              [
                -87.31729888933222,
                32.18421173108658
              ],
              [
                -87.31709289602031,
                32.181110382138456
              ],
              [
                -87.31279754596994,
                32.181812285908336
              ],
              [
                -87.31209564220006,
                32.178310394209404
              ],
              [
                -87.30769348056964,
                32.175010680898254
              ],
              [
                -87.303993225407,
                32.16841125517533
              ],
              [
                -87.30039978002577,
                32.166812897297405
              ],
              [
                -87.30220031719085,
                32.16501236013238
              ],
              [
                -87.29999542235083,
                32.16341018733033
              ],
              [
                -87.29189300555771,
                32.167011260761114
              ],
              [
                -87.28829956107586,
                32.15791320812809
              ],
              [
                -87.28469848584643,
                32.156414031982024
              ],
              [
                -87.2861938479677,
                32.15411377033428
              ],
              [
                -87.28369903598167,
                32.15231323226993
              ],
              [
                -87.2854003914149,
                32.14951324524014
              ],
              [
                -87.28259277273821,
                32.14811325082593
              ],
              [
                -87.2827987669495,
                32.14491272014595
              ],
              [
                -87.27239990343276,
                32.14791107243809
              ],
              [
                -87.26889800993519,
                32.14421081457749
              ],
              [
                -87.26249694857529,
                32.14661025975573
              ],
              [
                -87.25779724084992,
                32.143611908362914
              ],
              [
                -87.25819396957598,
                32.14011383068879
              ],
              [
                -87.25249481198597,
                32.1422119139487
              ],
              [
                -87.25209808325991,
                32.13661193809054
              ],
              [
                -87.25349426275,
                32.13331222477939
              ],
              [
                -87.26099395840441,
                32.12421035812156
              ],
              [
                -87.25899505597704,
                32.12141037019251
              ],
              [
                -87.25089263918392,
                32.12321090735753
              ],
              [
                -87.2428970339709,
                32.11911392167019
              ],
              [
                -87.23600006125378,
                32.11321258479302
              ],
              [
                -87.23689270043775,
                32.110313416031374
              ],
              [
                -87.23309326174461,
                32.10131073020608
              ],
              [
                -87.22469329795729,
                32.09501266460285
              ],
              [
                -87.20819854722515,
                32.09191131565473
              ],
              [
                -87.20499420341969,
                32.09291076731813
              ],
              [
                -87.1962966917389,
                32.085010528912846
              ],
              [
                -87.19049835241697,
                32.08511352466945
              ],
              [
                -87.18930053728991,
                32.080913544124826
              ],
              [
                -87.19359588644096,
                32.076511383393665
              ],
              [
                -87.19069671588068,
                32.07031250042161
              ],
              [
                -87.18809509321392,
                32.06821060223757
              ],
              [
                -87.17949676506362,
                32.06651306172847
              ],
              [
                -87.17599487336469,
                32.063312531048496
              ],
              [
                -87.17739868180371,
                32.0617103582465
              ],
              [
                -87.1745986938746,
                32.052711487345334
              ],
              [
                -87.17839813256774,
                32.04801177961997
              ],
              [
                -86.85659790037278,
                32.04831314063898
              ],
              [
                -86.85879516626386,
                32.035411835288016
              ],
              [
                -86.8575973511368,
                31.962211609078565
              ],
              [
                -86.40569305379137,
                31.963912963612415
              ],
              [
                -86.40599822973445,
                32.03611373905784
              ],
              [
                -86.39639282187119,
                32.03741073591681
              ],
              [
                -86.39649963435062,
                32.04281234741194
              ],
              [
                -86.40619659409748,
                32.04381179817602
              ],
              [
                -86.40629577582934,
                32.05111312856809
              ],
              [
                -86.31839752202796,
                32.05171203568193
              ],
              [
                -86.3036956804113,
                32.05131149293112
              ],
              [
                -86.30220031739071,
                31.965112686201564
              ],
              [
                -86.20520019513287,
                31.96641159142183
              ],
              [
                -86.19019317577443,
                31.965112686201564
              ],
              [
                -86.18649291971246,
                31.96271133356123
              ],
              [
                -86.18190002356721,
                31.94951248211538
              ],
              [
                -86.1812973024285,
                31.943311690781968
              ],
              [
                -86.17579650920152,
                31.93091201827508
              ],
              [
                -86.17729950027166,
                31.92541313161081
              ],
              [
                -86.17499542190114,
                31.91681289689774
              ],
              [
                -86.17579650920152,
                31.904512405223386
              ],
              [
                -86.17350006157852,
                31.890712738302284
              ],
              [
                -86.17709350606043,
                31.885112762444066
              ],
              [
                -86.18159484942271,
                31.870412827390112
              ],
              [
                -86.18039703429565,
                31.867111205717606
              ],
              [
                -86.18239593492444,
                31.863712310674657
              ],
              [
                -86.18429565382132,
                31.85211181620741
              ],
              [
                -86.1835937500515,
                31.84631156942345
              ],
              [
                -86.18579864489152,
                31.83961296106935
              ],
              [
                -86.18329620395662,
                31.833312988004025
              ],
              [
                -86.18379974426273,
                31.830411910881026
              ],
              [
                -86.19319915791476,
                31.818813323875872
              ],
              [
                -86.19339752227779,
                31.812911986998643
              ],
              [
                -86.19629669193876,
                31.809011459111616
              ],
              [
                -86.1986999511418,
                31.80841255199772
              ],
              [
                -86.19939422596275,
                31.79041290273335
              ],
              [
                -86.14849853457969,
                31.790912628115336
              ],
              [
                -86.14699554440881,
                31.76201248159083
              ],
              [
                -86.1475982673461,
                31.663011551242164
              ],
              [
                -86.15899658342556,
                31.660312653406265
              ],
              [
                -86.16129303014918,
                31.65361213669081
              ],
              [
                -86.1593933112523,
                31.647611618081783
              ],
              [
                -86.16339874325735,
                31.64061164870867
              ],
              [
                -86.1690978999481,
                31.63881111064427
              ],
              [
                -86.16989898724842,
                31.635011672850453
              ],
              [
                -86.17899322495731,
                31.626911162620104
              ],
              [
                -86.1799926757214,
                31.62061309791619
              ],
              [
                -86.17949676526348,
                31.617612839061337
              ],
              [
                -86.14599609544342,
                31.617712020793192
              ],
              [
                -86.14399719211667,
                31.537712097035694
              ],
              [
                -86.15679931573578,
                31.537212371653652
              ],
              [
                -86.1565933233232,
                31.53071212766264
              ],
              [
                -86.19479370086856,
                31.529912948723677
              ],
              [
                -86.19399261536688,
                31.440111160201923
              ],
              [
                -86.19629669193876,
                31.424312591752766
              ],
              [
                -86.19329834144526,
                31.251611709812607
              ],
              [
                -86.19319915791476,
                31.125011443823098
              ],
              [
                -86.19039916998565,
                31.00731277536437
              ],
              [
                -86.18979644794769,
                31.00301170292778
              ],
              [
                -86.18689727828672,
                31.003112793021046
              ],
              [
                -86.1871948243816,
                30.994012832925932
              ],
              [
                -86.38869476275306,
                30.994213103851735
              ],
              [
                -86.39384460544414,
                30.45443916283716
              ],
              [
                -86.39893892579073,
                30.45255286901977
              ],
              [
                -86.40185199986985,
                30.454607999759446
              ],
              [
                -86.41056499967493,
                30.45651599961377
              ],
              [
                -86.40427813332917,
                30.460102135305362
              ],
              [
                -86.40705108583893,
                30.460535049153236
              ],
              [
                -86.40708600021873,
                30.46340099965647
              ],
              [
                -86.40890100028088,
                30.461546999594418
              ],
              [
                -86.40805053660296,
                30.459371567443952
              ],
              [
                -86.41048431429965,
                30.45833206177531
              ],
              [
                -86.41437900019065,
                30.462436000121386
              ],
              [
                -86.41078185859584,
                30.456571578615524
              ],
              [
                -86.4211718952667,
                30.450753393054697
              ],
              [
                -86.44537100037132,
                30.48666200035109
              ],
              [
                -86.4483459999679,
                30.497954000376865
              ],
              [
                -86.4470367426515,
                30.497877120932458
              ],
              [
                -86.44743347227688,
                30.495336532554973
              ],
              [
                -86.44442499991379,
                30.49459300006697
              ],
              [
                -86.44672900004326,
                30.498888000281056
              ],
              [
                -86.44557045291401,
                30.502877743613055
              ],
              [
                -86.44311523358112,
                30.501092911308888
              ],
              [
                -86.44048309332004,
                30.503549575852276
              ],
              [
                -86.43325805691376,
                30.50029563893264
              ],
              [
                -86.4210510245851,
                30.49948310865858
              ],
              [
                -86.41737099967185,
                30.507993994827075
              ],
              [
                -86.43009948680185,
                30.507184981801515
              ],
              [
                -86.43273699961281,
                30.505643999770825
              ],
              [
                -86.4465478549995,
                30.50749739189115
              ],
              [
                -86.44484710660862,
                30.51069831827283
              ],
              [
                -86.44804799971536,
                30.50739699967187
              ],
              [
                -86.45333213816758,
                30.50968968093406
              ],
              [
                -86.45214843790006,
                30.511396408017845
              ],
              [
                -86.45434570289183,
                30.51129722628599
              ],
              [
                -86.45555114696782,
                30.509496689120965
              ],
              [
                -86.453149170198,
                30.50759660419999
              ],
              [
                -86.45434899980648,
                30.50479700028137
              ],
              [
                -86.45854950015928,
                30.50439643864479
              ],
              [
                -86.45574932337252,
                30.504297012297343
              ],
              [
                -86.45494842492985,
                30.501195907964814
              ],
              [
                -86.45384910715052,
                30.50299464918379
              ],
              [
                -86.45304870603292,
                30.50089836097061
              ],
              [
                -86.45574951223017,
                30.497497559364945
              ],
              [
                -86.45404900036107,
                30.49689700019644
              ],
              [
                -86.45344833327391,
                30.49239766502029
              ],
              [
                -86.45854949476336,
                30.487598424827468
              ],
              [
                -86.46073967489605,
                30.489485314895433
              ],
              [
                -86.4593594511777,
                30.486495688725086
              ],
              [
                -86.46854966813265,
                30.48441035605316
              ],
              [
                -86.46874833736587,
                30.488098301295622
              ],
              [
                -86.46544647197709,
                30.493095397734464
              ],
              [
                -86.46924736937058,
                30.48979904608916
              ],
              [
                -86.47064194986604,
                30.491203409409877
              ],
              [
                -86.46824645990614,
                30.493797302403607
              ],
              [
                -86.46834921464449,
                30.495795977302578
              ],
              [
                -86.46875000021231,
                30.493898391597554
              ],
              [
                -86.472548731139,
                30.49189888482573
              ],
              [
                -86.4723510736431,
                30.49329757702162
              ],
              [
                -86.4734497070383,
                30.491399764687458
              ],
              [
                -86.4708503947299,
                30.488100701586177
              ],
              [
                -86.47494900009622,
                30.489397999717937
              ],
              [
                -86.47824676097918,
                30.49279811873822
              ],
              [
                -86.47884987961822,
                30.497297681442888
              ],
              [
                -86.4826486033503,
                30.50229763772586
              ],
              [
                -86.48035163771789,
                30.50599309410603
              ],
              [
                -86.48184899993134,
                30.512497000136477
              ],
              [
                -86.48924999858855,
                30.519497000086517
              ],
              [
                -86.49984999997747,
                30.52229699970684
              ],
              [
                -86.50084894532256,
                30.521397950155347
              ],
              [
                -86.49915299121756,
                30.52129672786174
              ],
              [
                -86.49864999859852,
                30.51879700018145
              ],
              [
                -86.49185180741495,
                30.514797211422206
              ],
              [
                -86.48895263685466,
                30.508895873645713
              ],
              [
                -86.48465030896455,
                30.505395940670155
              ],
              [
                -86.49075000031223,
                30.500999487036722
              ],
              [
                -86.49314880427386,
                30.503896713262748
              ],
              [
                -86.4994506839019,
                30.50419807428176
              ],
              [
                -86.50215911904809,
                30.5031776432337
              ],
              [
                -86.50238037115719,
                30.500860214427405
              ],
              [
                -86.49827575742023,
                30.502069438353942
              ],
              [
                -86.4968259999199,
                30.50020099967645
              ],
              [
                -86.49384976105756,
                30.501995904387513
              ],
              [
                -86.49124999998747,
                30.49899699991164
              ],
              [
                -86.48974626697662,
                30.49999512957163
              ],
              [
                -86.48704905267158,
                30.498696999566903
              ],
              [
                -86.48663664966159,
                30.493891824747948
              ],
              [
                -86.48284981316829,
                30.492198678326417
              ],
              [
                -86.48435211176053,
                30.4890975946783
              ],
              [
                -86.48314899962662,
                30.48399799980791
              ],
              [
                -86.47805023213249,
                30.48259735068723
              ],
              [
                -86.47897338711209,
                30.47919845924156
              ],
              [
                -86.47976684636285,
                30.480487822654936
              ],
              [
                -86.48104844772763,
                30.477354361614573
              ],
              [
                -86.48631286584606,
                30.47461128188519
              ],
              [
                -86.48066711359638,
                30.475757599133942
              ],
              [
                -86.47903458687665,
                30.47878213968403
              ],
              [
                -86.4805908196106,
                30.473978043152215
              ],
              [
                -86.48567199726483,
                30.46701431286033
              ],
              [
                -86.49163818425478,
                30.462265014718696
              ],
              [
                -86.51167297412843,
                30.455810547119086
              ],
              [
                -86.53068500011261,
                30.457286000048896
              ],
              [
                -86.54018323486838,
                30.45267784060991
              ],
              [
                -86.54376220656053,
                30.457061767586538
              ],
              [
                -86.54794400011548,
                30.45809899976905
              ],
              [
                -86.54084831859501,
                30.452199406677323
              ],
              [
                -86.5488510131637,
                30.44449996889847
              ],
              [
                -86.5559464311828,
                30.43207577907401
              ],
              [
                -86.55625054502661,
                30.43629845401051
              ],
              [
                -86.55665099964386,
                30.435099000318644
              ],
              [
                -86.55985099972384,
                30.43499951641462
              ],
              [
                -86.55985099972384,
                30.436098194775923
              ],
              [
                -86.56095123301293,
                30.434999466052545
              ],
              [
                -86.55607666470627,
                30.431887666082957
              ],
              [
                -86.55931947521356,
                30.429006882161957
              ],
              [
                -86.56406408069273,
                30.432000262102463
              ],
              [
                -86.57544708311633,
                30.433109282667317
              ],
              [
                -86.57475280829544,
                30.434999466052545
              ],
              [
                -86.57715105287878,
                30.434299947284785
              ],
              [
                -86.57575225816015,
                30.433199035007533
              ],
              [
                -86.5802519998299,
                30.433898999839016
              ],
              [
                -86.58115199996479,
                30.437299000148812
              ],
              [
                -86.58205413778819,
                30.435598373166442
              ],
              [
                -86.58075200040446,
                30.43400001169124
              ],
              [
                -86.58375200025455,
                30.43489900008882
              ],
              [
                -86.58705139160838,
                30.433399199813266
              ],
              [
                -86.58785008041684,
                30.43449816236034
              ],
              [
                -86.58375211536782,
                30.435599023376255
              ],
              [
                -86.58774566732865,
                30.439792633123545
              ],
              [
                -86.5844497680423,
                30.442897796995794
              ],
              [
                -86.58685153257215,
                30.448598169569948
              ],
              [
                -86.5781520001147,
                30.449798000077692
              ],
              [
                -86.57555290004626,
                30.453498786739658
              ],
              [
                -86.57635223456793,
                30.45909823469583
              ],
              [
                -86.57815165117773,
                30.457298699375542
              ],
              [
                -86.57725524923035,
                30.452798842592586
              ],
              [
                -86.5797519282089,
                30.451298043170198
              ],
              [
                -86.58315271992205,
                30.450998690337315
              ],
              [
                -86.58915200016463,
                30.456898000142644
              ],
              [
                -86.59063845090373,
                30.456699651967426
              ],
              [
                -86.5915527340714,
                30.450998306326824
              ],
              [
                -86.5936510682422,
                30.44999844367328
              ],
              [
                -86.59595132899062,
                30.453099416704788
              ],
              [
                -86.59584808322245,
                30.458398819350066
              ],
              [
                -86.59275054919846,
                30.460105896270136
              ],
              [
                -86.59305125281304,
                30.46329842927912
              ],
              [
                -86.5890502931365,
                30.465599059648923
              ],
              [
                -86.5904519234175,
                30.46789787338821
              ],
              [
                -86.58845204882294,
                30.470498111099005
              ],
              [
                -86.58945120730732,
                30.472798820609114
              ],
              [
                -86.58665199998978,
                30.47569800016265
              ],
              [
                -86.59510499859675,
                30.475661000255002
              ],
              [
                -86.59435272200051,
                30.472297668003023
              ],
              [
                -86.59215545700869,
                30.47059822093121
              ],
              [
                -86.59525299103268,
                30.46829795838414
              ],
              [
                -86.59435282812046,
                30.465797308898743
              ],
              [
                -86.59675197112654,
                30.463197957020157
              ],
              [
                -86.59515380930083,
                30.460798263628988
              ],
              [
                -86.59985199986988,
                30.46019800033747
              ],
              [
                -86.60005200009971,
                30.461698000262572
              ],
              [
                -86.60215073986473,
                30.461598060402196
              ],
              [
                -86.60825199963006,
                30.46669799971295
              ],
              [
                -86.61022949189748,
                30.465997695837018
              ],
              [
                -86.59945200030955,
                30.45889799974293
              ],
              [
                -86.60105200034951,
                30.456198000237578
              ],
              [
                -86.59955216859765,
                30.455198113302345
              ],
              [
                -86.60425509229862,
                30.45079853632342
              ],
              [
                -86.6118521611483,
                30.451298160981423
              ],
              [
                -86.61365508961063,
                30.453098297048825
              ],
              [
                -86.61225199972995,
                30.449397999618043
              ],
              [
                -86.60841113196813,
                30.450734027953104
              ],
              [
                -86.6047512824457,
                30.448499435700455
              ],
              [
                -86.60314974906163,
                30.4495971562838
              ],
              [
                -86.59725204274753,
                30.447898009585515
              ],
              [
                -86.59675199990482,
                30.44359800014763
              ],
              [
                -86.59075284916463,
                30.441998226736814
              ],
              [
                -86.5963520003445,
                30.4377979997779
              ],
              [
                -86.60085296599158,
                30.427598953029303
              ],
              [
                -86.60494995077954,
                30.42619895861509
              ],
              [
                -86.60795200018464,
                30.428799958951004
              ],
              [
                -86.60784912133983,
                30.432199478123493
              ],
              [
                -86.61164856003296,
                30.43079948370928
              ],
              [
                -86.61655300022073,
                30.436397999967767
              ],
              [
                -86.61745452920314,
                30.434797286765445
              ],
              [
                -86.61585288790042,
                30.43029972864963
              ],
              [
                -86.62335205115619,
                30.43159866264824
              ],
              [
                -86.62815093971403,
                30.435697555797617
              ],
              [
                -86.6307529086198,
                30.430498084918725
              ],
              [
                -86.63445300010585,
                30.430097999922793
              ],
              [
                -86.63655090260204,
                30.43289756786851
              ],
              [
                -86.63933563173396,
                30.432495116756286
              ],
              [
                -86.63655299982105,
                30.431697999962807
              ],
              [
                -86.63575299980107,
                30.429797999578057
              ],
              [
                -86.63265299983601,
                30.429297999902815
              ],
              [
                -86.63025299977608,
                30.429398000017727
              ],
              [
                -86.62735159080324,
                30.432097109194274
              ],
              [
                -86.61995697013805,
                30.427398682103558
              ],
              [
                -86.61215210033913,
                30.42859840379333
              ],
              [
                -86.61145239001576,
                30.42739966865986
              ],
              [
                -86.61355183484926,
                30.423799446887017
              ],
              [
                -86.61125199858083,
                30.42579900042358
              ],
              [
                -86.60065460162855,
                30.422498702553128
              ],
              [
                -86.59915199996476,
                30.42449899982904
              ],
              [
                -86.5923520002446,
                30.424799000173778
              ],
              [
                -86.59135277700904,
                30.42779666988048
              ],
              [
                -86.58865356441044,
                30.42000007564303
              ],
              [
                -86.58703807714551,
                30.406495648955058
              ],
              [
                -86.59165191670257,
                30.404798507745
              ],
              [
                -86.5903569082447,
                30.404599754874823
              ],
              [
                -86.59754549962508,
                30.404300500068075
              ],
              [
                -86.6021506733149,
                30.401199482969787
              ],
              [
                -86.640552999921,
                30.4063989997141
              ],
              [
                -86.65475300005085,
                30.4063989997141
              ],
              [
                -86.66475190717472,
                30.409098651181864
              ],
              [
                -86.66405487143516,
                30.408100127618866
              ],
              [
                -86.68135139205305,
                30.407799041792373
              ],
              [
                -86.68425750717819,
                30.409599303764935
              ],
              [
                -86.68445587244054,
                30.407798766599853
              ],
              [
                -86.69165206399151,
                30.40589951085377
              ],
              [
                -86.70285499965848,
                30.408999000003917
              ],
              [
                -86.7150421138025,
                30.408302306905966
              ],
              [
                -86.7192549996185,
                30.41089900038861
              ],
              [
                -86.72825622584412,
                30.410200119240187
              ],
              [
                -86.73575499969343,
                30.407398999963902
              ],
              [
                -86.7365549997134,
                30.408399000213763
              ],
              [
                -86.74175553898692,
                30.404299377714153
              ],
              [
                -86.74605560328342,
                30.40539932322025
              ],
              [
                -86.75255600015925,
                30.403198999634185
              ],
              [
                -86.75895600031913,
                30.404599000343637
              ],
              [
                -86.76925573696263,
                30.409997861711986
              ],
              [
                -86.77505493243916,
                30.410198211778095
              ],
              [
                -86.78355407705897,
                30.408496857244245
              ],
              [
                -86.78755950906407,
                30.4061965937978
              ],
              [
                -86.79045801412599,
                30.401400716170144
              ],
              [
                -86.79305699998054,
                30.405797999877848
              ],
              [
                -86.81682599982003,
                30.408149000376113
              ],
              [
                -86.82642364473537,
                30.4052276606281
              ],
              [
                -86.83138275111304,
                30.40078926081577
              ],
              [
                -86.83702850336272,
                30.40407943681663
              ],
              [
                -86.86289215105188,
                30.39970207219295
              ],
              [
                -86.87361908005647,
                30.40066528297649
              ],
              [
                -86.8912664756673,
                30.397386550848694
              ],
              [
                -86.89261627172351,
                30.3990821838957
              ],
              [
                -86.9040145869036,
                30.39906311017444
              ],
              [
                -86.92069800011257,
                30.395720000077972
              ],
              [
                -86.92767800003963,
                30.396912000188706
              ],
              [
                -86.94798500030748,
                30.39569699991665
              ],
              [
                -86.96202361259958,
                30.39216609428985
              ],
              [
                -86.98045349123561,
                30.39039611788661
              ],
              [
                -86.99155426032081,
                30.38706970190526
              ],
              [
                -86.99922399978772,
                30.38729400001813
              ],
              [
                -87.02452706767002,
                30.382719236003993
              ],
              [
                -87.0237579350806,
                30.384279251286443
              ],
              [
                -87.0264282227842,
                30.384004592937686
              ],
              [
                -87.02598099982322,
                30.382834000288938
              ],
              [
                -87.0303170001294,
                30.38274399973585
              ],
              [
                -87.0314257437031,
                30.384187776744568
              ],
              [
                -87.03121488775685,
                30.383019786733826
              ],
              [
                -87.0334870806642,
                30.382951144180026
              ],
              [
                -87.03475189168643,
                30.38518333434348
              ],
              [
                -87.03489099971983,
                30.38276799994327
              ],
              [
                -87.05530071965245,
                30.378002121900465
              ],
              [
                -87.06732900003328,
                30.37715400005709
              ],
              [
                -87.0701309997458,
                30.378276999683862
              ],
              [
                -87.08044433593733,
                30.374753952333094
              ],
              [
                -87.08147430429568,
                30.38040733263233
              ],
              [
                -87.0816579953202,
                30.377199137030573
              ],
              [
                -87.08525277079872,
                30.37674004032067
              ],
              [
                -87.08171081520192,
                30.37657928470628
              ],
              [
                -87.08169670843631,
                30.375200024161813
              ],
              [
                -87.09661865192919,
                30.37304115302686
              ],
              [
                -87.11504364005191,
                30.367809295762413
              ],
              [
                -87.11565037486486,
                30.36955011434634
              ],
              [
                -87.11271667483464,
                30.3701934812442
              ],
              [
                -87.11250799974437,
                30.37478399958195
              ],
              [
                -87.11338100043281,
                30.375198999834026
              ],
              [
                -87.11451721199967,
                30.37431907706383
              ],
              [
                -87.11309051491531,
                30.374685287296245
              ],
              [
                -87.11311340266138,
                30.373374939102234
              ],
              [
                -87.11531066855247,
                30.371866225645874
              ],
              [
                -87.11509707686855,
                30.370168826330314
              ],
              [
                -87.1161575322443,
                30.371768951376055
              ],
              [
                -87.11482238794281,
                30.37351989722555
              ],
              [
                -87.11647796608526,
                30.37220382664532
              ],
              [
                -87.11562400044721,
                30.36730399997964
              ],
              [
                -87.11718749970333,
                30.368127823040652
              ],
              [
                -87.12178100019298,
                30.365329999779703
              ],
              [
                -87.14935500013308,
                30.35896600038069
              ],
              [
                -87.15654754583255,
                30.355438231589176
              ],
              [
                -87.15636444116598,
                30.352296828635758
              ],
              [
                -87.15866088878897,
                30.35426902839299
              ],
              [
                -87.16212425982667,
                30.351587838208218
              ],
              [
                -87.16590118399239,
                30.352918625294365
              ],
              [
                -87.17607879629935,
                30.350856781115624
              ],
              [
                -87.18154907193207,
                30.347097397327104
              ],
              [
                -87.18289714398799,
                30.341895548640707
              ],
              [
                -87.19082599972006,
                30.35163599960174
              ],
              [
                -87.20456695620004,
                30.360918045431504
              ],
              [
                -87.19624399956092,
                30.361193999703403
              ],
              [
                -87.18836858244407,
                30.363486769998474
              ],
              [
                -87.18746899959461,
                30.362248999791575
              ],
              [
                -87.1840865900241,
                30.368668024210024
              ],
              [
                -87.18936920142744,
                30.363578794026182
              ],
              [
                -87.18685913064434,
                30.369216919125563
              ],
              [
                -87.18162800003216,
                30.368873000388703
              ],
              [
                -87.18239593472458,
                30.36614799523386
              ],
              [
                -87.1803850002675,
                30.36153800027853
              ],
              [
                -87.17882531233823,
                30.36442621709631
              ],
              [
                -87.18115180900872,
                30.365962659349293
              ],
              [
                -87.18006843890731,
                30.36818688871398
              ],
              [
                -87.18115199966502,
                30.368736000366198
              ],
              [
                -87.17308900015718,
                30.36472399971285
              ],
              [
                -87.17221700041421,
                30.36596100010013
              ],
              [
                -87.17747497578944,
                30.36882782024776
              ],
              [
                -87.17726815959787,
                30.37405209712665
              ],
              [
                -87.1743570001754,
                30.369606000016915
              ],
              [
                -87.16798699960032,
                30.367977999585037
              ],
              [
                -87.1459655758506,
                30.36845397926777
              ],
              [
                -87.14009800042237,
                30.371409000425103
              ],
              [
                -87.13686299962768,
                30.378598000097668
              ],
              [
                -87.12960052534396,
                30.384037017994046
              ],
              [
                -87.08774399988567,
                30.399224999833905
              ],
              [
                -87.04734039304469,
                30.398286818981546
              ],
              [
                -87.02808999995352,
                30.39993300010792
              ],
              [
                -87.01724699994907,
                30.40288699963537
              ],
              [
                -86.99154399995558,
                30.413313000194876
              ],
              [
                -86.97882080083923,
                30.42030525158617
              ],
              [
                -86.9398690001542,
                30.452037999953802
              ],
              [
                -86.94158900033204,
                30.448624516108566
              ],
              [
                -86.93621826166338,
                30.44678878757253
              ],
              [
                -86.94039900031356,
                30.449929999869653
              ],
              [
                -86.93605804384362,
                30.454490661614784
              ],
              [
                -86.93285899974302,
                30.452244999607103
              ],
              [
                -86.9272004339528,
                30.452954792229946
              ],
              [
                -86.92820299996845,
                30.45121299968025
              ],
              [
                -86.92486799995817,
                30.44970000005503
              ],
              [
                -86.92463099982075,
                30.446697000066536
              ],
              [
                -86.92053105356524,
                30.44559570827539
              ],
              [
                -86.91971099956294,
                30.443212000333574
              ],
              [
                -86.91730421591677,
                30.44291394971907
              ],
              [
                -86.91608699971522,
                30.44009499958463
              ],
              [
                -86.91270446783687,
                30.438077927254596
              ],
              [
                -86.8978598597447,
                30.44054900793043
              ],
              [
                -86.89653778079389,
                30.438875197832147
              ],
              [
                -86.88566589366604,
                30.436901093310837
              ],
              [
                -86.87439256356589,
                30.44004636244972
              ],
              [
                -86.8787859999739,
                30.4436590002627
              ],
              [
                -86.88455399976726,
                30.441896999946664
              ],
              [
                -86.8865639998287,
                30.44373099998569
              ],
              [
                -86.89044998298027,
                30.44336531855464
              ],
              [
                -86.89635099969883,
                30.445843000254285
              ],
              [
                -86.90587500003119,
                30.44685400011207
              ],
              [
                -86.91013336186512,
                30.444953917889052
              ],
              [
                -86.91248800012107,
                30.445687000254907
              ],
              [
                -86.9131469729544,
                30.44761085515688
              ],
              [
                -86.91714399989564,
                30.449262999687733
              ],
              [
                -86.91923300000292,
                30.454421000129116
              ],
              [
                -86.92772500040843,
                30.460656999920673
              ],
              [
                -86.9319849999078,
                30.45852499333381
              ],
              [
                -86.93942000013288,
                30.46407200002284
              ],
              [
                -86.94418292839941,
                30.463087398864445
              ],
              [
                -86.95458145826763,
                30.46670728161581
              ],
              [
                -86.96863500020504,
                30.473970999661958
              ],
              [
                -86.98703002921246,
                30.48689269983828
              ],
              [
                -87.01365668600721,
                30.499200871722906
              ],
              [
                -87.02198791461052,
                30.504713057561617
              ],
              [
                -87.00734993115435,
                30.510575337781688
              ],
              [
                -87.00062999987455,
                30.504338999845004
              ],
              [
                -87.00385284363381,
                30.509841919069345
              ],
              [
                -87.00642399996758,
                30.510140000260833
              ],
              [
                -87.00742340126891,
                30.51653480503728
              ],
              [
                -87.01125873010625,
                30.519926851742866
              ],
              [
                -87.01160430899165,
                30.52185440105984
              ],
              [
                -87.01031000020629,
                30.520044000130554
              ],
              [
                -87.00774383510986,
                30.52036285386265
              ],
              [
                -87.00959499960953,
                30.520937999988746
              ],
              [
                -87.00789642308143,
                30.523433685216446
              ],
              [
                -87.01008590983685,
                30.524044086565368
              ],
              [
                -87.00697326720245,
                30.52471733074026
              ],
              [
                -87.00461600022817,
                30.523731000185535
              ],
              [
                -87.00567699969372,
                30.520088000361
              ],
              [
                -87.00247192384018,
                30.52079772913197
              ],
              [
                -87.0014123390082,
                30.523499824957014
              ],
              [
                -86.9995193479395,
                30.52262878389132
              ],
              [
                -86.99896300034214,
                30.520176999968612
              ],
              [
                -86.99181365987249,
                30.5221290594086
              ],
              [
                -86.99131774941458,
                30.529739379768614
              ],
              [
                -86.99459888363151,
                30.526802999758672
              ],
              [
                -86.9940414433579,
                30.530401230432517
              ],
              [
                -86.99539600042505,
                30.53200599957728
              ],
              [
                -86.99996185305702,
                30.530273436769733
              ],
              [
                -87.00308888574347,
                30.533319772389632
              ],
              [
                -86.99907684282198,
                30.53450202924529
              ],
              [
                -86.99680328384443,
                30.540714263552445
              ],
              [
                -86.98645019492051,
                30.53872489933468
              ],
              [
                -86.98414611834863,
                30.54273796118798
              ],
              [
                -86.98271942126422,
                30.540880202859114
              ],
              [
                -86.98118199964955,
                30.540743999635936
              ],
              [
                -86.9784545897075,
                30.543403624977373
              ],
              [
                -86.97850800044381,
                30.544894000357885
              ],
              [
                -86.98065499962848,
                30.546085000422465
              ],
              [
                -86.97930207573017,
                30.543083967251334
              ],
              [
                -86.98184399960087,
                30.541408999725604
              ],
              [
                -86.98439025910312,
                30.54328727698629
              ],
              [
                -86.98719110588479,
                30.539436337716836
              ],
              [
                -86.99553680368052,
                30.54193115240082
              ],
              [
                -87.001136780438,
                30.538628106202168
              ],
              [
                -86.99818420363806,
                30.543510436557426
              ],
              [
                -87.00142499966398,
                30.545756999685864
              ],
              [
                -86.99465942419306,
                30.545093535638216
              ],
              [
                -86.98711699994954,
                30.547091000049647
              ],
              [
                -86.9824066163722,
                30.55167770436259
              ],
              [
                -86.98626999956082,
                30.548536000136323
              ],
              [
                -86.99487499978136,
                30.5458729996393
              ],
              [
                -87.00240299979856,
                30.549264999580146
              ],
              [
                -86.99742000023281,
                30.55018099955356
              ],
              [
                -86.9958038330804,
                30.553161620812205
              ],
              [
                -86.99694700000401,
                30.556438000313506
              ],
              [
                -86.9949340816425,
                30.556507111414135
              ],
              [
                -86.99119700014143,
                30.55183500028511
              ],
              [
                -86.98735809290162,
                30.55039215137674
              ],
              [
                -86.98576799979332,
                30.551034136915916
              ],
              [
                -86.9922027587503,
                30.553714752433905
              ],
              [
                -86.99520100042577,
                30.559853999562506
              ],
              [
                -86.99151611287829,
                30.559144974061383
              ],
              [
                -86.99549102818838,
                30.56271934482197
              ],
              [
                -86.9943311536598,
                30.563911305362524
              ],
              [
                -86.98799896058352,
                30.55703926095316
              ],
              [
                -86.98706817575567,
                30.55731201183994
              ],
              [
                -86.99130899991036,
                30.56214800013015
              ],
              [
                -86.98966699973221,
                30.56148400008658
              ],
              [
                -86.99027699998351,
                30.56308800031104
              ],
              [
                -86.99199676903561,
                30.563407896357376
              ],
              [
                -86.98812866170834,
                30.564968108591415
              ],
              [
                -86.98313140878747,
                30.572832107915474
              ],
              [
                -86.98832599994489,
                30.580555000013305
              ],
              [
                -86.99767900678069,
                30.58463098113492
              ],
              [
                -86.99952697778775,
                30.58421707176052
              ],
              [
                -86.99852752702373,
                30.580001830620063
              ],
              [
                -86.99335799997169,
                30.579085999719155
              ],
              [
                -86.99079132136234,
                30.577783585344264
              ],
              [
                -86.9975965389491,
                30.577205675601476
              ],
              [
                -87.0033110003024,
                30.57926800001826
              ],
              [
                -87.01231199989883,
                30.59380300030824
              ],
              [
                -87.01429748534065,
                30.59460639976561
              ],
              [
                -87.01726199974144,
                30.602286000298704
              ],
              [
                -87.01326045640491,
                30.603383889954614
              ],
              [
                -87.0082778930103,
                30.601869582715096
              ],
              [
                -87.01262399989764,
                30.6046450002666
              ],
              [
                -87.01773834185099,
                30.603294373236793
              ],
              [
                -87.02009582466252,
                30.604900360063596
              ],
              [
                -87.01993603132274,
                30.60306579614962
              ],
              [
                -87.025288000241,
                30.607743000139408
              ],
              [
                -87.02838897686973,
                30.6077671046682
              ],
              [
                -87.03079899987392,
                30.611984999708
              ],
              [
                -87.02803802543451,
                30.620077132753522
              ],
              [
                -87.02438199982942,
                30.622274000244943
              ],
              [
                -87.02501678359766,
                30.62476730316854
              ],
              [
                -87.02936553988769,
                30.62431526164005
              ],
              [
                -87.02888799988125,
                30.620007000023065
              ],
              [
                -87.03042599976004,
                30.61741700019445
              ],
              [
                -87.03482055672328,
                30.624156952181636
              ],
              [
                -87.02798200036898,
                30.633746999624407
              ],
              [
                -87.01992379874429,
                30.634408951012347
              ],
              [
                -87.01536600044051,
                30.632206999653363
              ],
              [
                -87.0096130373118,
                30.63204383925182
              ],
              [
                -87.00322396481408,
                30.635961061254022
              ],
              [
                -87.00420200002225,
                30.640086999715322
              ],
              [
                -87.00672000012787,
                30.640638999989903
              ],
              [
                -87.0073552686307,
                30.639355167407075
              ],
              [
                -87.01074857078987,
                30.642702256104315
              ],
              [
                -87.01162719673772,
                30.63573483139743
              ],
              [
                -87.01303299987302,
                30.63397100006165
              ],
              [
                -87.01520538332176,
                30.635232925159414
              ],
              [
                -87.01199340786945,
                30.637821198289714
              ],
              [
                -87.01241884475382,
                30.64304821630219
              ],
              [
                -87.00912475580282,
                30.64838790857516
              ],
              [
                -87.00602722177882,
                30.647605895895424
              ],
              [
                -87.0069046021656,
                30.642288208234277
              ],
              [
                -87.00149536082222,
                30.64192008964045
              ],
              [
                -87.00023651140583,
                30.645425797162886
              ],
              [
                -86.99625999979912,
                30.646596999551946
              ],
              [
                -86.99594116225478,
                30.648063659810077
              ],
              [
                -86.99745387589564,
                30.648728095125534
              ],
              [
                -87.00117688210736,
                30.64487613872285
              ],
              [
                -87.00136566059672,
                30.64281463628646
              ],
              [
                -87.00621500022203,
                30.64286200178003
              ],
              [
                -87.00302886858736,
                30.646780014286264
              ],
              [
                -87.00088392255492,
                30.64707714939101
              ],
              [
                -87.00101470916144,
                30.64950561479236
              ],
              [
                -86.99310972323508,
                30.65239690639214
              ],
              [
                -86.98666381808073,
                30.650337218787683
              ],
              [
                -86.9824218751694,
                30.65281295795171
              ],
              [
                -86.99353299994794,
                30.653427999802375
              ],
              [
                -86.99958578355705,
                30.65083515631744
              ],
              [
                -86.9972450002565,
                30.652876999573948
              ],
              [
                -86.99846399981368,
                30.65257800017463
              ],
              [
                -86.99774936883824,
                30.65443534121806
              ],
              [
                -86.99907500011113,
                30.654983999611943
              ],
              [
                -87.0015981506341,
                30.650079925448267
              ],
              [
                -87.00920867873748,
                30.649120330838628
              ],
              [
                -87.01095800041134,
                30.647951999984855
              ],
              [
                -87.01377193412742,
                30.64064182835773
              ],
              [
                -87.01684613524094,
                30.640161343071554
              ],
              [
                -87.02042675988702,
                30.635991399883267
              ],
              [
                -87.02426910433564,
                30.634685515923877
              ],
              [
                -87.0253571617036,
                30.63608384479363
              ],
              [
                -87.02230835025011,
                30.63603782738386
              ],
              [
                -87.02535599977955,
                30.637665000439483
              ],
              [
                -87.02623199970697,
                30.635877999869876
              ],
              [
                -87.02851180717414,
                30.634709087154704
              ],
              [
                -87.02657318090752,
                30.636451720570506
              ],
              [
                -87.02787780761469,
                30.6368637080937
              ],
              [
                -87.03002166726611,
                30.634527205566144
              ],
              [
                -87.03256988459248,
                30.63475608842282
              ],
              [
                -87.03723299980305,
                30.632441999698585
              ],
              [
                -87.03474426273749,
                30.629602431706928
              ],
              [
                -87.03594970681348,
                30.625192642026832
              ],
              [
                -87.03281402624629,
                30.61725807200247
              ],
              [
                -87.03466800022801,
                30.612032000076795
              ],
              [
                -87.03190054707255,
                30.606982262721317
              ],
              [
                -87.03692099980424,
                30.607424999863895
              ],
              [
                -87.03962707512937,
                30.605981827199628
              ],
              [
                -87.04076385506784,
                30.60359764081852
              ],
              [
                -87.03865107688563,
                30.60450278327687
              ],
              [
                -87.04028912274481,
                30.60288696955803
              ],
              [
                -87.0463029998835,
                30.60401199985398
              ],
              [
                -87.0494004583644,
                30.602430399943046
              ],
              [
                -87.05242156979955,
                30.60458564770954
              ],
              [
                -87.05515292686607,
                30.60492898638364
              ],
              [
                -87.05337799969487,
                30.604081465287436
              ],
              [
                -87.05605382632297,
                30.60357701576669
              ],
              [
                -87.05737799979482,
                30.60710699958844
              ],
              [
                -87.05727386459716,
                30.605455399147388
              ],
              [
                -87.05889129619635,
                30.604974746587345
              ],
              [
                -87.05549700028632,
                30.602912000388585
              ],
              [
                -87.05261082942621,
                30.60394221336253
              ],
              [
                -87.05046300016727,
                30.601788999862492
              ],
              [
                -87.04214299959972,
                30.601192000210688
              ],
              [
                -87.03615300036063,
                30.606554000167023
              ],
              [
                -87.03175499989328,
                30.60597999977722
              ],
              [
                -87.02957459718988,
                30.602696224251417
              ],
              [
                -87.02349090568072,
                30.600131989100078
              ],
              [
                -87.02836600009078,
                30.596443999790836
              ],
              [
                -87.02720200037197,
                30.593212000033816
              ],
              [
                -87.02063751241121,
                30.586862564255966
              ],
              [
                -87.01652800006713,
                30.58520999974172
              ],
              [
                -87.01544400044025,
                30.581726000054914
              ],
              [
                -87.01266479494427,
                30.580762863015764
              ],
              [
                -87.0124816875798,
                30.575992583690834
              ],
              [
                -87.00493100036533,
                30.573469999740723
              ],
              [
                -87.00162506104772,
                30.569549560863607
              ],
              [
                -87.01010131792145,
                30.563409804718788
              ],
              [
                -87.01074218830132,
                30.556922912962136
              ],
              [
                -87.01612091115112,
                30.551908492882717
              ],
              [
                -87.01458740158728,
                30.548147201632105
              ],
              [
                -87.02941894522809,
                30.545286179413722
              ],
              [
                -87.03823852458822,
                30.538640976400018
              ],
              [
                -87.03794860834154,
                30.529380797585816
              ],
              [
                -87.04785300031568,
                30.511709999816674
              ],
              [
                -87.04721999990306,
                30.502083000130426
              ],
              [
                -87.05370600043153,
                30.492653999682375
              ],
              [
                -87.06580352771061,
                30.46480560309618
              ],
              [
                -87.0679950001691,
                30.447820999739406
              ],
              [
                -87.07963561968808,
                30.447154998704264
              ],
              [
                -87.09148399968677,
                30.43860300002848
              ],
              [
                -87.10085099997366,
                30.44350600040167
              ],
              [
                -87.10294200017313,
                30.44696599988106
              ],
              [
                -87.09438000013688,
                30.473970999661958
              ],
              [
                -87.09869899965906,
                30.489211000087607
              ],
              [
                -87.09835800012155,
                30.498562999682747
              ],
              [
                -87.09520768128942,
                30.50659499955964
              ],
              [
                -87.09543897972509,
                30.505078651758424
              ],
              [
                -87.09240390631521,
                30.502768040712567
              ],
              [
                -87.09118600033361,
                30.503548000240073
              ],
              [
                -87.09481048581523,
                30.5060443878383
              ],
              [
                -87.09351348895632,
                30.507741928347343
              ],
              [
                -87.08869942523825,
                30.51134218519377
              ],
              [
                -87.08623504631032,
                30.51028823911099
              ],
              [
                -87.08928299981056,
                30.512190000368264
              ],
              [
                -87.09521151330068,
                30.50732948486791
              ],
              [
                -87.09767600014726,
                30.515899999685303
              ],
              [
                -87.10419092287276,
                30.52300405299468
              ],
              [
                -87.10016632091896,
                30.52039146399494
              ],
              [
                -87.09757232720108,
                30.520254134820505
              ],
              [
                -87.10239099994465,
                30.523210999588002
              ],
              [
                -87.09969329820711,
                30.522064209295877
              ],
              [
                -87.09640502876903,
                30.522386550598867
              ],
              [
                -87.0978086483504,
                30.523258779668993
              ],
              [
                -87.09680499955107,
                30.523394999979303
              ],
              [
                -87.09330749474503,
                30.52163124058933
              ],
              [
                -87.09256744443195,
                30.523303985890266
              ],
              [
                -87.08899500001922,
                30.522548999636683
              ],
              [
                -87.08354186996127,
                30.5255756383051
              ],
              [
                -87.07771699973972,
                30.525461999971355
              ],
              [
                -87.07734599971809,
                30.527157999941778
              ],
              [
                -87.08031463571183,
                30.52569198629618
              ],
              [
                -87.0862960805996,
                30.526882171574982
              ],
              [
                -87.0902919995761,
                30.523259000002895
              ],
              [
                -87.100246999999,
                30.524265999676174
              ],
              [
                -87.10180664116353,
                30.525182723603848
              ],
              [
                -87.09805123597573,
                30.526650874937957
              ],
              [
                -87.10014299969964,
                30.528047999615524
              ],
              [
                -87.10014343317289,
                30.530019759604272
              ],
              [
                -87.10215499985333,
                30.528895000004297
              ],
              [
                -87.10239410440437,
                30.532264709348908
              ],
              [
                -87.10223399989911,
                30.52708603888965
              ],
              [
                -87.10644313194496,
                30.52249957829298
              ],
              [
                -87.11028289803727,
                30.52582168562236
              ],
              [
                -87.11089312761573,
                30.524744051396908
              ],
              [
                -87.12164300012432,
                30.529024999704006
              ],
              [
                -87.12317657533862,
                30.531682967594918
              ],
              [
                -87.12243652322695,
                30.529048919871798
              ],
              [
                -87.13009599963067,
                30.531362999602777
              ],
              [
                -87.12519874772397,
                30.534723150952686
              ],
              [
                -87.1170120239857,
                30.53551292388238
              ],
              [
                -87.11693499975041,
                30.538287999691477
              ],
              [
                -87.11735794101611,
                30.53579036743156
              ],
              [
                -87.1187339999741,
                30.53581099967795
              ],
              [
                -87.11873600006629,
                30.53826400038338
              ],
              [
                -87.11978912416873,
                30.535947800050963
              ],
              [
                -87.12172698960887,
                30.539592743310493
              ],
              [
                -87.12233734059578,
                30.54344367988199
              ],
              [
                -87.12096404975108,
                30.546628951764774
              ],
              [
                -87.10830600022172,
                30.54688599958928
              ],
              [
                -87.10600300013829,
                30.548376999998595
              ],
              [
                -87.10393524201777,
                30.546314240309982
              ],
              [
                -87.10290507221129,
                30.548331999722052
              ],
              [
                -87.10195100033837,
                30.546705000235647
              ],
              [
                -87.0910401275998,
                30.545446990786047
              ],
              [
                -87.09162139900832,
                30.546089172377435
              ],
              [
                -87.10186768714402,
                30.546980359156294
              ],
              [
                -87.10258699999002,
                30.54899699981172
              ],
              [
                -87.10391156916353,
                30.546797552165344
              ],
              [
                -87.10679799992772,
                30.54949999962531
              ],
              [
                -87.11620084089606,
                30.548763415299447
              ],
              [
                -87.11704867225836,
                30.551717758367886
              ],
              [
                -87.11932390397493,
                30.54839509885477
              ],
              [
                -87.1249684898039,
                30.54738613236418
              ],
              [
                -87.12677765326606,
                30.54873476829499
              ],
              [
                -87.12640003963008,
                30.550882050766063
              ],
              [
                -87.12823999857704,
                30.551585999594238
              ],
              [
                -87.12777599966262,
                30.55368200002431
              ],
              [
                -87.13020800029892,
                30.555458000086674
              ],
              [
                -87.13033599990644,
                30.55166599968618
              ],
              [
                -87.12744889644938,
                30.55001448018419
              ],
              [
                -87.12866248658446,
                30.54775057363014
              ],
              [
                -87.1344604490904,
                30.55141067496271
              ],
              [
                -87.14281531457505,
                30.5525459997981
              ],
              [
                -87.14368100017799,
                30.554818000250577
              ],
              [
                -87.14172363293926,
                30.56231117222285
              ],
              [
                -87.14718462037388,
                30.56753761017262
              ],
              [
                -87.15073394771349,
                30.57571411131721
              ],
              [
                -87.1589584348838,
                30.58028984120324
              ],
              [
                -87.16169738762432,
                30.580610275044194
              ],
              [
                -87.16228899943775,
                30.579363061955803
              ],
              [
                -87.16265700022035,
                30.580754000196976
              ],
              [
                -87.16825866680398,
                30.58115387025498
              ],
              [
                -87.17489640994131,
                30.578962513809017
              ],
              [
                -87.17696199979639,
                30.58304199958866
              ],
              [
                -87.1792982460172,
                30.581602112147834
              ],
              [
                -87.18253326389896,
                30.583042145278853
              ],
              [
                -87.18181000033121,
                30.57945799978694
              ],
              [
                -87.17856597933644,
                30.57694625896272
              ],
              [
                -87.17932957659866,
                30.575762175583975
              ],
              [
                -87.18346597057803,
                30.580072568594233
              ],
              [
                -87.18729799980281,
                30.58820900044509
              ],
              [
                -87.1976165772432,
                30.589857100724657
              ],
              [
                -87.1999379999387,
                30.591521000293994
              ],
              [
                -87.20328866074306,
                30.591039154333544
              ],
              [
                -87.19977569569176,
                30.59649658225152
              ],
              [
                -87.20000200019211,
                30.59798499980792
              ],
              [
                -87.20140838608813,
                30.598833083879754
              ],
              [
                -87.20050811795522,
                30.59588813782733
              ],
              [
                -87.20249938963508,
                30.594257354893045
              ],
              [
                -87.21179353134636,
                30.59508962978265
              ],
              [
                -87.20809936459398,
                30.594224937031242
              ],
              [
                -87.20886993429997,
                30.59176063544504
              ],
              [
                -87.20744299979458,
                30.59372899959368
              ],
              [
                -87.20398712190809,
                30.593360900785
              ],
              [
                -87.20365142837068,
                30.589920044274663
              ],
              [
                -87.19497799963494,
                30.589360999610506
              ],
              [
                -87.19333000007941,
                30.58742500026358
              ],
              [
                -87.18769800026246,
                30.58790499991585
              ],
              [
                -87.18246600000583,
                30.57766599988605
              ],
              [
                -87.18848200044391,
                30.584448999721587
              ],
              [
                -87.1941774393373,
                30.583010284996703
              ],
              [
                -87.19731400034078,
                30.5853770002484
              ],
              [
                -87.2000656128377,
                30.583362579119807
              ],
              [
                -87.20175933842268,
                30.58654594443982
              ],
              [
                -87.20593899968503,
                30.587713000054976
              ],
              [
                -87.20763435933816,
                30.59022521302319
              ],
              [
                -87.20681899979695,
                30.587441000102103
              ],
              [
                -87.2019577027857,
                30.585824966049415
              ],
              [
                -87.20131683330516,
                30.583139420447935
              ],
              [
                -87.2035389996251,
                30.58070599978214
              ],
              [
                -87.20552062967329,
                30.582082747620746
              ],
              [
                -87.20725118519402,
                30.581746432651812
              ],
              [
                -87.20702362074348,
                30.584177016855904
              ],
              [
                -87.20913696280053,
                30.588033675813563
              ],
              [
                -87.20741271962129,
                30.58337783791694
              ],
              [
                -87.20838928173993,
                30.58059501624706
              ],
              [
                -87.21037099992168,
                30.581026000149848
              ],
              [
                -87.21037292537017,
                30.58241844205753
              ],
              [
                -87.21155499966346,
                30.580721999620664
              ],
              [
                -87.20858001715402,
                30.579393387095195
              ],
              [
                -87.20565099989369,
                30.58147400012507
              ],
              [
                -87.2033309999257,
                30.580034000268938
              ],
              [
                -87.20065983898036,
                30.582513571444224
              ],
              [
                -87.19947400012495,
                30.5806259996902
              ],
              [
                -87.19270514122923,
                30.579521484728787
              ],
              [
                -87.18867492660655,
                30.575761795170763
              ],
              [
                -87.19049835241697,
                30.571393966958055
              ],
              [
                -87.19259680709695,
                30.570659702883006
              ],
              [
                -87.20040199975244,
                30.573090000203422
              ],
              [
                -87.2080350001151,
                30.57318600013383
              ],
              [
                -87.21147155786605,
                30.572242737212605
              ],
              [
                -87.21155499966346,
                30.57689800044244
              ],
              [
                -87.21326446518287,
                30.579170226624683
              ],
              [
                -87.21469116226729,
                30.579650879184783
              ],
              [
                -87.21202087366436,
                30.576402663751992
              ],
              [
                -87.212115000307,
                30.571617999770922
              ],
              [
                -87.20713899027214,
                30.572385994717933
              ],
              [
                -87.2058017127788,
                30.569091678238408
              ],
              [
                -87.20627499989132,
                30.57180987012947
              ],
              [
                -87.20018005426607,
                30.572353362817466
              ],
              [
                -87.19491577104594,
                30.57004928624559
              ],
              [
                -87.18425799990672,
                30.568849999827705
              ],
              [
                -87.18947601300755,
                30.56614685089653
              ],
              [
                -87.18817901614864,
                30.565889358806942
              ],
              [
                -87.18985755668086,
                30.563842759935483
              ],
              [
                -87.19830600022169,
                30.56395399977731
              ],
              [
                -87.2015699996557,
                30.561441999948386
              ],
              [
                -87.20409900026863,
                30.56387399968537
              ],
              [
                -87.20629119758064,
                30.562818526553826
              ],
              [
                -87.20957183806985,
                30.55944252015621
              ],
              [
                -87.20102691705853,
                30.55366706768109
              ],
              [
                -87.20822699997603,
                30.55523399964943
              ],
              [
                -87.21672057959103,
                30.565217971732068
              ],
              [
                -87.22153899962507,
                30.579506000201775
              ],
              [
                -87.21944307833536,
                30.583969742909346
              ],
              [
                -87.21862700023581,
                30.590784999628056
              ],
              [
                -87.21916961698417,
                30.593153000011
              ],
              [
                -87.22336300010232,
                30.59801700038429
              ],
              [
                -87.21817779516908,
                30.599519729751762
              ],
              [
                -87.21625518762676,
                30.60094451937414
              ],
              [
                -87.21625518762676,
                30.60473632821902
              ],
              [
                -87.21868896532345,
                30.605905533213843
              ],
              [
                -87.2242279050937,
                30.605154037229113
              ],
              [
                -87.22586059459076,
                30.606288909705484
              ],
              [
                -87.22393899968506,
                30.60462500024363
              ],
              [
                -87.21803470493762,
                30.605152752997185
              ],
              [
                -87.2166750001511,
                30.602289000437054
              ],
              [
                -87.21795654305998,
                30.60004997272813
              ],
              [
                -87.22280300035817,
                30.59916900044908
              ],
              [
                -87.2238451077655,
                30.597730277630262
              ],
              [
                -87.2271537792235,
                30.598946221291158
              ],
              [
                -87.21985899859385,
                30.5929289995737
              ],
              [
                -87.22032300020624,
                30.583777000208443
              ],
              [
                -87.22246700015188,
                30.579441999948415
              ],
              [
                -87.21922142243068,
                30.568788288348856
              ],
              [
                -87.22221100003759,
                30.57321799981088
              ],
              [
                -87.22475433314594,
                30.581699371129105
              ],
              [
                -87.23107637737286,
                30.586907547445435
              ],
              [
                -87.22912300042611,
                30.589600999886272
              ],
              [
                -87.23296300034218,
                30.591265000179646
              ],
              [
                -87.2332360003411,
                30.595232999703228
              ],
              [
                -87.23654800019,
                30.596865000319553
              ],
              [
                -87.23997199980789,
                30.596001000046158
              ],
              [
                -87.2459559996696,
                30.599026456106117
              ],
              [
                -87.24094799985028,
                30.60480100026598
              ],
              [
                -87.24161979881461,
                30.606336739249173
              ],
              [
                -87.24325561525438,
                30.605537414620017
              ],
              [
                -87.24314000021081,
                30.603584999947827
              ],
              [
                -87.2458267212262,
                30.606369018615396
              ],
              [
                -87.25032043474022,
                30.606449126625932
              ],
              [
                -87.25096130422077,
                30.607921600101804
              ],
              [
                -87.25646209744781,
                30.61183738678602
              ],
              [
                -87.25979614327736,
                30.61200332609269
              ],
              [
                -87.24963600030111,
                30.60558500044749
              ],
              [
                -87.24469199983588,
                30.604928999873493
              ],
              [
                -87.24317199988786,
                30.60312100013408
              ],
              [
                -87.24553686343546,
                30.601185626715335
              ],
              [
                -87.24544400034029,
                30.602368999629675
              ],
              [
                -87.24621188467069,
                30.603601010578245
              ],
              [
                -87.24613199969201,
                30.59761699992464
              ],
              [
                -87.24022799992224,
                30.595296999956645
              ],
              [
                -87.23463073012408,
                30.595552975789246
              ],
              [
                -87.2337960000853,
                30.590897000296366
              ],
              [
                -87.2302932738155,
                30.589080811330405
              ],
              [
                -87.23193989830764,
                30.588017542875377
              ],
              [
                -87.23406982386325,
                30.589168549189253
              ],
              [
                -87.22502899059538,
                30.580385208010966
              ],
              [
                -87.22374725343298,
                30.573778152439843
              ],
              [
                -87.21969867105679,
                30.566067534289346
              ],
              [
                -87.22358703561315,
                30.56873893715226
              ],
              [
                -87.22841644266464,
                30.570737838680373
              ],
              [
                -87.22789001461246,
                30.5751705170058
              ],
              [
                -87.22975921591507,
                30.57808113143909
              ],
              [
                -87.22851500026701,
                30.579762000316123
              ],
              [
                -87.23207951176005,
                30.583533512361782
              ],
              [
                -87.2337607754394,
                30.581602988986788
              ],
              [
                -87.2315900251595,
                30.582178000214583
              ],
              [
                -87.23184299995444,
                30.580865999965965
              ],
              [
                -87.22937899964109,
                30.58036999957585
              ],
              [
                -87.23057900012071,
                30.57819469063253
              ],
              [
                -87.22912597718204,
                30.575555800959478
              ],
              [
                -87.2324371343662,
                30.574434279818206
              ],
              [
                -87.23758799958648,
                30.570754000396846
              ],
              [
                -87.2298905987721,
                30.574737549198574
              ],
              [
                -87.22973099968584,
                30.572034000069095
              ],
              [
                -87.22766876160404,
                30.56926536610382
              ],
              [
                -87.22402191178179,
                30.568418503311307
              ],
              [
                -87.21773100028543,
                30.56361799957108
              ],
              [
                -87.2189178472808,
                30.56051444998195
              ],
              [
                -87.22186279333323,
                30.558786391878527
              ],
              [
                -87.219987,
                30.55563400010908
              ],
              [
                -87.22414700028378,
                30.54973000033931
              ],
              [
                -87.21968078623928,
                30.55513763369487
              ],
              [
                -87.22086700011192,
                30.55852999965981
              ],
              [
                -87.21696472214416,
                30.56246566765651
              ],
              [
                -87.2104350001751,
                30.555137999718966
              ],
              [
                -87.20051574690416,
                30.549825668419885
              ],
              [
                -87.18007000013034,
                30.54439499982942
              ],
              [
                -87.18046705081372,
                30.541398216854247
              ],
              [
                -87.18167000017036,
                30.544095000384004
              ],
              [
                -87.1870727538045,
                30.54139518703829
              ],
              [
                -87.18897247270144,
                30.53609466563637
              ],
              [
                -87.18807220456853,
                30.531995773386257
              ],
              [
                -87.18447262491168,
                30.52619922911117
              ],
              [
                -87.1610717769409,
                30.51509475661777
              ],
              [
                -87.16207122770498,
                30.507097243942724
              ],
              [
                -87.15976900013919,
                30.504796000235274
              ],
              [
                -87.15876899988939,
                30.49679600003543
              ],
              [
                -87.14956900010924,
                30.490495999990458
              ],
              [
                -87.15817260727994,
                30.48489570577226
              ],
              [
                -87.16226959206796,
                30.479196548182188
              ],
              [
                -87.15996900036902,
                30.468495999890536
              ],
              [
                -87.16806862116988,
                30.45409753107623
              ],
              [
                -87.17527008094942,
                30.427797318291653
              ],
              [
                -87.18087005590831,
                30.421796798783305
              ],
              [
                -87.19236739543891,
                30.419698472706386
              ],
              [
                -87.19196916484503,
                30.421596561132446
              ],
              [
                -87.18586730972851,
                30.422996521372397
              ],
              [
                -87.1883678530939,
                30.429398234740802
              ],
              [
                -87.18286895833575,
                30.433296204056603
              ],
              [
                -87.18326568616243,
                30.436897278386766
              ],
              [
                -87.18696594222439,
                30.438796997283646
              ],
              [
                -87.18726900026411,
                30.441997000061576
              ],
              [
                -87.18516540505937,
                30.445796966656758
              ],
              [
                -87.20006999973066,
                30.452696999766772
              ],
              [
                -87.20517000019532,
                30.458896999696833
              ],
              [
                -87.20843067123843,
                30.46022771303859
              ],
              [
                -87.20597068819666,
                30.45879729455953
              ],
              [
                -87.20227050767772,
                30.45099639886479
              ],
              [
                -87.1994699999405,
                30.451096999726815
              ],
              [
                -87.1881713871997,
                30.445297241274716
              ],
              [
                -87.18997192436478,
                30.439697266315818
              ],
              [
                -87.18647003176653,
                30.43379783600136
              ],
              [
                -87.1912689212237,
                30.43059730532144
              ],
              [
                -87.18876937880373,
                30.42249908476498
              ],
              [
                -87.1929702757576,
                30.421596526958183
              ],
              [
                -87.19166902420608,
                30.414498164558722
              ],
              [
                -87.19556849988635,
                30.41799754265253
              ],
              [
                -87.19776916521477,
                30.417398452976272
              ],
              [
                -87.19947051974867,
                30.415998458562058
              ],
              [
                -87.19867042260188,
                30.414800135318046
              ],
              [
                -87.20027160614967,
                30.414997101235258
              ],
              [
                -87.20267000002048,
                30.411797999578084
              ],
              [
                -87.21026975244706,
                30.40749808277036
              ],
              [
                -87.20857236931937,
                30.40729701234727
              ],
              [
                -87.20767211917291,
                30.4014034267268
              ],
              [
                -87.21086883492876,
                30.400907516268887
              ],
              [
                -87.21216971236231,
                30.406097885109375
              ],
              [
                -87.21197006556605,
                30.402299242316246
              ],
              [
                -87.2133703315755,
                30.401899658242712
              ],
              [
                -87.21476957505581,
                30.406497999782914
              ],
              [
                -87.21477000043512,
                30.403900117396574
              ],
              [
                -87.21707153282495,
                30.406097412065947
              ],
              [
                -87.2171707145568,
                30.403200149867075
              ],
              [
                -87.21967033521776,
                30.402799090006056
              ],
              [
                -87.22046661384314,
                30.40539932322025
              ],
              [
                -87.22408283635377,
                30.401805822081087
              ],
              [
                -87.22656999960577,
                30.40369800016265
              ],
              [
                -87.22817230191015,
                30.402597426929788
              ],
              [
                -87.22527175089056,
                30.39949913567665
              ],
              [
                -87.22896999966571,
                30.40189799989281
              ],
              [
                -87.23796905312923,
                30.398998512771186
              ],
              [
                -87.24227142328749,
                30.40039825357661
              ],
              [
                -87.23857116722553,
                30.39859771731085
              ],
              [
                -87.2386703246757,
                30.396498292262436
              ],
              [
                -87.24237099982173,
                30.397697999563093
              ],
              [
                -87.2716687519113,
                30.378799255781075
              ],
              [
                -87.27336883480382,
                30.382698058768426
              ],
              [
                -87.27537536618019,
                30.382997513224723
              ],
              [
                -87.27397186081271,
                30.379197999887822
              ],
              [
                -87.27077075906323,
                30.378197336837673
              ],
              [
                -87.26977096835549,
                30.37479836265436
              ],
              [
                -87.27267226221511,
                30.372514031597348
              ],
              [
                -87.27356720006617,
                30.375299454106596
              ],
              [
                -87.27567189244382,
                30.373898027971677
              ],
              [
                -87.27896881066204,
                30.37679863025261
              ],
              [
                -87.2781722217706,
                30.379798361205474
              ],
              [
                -87.28067016609526,
                30.384498595933508
              ],
              [
                -87.28327177797013,
                30.3838980430603
              ],
              [
                -87.28377532996745,
                30.38529777487247
              ],
              [
                -87.29026031516139,
                30.383995055627395
              ],
              [
                -87.28267186091762,
                30.38269800031253
              ],
              [
                -87.28137229019899,
                30.381198198238337
              ],
              [
                -87.27997208624276,
                30.379098105892922
              ],
              [
                -87.28207343584035,
                30.37319906228697
              ],
              [
                -87.28636932368528,
                30.376098633045558
              ],
              [
                -87.28857371400568,
                30.373099529819513
              ],
              [
                -87.29747009277054,
                30.37729835473533
              ],
              [
                -87.30157470740676,
                30.37759780919157
              ],
              [
                -87.30417345224299,
                30.374901647093395
              ],
              [
                -87.30477294841279,
                30.378597956930207
              ],
              [
                -87.30557262467687,
                30.375299415435734
              ],
              [
                -87.3091719786039,
                30.3748980740869
              ],
              [
                -87.30917358389377,
                30.37369819681436
              ],
              [
                -87.31277279302992,
                30.37409799042996
              ],
              [
                -87.3139744680472,
                30.37639273923355
              ],
              [
                -87.31457519359026,
                30.372598647909342
              ],
              [
                -87.32027435297897,
                30.370998382569326
              ],
              [
                -87.32226086094994,
                30.36773500007024
              ],
              [
                -87.32363891640284,
                30.36936759873572
              ],
              [
                -87.33126986091531,
                30.365383000425197
              ],
              [
                -87.33038745062032,
                30.364317425209038
              ],
              [
                -87.33332061825189,
                30.365991592338162
              ],
              [
                -87.33558985958433,
                30.36543100173941
              ],
              [
                -87.33642243484746,
                30.364424357298276
              ],
              [
                -87.33829498342669,
                30.36608696004521
              ],
              [
                -87.34237471831858,
                30.362488715881568
              ],
              [
                -87.3423579540563,
                30.363414975320893
              ],
              [
                -87.3523418595891,
                30.36080699984319
              ],
              [
                -87.34187786087455,
                30.362166999607382
              ],
              [
                -87.3357019528828,
                30.36376699515074
              ],
              [
                -87.33373260487576,
                30.365606308384486
              ],
              [
                -87.33416748014508,
                30.36451911886229
              ],
              [
                -87.33086429185357,
                30.363864719081562
              ],
              [
                -87.32950787229043,
                30.364390399797173
              ],
              [
                -87.32848358225147,
                30.362615585041283
              ],
              [
                -87.32603454575764,
                30.365781784102126
              ],
              [
                -87.32093048125665,
                30.365831375417713
              ],
              [
                -87.31472486056384,
                30.3678790004156
              ],
              [
                -87.31365203861066,
                30.36971855196964
              ],
              [
                -87.3074264529684,
                30.369382858432232
              ],
              [
                -87.30538070935222,
                30.371349916765325
              ],
              [
                -87.29803595069853,
                30.3724699908974
              ],
              [
                -87.29880523707197,
                30.36755943262176
              ],
              [
                -87.30070786077914,
                30.36795899960822
              ],
              [
                -87.29971586089823,
                30.36503100038044
              ],
              [
                -87.30131530785513,
                30.363912581900195
              ],
              [
                -87.29960632257371,
                30.363016128691413
              ],
              [
                -87.30232386785218,
                30.361351007842813
              ],
              [
                -87.29936218271854,
                30.36109542771186
              ],
              [
                -87.29739379878475,
                30.362791060758923
              ],
              [
                -87.2973158608383,
                30.367062999657776
              ],
              [
                -87.28855002496363,
                30.369477854719264
              ],
              [
                -87.28466033930317,
                30.36667823821017
              ],
              [
                -87.2767662567573,
                30.3707222133595
              ],
              [
                -87.2737655644292,
                30.366998672051125
              ],
              [
                -87.27597045926922,
                30.364822388242658
              ],
              [
                -87.2710113528916,
                30.368932724365777
              ],
              [
                -87.26963806204691,
                30.36144638094578
              ],
              [
                -87.26720280316681,
                30.365383364650597
              ],
              [
                -87.2665961645813,
                30.37446055391149
              ],
              [
                -87.26328286071544,
                30.360614999982317
              ],
              [
                -87.26538085943906,
                30.34803962692729
              ],
              [
                -87.26382686062107,
                30.346742999689752
              ],
              [
                -87.26543426477946,
                30.34746742158427
              ],
              [
                -87.26451873784941,
                30.345895767275863
              ],
              [
                -87.26675469617226,
                30.344215220356205
              ],
              [
                -87.26710510261836,
                30.345542908378548
              ],
              [
                -87.26758605015607,
                30.344219565880337
              ],
              [
                -87.2769949543536,
                30.34621499602531
              ],
              [
                -87.28699493436869,
                30.345991134982967
              ],
              [
                -87.2935104371569,
                30.344135284116135
              ],
              [
                -87.30562591580332,
                30.34551238988496
              ],
              [
                -87.31074086120174,
                30.34189500005425
              ],
              [
                -87.31549278266573,
                30.335751087242954
              ],
              [
                -87.31664486097151,
                30.331686999655346
              ],
              [
                -87.31426238959756,
                30.330135345369968
              ],
              [
                -87.31814575212474,
                30.328824997175957
              ],
              [
                -87.31950378417224,
                30.329963683677136
              ],
              [
                -87.32010086116577,
                30.328360000014015
              ],
              [
                -87.32314213090456,
                30.32772119088031
              ],
              [
                -87.32657623260701,
                30.332384109139355
              ],
              [
                -87.32527160589984,
                30.334247588955122
              ],
              [
                -87.32711194076342,
                30.332551955908116
              ],
              [
                -87.33908081103056,
                30.332103729303697
              ],
              [
                -87.35015106162217,
                30.32536888096911
              ],
              [
                -87.34942627010622,
                30.328790664657504
              ],
              [
                -87.3472059536918,
                30.32885600040413
              ],
              [
                -87.3485979090662,
                30.329191988019886
              ],
              [
                -87.35434186098803,
                30.32831200409578
              ],
              [
                -87.3578634478398,
                30.32663189514591
              ],
              [
                -87.36607085958246,
                30.327048004262053
              ],
              [
                -87.37123893243074,
                30.32396000934699
              ],
              [
                -87.38672086127866,
                30.323318999572223
              ],
              [
                -87.39227294913724,
                30.32013320878059
              ],
              [
                -87.40122985767175,
                30.308769226118955
              ],
              [
                -87.41079711899181,
                30.31021499602531
              ],
              [
                -87.41433488734515,
                30.30792301083835
              ],
              [
                -87.4177958607903,
                30.31044500033653
              ],
              [
                -87.43023795341878,
                30.314319991974116
              ],
              [
                -87.44545586109905,
                30.31372300311415
              ],
              [
                -87.46236372170836,
                30.309641090064304
              ],
              [
                -87.47234986115711,
                30.312343999775806
              ],
              [
                -87.46870422362099,
                30.31284904464775
              ],
              [
                -87.4696029098464,
                30.313764990661866
              ],
              [
                -87.47610473574491,
                30.313695908339525
              ],
              [
                -87.47706169713956,
                30.311916892850377
              ],
              [
                -87.47404479992753,
                30.312847137185656
              ],
              [
                -87.4732208365723,
                30.311449050233534
              ],
              [
                -87.48326110801366,
                30.31018638589302
              ],
              [
                -87.48698425272107,
                30.310941695902613
              ],
              [
                -87.4836038612292,
                30.31183599973167
              ],
              [
                -87.48619293385678,
                30.31300399333969
              ],
              [
                -87.49794790397254,
                30.31276915157514
              ],
              [
                -87.49916686126159,
                30.315771999578146
              ],
              [
                -87.4904768607185,
                30.320313996793573
              ],
              [
                -87.4756798609368,
                30.315069999580885
              ],
              [
                -87.4644238958461,
                30.314408005025484
              ],
              [
                -87.44815063464404,
                30.317138672311955
              ],
              [
                -87.44458486140218,
                30.320761000319976
              ],
              [
                -87.43961334168233,
                30.32211303658744
              ],
              [
                -87.43036995411006,
                30.321081996237183
              ],
              [
                -87.42321014373312,
                30.32309722855433
              ],
              [
                -87.44232940667672,
                30.32361602765758
              ],
              [
                -87.43158486085258,
                30.335957999662014
              ],
              [
                -87.41805340414123,
                30.34237432701366
              ],
              [
                -87.41451186133332,
                30.346681999574685
              ],
              [
                -87.4169387816994,
                30.35399627660695
              ],
              [
                -87.42180386125915,
                30.358602999828634
              ],
              [
                -87.42301940921834,
                30.359199523739107
              ],
              [
                -87.42843627861134,
                30.352849960257515
              ],
              [
                -87.44141387884741,
                30.36573219278654
              ],
              [
                -87.43007586141186,
                30.369537000432274
              ],
              [
                -87.42531585684128,
                30.37451171904064
              ],
              [
                -87.424995422101,
                30.379011154041564
              ],
              [
                -87.42877886095562,
                30.38618600018384
              ],
              [
                -87.42928086072311,
                30.39111455659156
              ],
              [
                -87.42512986085438,
                30.39202999988464
              ],
              [
                -87.42346191433586,
                30.394023894886914
              ],
              [
                -87.42655586096419,
                30.40046600040563
              ],
              [
                -87.42594741024476,
                30.402368246397486
              ],
              [
                -87.40870886082524,
                30.39890400031942
              ],
              [
                -87.39778686077494,
                30.40055199987495
              ],
              [
                -87.39379119900457,
                30.403759002975676
              ],
              [
                -87.39416144359569,
                30.406166496186927
              ],
              [
                -87.39111886084669,
                30.411276999833717
              ],
              [
                -87.37993287829966,
                30.412234995448728
              ],
              [
                -87.3767068977051,
                30.411088062164367
              ],
              [
                -87.37011718825761,
                30.414581298787937
              ],
              [
                -87.35757486079115,
                30.41733300031774
              ],
              [
                -87.34558868397056,
                30.423397064123264
              ],
              [
                -87.34035491924408,
                30.430068969807166
              ],
              [
                -87.3345658609257,
                30.43042100042885
              ],
              [
                -87.33264724187666,
                30.432692408228093
              ],
              [
                -87.3351740751234,
                30.430757932332767
              ],
              [
                -87.34038986060352,
                30.430596999551938
              ],
              [
                -87.34280395483859,
                30.436788559344564
              ],
              [
                -87.35290286117805,
                30.448036999807755
              ],
              [
                -87.35485486126282,
                30.45238899995246
              ],
              [
                -87.36530304000325,
                30.4584197996341
              ],
              [
                -87.37207031159556,
                30.45947647066265
              ],
              [
                -87.37551280307338,
                30.456747573241955
              ],
              [
                -87.37972259522155,
                30.457181931401067
              ],
              [
                -87.38228886104207,
                30.45427299959931
              ],
              [
                -87.38501600118747,
                30.45367829501737
              ],
              [
                -87.39485586140881,
                30.455835999731676
              ],
              [
                -87.40051897417129,
                30.452675234374624
              ],
              [
                -87.40086185958711,
                30.454967000127
              ],
              [
                -87.40575408878016,
                30.45895576499663
              ],
              [
                -87.40959086102936,
                30.459553000270773
              ],
              [
                -87.41054286086433,
                30.462532000051795
              ],
              [
                -87.41371786069067,
                30.462946000257773
              ],
              [
                -87.41403198219018,
                30.463907242425364
              ],
              [
                -87.41136169358725,
                30.46372413596015
              ],
              [
                -87.4140853884299,
                30.466178893940878
              ],
              [
                -87.41538386287493,
                30.46418399979183
              ],
              [
                -87.41461944633033,
                30.46207428020392
              ],
              [
                -87.41220978215568,
                30.46216583298684
              ],
              [
                -87.41155242900135,
                30.460538864077364
              ],
              [
                -87.41358947797198,
                30.46090698177187
              ],
              [
                -87.41482986070946,
                30.459393000086948
              ],
              [
                -87.41715686100031,
                30.46505500038802
              ],
              [
                -87.42085266092153,
                30.46755409224761
              ],
              [
                -87.4212318609616,
                30.471978000384468
              ],
              [
                -87.42239548206578,
                30.47193249109165
              ],
              [
                -87.42181385992166,
                30.469249999587873
              ],
              [
                -87.42427685119571,
                30.468815905829445
              ],
              [
                -87.427261353029,
                30.472803115771228
              ],
              [
                -87.42675781272283,
                30.476493835422218
              ],
              [
                -87.42877197304807,
                30.473903655729202
              ],
              [
                -87.42840186065729,
                30.47910699998812
              ],
              [
                -87.42996215832693,
                30.483966826607798
              ],
              [
                -87.43104720656328,
                30.48376155455213
              ],
              [
                -87.42938232403498,
                30.480943680006874
              ],
              [
                -87.43139186094561,
                30.479748999916467
              ],
              [
                -87.4295125917327,
                30.479610615837316
              ],
              [
                -87.42948913561509,
                30.477594376279512
              ],
              [
                -87.43488311816134,
                30.48018455507321
              ],
              [
                -87.43242386087246,
                30.483600000339777
              ],
              [
                -87.43318939167705,
                30.487564086913153
              ],
              [
                -87.42729004859683,
                30.48749662696781
              ],
              [
                -87.42890167237425,
                30.492698669008405
              ],
              [
                -87.43006896990698,
                30.492975234819255
              ],
              [
                -87.42961871892868,
                30.491461329576737
              ],
              [
                -87.4309678611778,
                30.493202999818664
              ],
              [
                -87.43051786111039,
                30.498635000305057
              ],
              [
                -87.43554486090659,
                30.502199000083863
              ],
              [
                -87.43909286084681,
                30.50721899955721
              ],
              [
                -87.44404286068942,
                30.508157999692003
              ],
              [
                -87.44329833984648,
                30.51290321401217
              ],
              [
                -87.4454498293461,
                30.512651443409425
              ],
              [
                -87.4452609141598,
                30.509740016888315
              ],
              [
                -87.44833374020993,
                30.51306343093262
              ],
              [
                -87.44912719676267,
                30.511320114032117
              ],
              [
                -87.44261386134059,
                30.503435999571764
              ],
              [
                -87.43816375685185,
                30.504047393772282
              ],
              [
                -87.43946386086844,
                30.50197000031534
              ],
              [
                -87.43795776443926,
                30.494073868214514
              ],
              [
                -87.43700185165409,
                30.498222003742512
              ],
              [
                -87.43311309769126,
                30.498313903663757
              ],
              [
                -87.43305969235087,
                30.493478775125425
              ],
              [
                -87.42940686113769,
                30.488184000391357
              ],
              [
                -87.4307327271336,
                30.48951339712562
              ],
              [
                -87.43559986074496,
                30.488963000342267
              ],
              [
                -87.43403786065869,
                30.483622999601778
              ],
              [
                -87.43447112973882,
                30.481996536111296
              ],
              [
                -87.43750762857417,
                30.48144531195163
              ],
              [
                -87.43401336672343,
                30.476745605125643
              ],
              [
                -87.43491363485634,
                30.47486686741206
              ],
              [
                -87.42597198511896,
                30.46423149119039
              ],
              [
                -87.41747586132192,
                30.459141000157103
              ],
              [
                -87.41961986126756,
                30.459439999556366
              ],
              [
                -87.41977886140529,
                30.45824800034501
              ],
              [
                -87.41670989974205,
                30.453411101940844
              ],
              [
                -87.40951538093003,
                30.450086594320908
              ],
              [
                -87.40538703768163,
                30.451278062932317
              ],
              [
                -87.40298461934469,
                30.447563171303386
              ],
              [
                -87.3891754151133,
                30.446431914101595
              ],
              [
                -87.39562988271285,
                30.44144248977915
              ],
              [
                -87.3983568609803,
                30.434657999766955
              ],
              [
                -87.4001617427702,
                30.423290253442474
              ],
              [
                -87.4029617306993,
                30.424230575580623
              ],
              [
                -87.41020965575098,
                30.418754577561742
              ],
              [
                -87.41938781729391,
                30.419305800822087
              ],
              [
                -87.43068086143256,
                30.417243999810808
              ],
              [
                -87.43563079832262,
                30.410896300623847
              ],
              [
                -87.4373188608767,
                30.4045230004362
              ],
              [
                -87.45001220699771,
                30.398540497046326
              ],
              [
                -87.449958800758,
                30.39223670995625
              ],
              [
                -87.45312886060839,
                30.38707899999588
              ],
              [
                -87.45101286105466,
                30.38187600017733
              ],
              [
                -87.46005386069709,
                30.373569000209216
              ],
              [
                -87.46066284201652,
                30.36680793843567
              ],
              [
                -87.46472930921021,
                30.360364913809804
              ],
              [
                -87.48528374444919,
                30.343490103285717
              ],
              [
                -87.48937988297519,
                30.343191147053858
              ],
              [
                -87.49475090403098,
                30.346385610907248
              ],
              [
                -87.4913864143515,
                30.34499931316782
              ],
              [
                -87.48937988297519,
                30.34577941928484
              ],
              [
                -87.49031066870236,
                30.350111008416377
              ],
              [
                -87.4970751685841,
                30.35281395679874
              ],
              [
                -87.4956207283139,
                30.353593826394047
              ],
              [
                -87.4960763707279,
                30.357986103575854
              ],
              [
                -87.49385686100527,
                30.36063099982084
              ],
              [
                -87.49811486131176,
                30.36512100003415
              ],
              [
                -87.4958708612512,
                30.37016499971503
              ],
              [
                -87.49825191169634,
                30.372661960181347
              ],
              [
                -87.49959186107549,
                30.370255000268116
              ],
              [
                -87.49682617059125,
                30.36998176644539
              ],
              [
                -87.50041198702354,
                30.366451262815588
              ],
              [
                -87.49843000174315,
                30.36246223714261
              ],
              [
                -87.49960327077429,
                30.35762596106929
              ],
              [
                -87.49789686115116,
                30.35599900025369
              ],
              [
                -87.49948120129636,
                30.353338241766494
              ],
              [
                -87.49871386105582,
                30.35097900617626
              ],
              [
                -87.49411773724376,
                30.34914779673346
              ],
              [
                -87.49670410201264,
                30.34653282183234
              ],
              [
                -87.49588186085913,
                30.345433999579484
              ],
              [
                -87.50445556557185,
                30.339544296332235
              ],
              [
                -87.50719986118463,
                30.33959099992478
              ],
              [
                -87.50534820565514,
                30.34256935129457
              ],
              [
                -87.51020786140367,
                30.347383999571946
              ],
              [
                -87.50930686122263,
                30.352839000219717
              ],
              [
                -87.51223754942333,
                30.35717392044012
              ],
              [
                -87.51173400911716,
                30.358846663942415
              ],
              [
                -87.51432436058076,
                30.360909738393786
              ],
              [
                -87.51232147235805,
                30.354742050205516
              ],
              [
                -87.51416805211386,
                30.354835943024398
              ],
              [
                -87.5126647948444,
                30.351488113285825
              ],
              [
                -87.51520538322183,
                30.350641251392688
              ],
              [
                -87.51306167465651,
                30.347936540339106
              ],
              [
                -87.51988220230174,
                30.34550857496083
              ],
              [
                -87.52051586101811,
                30.34392800027706
              ],
              [
                -87.5222625728594,
                30.344890594125673
              ],
              [
                -87.52197265571345,
                30.343585968317825
              ],
              [
                -87.5250106959868,
                30.34163733259686
              ],
              [
                -87.5239541175884,
                30.339872243109596
              ],
              [
                -87.514225567356,
                30.344979991233686
              ],
              [
                -87.51113486098501,
                30.34438299967576
              ],
              [
                -87.50973586122097,
                30.341837787883662
              ],
              [
                -87.51719665490168,
                30.324832915606635
              ],
              [
                -87.51717376715561,
                30.320478438729026
              ],
              [
                -87.52144622766122,
                30.32196998592616
              ],
              [
                -87.53249376857252,
                30.322017890113614
              ],
              [
                -87.53442177564438,
                30.325525915188905
              ],
              [
                -87.53270486104049,
                30.32614400034538
              ],
              [
                -87.53939056412321,
                30.327886580701204
              ],
              [
                -87.53363076794557,
                30.321378130396454
              ],
              [
                -87.537065051311,
                30.314479299679988
              ],
              [
                -87.54393408658876,
                30.31574008263874
              ],
              [
                -87.53873443584553,
                30.313560485727862
              ],
              [
                -87.53960482490271,
                30.306985097084635
              ],
              [
                -87.5432236680378,
                30.306847069137007
              ],
              [
                -87.5513070335927,
                30.31122524404981
              ],
              [
                -87.55399986100474,
                30.32016399976885
              ],
              [
                -87.55666858208934,
                30.321564165054212
              ],
              [
                -87.55415896996044,
                30.322892115678656
              ],
              [
                -87.55835986061902,
                30.325229999564897
              ],
              [
                -87.55725097675116,
                30.322824477667552
              ],
              [
                -87.55857186140224,
                30.319774999816445
              ],
              [
                -87.55564117410086,
                30.31920242305341
              ],
              [
                -87.5553512569549,
                30.31260108896913
              ],
              [
                -87.55806886068933,
                30.31076699629989
              ],
              [
                -87.56272125058518,
                30.31363296478952
              ],
              [
                -87.56803131109609,
                30.313493729052425
              ],
              [
                -87.57112121617115,
                30.31099510214233
              ],
              [
                -87.5726693136379,
                30.305316151419277
              ],
              [
                -87.57589830875992,
                30.302149389382862
              ],
              [
                -87.5778274543735,
                30.303661345794524
              ],
              [
                -87.58187103292181,
                30.31624412476657
              ],
              [
                -87.58443450904531,
                30.31935882594911
              ],
              [
                -87.58459472686513,
                30.32527351416138
              ],
              [
                -87.58081817591807,
                30.332288742331627
              ],
              [
                -87.57764885531037,
                30.33400814266173
              ],
              [
                -87.57714815236528,
                30.338409690055187
              ],
              [
                -87.58031867356789,
                30.3413200670675
              ],
              [
                -87.57817840580873,
                30.34226036132668
              ],
              [
                -87.57883986077093,
                30.346957999711947
              ],
              [
                -87.57511138758042,
                30.347600936733897
              ],
              [
                -87.5735778807146,
                30.350191116426913
              ],
              [
                -87.57360839830892,
                30.35376548808688
              ],
              [
                -87.57640964259087,
                30.34973139378883
              ],
              [
                -87.58129882757879,
                30.349111556752973
              ],
              [
                -87.5812454222384,
                30.345146178753225
              ],
              [
                -87.58375549302156,
                30.34219169628983
              ],
              [
                -87.58304068757764,
                30.339806787753105
              ],
              [
                -87.58502186077021,
                30.34005799987682
              ],
              [
                -87.58523559634568,
                30.337100983123946
              ],
              [
                -87.59364383209714,
                30.334562822915984
              ],
              [
                -87.59382286103619,
                30.34117900031066
              ],
              [
                -87.59995269765881,
                30.343812942813088
              ],
              [
                -87.59847259523406,
                30.34727477960746
              ],
              [
                -87.59921786071567,
                30.352523000036456
              ],
              [
                -87.60101318361149,
                30.353210449003086
              ],
              [
                -87.59805297876193,
                30.355525970347287
              ],
              [
                -87.60145568782968,
                30.35472488394629
              ],
              [
                -87.60149286130644,
                30.356236000391164
              ],
              [
                -87.60453014165267,
                30.357586915204024
              ],
              [
                -87.60257727911812,
                30.363584384212004
              ],
              [
                -87.59742595434426,
                30.366848999681622
              ],
              [
                -87.60434986085738,
                30.362882000204195
              ],
              [
                -87.60675286105567,
                30.358227999622557
              ],
              [
                -87.6065396380938,
                30.355225273927317
              ],
              [
                -87.61031986097277,
                30.356277999630038
              ],
              [
                -87.61465454107417,
                30.361066817579626
              ],
              [
                -87.62118530265957,
                30.363355637153006
              ],
              [
                -87.62169102022438,
                30.367803026588433
              ],
              [
                -87.62184905988619,
                30.36262321488948
              ],
              [
                -87.61441786109538,
                30.3590960000804
              ],
              [
                -87.61216986085037,
                30.356070999976737
              ],
              [
                -87.61219787563141,
                30.353528976281268
              ],
              [
                -87.61589278972042,
                30.352288335438402
              ],
              [
                -87.60643179319266,
                30.352496790194778
              ],
              [
                -87.60243987979658,
                30.346401215044068
              ],
              [
                -87.605002992594,
                30.34186390959178
              ],
              [
                -87.61576080341831,
                30.34316444438366
              ],
              [
                -87.61364186128282,
                30.340921000104117
              ],
              [
                -87.60941314560017,
                30.340646743752302
              ],
              [
                -87.60510253855125,
                30.337989807383735
              ],
              [
                -87.6026762800862,
                30.339480779014764
              ],
              [
                -87.60251617378236,
                30.335447310644895
              ],
              [
                -87.60629286142637,
                30.33489500010421
              ],
              [
                -87.60719299286228,
                30.3317317957858
              ],
              [
                -87.59854888921984,
                30.322793960972547
              ],
              [
                -87.59342193607347,
                30.32132911734493
              ],
              [
                -87.59949493374415,
                30.31096839857281
              ],
              [
                -87.60543385958493,
                30.30548900021722
              ],
              [
                -87.60849886063386,
                30.30644999956786
              ],
              [
                -87.61209106405136,
                30.303768158273954
              ],
              [
                -87.61045186076473,
                30.3029649998349
              ],
              [
                -87.61739410085704,
                30.30222926177106
              ],
              [
                -87.62181287656296,
                30.308116987409107
              ],
              [
                -87.61911773699393,
                30.301816939700075
              ],
              [
                -87.62564786095999,
                30.301561999886417
              ],
              [
                -87.62691661640866,
                30.299020104794067
              ],
              [
                -87.62273380302253,
                30.300851638892084
              ],
              [
                -87.61961486063728,
                30.299226006375136
              ],
              [
                -87.60907745386135,
                30.300237656442732
              ],
              [
                -87.58982086174336,
                30.29483413658619
              ],
              [
                -87.58007049575673,
                30.29403305108451
              ],
              [
                -87.57177734444883,
                30.296051025434508
              ],
              [
                -87.56433086078056,
                30.30430400402662
              ],
              [
                -87.56350288195239,
                30.30283700922064
              ],
              [
                -87.56097557206493,
                30.304601668831992
              ],
              [
                -87.5589938610778,
                30.301508000094202
              ],
              [
                -87.55212586091972,
                30.30173599981657
              ],
              [
                -87.55117797908042,
                30.30049896165781
              ],
              [
                -87.55387115542942,
                30.298526763699215
              ],
              [
                -87.54932695397571,
                30.29724399681305
              ],
              [
                -87.53918286120006,
                30.30375200015476
              ],
              [
                -87.5332107539731,
                30.303842544797646
              ],
              [
                -87.52480886114,
                30.31108300008043
              ],
              [
                -87.51733398407606,
                30.31071281394526
              ],
              [
                -87.51500986071648,
                30.309246999949153
              ],
              [
                -87.51586151060019,
                30.301156998296904
              ],
              [
                -87.53437805240515,
                30.296829224089493
              ],
              [
                -87.54351806560618,
                30.289243698038263
              ],
              [
                -87.54539259629126,
                30.290069253193508
              ],
              [
                -87.54272460905344,
                30.291971206905714
              ],
              [
                -87.54391479523156,
                30.293346405212503
              ],
              [
                -87.55994415310016,
                30.29103279133028
              ],
              [
                -87.56464686096382,
                30.286699999805194
              ],
              [
                -87.55806986073543,
                30.28445400594768
              ],
              [
                -87.55574612768163,
                30.285576942621844
              ],
              [
                -87.55439886141829,
                30.284728999743606
              ],
              [
                -87.55511474604867,
                30.283100127868636
              ],
              [
                -87.57470786087902,
                30.277278999726093
              ],
              [
                -87.58421325693621,
                30.272258759234376
              ],
              [
                -87.5500413268457,
                30.28039546178121
              ],
              [
                -87.5508194409644,
                30.277609898977687
              ],
              [
                -87.55783286059801,
                30.275285000402505
              ],
              [
                -87.55154759864274,
                30.276680855237316
              ],
              [
                -87.55223846413378,
                30.274850844590844
              ],
              [
                -87.581361861061,
                30.269257000310347
              ],
              [
                -87.65689086911829,
                30.249710082754177
              ],
              [
                -87.68777586076732,
                30.24754200256143
              ],
              [
                -87.73632049589412,
                30.24086189326181
              ],
              [
                -87.73245904265065,
                30.24579765593711
              ],
              [
                -87.71620595414146,
                30.24649599929097
              ],
              [
                -87.71466051597002,
                30.24856474396779
              ],
              [
                -87.71254986108715,
                30.246967000326833
              ],
              [
                -87.7064441119062,
                30.24848755335796
              ],
              [
                -87.70703887944069,
                30.247041701613284
              ],
              [
                -87.70420837391731,
                30.247009276556923
              ],
              [
                -87.7054428606994,
                30.248312000298654
              ],
              [
                -87.70391090786205,
                30.249560976058262
              ],
              [
                -87.70308685277598,
                30.246633529913538
              ],
              [
                -87.70289611826121,
                30.249816895233607
              ],
              [
                -87.69099426277495,
                30.25617027273995
              ],
              [
                -87.690017699757,
                30.25784492460366
              ],
              [
                -87.69136810285562,
                30.25935745208477
              ],
              [
                -87.71172192272849,
                30.254679025916346
              ],
              [
                -87.72046086078007,
                30.254768000343006
              ],
              [
                -87.73548126205054,
                30.24919891439845
              ],
              [
                -87.7436238605527,
                30.248765999651198
              ],
              [
                -87.7448599544233,
                30.246535000190136
              ],
              [
                -87.74913024936149,
                30.249200820961164
              ],
              [
                -87.75121307382426,
                30.247665404834606
              ],
              [
                -87.7598495476185,
                30.249021530319396
              ],
              [
                -87.77233876022558,
                30.245288940931914
              ],
              [
                -87.78548431424969,
                30.24355125378736
              ],
              [
                -87.78725433202175,
                30.24057196982062
              ],
              [
                -87.79372406021719,
                30.241626739682317
              ],
              [
                -87.80335758628354,
                30.238602657786487
              ],
              [
                -87.80620574999534,
                30.24071121185301
              ],
              [
                -87.81832486100348,
                30.239404999641067
              ],
              [
                -87.81497192401503,
                30.233695983682765
              ],
              [
                -87.8076596578669,
                30.233400295587217
              ],
              [
                -87.80684063089035,
                30.235095719092214
              ],
              [
                -87.80520629923132,
                30.233146666985135
              ],
              [
                -87.8024063113022,
                30.232940673673227
              ],
              [
                -87.79736550781189,
                30.234612873984986
              ],
              [
                -87.79673004235752,
                30.23243522590502
              ],
              [
                -87.79472351098121,
                30.23328399705889
              ],
              [
                -87.79528038018537,
                30.234979470026587
              ],
              [
                -87.79074096672218,
                30.233238219768054
              ],
              [
                -87.78891791233173,
                30.235254981831986
              ],
              [
                -87.78577695094549,
                30.23378700316772
              ],
              [
                -87.75765991157562,
                30.23888969440395
              ],
              [
                -87.75478361707025,
                30.241317749714426
              ],
              [
                -87.74998474110288,
                30.24067306530975
              ],
              [
                -87.73848891782927,
                30.243712493237012
              ],
              [
                -87.73740686073802,
                30.2426689999744
              ],
              [
                -87.73801348133708,
                30.240562855191683
              ],
              [
                -87.80057046675358,
                30.229364157130192
              ],
              [
                -87.83846192987414,
                30.227185007182413
              ],
              [
                -87.92611694314235,
                30.230373382625544
              ],
              [
                -87.96225292962896,
                30.229521995343873
              ],
              [
                -87.9999923713508,
                30.22575378381015
              ],
              [
                -88.01457214259028,
                30.222366332640206
              ],
              [
                -88.02840086121074,
                30.221131999642125
              ],
              [
                -88.02927200030251,
                30.222713999751363
              ],
              [
                -88.02399099958495,
                30.230390000298314
              ],
              [
                -88.01799900025361,
                30.231672001861455
              ],
              [
                -87.96790313712006,
                30.235227584885195
              ],
              [
                -87.96095899316299,
                30.242425474356196
              ],
              [
                -87.96043395995923,
                30.238517760885998
              ],
              [
                -87.9626504533557,
                30.238163472965937
              ],
              [
                -87.96294403074239,
                30.2352523800933
              ],
              [
                -87.96112060493192,
                30.233739852612132
              ],
              [
                -87.95913900006474,
                30.234313000444672
              ],
              [
                -87.959905381628,
                30.236398667664446
              ],
              [
                -87.95414733912838,
                30.23676681503656
              ],
              [
                -87.9518568630038,
                30.23940332870069
              ],
              [
                -87.9538879548652,
                30.241923778559567
              ],
              [
                -87.9505890869168,
                30.24183346234446
              ],
              [
                -87.95980072032694,
                30.24698829717221
              ],
              [
                -87.95587000040018,
                30.24850100002118
              ],
              [
                -87.9556802659315,
                30.2502030002683
              ],
              [
                -87.95021825866564,
                30.250492092735954
              ],
              [
                -87.94715799974188,
                30.249052000249662
              ],
              [
                -87.9506149289358,
                30.25484402902879
              ],
              [
                -87.93604099969235,
                30.261468999994406
              ],
              [
                -87.91687774731014,
                30.25243759162163
              ],
              [
                -87.91376495358969,
                30.24745559659857
              ],
              [
                -87.9249522176707,
                30.254174827306485
              ],
              [
                -87.91365814200958,
                30.245178222696893
              ],
              [
                -87.90930175766994,
                30.245313644409237
              ],
              [
                -87.89581499996223,
                30.23985599975464
              ],
              [
                -87.87548828115922,
                30.23872566166
              ],
              [
                -87.85021374426884,
                30.2426068523244
              ],
              [
                -87.85142699985613,
                30.240635999751646
              ],
              [
                -87.84807586690772,
                30.240245818989422
              ],
              [
                -87.84638214132275,
                30.24302101081105
              ],
              [
                -87.84865700071998,
                30.243983001214588
              ],
              [
                -87.83295363180463,
                30.24969296955493
              ],
              [
                -87.82822500008365,
                30.249756000339175
              ],
              [
                -87.82767486590228,
                30.24846458377357
              ],
              [
                -87.8268508908559,
                30.249870299674626
              ],
              [
                -87.82476806459448,
                30.24937439011609
              ],
              [
                -87.82352451084745,
                30.250560037415823
              ],
              [
                -87.82748400008649,
                30.251288999987423
              ],
              [
                -87.8235244748746,
                30.253007888603236
              ],
              [
                -87.81439208972313,
                30.25431442277244
              ],
              [
                -87.7944569995908,
                30.25316800030305
              ],
              [
                -87.7766876217363,
                30.257472991985026
              ],
              [
                -87.76503753685279,
                30.26377296415103
              ],
              [
                -87.75546264568453,
                30.276952743674258
              ],
              [
                -87.75425700016041,
                30.28196700007703
              ],
              [
                -87.7345969883603,
                30.27766075833739
              ],
              [
                -87.73771199980888,
                30.275252999826137
              ],
              [
                -87.73763199522034,
                30.272553229647883
              ],
              [
                -87.74013800016854,
                30.26869799971297
              ],
              [
                -87.7369689943236,
                30.264665604234324
              ],
              [
                -87.7327423102094,
                30.263978958362316
              ],
              [
                -87.7249529995812,
                30.266708999720606
              ],
              [
                -87.72162628232701,
                30.27085876482022
              ],
              [
                -87.7234533117209,
                30.27818687522415
              ],
              [
                -87.65230560282129,
                30.279750824141274
              ],
              [
                -87.6382522578354,
                30.290725707925105
              ],
              [
                -87.641237506106,
                30.29084204062775
              ],
              [
                -87.64971923805234,
                30.281997681347946
              ],
              [
                -87.6529157586553,
                30.28053099231147
              ],
              [
                -87.72437699999853,
                30.27903999999603
              ],
              [
                -87.72532653659033,
                30.28229522744283
              ],
              [
                -87.73253631599817,
                30.281421661080856
              ],
              [
                -87.73684699859007,
                30.28854799959055
              ],
              [
                -87.73851499996726,
                30.294964999635056
              ],
              [
                -87.73352500007866,
                30.300285000352517
              ],
              [
                -87.72951100023243,
                30.300560999590516
              ],
              [
                -87.72646331832743,
                30.30310630761005
              ],
              [
                -87.72510300020326,
                30.30890500036554
              ],
              [
                -87.72156350784957,
                30.311838651832375
              ],
              [
                -87.71474456840707,
                30.310558319410973
              ],
              [
                -87.71202709417503,
                30.316357487907794
              ],
              [
                -87.71009826692142,
                30.31585311932605
              ],
              [
                -87.70690155026631,
                30.31904029777155
              ],
              [
                -87.70727399999504,
                30.321216999764772
              ],
              [
                -87.71025848384193,
                30.31661033589836
              ],
              [
                -87.71366882275794,
                30.320047379283153
              ],
              [
                -87.71403503388967,
                30.314844131251732
              ],
              [
                -87.71562077607791,
                30.314523633558906
              ],
              [
                -87.71715545655906,
                30.31649398790728
              ],
              [
                -87.71791899986192,
                30.314476000067373
              ],
              [
                -87.7206129999899,
                30.315093999788303
              ],
              [
                -87.72037501059822,
                30.313695995573767
              ],
              [
                -87.72790527330966,
                30.31032562342881
              ],
              [
                -87.72808837887555,
                30.30370140069914
              ],
              [
                -87.73555755603633,
                30.3025302891416
              ],
              [
                -87.73976135330378,
                30.299297333405264
              ],
              [
                -87.75160599661939,
                30.297780998194582
              ],
              [
                -87.75562286440362,
                30.292512893755088
              ],
              [
                -87.75187683105088,
                30.29081535324599
              ],
              [
                -87.75527954101796,
                30.291021346557955
              ],
              [
                -87.77275799988178,
                30.31170099980136
              ],
              [
                -87.79671478266107,
                30.32419776941157
              ],
              [
                -87.80926599992591,
                30.332701999697576
              ],
              [
                -87.8298797607423,
                30.353809357016246
              ],
              [
                -87.83730999995652,
                30.368614000136063
              ],
              [
                -87.83678266898494,
                30.37445823366062
              ],
              [
                -87.83281707784585,
                30.374704361017507
              ],
              [
                -87.83106994602116,
                30.377202987927603
              ],
              [
                -87.83154890875511,
                30.384079121554294
              ],
              [
                -87.82398899989238,
                30.389053000195872
              ],
              [
                -87.81806800023799,
                30.390750000212392
              ],
              [
                -87.81656099999014,
                30.387013999696364
              ],
              [
                -87.81325599956472,
                30.385569999655786
              ],
              [
                -87.80701571900022,
                30.389832974112494
              ],
              [
                -87.80051300007483,
                30.388251000083642
              ],
              [
                -87.79847710943102,
                30.39077190230148
              ],
              [
                -87.79014587363315,
                30.393566131871523
              ],
              [
                -87.7856809995784,
                30.392259999699263
              ],
              [
                -87.78406524701353,
                30.39583396936223
              ],
              [
                -87.78018000040663,
                30.396200999776397
              ],
              [
                -87.7771669621855,
                30.393335130212165
              ],
              [
                -87.77864699985912,
                30.396704999636086
              ],
              [
                -87.78343200018662,
                30.39711799979591
              ],
              [
                -87.78613281267911,
                30.39592742870792
              ],
              [
                -87.78671129978665,
                30.39381895468108
              ],
              [
                -87.79043899956014,
                30.394415000152208
              ],
              [
                -87.80181121821312,
                30.39047431933443
              ],
              [
                -87.8067550657936,
                30.391002654848705
              ],
              [
                -87.81378234757722,
                30.3865319999519
              ],
              [
                -87.81523894981763,
                30.387517930308263
              ],
              [
                -87.8137324900623,
                30.390806172766702
              ],
              [
                -87.81455230664358,
                30.394050597557055
              ],
              [
                -87.82189941432648,
                30.39693832424433
              ],
              [
                -87.82092285220784,
                30.402484893862834
              ],
              [
                -87.82420299986853,
                30.407043999780797
              ],
              [
                -87.82486498363204,
                30.413072114986164
              ],
              [
                -87.82160949718053,
                30.419651030770524
              ],
              [
                -87.82388799973137,
                30.424647000358846
              ],
              [
                -87.82740592094643,
                30.427053129298542
              ],
              [
                -87.81706237832606,
                30.435190200567376
              ],
              [
                -87.8114849997329,
                30.435213000179886
              ],
              [
                -87.80886600036558,
                30.438376000352207
              ],
              [
                -87.81008149076814,
                30.439751363234905
              ],
              [
                -87.80928832289777,
                30.442777322015843
              ],
              [
                -87.8021989995841,
                30.4422259998301
              ],
              [
                -87.80270200029702,
                30.446994000272923
              ],
              [
                -87.80420933059611,
                30.447567149904103
              ],
              [
                -87.80360265873566,
                30.445184075085024
              ],
              [
                -87.80748748805706,
                30.4520587922795
              ],
              [
                -87.80656433127882,
                30.454740523856117
              ],
              [
                -87.80204010017047,
                30.454097747812853
              ],
              [
                -87.80394500006167,
                30.457490999610002
              ],
              [
                -87.80108642579785,
                30.461227417411408
              ],
              [
                -87.80312347386916,
                30.4635639190397
              ],
              [
                -87.80005399959236,
                30.466519999598347
              ],
              [
                -87.80177307077054,
                30.469751358138694
              ],
              [
                -87.8033905032691,
                30.468378067293997
              ],
              [
                -87.8014300000944,
                30.467758000031722
              ],
              [
                -87.8014068596388,
                30.465604782035086
              ],
              [
                -87.80476500010462,
                30.465031000180545
              ],
              [
                -87.80196000025376,
                30.461684999663078
              ],
              [
                -87.80474090636767,
                30.45903778136858
              ],
              [
                -87.80276599335588,
                30.454623972618265
              ],
              [
                -87.80748999896423,
                30.4558179998009
              ],
              [
                -87.8087870003198,
                30.452287999791395
              ],
              [
                -87.8026504520567,
                30.44291305489361
              ],
              [
                -87.80923600034112,
                30.4438310001006
              ],
              [
                -87.81106189479056,
                30.44176821073438
              ],
              [
                -87.81185499970843,
                30.436427999552564
              ],
              [
                -87.81706599989593,
                30.43629000038328
              ],
              [
                -87.82806699999202,
                30.429437000017572
              ],
              [
                -87.82949829081343,
                30.427030562610412
              ],
              [
                -87.82386100028492,
                30.422424000367357
              ],
              [
                -87.82357025126606,
                30.416763305881886
              ],
              [
                -87.82867431576705,
                30.41041374240035
              ],
              [
                -87.82909393313844,
                30.415088654018234
              ],
              [
                -87.83451843327902,
                30.412658691245667
              ],
              [
                -87.83715900018768,
                30.406652999736195
              ],
              [
                -87.8430557253414,
                30.401473999225743
              ],
              [
                -87.84556579612456,
                30.397048949849193
              ],
              [
                -87.84553699983263,
                30.39090600021177
              ],
              [
                -87.83670299984351,
                30.37779800007769
              ],
              [
                -87.83776000002393,
                30.37612400022249
              ],
              [
                -87.85253699978267,
                30.378115000307048
              ],
              [
                -87.86179100025441,
                30.38182399957799
              ],
              [
                -87.90634155282038,
                30.40937995911787
              ],
              [
                -87.90890502894388,
                30.414239882864365
              ],
              [
                -87.91384599959315,
                30.445226999726287
              ],
              [
                -87.91839299973714,
                30.459231999856968
              ],
              [
                -87.92040199975247,
                30.471607000362837
              ],
              [
                -87.9259567262219,
                30.477521896318535
              ],
              [
                -87.93746699980215,
                30.48244900032114
              ],
              [
                -87.93484515408056,
                30.486184823670726
              ],
              [
                -87.9328899632012,
                30.485635504275137
              ],
              [
                -87.93384199990834,
                30.486735000120234
              ],
              [
                -87.9270139997962,
                30.49658900038213
              ],
              [
                -87.9209823610471,
                30.512166976824574
              ],
              [
                -87.91004180888234,
                30.527544022238885
              ],
              [
                -87.90439248002889,
                30.542492254713864
              ],
              [
                -87.90174102772619,
                30.541391373013482
              ],
              [
                -87.8981399542954,
                30.54547882139053
              ],
              [
                -87.89869200043546,
                30.546493000351745
              ],
              [
                -87.90177123865169,
                30.542311212192715
              ],
              [
                -87.90379288493364,
                30.542993296703344
              ],
              [
                -87.90171051013192,
                30.550878525423684
              ],
              [
                -87.90340423571689,
                30.56373786930726
              ],
              [
                -87.90789032028204,
                30.573114395213224
              ],
              [
                -87.91143035942349,
                30.576261519653485
              ],
              [
                -87.91495513886855,
                30.585893631086265
              ],
              [
                -87.91252899191943,
                30.61579513493757
              ],
              [
                -87.91672515933857,
                30.623424529918168
              ],
              [
                -87.92075347908974,
                30.625896454158067
              ],
              [
                -87.91800689740035,
                30.633245468403686
              ],
              [
                -87.91843414282141,
                30.636337280041516
              ],
              [
                -87.91939365469335,
                30.635991496110705
              ],
              [
                -87.91608428985808,
                30.639579773088087
              ],
              [
                -87.91390228276413,
                30.655002593994595
              ],
              [
                -87.91486430644255,
                30.65131459209482
              ],
              [
                -87.91681671122222,
                30.65439987195657
              ],
              [
                -87.91881561275028,
                30.653537750366922
              ],
              [
                -87.92029571517509,
                30.655389786309627
              ],
              [
                -87.92006799963843,
                30.647377000448273
              ],
              [
                -87.92269416030723,
                30.63999214462183
              ],
              [
                -87.92539215072713,
                30.641319275064518
              ],
              [
                -87.92505645808905,
                30.650924682927837
              ],
              [
                -87.92127636201445,
                30.66101518330413
              ],
              [
                -87.92319331911636,
                30.667690530693505
              ],
              [
                -87.92009735081206,
                30.667648314718008
              ],
              [
                -87.9198837276519,
                30.6699790948594
              ],
              [
                -87.921592712034,
                30.67411231962791
              ],
              [
                -87.92066192630682,
                30.683036804005326
              ],
              [
                -87.92430877702839,
                30.69418525694408
              ],
              [
                -87.92199100018445,
                30.693160000133958
              ],
              [
                -87.92045000016736,
                30.689109000380142
              ],
              [
                -87.91619299990697,
                30.688921999850436
              ],
              [
                -87.91078948994294,
                30.69303703313261
              ],
              [
                -87.90868950012032,
                30.69879900027371
              ],
              [
                -87.89832305896198,
                30.698717117001422
              ],
              [
                -87.89958953912588,
                30.70138740470503
              ],
              [
                -87.89311981182982,
                30.703882216691
              ],
              [
                -87.89554595877894,
                30.704183577710012
              ],
              [
                -87.88949396117732,
                30.70958900502859
              ],
              [
                -87.8825073242536,
                30.710800170591426
              ],
              [
                -87.88259400001306,
                30.70738899980256
              ],
              [
                -87.8788909911263,
                30.70608901989243
              ],
              [
                -87.88217925966507,
                30.708045959053834
              ],
              [
                -87.88009399983821,
                30.710889000227212
              ],
              [
                -87.88239288282523,
                30.71111106892073
              ],
              [
                -87.88204192959137,
                30.71320152323176
              ],
              [
                -87.87961578444089,
                30.712347030591047
              ],
              [
                -87.87885284368377,
                30.71278572078444
              ],
              [
                -87.87619018582836,
                30.716588974401702
              ],
              [
                -87.87685394305498,
                30.720102309973697
              ],
              [
                -87.8749923707013,
                30.721788405710413
              ],
              [
                -87.87770999961674,
                30.72092599993499
              ],
              [
                -87.87812199973047,
                30.71594799970046
              ],
              [
                -87.88385899989288,
                30.7156430000245
              ],
              [
                -87.90264240921977,
                30.70012508390556
              ],
              [
                -87.90831756570304,
                30.700273514311277
              ],
              [
                -87.90734100268509,
                30.701116562179664
              ],
              [
                -87.90847015367461,
                30.70485496478483
              ],
              [
                -87.91194939055191,
                30.704946704626764
              ],
              [
                -87.91481780969411,
                30.707944869859887
              ],
              [
                -87.91982269336256,
                30.72012138369496
              ],
              [
                -87.92449456886919,
                30.721588659988697
              ],
              [
                -87.92597500044587,
                30.71709300034172
              ],
              [
                -87.92586517343898,
                30.712116241171657
              ],
              [
                -87.923454285287,
                30.712453842171158
              ],
              [
                -87.92446136499996,
                30.71617317195438
              ],
              [
                -87.92325592002464,
                30.716051101577136
              ],
              [
                -87.92498016410326,
                30.718297957884488
              ],
              [
                -87.92350916101896,
                30.71902432860992
              ],
              [
                -87.92087800011956,
                30.704953999927227
              ],
              [
                -87.9173965446148,
                30.70708846975714
              ],
              [
                -87.92012982263316,
                30.70249389457763
              ],
              [
                -87.91777801544305,
                30.70260429355335
              ],
              [
                -87.91594695978432,
                30.70572853114686
              ],
              [
                -87.91330900001032,
                30.702943999865738
              ],
              [
                -87.91600999956177,
                30.69996099990027
              ],
              [
                -87.91968710797363,
                30.70081896482344
              ],
              [
                -87.91980900028511,
                30.69940000010996
              ],
              [
                -87.92429351823125,
                30.697389603447505
              ],
              [
                -87.92711639390643,
                30.701452254817752
              ],
              [
                -87.92696380593486,
                30.70508766166631
              ],
              [
                -87.92754600004781,
                30.705702000247186
              ],
              [
                -87.92759200037051,
                30.701203999664926
              ],
              [
                -87.92482999980461,
                30.69664199972857
              ],
              [
                -87.92599477114175,
                30.693489973083842
              ],
              [
                -87.92199118544482,
                30.681766879437987
              ],
              [
                -87.9224944451625,
                30.676809070782042
              ],
              [
                -87.92432403582558,
                30.68511581444335
              ],
              [
                -87.93179321298635,
                30.700988770315575
              ],
              [
                -87.93294525082263,
                30.71071052616992
              ],
              [
                -87.93430328376951,
                30.70992088274261
              ],
              [
                -87.93519500024905,
                30.713788999962446
              ],
              [
                -87.93685400031183,
                30.713567999663496
              ],
              [
                -87.93706512515536,
                30.711782455096284
              ],
              [
                -87.93741607659064,
                30.721323012846824
              ],
              [
                -87.93059539785929,
                30.735887527087755
              ],
              [
                -87.92949676536341,
                30.74231147799236
              ],
              [
                -87.91751098604311,
                30.754673003956043
              ],
              [
                -87.9191284176423,
                30.760791778917508
              ],
              [
                -87.91618347158993,
                30.757629394780793
              ],
              [
                -87.91886138914174,
                30.7635650632771
              ],
              [
                -87.91997968711286,
                30.762258937400077
              ],
              [
                -87.92185974143388,
                30.765377045214507
              ],
              [
                -87.92295000034221,
                30.771700999601478
              ],
              [
                -87.91599199963105,
                30.79532900013328
              ],
              [
                -87.9163869998601,
                30.812081000138107
              ],
              [
                -87.90779876659974,
                30.84764862138684
              ],
              [
                -87.89342110989628,
                30.86751376944494
              ],
              [
                -87.89046200042094,
                30.884154999953353
              ],
              [
                -87.89040374773475,
                30.888944626393425
              ],
              [
                -87.89425399992211,
                30.90395700031536
              ],
              [
                -87.89656066923948,
                30.908678055248117
              ],
              [
                -87.88957214373943,
                30.910280228050112
              ],
              [
                -87.89526367058187,
                30.910236359120745
              ],
              [
                -87.89744100030191,
                30.908678000389443
              ],
              [
                -87.89428209923943,
                30.899283801905995
              ],
              [
                -87.89714813158099,
                30.904211044404235
              ],
              [
                -87.90451049806097,
                30.910812377589195
              ],
              [
                -87.91082763558688,
                30.92263412506486
              ],
              [
                -87.91101805983556,
                30.925342795833387
              ],
              [
                -87.90820000002992,
                30.928757000035603
              ],
              [
                -87.90126037606547,
                30.931299209890653
              ],
              [
                -87.8999023440179,
                30.933246612641085
              ],
              [
                -87.89987600017724,
                30.936937000442242
              ],
              [
                -87.90248107893859,
                30.941278457834585
              ],
              [
                -87.90455627355317,
                30.941190719975793
              ],
              [
                -87.90174102772619,
                30.936071395778356
              ],
              [
                -87.90248299989048,
                30.933018999627166
              ],
              [
                -87.91146850596675,
                30.928712845121765
              ],
              [
                -87.91814099980724,
                30.93272400041235
              ],
              [
                -87.91855126512877,
                30.936770752668167
              ],
              [
                -87.91968536418818,
                30.933343886910905
              ],
              [
                -87.9126130002897,
                30.928322999806653
              ],
              [
                -87.91335864258724,
                30.92380820888178
              ],
              [
                -87.9225006100151,
                30.932334899735906
              ],
              [
                -87.92346191423593,
                30.940330504948918
              ],
              [
                -87.92678070126829,
                30.940179825338703
              ],
              [
                -87.92385864296199,
                30.9283695217361
              ],
              [
                -87.91976400000857,
                30.924289999983557
              ],
              [
                -87.91279999992003,
                30.921562000086283
              ],
              [
                -87.90998840264263,
                30.910882950088137
              ],
              [
                -87.89994299966963,
                30.90001700028438
              ],
              [
                -87.89569854675051,
                30.89006805409747
              ],
              [
                -87.89716700025684,
                30.871822999631775
              ],
              [
                -87.90290799970438,
                30.862703999989662
              ],
              [
                -87.91212800040688,
                30.853629999724774
              ],
              [
                -87.92105102518462,
                30.85778045730234
              ],
              [
                -87.92607116675089,
                30.862703322800144
              ],
              [
                -87.92540741042359,
                30.86642074602065
              ],
              [
                -87.92128753699018,
                30.871299744387727
              ],
              [
                -87.9173049927312,
                30.870611191053683
              ],
              [
                -87.91329300017179,
                30.87123100021057
              ],
              [
                -87.91701507558525,
                30.86960411134072
              ],
              [
                -87.91632080076431,
                30.8669452666108
              ],
              [
                -87.91130065919805,
                30.868572234620956
              ],
              [
                -87.90694427485835,
                30.867197037213543
              ],
              [
                -87.90502929716428,
                30.87024497992195
              ],
              [
                -87.90949249308403,
                30.872055054397322
              ],
              [
                -87.91091156032019,
                30.875183105116264
              ],
              [
                -87.91360900035505,
                30.876666999982092
              ],
              [
                -87.90988922091077,
                30.87648201033653
              ],
              [
                -87.90948966381688,
                30.880676471741822
              ],
              [
                -87.90763090724056,
                30.880218374178696
              ],
              [
                -87.90686000028876,
                30.877513000324768
              ],
              [
                -87.90526299858846,
                30.8856260003397
              ],
              [
                -87.9064865109437,
                30.886245727658263
              ],
              [
                -87.905901000131,
                30.88331099970293
              ],
              [
                -87.90757650724998,
                30.881134896658182
              ],
              [
                -87.910499572797,
                30.880838393776912
              ],
              [
                -87.91049960157534,
                30.87719532290589
              ],
              [
                -87.91366577095852,
                30.87799644527979
              ],
              [
                -87.91464499956703,
                30.876438000213568
              ],
              [
                -87.91121999990304,
                30.87441599959874
              ],
              [
                -87.91024017324537,
                30.87164306597475
              ],
              [
                -87.9063589484067,
                30.870290925385973
              ],
              [
                -87.907104212989,
                30.86813585658456
              ],
              [
                -87.91233700015238,
                30.868985000057762
              ],
              [
                -87.91608400027633,
                30.86765699997062
              ],
              [
                -87.91650782287769,
                30.86891719477279
              ],
              [
                -87.91246795673078,
                30.871803283794577
              ],
              [
                -87.91748868105776,
                30.871025276695207
              ],
              [
                -87.92086500041938,
                30.87279000015843
              ],
              [
                -87.91942596373718,
                30.881067275734267
              ],
              [
                -87.9175943478009,
                30.882831779762853
              ],
              [
                -87.91910552989623,
                30.882879256772355
              ],
              [
                -87.91950225772297,
                30.887577057035628
              ],
              [
                -87.92415500015312,
                30.8910379999038
              ],
              [
                -87.92925262460892,
                30.900571822631548
              ],
              [
                -87.92842864956248,
                30.907102585116263
              ],
              [
                -87.9259860000538,
                30.91015099996872
              ],
              [
                -87.92548100014801,
                30.91276299991256
              ],
              [
                -87.91835699987558,
                30.91422900006836
              ],
              [
                -87.92609405359764,
                30.91384124837498
              ],
              [
                -87.92681121796329,
                30.909852981729784
              ],
              [
                -87.92922973596353,
                30.907125472862333
              ],
              [
                -87.92933631371989,
                30.902611059652713
              ],
              [
                -87.93382791022981,
                30.91113776489601
              ],
              [
                -87.9327380002585,
                30.916636999597927
              ],
              [
                -87.93061100019747,
                30.91812599991499
              ],
              [
                -87.93305699968073,
                30.91892900007332
              ],
              [
                -87.93369434112088,
                30.91688940871927
              ],
              [
                -87.93728300031017,
                30.917323999802818
              ],
              [
                -87.93983459459082,
                30.921747208267107
              ],
              [
                -87.94164199987836,
                30.923145000241618
              ],
              [
                -87.9453125000718,
                30.924266814561918
              ],
              [
                -87.94158935536444,
                30.921815872404636
              ],
              [
                -87.94055167801747,
                30.917668839445412
              ],
              [
                -87.93566201459026,
                30.91494071094513
              ],
              [
                -87.93646165488144,
                30.907836059586543
              ],
              [
                -87.93972778301077,
                30.90815734868272
              ],
              [
                -87.94451140827482,
                30.911754688128383
              ],
              [
                -87.94499099963491,
                30.916819999943073
              ],
              [
                -87.94631957978476,
                30.917484283273097
              ],
              [
                -87.94470214818557,
                30.91102218582529
              ],
              [
                -87.94650500020555,
                30.909807000292858
              ],
              [
                -87.9437699559187,
                30.91054040281739
              ],
              [
                -87.93813324005697,
                30.906230927115644
              ],
              [
                -87.93555499976338,
                30.901625999840064
              ],
              [
                -87.9386138917177,
                30.89669799831404
              ],
              [
                -87.9382400507377,
                30.894475937214793
              ],
              [
                -87.94252014199094,
                30.895324706570022
              ],
              [
                -87.93438720670417,
                30.893077850262614
              ],
              [
                -87.93130493057805,
                30.884851455630212
              ],
              [
                -87.93114471365755,
                30.88095665012935
              ],
              [
                -87.934784035255,
                30.878846694919105
              ],
              [
                -87.93117523215119,
                30.879671097143444
              ],
              [
                -87.93297899968104,
                30.87634799966048
              ],
              [
                -87.93130599987194,
                30.872492999952044
              ],
              [
                -87.93213000009939,
                30.86497699958892
              ],
              [
                -87.92052459713244,
                30.85603714040178
              ],
              [
                -87.91321800031045,
                30.85264500016666
              ],
              [
                -87.91818997059062,
                30.82810058507397
              ],
              [
                -87.92201232940545,
                30.832456589000458
              ],
              [
                -87.91717529340502,
                30.841598510562847
              ],
              [
                -87.91717529340502,
                30.846755981303545
              ],
              [
                -87.91898199991931,
                30.85150000042472
              ],
              [
                -87.92418670665114,
                30.855144501217808
              ],
              [
                -87.93818664629663,
                30.860439301132885
              ],
              [
                -87.94023132331688,
                30.862867354644777
              ],
              [
                -87.93954300020926,
                30.86848200024417
              ],
              [
                -87.94092500008867,
                30.871599000093852
              ],
              [
                -87.9444580083304,
                30.874555587870134
              ],
              [
                -87.95380899978545,
                30.878844999697037
              ],
              [
                -87.95668029765756,
                30.87854957600217
              ],
              [
                -87.9446439998207,
                30.873798999923963
              ],
              [
                -87.94063568099187,
                30.869169235172137
              ],
              [
                -87.94087219189811,
                30.86273002636966
              ],
              [
                -87.93994099967733,
                30.860804999651066
              ],
              [
                -87.92474600042755,
                30.854960999950265
              ],
              [
                -87.92054900023612,
                30.85195799996177
              ],
              [
                -87.9181059999919,
                30.84783300039271
              ],
              [
                -87.91794794863887,
                30.84157669031208
              ],
              [
                -87.92262299965165,
                30.83312100003417
              ],
              [
                -87.91832200006024,
                30.826337000152478
              ],
              [
                -87.91811370808114,
                30.82007980334032
              ],
              [
                -87.92764500011663,
                30.807727999947303
              ],
              [
                -87.93534088107674,
                30.81029510483529
              ],
              [
                -87.93422698978372,
                30.821363448864133
              ],
              [
                -87.93040466334452,
                30.8276901245996
              ],
              [
                -87.93749237057642,
                30.836786269770585
              ],
              [
                -87.93624782487717,
                30.838483078231548
              ],
              [
                -87.93072299996646,
                30.839376999848696
              ],
              [
                -87.92881011859208,
                30.84072876002432
              ],
              [
                -87.92716217029789,
                30.844648360733288
              ],
              [
                -87.92796000025379,
                30.846504000259472
              ],
              [
                -87.93042999994452,
                30.847627999932286
              ],
              [
                -87.93468099992816,
                30.844373000014002
              ],
              [
                -87.93305969225094,
                30.84870529241539
              ],
              [
                -87.93643188462374,
                30.849622725908148
              ],
              [
                -87.94012451173677,
                30.85349464366294
              ],
              [
                -87.93988799993122,
                30.85686399957399
              ],
              [
                -87.94241100026738,
                30.85965899986303
              ],
              [
                -87.94441986088782,
                30.859640121294603
              ],
              [
                -87.94474897858248,
                30.856519213890635
              ],
              [
                -87.94937129604841,
                30.853929517133565
              ],
              [
                -87.95072599970507,
                30.85672500035855
              ],
              [
                -87.94990300042309,
                30.860689999743727
              ],
              [
                -87.95171000011635,
                30.863301999687565
              ],
              [
                -87.95973205618941,
                30.862224578601456
              ],
              [
                -87.96302677286724,
                30.867080780053982
              ],
              [
                -87.9654179083098,
                30.865867088295545
              ],
              [
                -87.96475307009808,
                30.863599013383805
              ],
              [
                -87.96578900006227,
                30.8638499997777
              ],
              [
                -87.96815490682343,
                30.869325638067778
              ],
              [
                -87.97450256284299,
                30.875839233393947
              ],
              [
                -87.97424199956856,
                30.88026200029111
              ],
              [
                -87.97538645701934,
                30.87971367644508
              ],
              [
                -87.97583620707525,
                30.88184465330818
              ],
              [
                -87.97320556598407,
                30.885051726556014
              ],
              [
                -87.97618300004535,
                30.882736000166346
              ],
              [
                -87.97564852036288,
                30.876046078363856
              ],
              [
                -87.96565600022421,
                30.863093999988166
              ],
              [
                -87.96406199956158,
                30.863208999895505
              ],
              [
                -87.96475219685635,
                30.8655910485881
              ],
              [
                -87.96329335260612,
                30.865912953719885
              ],
              [
                -87.96026611319053,
                30.861536026166732
              ],
              [
                -87.95194955612709,
                30.8621345096999
              ],
              [
                -87.95072937036412,
                30.860300063597094
              ],
              [
                -87.95123290977091,
                30.855005263682017
              ],
              [
                -87.94902801493089,
                30.853172302359894
              ],
              [
                -87.94403100033037,
                30.856290000083504
              ],
              [
                -87.94435099889944,
                30.858833470788113
              ],
              [
                -87.94304853955839,
                30.85926976428823
              ],
              [
                -87.94116300027218,
                30.857710999962706
              ],
              [
                -87.94055175805715,
                30.852554320625472
              ],
              [
                -87.936836243198,
                30.848865509335837
              ],
              [
                -87.93377799965492,
                30.848476000367157
              ],
              [
                -87.93547799980979,
                30.843984000061596
              ],
              [
                -87.93375100020847,
                30.84352499957913
              ],
              [
                -87.93064117425075,
                30.8465042107008
              ],
              [
                -87.9286270139255,
                30.845748900691262
              ],
              [
                -87.93040466334452,
                30.84024810836354
              ],
              [
                -87.94060516429687,
                30.83788680972856
              ],
              [
                -87.9401550293311,
                30.83577919005762
              ],
              [
                -87.93805694607119,
                30.835435866671958
              ],
              [
                -87.93149766968168,
                30.827283884643634
              ],
              [
                -87.93505134524332,
                30.821617795125178
              ],
              [
                -87.93659299996693,
                30.810891000119625
              ],
              [
                -87.94872800019704,
                30.820470000290356
              ],
              [
                -87.94424100012202,
                30.824847999835356
              ],
              [
                -87.94243599962164,
                30.83037100002167
              ],
              [
                -87.94389343283564,
                30.838001251156868
              ],
              [
                -87.948303223415,
                30.844923019082103
              ],
              [
                -87.96161600007832,
                30.855669000224225
              ],
              [
                -87.97832489018151,
                30.862058640194164
              ],
              [
                -87.98430633506928,
                30.867807388200447
              ],
              [
                -87.98484039296972,
                30.87624740599307
              ],
              [
                -87.97969055207727,
                30.887067795242615
              ],
              [
                -87.96930694555903,
                30.89774894695637
              ],
              [
                -87.95854187001123,
                30.90306854207961
              ],
              [
                -87.95529937696466,
                30.909027100120625
              ],
              [
                -87.9558334348651,
                30.91147994973994
              ],
              [
                -87.95694732705743,
                30.909690857347243
              ],
              [
                -87.96345536277471,
                30.91634782798991
              ],
              [
                -87.96436900022911,
                30.920920000157935
              ],
              [
                -87.96304100014203,
                30.923875999777636
              ],
              [
                -87.95038604697845,
                30.934213638348808
              ],
              [
                -87.94953899982494,
                30.93755900034762
              ],
              [
                -87.95160687126008,
                30.939048646377955
              ],
              [
                -87.95034027058699,
                30.937376021586203
              ],
              [
                -87.95097400034979,
                30.93487799991982
              ],
              [
                -87.95663563192886,
                30.929859218128456
              ],
              [
                -87.96588900017719,
                30.935264999779974
              ],
              [
                -87.96626306328972,
                30.938381507700456
              ],
              [
                -87.96836408643338,
                30.938285871096127
              ],
              [
                -87.96681999994303,
                30.933682999670737
              ],
              [
                -87.95919036934004,
                30.92917060903642
              ],
              [
                -87.96367899988587,
                30.925846999839223
              ],
              [
                -87.9669494627475,
                30.919589996381262
              ],
              [
                -87.964553831594,
                30.91331100539861
              ],
              [
                -87.95963499955553,
                30.91042399996769
              ],
              [
                -87.95912933325206,
                30.907329558712206
              ],
              [
                -87.97204589829954,
                30.89832115229939
              ],
              [
                -87.98250899859136,
                30.88834900000637
              ],
              [
                -87.98811340271135,
                30.8751850125783
              ],
              [
                -87.98685708128926,
                30.86521748010267
              ],
              [
                -87.99555699955584,
                30.869927000330847
              ],
              [
                -87.9967422493553,
                30.867687225285295
              ],
              [
                -87.99150848372949,
                30.86235046390283
              ],
              [
                -87.99434600036761,
                30.86060799955959
              ],
              [
                -87.99681854244176,
                30.864295959191224
              ],
              [
                -88.00000658603506,
                30.86530316570861
              ],
              [
                -88.00097656331769,
                30.864315032912486
              ],
              [
                -87.99795599956968,
                30.856847999735464
              ],
              [
                -87.9926943270815,
                30.853138986974727
              ],
              [
                -87.9998759999774,
                30.85587399978533
              ],
              [
                -88.00219726619082,
                30.855285645316314
              ],
              [
                -87.9988555914124,
                30.849971770780655
              ],
              [
                -88.0004272457208,
                30.846071242893572
              ],
              [
                -87.99924799979533,
                30.842752999951017
              ],
              [
                -87.9966430658248,
                30.841745377047573
              ],
              [
                -87.99372499960901,
                30.844932999758157
              ],
              [
                -87.99013999976114,
                30.845920000307842
              ],
              [
                -87.9861831671194,
                30.84562301628921
              ],
              [
                -87.98453544275645,
                30.84399706811024
              ],
              [
                -87.98545837380487,
                30.832675933647465
              ],
              [
                -87.99021148687058,
                30.832536697010994
              ],
              [
                -87.9989242546506,
                30.83766555761946
              ],
              [
                -88.00409699857761,
                30.83508499977296
              ],
              [
                -88.00669860775452,
                30.831399917971908
              ],
              [
                -88.00259699955183,
                30.827486000078864
              ],
              [
                -88.0002059936117,
                30.822521209985894
              ],
              [
                -87.9922485349419,
                30.815141678146006
              ],
              [
                -87.99153137237488,
                30.8113842009202
              ],
              [
                -87.9935455318008,
                30.80854034406167
              ],
              [
                -87.99999819715902,
                30.806658051328043
              ],
              [
                -88.00182176686104,
                30.806734990127723
              ],
              [
                -88.0024948122857,
                30.811260223080865
              ],
              [
                -88.00289376233724,
                30.80716142166233
              ],
              [
                -88.00899799975787,
                30.806586000343714
              ],
              [
                -88.01368713415388,
                30.803283690689852
              ],
              [
                -88.01493835372202,
                30.800590515240117
              ],
              [
                -88.01295471189042,
                30.78965377799949
              ],
              [
                -88.01362609896523,
                30.78555679321147
              ],
              [
                -88.01829800235089,
                30.78198700179877
              ],
              [
                -88.03129800020253,
                30.764387999606527
              ],
              [
                -88.04339798532874,
                30.73978805497478
              ],
              [
                -88.0451965331934,
                30.739889145068048
              ],
              [
                -88.04809570285437,
                30.743988037318104
              ],
              [
                -88.04619598395743,
                30.755088806403364
              ],
              [
                -88.04749918523919,
                30.761688197052706
              ],
              [
                -88.05059814468859,
                30.764987946336703
              ],
              [
                -88.05509899971901,
                30.766687000404772
              ],
              [
                -88.05489899858986,
                30.772887000334833
              ],
              [
                -88.05699900010376,
                30.778686999805245
              ],
              [
                -88.06342999989454,
                30.780093999938174
              ],
              [
                -88.06526099979527,
                30.7830769999037
              ],
              [
                -88.07119829966177,
                30.78418736495496
              ],
              [
                -88.06500244110975,
                30.78228759839402
              ],
              [
                -88.06425476094842,
                30.779529571932244
              ],
              [
                -88.06150099457523,
                30.778787507137793
              ],
              [
                -88.06529945120866,
                30.77788747103
              ],
              [
                -88.0675964357269,
                30.780887603979806
              ],
              [
                -88.07279900027362,
                30.78288700013502
              ],
              [
                -88.07569885341934,
                30.788286208641694
              ],
              [
                -88.08040000005991,
                30.792287000144995
              ],
              [
                -88.08820000002993,
                30.79248700037482
              ],
              [
                -88.08949631520272,
                30.791788984374193
              ],
              [
                -88.08069834295412,
                30.791584960577495
              ],
              [
                -88.07720184269084,
                30.7889862058488
              ],
              [
                -88.07360076926005,
                30.782787322876686
              ],
              [
                -88.06649780323102,
                30.777786255031685
              ],
              [
                -88.06269836363856,
                30.776885985999513
              ],
              [
                -88.05819893673151,
                30.778186797782553
              ],
              [
                -88.05619900008372,
                30.772887000334833
              ],
              [
                -88.05709859462439,
                30.76428798600182
              ],
              [
                -88.05120086672656,
                30.76408767730453
              ],
              [
                -88.04949951219271,
                30.761888503951354
              ],
              [
                -88.05049579104787,
                30.75748864188739
              ],
              [
                -88.04840087879751,
                30.755987167074124
              ],
              [
                -88.04959899969407,
                30.74448800012118
              ],
              [
                -88.04370117197146,
                30.733587265440008
              ],
              [
                -88.04370117197146,
                30.726789473555414
              ],
              [
                -88.04840087879751,
                30.726490020897813
              ],
              [
                -88.04319799858871,
                30.72518899957271
              ],
              [
                -88.04109954840538,
                30.714490891141736
              ],
              [
                -88.04499816883038,
                30.71459007287359
              ],
              [
                -88.0406980002125,
                30.712389000152314
              ],
              [
                -88.04019940168098,
                30.709990142231334
              ],
              [
                -88.04431915280662,
                30.7111339566668
              ],
              [
                -88.03989800019252,
                30.708788999612693
              ],
              [
                -88.0396043265784,
                30.706791950688
              ],
              [
                -88.04369756928736,
                30.70868879984829
              ],
              [
                -88.04360199023961,
                30.70768928523239
              ],
              [
                -88.03949795206881,
                30.70568875773006
              ],
              [
                -88.04100036577421,
                30.70438957192124
              ],
              [
                -88.03929901124036,
                30.7030887601382
              ],
              [
                -88.03709800327022,
                30.69118900097169
              ],
              [
                -88.03741455114056,
                30.675476074061635
              ],
              [
                -88.03599843188209,
                30.67189216059478
              ],
              [
                -88.03710937519747,
                30.671508788599738
              ],
              [
                -88.03410339395646,
                30.666791916413843
              ],
              [
                -88.03759765580713,
                30.66448974640474
              ],
              [
                -88.03327941891001,
                30.665054321000184
              ],
              [
                -88.03262329063233,
                30.659624100272083
              ],
              [
                -88.03547668480115,
                30.65352249067047
              ],
              [
                -88.03952026424878,
                30.655006408918666
              ],
              [
                -88.04398962412182,
                30.65383143387362
              ],
              [
                -88.04452300033614,
                30.65535300044064
              ],
              [
                -88.041128449918,
                30.65785955577394
              ],
              [
                -88.04071044862826,
                30.661499023061538
              ],
              [
                -88.04484025057707,
                30.660874503255798
              ],
              [
                -88.04399871806635,
                30.659191131565535
              ],
              [
                -88.04968261685923,
                30.661071776741153
              ],
              [
                -88.05902099622199,
                30.650329589838748
              ],
              [
                -88.05149909900416,
                30.646690603688455
              ],
              [
                -88.05719757131084,
                30.647491455366435
              ],
              [
                -88.06188964828863,
                30.643676757876108
              ],
              [
                -88.06125907514615,
                30.640383588032194
              ],
              [
                -88.0561979946417,
                30.63707339132401
              ],
              [
                -88.05538940429756,
                30.634864806565645
              ],
              [
                -88.05560123780685,
                30.632186674075797
              ],
              [
                -88.05981445277473,
                30.62811279287115
              ],
              [
                -88.06030273428371,
                30.625305175993105
              ],
              [
                -88.05950927683165,
                30.61907959035085
              ],
              [
                -88.05400233763771,
                30.612495903663103
              ],
              [
                -88.05781174891302,
                30.608840351101378
              ],
              [
                -88.0648909575516,
                30.58830407227515
              ],
              [
                -88.07078552163449,
                30.582683563095998
              ],
              [
                -88.06719970700084,
                30.580390930397186
              ],
              [
                -88.07189941382683,
                30.58159256044837
              ],
              [
                -88.0845947267652,
                30.570678710953814
              ],
              [
                -88.08699798596825,
                30.565393448349027
              ],
              [
                -88.0886230474157,
                30.56530761705295
              ],
              [
                -88.08549499489806,
                30.563257216747218
              ],
              [
                -88.08312988313759,
                30.5577220919011
              ],
              [
                -88.08049800008263,
                30.54309300004195
              ],
              [
                -88.08337402299276,
                30.532714844314683
              ],
              [
                -88.08126831078386,
                30.52790069606033
              ],
              [
                -88.09051513736364,
                30.52454376158539
              ],
              [
                -88.08813476590666,
                30.5244636535748
              ],
              [
                -88.09072334120918,
                30.523566607712837
              ],
              [
                -88.09576415998794,
                30.51588439914576
              ],
              [
                -88.09802246106767,
                30.516296386668955
              ],
              [
                -88.10229492157333,
                30.505920409998964
              ],
              [
                -88.10272216789372,
                30.49090576169158
              ],
              [
                -88.09687042233207,
                30.471054077383826
              ],
              [
                -88.10040283162533,
                30.464111328275237
              ],
              [
                -88.10138702359222,
                30.4583549504207
              ],
              [
                -88.1037389998549,
                30.456314000191014
              ],
              [
                -88.1048812872416,
                30.456789016699815
              ],
              [
                -88.105484002085,
                30.453725815194275
              ],
              [
                -88.11190795928485,
                30.44556236321256
              ],
              [
                -88.11499023361233,
                30.443843842419426
              ],
              [
                -88.11711883536594,
                30.43934822144331
              ],
              [
                -88.1092071530876,
                30.44419670131674
              ],
              [
                -88.10849762576476,
                30.44897828062318
              ],
              [
                -88.10596003572704,
                30.45087970733266
              ],
              [
                -88.10348599987896,
                30.421592999817165
              ],
              [
                -88.10666656471017,
                30.39885139537563
              ],
              [
                -88.10727691659639,
                30.377244949394935
              ],
              [
                -88.11720275919993,
                30.353246688983575
              ],
              [
                -88.1317784511146,
                30.332297669002287
              ],
              [
                -88.13677978515892,
                30.316528320425675
              ],
              [
                -88.13652080918797,
                30.311310816341177
              ],
              [
                -88.12269692981943,
                30.282117999845866
              ],
              [
                -88.10101318441087,
                30.269104004046596
              ],
              [
                -88.09240722731164,
                30.26171874982049
              ],
              [
                -88.09588623036518,
                30.26171874982049
              ],
              [
                -88.10528564491653,
                30.269897460599395
              ],
              [
                -88.10827636736042,
                30.26947021517833
              ],
              [
                -88.11486019164448,
                30.274063927908003
              ],
              [
                -88.11840820327592,
                30.27130126993768
              ],
              [
                -88.12170410166294,
                30.27392578124983
              ],
              [
                -88.11938476629388,
                30.279479979817268
              ],
              [
                -88.1273193363183,
                30.28350830136708
              ],
              [
                -88.12592192295836,
                30.284545091083146
              ],
              [
                -88.13879394458485,
                30.311523436757227
              ],
              [
                -88.14599609414438,
                30.322509766212818
              ],
              [
                -88.14678955069718,
                30.333312988303817
              ],
              [
                -88.15118408158008,
                30.33892822295917
              ],
              [
                -88.15557861336225,
                30.34027099620954
              ],
              [
                -88.15429687530053,
                30.33312988273792
              ],
              [
                -88.15179443436563,
                30.330322265859934
              ],
              [
                -88.15521240223052,
                30.32751464808257
              ],
              [
                -88.17559814533809,
                30.323730469085945
              ],
              [
                -88.19128417982103,
                30.317321776978474
              ],
              [
                -88.19396972722109,
                30.31927490211507
              ],
              [
                -88.19549560513803,
                30.3217163087607
              ],
              [
                -88.19314560558519,
                30.32587399868612
              ],
              [
                -88.19787597659501,
                30.340881348095763
              ],
              [
                -88.19512939490562,
                30.342529297289275
              ],
              [
                -88.19030761680301,
                30.34051513696403
              ],
              [
                -88.18872070279815,
                30.344726562281096
              ],
              [
                -88.18707275360464,
                30.35308837862584
              ],
              [
                -88.18841552685507,
                30.356689452955948
              ],
              [
                -88.18731689525845,
                30.36151123015918
              ],
              [
                -88.18920898430713,
                30.365478515621078
              ],
              [
                -88.19537353476079,
                30.362915038598203
              ],
              [
                -88.19720459041946,
                30.365112305388607
              ],
              [
                -88.19909668036746,
                30.362915038598203
              ],
              [
                -88.21057128863401,
                30.36071777270712
              ],
              [
                -88.21569824178039,
                30.36651611292831
              ],
              [
                -88.2230834960065,
                30.369873047403246
              ],
              [
                -88.2357177728569,
                30.372070312395067
              ],
              [
                -88.24151611307809,
                30.375915526580343
              ],
              [
                -88.26159668024258,
                30.382324218687813
              ],
              [
                -88.26428222674332,
                30.380310059261888
              ],
              [
                -88.27142334021494,
                30.382507324253652
              ],
              [
                -88.27429199228158,
                30.38171386680159
              ],
              [
                -88.2803955084459,
                30.38372802712678
              ],
              [
                -88.27868652316448,
                30.38610839768444
              ],
              [
                -88.28381347721017,
                30.388122558909004
              ],
              [
                -88.29309081958564,
                30.38909912102764
              ],
              [
                -88.30181884796144,
                30.382873535385386
              ],
              [
                -88.30468750002808,
                30.370910644710534
              ],
              [
                -88.31268310524109,
                30.369079589951184
              ],
              [
                -88.31530761655324,
                30.37127685494295
              ],
              [
                -88.31097412085893,
                30.3768920895983
              ],
              [
                -88.31030273378411,
                30.38110351581463
              ],
              [
                -88.31207275425419,
                30.384704590144793
              ],
              [
                -88.31597900362806,
                30.38372802712678
              ],
              [
                -88.31372070344764,
                30.38671874957066
              ],
              [
                -88.31347656269315,
                30.390319823900825
              ],
              [
                -88.32110595677443,
                30.39672851600824
              ],
              [
                -88.33862304691604,
                30.40447997956744
              ],
              [
                -88.34381103525106,
                30.400695800570816
              ],
              [
                -88.35517883283683,
                30.4061183932493
              ],
              [
                -88.36419677655994,
                30.402526855330166
              ],
              [
                -88.36276544257106,
                30.399443982953528
              ],
              [
                -88.36077880869504,
                30.400695800570816
              ],
              [
                -88.35937500025602,
                30.399291992131793
              ],
              [
                -88.36370849595028,
                30.38830566357558
              ],
              [
                -88.36688232396006,
                30.38830566357558
              ],
              [
                -88.36608886740726,
                30.393493651910546
              ],
              [
                -88.3629383875965,
                30.39917777193665
              ],
              [
                -88.36978912436854,
                30.397722244386102
              ],
              [
                -88.37237548823816,
                30.39392089823093
              ],
              [
                -88.37481689488374,
                30.394470214928504
              ],
              [
                -88.37640380888865,
                30.3920898443709
              ],
              [
                -88.37803649928497,
                30.39495277405132
              ],
              [
                -88.38000488321876,
                30.392700195357804
              ],
              [
                -88.38281250009675,
                30.395324706669953
              ],
              [
                -88.3845825196675,
                30.39251708979191
              ],
              [
                -88.37811279327076,
                30.38671874957066
              ],
              [
                -88.37780761732762,
                30.384094238258513
              ],
              [
                -88.38049316382842,
                30.383117676139875
              ],
              [
                -88.38281250009675,
                30.386901855136557
              ],
              [
                -88.38647460871618,
                30.38909912102764
              ],
              [
                -88.3948974611489,
                30.390930175787048
              ],
              [
                -88.39367675827572,
                30.38671874957066
              ],
              [
                -88.39971923835213,
                30.39123535173013
              ],
              [
                -88.39648437515376,
                30.397521972561037
              ],
              [
                -88.41289520295123,
                30.735717772856958
              ],
              [
                -88.79748535216726,
                30.734313965317313
              ],
              [
                -88.82781982382579,
                30.734313965317313
              ],
              [
                -88.84100341827309,
                30.73608398398875
              ],
              [
                -88.88450622558179,
                30.735717772856958
              ],
              [
                -88.88452148437898,
                30.67669677693476
              ],
              [
                -89.23327636691079,
                30.677124023255146
              ],
              [
                -89.23999023406202,
                30.676086425947858
              ],
              [
                -89.24127197302312,
                30.64770507762728
              ],
              [
                -89.34069824223008,
                30.64770507762728
              ],
              [
                -89.34082031440596,
                30.90930175757012
              ],
              [
                -89.13719940233051,
                30.909912108557023
              ],
              [
                -89.13829803482639,
                31.000312805091937
              ],
              [
                -89.14619445830755,
                31.000411986823792
              ],
              [
                -89.14579772958155,
                31.43381309459869
              ],
              [
                -88.94249725314569,
                31.433511733579678
              ],
              [
                -88.94339752217786,
                31.824611664097063
              ],
              [
                -88.76269531443717,
                31.836011886739243
              ],
              [
                -88.64799499557256,
                31.85281181341452
              ],
              [
                -88.6130981453631,
                31.85941314659948
              ],
              [
                -88.47319793693521,
                31.894611358727275
              ],
              [
                -88.42149353020221,
                32.308712006354085
              ],
              [
                -88.23839569130809,
                32.307411193671726
              ],
              [
                -87.93029785176441,
                32.310413360887935
              ]
            ],
            [
              [
                -88.10076904275707,
                30.6262817381118
              ],
              [
                -88.1010742187002,
                30.622924805435446
              ],
              [
                -88.09909519578662,
                30.623681489609112
              ],
              [
                -88.10076904275707,
                30.6262817381118
              ]
            ],
            [
              [
                -88.09558105532142,
                30.621458054345794
              ],
              [
                -88.09607754764068,
                30.62024343898355
              ],
              [
                -88.09692382767247,
                30.621093749776776
              ],
              [
                -88.09521484418968,
                30.618103027332893
              ],
              [
                -88.08972167991158,
                30.61907959035085
              ],
              [
                -88.09558105532142,
                30.621458054345794
              ]
            ],
            [
              [
                -88.08839771418315,
                30.618188427853738
              ],
              [
                -88.08994293202068,
                30.617774962744363
              ],
              [
                -88.08999900025361,
                30.61409199974605
              ],
              [
                -88.09429931006508,
                30.612892163842332
              ],
              [
                -88.10367910230866,
                30.615895326608097
              ],
              [
                -88.10829925510649,
                30.614492415692496
              ],
              [
                -88.11260986305467,
                30.615478516020744
              ],
              [
                -88.11150360071059,
                30.61239433333185
              ],
              [
                -88.11586145094515,
                30.610759461180237
              ],
              [
                -88.11410000011489,
                30.608992000180706
              ],
              [
                -88.11682128927106,
                30.602722167893774
              ],
              [
                -88.11492919932306,
                30.587097167700165
              ],
              [
                -88.10992431565461,
                30.58134651223179
              ],
              [
                -88.10961914061079,
                30.575683593722943
              ],
              [
                -88.10409545873841,
                30.57067680439104
              ],
              [
                -88.09912109356355,
                30.57195472662937
              ],
              [
                -88.09588623036518,
                30.57107734714191
              ],
              [
                -88.09197998009199,
                30.566711426391294
              ],
              [
                -88.09069800011258,
                30.570992999727196
              ],
              [
                -88.08758544920909,
                30.572326660147326
              ],
              [
                -88.08829498282716,
                30.57458877615113
              ],
              [
                -88.09099553271761,
                30.572594953094665
              ],
              [
                -88.09332275424168,
                30.577697754048188
              ],
              [
                -88.09991455101567,
                30.579101561587834
              ],
              [
                -88.10349909760521,
                30.57799339268098
              ],
              [
                -88.10467529303031,
                30.58532714812941
              ],
              [
                -88.1074984681797,
                30.58689182279943
              ],
              [
                -88.113798999724,
                30.596592000320584
              ],
              [
                -88.11319732719488,
                30.602392196742528
              ],
              [
                -88.1091372946504,
                30.6065940982391
              ],
              [
                -88.10929867079699,
                30.608291628855625
              ],
              [
                -88.10632324222382,
                30.609130859101924
              ],
              [
                -88.10609899986889,
                30.61229200037559
              ],
              [
                -88.09894583817987,
                30.612305772593402
              ],
              [
                -88.09307861258787,
                30.610473633251615
              ],
              [
                -88.08894348125659,
                30.611589432006724
              ],
              [
                -88.08618164077006,
                30.612913132435153
              ],
              [
                -88.08859769282924,
                30.615791523260214
              ],
              [
                -88.08839771418315,
                30.618188427853738
              ]
            ],
            [
              [
                -88.10141734873162,
                30.460841375329267
              ],
              [
                -88.10474613082926,
                30.457340666238792
              ],
              [
                -88.10265350285681,
                30.457803726261034
              ],
              [
                -88.10141734873162,
                30.460841375329267
              ]
            ],
            [
              [
                -88.13238997211948,
                30.346421372448447
              ],
              [
                -88.14062500024352,
                30.345886229965572
              ],
              [
                -88.14073499992026,
                30.3395694018065
              ],
              [
                -88.1454696660922,
                30.333015442208932
              ],
              [
                -88.14441187270972,
                30.327262067190702
              ],
              [
                -88.13989257798005,
                30.32647705077534
              ],
              [
                -88.12912555629936,
                30.338162690355944
              ],
              [
                -88.13346600015575,
                30.342476999913686
              ],
              [
                -88.13238997211948,
                30.346421372448447
              ]
            ]
          ]
        ]
      }
    }
  ],
  "metadata": {
    "schema_version": "0.1.0",
    "wfo": "MOB",
    "layer": "cwa",
    "source": "https://www.weather.gov/source/gis/Shapefiles/WSOM/w_16ap26.zip",
    "public_release_status": "public-source-derived"
  }
}