{
  "type": "FeatureCollection",
  "name": "counties_parishes",
  "crs": {
    "type": "name",
    "properties": {
      "name": "urn:ogc:def:crs:OGC:1.3:CRS84"
    }
  },
  "features": [
    {
      "type": "Feature",
      "properties": {
        "STATE": "VA",
        "CWA": "MRX",
        "COUNTYNAME": "Russell",
        "FIPS": "51167",
        "TIME_ZONE": "E"
      },
      "geometry": {
        "type": "Polygon",
        "coordinates": [
          [
            [
              -81.90129852299998,
              37.14291381800007
            ],
            [
              -81.89299774199998,
              37.125610352000024
            ],
            [
              -81.88919830299994,
              37.11101150500008
            ],
            [
              -81.86229705799997,
              37.084213257000044
            ],
            [
              -81.82730102499994,
              37.05391311600005
            ],
            [
              -81.81839752199994,
              37.04281234700005
            ],
            [
              -81.80529785199997,
              37.01811218300003
            ],
            [
              -81.77959442099996,
              36.95871353100006
            ],
            [
              -81.80649566699998,
              36.952110291000054
            ],
            [
              -81.81889343299997,
              36.947311401000036
            ],
            [
              -81.82319641099997,
              36.93991088900003
            ],
            [
              -81.83389282199994,
              36.92941284200003
            ],
            [
              -81.84329986599994,
              36.924911499000075
            ],
            [
              -81.85899352999996,
              36.90821075400004
            ],
            [
              -81.88509368899997,
              36.88951110800008
            ],
            [
              -81.93280029299996,
              36.871913910000046
            ],
            [
              -81.94719695999999,
              36.864810944000055
            ],
            [
              -81.95330047599998,
              36.86651229900008
            ],
            [
              -81.95889282199994,
              36.86541366600005
            ],
            [
              -81.96439361599994,
              36.87011337300004
            ],
            [
              -81.97639465299994,
              36.87011337300004
            ],
            [
              -81.98099517799994,
              36.87871170000005
            ],
            [
              -81.98320007299998,
              36.87901306200007
            ],
            [
              -81.99319457999997,
              36.875411987000064
            ],
            [
              -82.07679748499999,
              36.855213165000066
            ],
            [
              -82.08839416499995,
              36.84911346400003
            ],
            [
              -82.10699462899998,
              36.835514069000055
            ],
            [
              -82.11499786399997,
              36.82511138900003
            ],
            [
              -82.11639404299996,
              36.81911087000003
            ],
            [
              -82.11469268799993,
              36.81371307400008
            ],
            [
              -82.11109924299996,
              36.805713654000044
            ],
            [
              -82.10439300499996,
              36.79921340900006
            ],
            [
              -82.10709381099997,
              36.79681396500007
            ],
            [
              -82.11329650899995,
              36.79631042500006
            ],
            [
              -82.12879943799999,
              36.78971099900008
            ],
            [
              -82.15929412799994,
              36.78121185300006
            ],
            [
              -82.19289398199999,
              36.77361297600004
            ],
            [
              -82.19709777799994,
              36.77101135300006
            ],
            [
              -82.22480011,
              36.76251220700004
            ],
            [
              -82.23109435999999,
              36.758613586000024
            ],
            [
              -82.23819732699997,
              36.75661087000003
            ],
            [
              -82.24049377399996,
              36.754112244000055
            ],
            [
              -82.24629974399994,
              36.753211975000056
            ],
            [
              -82.25129699699994,
              36.74931335400004
            ],
            [
              -82.26459503199999,
              36.74571228000008
            ],
            [
              -82.30759429899996,
              36.726913452000076
            ],
            [
              -82.33149719199997,
              36.70961380000006
            ],
            [
              -82.35659789999994,
              36.78011322000003
            ],
            [
              -82.406799316,
              36.87711334200003
            ],
            [
              -82.39519500699998,
              36.88051223800005
            ],
            [
              -82.38969421399997,
              36.88511276200006
            ],
            [
              -82.37139892599998,
              36.89261245700004
            ],
            [
              -82.36539459199997,
              36.89311218300003
            ],
            [
              -82.35819244399994,
              36.88931274400005
            ],
            [
              -82.35929870599995,
              36.89321136500007
            ],
            [
              -82.35719299299996,
              36.89521408100006
            ],
            [
              -82.35139465299994,
              36.89261245700004
            ],
            [
              -82.34269714399994,
              36.89621353100006
            ],
            [
              -82.336296082,
              36.88741302500006
            ],
            [
              -82.33469390899995,
              36.88991165200008
            ],
            [
              -82.32919311499995,
              36.89141082800006
            ],
            [
              -82.32839965799997,
              36.89901351900005
            ],
            [
              -82.32539367699997,
              36.89781189000007
            ],
            [
              -82.31969451899994,
              36.88761138900003
            ],
            [
              -82.31649780299995,
              36.89741134600007
            ],
            [
              -82.32049560499996,
              36.904510498000036
            ],
            [
              -82.31749725299994,
              36.90741348300003
            ],
            [
              -82.31629943799999,
              36.90281295800003
            ],
            [
              -82.3125,
              36.90191268900003
            ],
            [
              -82.29889679999997,
              36.90611266700006
            ],
            [
              -82.32759857199994,
              36.971210480000025
            ],
            [
              -82.28509521499996,
              36.99811172500006
            ],
            [
              -82.27519988999995,
              37.00091171300005
            ],
            [
              -82.27229309099994,
              36.999813080000024
            ],
            [
              -82.26819610599995,
              36.994411469000056
            ],
            [
              -82.26179504399994,
              36.989810944000055
            ],
            [
              -82.25589752199994,
              36.98971176100008
            ],
            [
              -82.24319457999997,
              36.996410370000035
            ],
            [
              -82.24009704599996,
              37.00211334200003
            ],
            [
              -82.23229980499997,
              37.00491333000008
            ],
            [
              -82.19919586199995,
              37.02891159100005
            ],
            [
              -82.18449401899994,
              37.02691268900003
            ],
            [
              -82.18089294399994,
              37.033512115000065
            ],
            [
              -82.16909789999994,
              37.04061126700003
            ],
            [
              -82.16399383499999,
              37.039810181000064
            ],
            [
              -82.16119384799998,
              37.037513733000026
            ],
            [
              -82.15169525099998,
              37.04121398900003
            ],
            [
              -82.14439392099996,
              37.04171371500007
            ],
            [
              -82.14169311499995,
              37.040210724000076
            ],
            [
              -82.13749694799998,
              37.04311370800008
            ],
            [
              -82.12899780299995,
              37.04101181000004
            ],
            [
              -82.12659454299995,
              37.039012909000064
            ],
            [
              -82.12149810799997,
              37.041412354000045
            ],
            [
              -82.11659240699998,
              37.03951263400006
            ],
            [
              -82.10699462899998,
              37.042510986000025
            ],
            [
              -82.10669708299997,
              37.048011780000024
            ],
            [
              -82.10379791299994,
              37.049911499000075
            ],
            [
              -82.09679412799994,
              37.05131149300007
            ],
            [
              -82.09589386,
              37.04871368400006
            ],
            [
              -82.09049224899996,
              37.04651260400004
            ],
            [
              -82.08699798599997,
              37.04131317100007
            ],
            [
              -82.07640075699999,
              37.03891372700008
            ],
            [
              -82.06539916999998,
              37.045310974000074
            ],
            [
              -82.06179809599996,
              37.04501342800006
            ],
            [
              -82.05599975599995,
              37.048213959000066
            ],
            [
              -82.05089569099994,
              37.04611206100003
            ],
            [
              -82.04169464099994,
              37.04851150500008
            ],
            [
              -82.03889465299994,
              37.05161285400004
            ],
            [
              -82.03599548299997,
              37.05211257900004
            ],
            [
              -82.03089904799998,
              37.06511306800007
            ],
            [
              -82.01809692399996,
              37.06931304900007
            ],
            [
              -82.01819610599995,
              37.07201385500008
            ],
            [
              -82.02109527599998,
              37.07371139500003
            ],
            [
              -82.01469421399997,
              37.079311371000074
            ],
            [
              -82.01479339599996,
              37.08231353800005
            ],
            [
              -82.02129363999995,
              37.085411072000056
            ],
            [
              -82.02029418899997,
              37.090911865000066
            ],
            [
              -82.01709747299998,
              37.09191131600005
            ],
            [
              -82.01679992699997,
              37.09581375100004
            ],
            [
              -82.01339721699998,
              37.099010468000074
            ],
            [
              -82.01659393299997,
              37.100914001000035
            ],
            [
              -82.01599883999995,
              37.10341262800006
            ],
            [
              -82.01419830299994,
              37.10671234100005
            ],
            [
              -82.01059722899998,
              37.10791397100007
            ],
            [
              -82.01139831499995,
              37.11161041300005
            ],
            [
              -82.00719451899994,
              37.116012573000035
            ],
            [
              -82.00740051299994,
              37.11961364700005
            ],
            [
              -82.00199890099998,
              37.118213654000044
            ],
            [
              -81.99869537399996,
              37.119312286000024
            ],
            [
              -81.99089813199998,
              37.128211975000056
            ],
            [
              -81.98739623999995,
              37.12371063200004
            ],
            [
              -81.98019409199998,
              37.12311172500006
            ],
            [
              -81.97769927999997,
              37.12071228000008
            ],
            [
              -81.96789550799997,
              37.122112274000074
            ],
            [
              -81.96419525099998,
              37.12741088900003
            ],
            [
              -81.95679473899997,
              37.127811432000044
            ],
            [
              -81.95369720499997,
              37.12621307400008
            ],
            [
              -81.94619751,
              37.12971115100004
            ],
            [
              -81.93409728999995,
              37.126911163000045
            ],
            [
              -81.93079376199995,
              37.12801361100003
            ],
            [
              -81.92999267599998,
              37.13091278100006
            ],
            [
              -81.92699432399996,
              37.13281250000006
            ],
            [
              -81.92089843799994,
              37.133911133000026
            ],
            [
              -81.91410064699994,
              37.13181304900007
            ],
            [
              -81.90879821799996,
              37.14021301300005
            ],
            [
              -81.90129852299998,
              37.14291381800007
            ]
          ]
        ]
      }
    },
    {
      "type": "Feature",
      "properties": {
        "STATE": "VA",
        "CWA": "MRX",
        "COUNTYNAME": "Scott",
        "FIPS": "51169",
        "TIME_ZONE": "E"
      },
      "geometry": {
        "type": "Polygon",
        "coordinates": [
          [
            [
              -82.406799316,
              36.87711334200003
            ],
            [
              -82.35659789999994,
              36.78011322000003
            ],
            [
              -82.33149719199997,
              36.70961380000006
            ],
            [
              -82.30799865699998,
              36.61961364700005
            ],
            [
              -82.29359435999999,
              36.59571075400004
            ],
            [
              -82.46599578899998,
              36.594512939000026
            ],
            [
              -82.48829650899995,
              36.59581375100004
            ],
            [
              -82.60869598399995,
              36.59341049200003
            ],
            [
              -82.82830047599998,
              36.59371185300006
            ],
            [
              -82.83529663099995,
              36.59251403800005
            ],
            [
              -82.84409332299998,
              36.59371185300006
            ],
            [
              -82.98519897499995,
              36.593811035000044
            ],
            [
              -82.94699859599996,
              36.67611312900004
            ],
            [
              -82.89139556899994,
              36.70511245700004
            ],
            [
              -82.85219573999996,
              36.71761322000003
            ],
            [
              -82.82859802199994,
              36.72911071800007
            ],
            [
              -82.82349395799997,
              36.73421096800007
            ],
            [
              -82.82409667999997,
              36.74291228000004
            ],
            [
              -82.82859802199994,
              36.74721145600006
            ],
            [
              -82.82729339599996,
              36.75011062600004
            ],
            [
              -82.80749511699997,
              36.772911072000056
            ],
            [
              -82.80019378699996,
              36.77771377600004
            ],
            [
              -82.79039764399994,
              36.77731323200004
            ],
            [
              -82.79109954799998,
              36.77991104100005
            ],
            [
              -82.78589630099998,
              36.78711319000007
            ],
            [
              -82.77739715599995,
              36.793510437000066
            ],
            [
              -82.77309417699996,
              36.80001068100006
            ],
            [
              -82.76979827899999,
              36.79971313500005
            ],
            [
              -82.77309417699996,
              36.806510925000055
            ],
            [
              -82.76669311499995,
              36.81131362900004
            ],
            [
              -82.75589752199994,
              36.82561111500007
            ],
            [
              -82.74809265099998,
              36.832111359000066
            ],
            [
              -82.74519348099994,
              36.82971191400003
            ],
            [
              -82.74189758299997,
              36.83031082200006
            ],
            [
              -82.73759460399998,
              36.82771301300005
            ],
            [
              -82.734397888,
              36.82981109600007
            ],
            [
              -82.72829437299998,
              36.82971191400003
            ],
            [
              -82.72489929199998,
              36.83231353800005
            ],
            [
              -82.72279357899998,
              36.830013275000056
            ],
            [
              -82.72279357899998,
              36.82601165800003
            ],
            [
              -82.72100067099996,
              36.82481384300007
            ],
            [
              -82.71569824199997,
              36.822910309000065
            ],
            [
              -82.70719909699994,
              36.82311248800005
            ],
            [
              -82.70199584999995,
              36.81741333000008
            ],
            [
              -82.69809722899998,
              36.81731033300008
            ],
            [
              -82.69179534899996,
              36.82021331800007
            ],
            [
              -82.68169403599995,
              36.83141326100008
            ],
            [
              -82.67289733899997,
              36.83781051600005
            ],
            [
              -82.66559600799997,
              36.839714050000055
            ],
            [
              -82.65869903599997,
              36.84401321400003
            ],
            [
              -82.65209960899995,
              36.853912354000045
            ],
            [
              -82.65229797399996,
              36.85711288500005
            ],
            [
              -82.64989471399997,
              36.86201095600006
            ],
            [
              -82.63449859599996,
              36.878513336000026
            ],
            [
              -82.61660003699996,
              36.88091278100006
            ],
            [
              -82.40329742399996,
              36.88511276200006
            ],
            [
              -82.40229797399996,
              36.88251113900003
            ],
            [
              -82.406799316,
              36.87711334200003
            ]
          ]
        ]
      }
    },
    {
      "type": "Feature",
      "properties": {
        "STATE": "VA",
        "CWA": "MRX",
        "COUNTYNAME": "Washington",
        "FIPS": "51191",
        "TIME_ZONE": "E"
      },
      "geometry": {
        "type": "Polygon",
        "coordinates": [
          [
            [
              -81.83599853499999,
              36.929111481000064
            ],
            [
              -81.69929504399994,
              36.789413452000076
            ],
            [
              -81.61909484899996,
              36.63431167600004
            ],
            [
              -81.60549926799996,
              36.63871383700007
            ],
            [
              -81.60639953599997,
              36.62801361100003
            ],
            [
              -81.61079406699997,
              36.61771392800006
            ],
            [
              -81.63139343299997,
              36.611812592000035
            ],
            [
              -81.64759826699998,
              36.61171340900006
            ],
            [
              -81.92259979199997,
              36.61621093700006
            ],
            [
              -81.93409728999995,
              36.594211578000056
            ],
            [
              -82.14539558899997,
              36.59491336800005
            ],
            [
              -82.12849659999995,
              36.612912160000064
            ],
            [
              -82.11159659999998,
              36.62601216000007
            ],
            [
              -82.10569659999999,
              36.62871216000008
            ],
            [
              -82.11279659999997,
              36.63781216000007
            ],
            [
              -82.10379659999995,
              36.64761216000005
            ],
            [
              -82.10419659999997,
              36.65101216000005
            ],
            [
              -82.11029659999997,
              36.64981216000007
            ],
            [
              -82.12009659999995,
              36.65811216000003
            ],
            [
              -82.11529659999997,
              36.66161216000006
            ],
            [
              -82.11419659999996,
              36.66471216000008
            ],
            [
              -82.11669659999995,
              36.66781216000004
            ],
            [
              -82.13119659999995,
              36.67601216000003
            ],
            [
              -82.12979659999996,
              36.67091216000006
            ],
            [
              -82.13319659999996,
              36.669712160000074
            ],
            [
              -82.12389659999997,
              36.65871216000005
            ],
            [
              -82.12344347099997,
              36.65515348200006
            ],
            [
              -82.12649659999994,
              36.653112160000035
            ],
            [
              -82.12529659999996,
              36.65011216000005
            ],
            [
              -82.11799659999997,
              36.64981216000007
            ],
            [
              -82.12240351299994,
              36.64670852900008
            ],
            [
              -82.12749659999997,
              36.64931216000008
            ],
            [
              -82.12789659999999,
              36.646912160000056
            ],
            [
              -82.12529659999996,
              36.64651216000004
            ],
            [
              -82.12439659999995,
              36.644612160000065
            ],
            [
              -82.12283007799994,
              36.64555207300003
            ],
            [
              -82.11499659999998,
              36.63871216000007
            ],
            [
              -82.12209659999996,
              36.63471216000005
            ],
            [
              -82.13379659999998,
              36.634612160000074
            ],
            [
              -82.13729659999996,
              36.63321216000003
            ],
            [
              -82.14089659999996,
              36.63781216000007
            ],
            [
              -82.15859659999995,
              36.630612160000055
            ],
            [
              -82.15829659999997,
              36.626912160000074
            ],
            [
              -82.17939659999996,
              36.62681216000004
            ],
            [
              -82.22409659999994,
              36.605212160000065
            ],
            [
              -82.2281966,
              36.60361216000007
            ],
            [
              -82.23279659999997,
              36.60441216000004
            ],
            [
              -82.23329659999996,
              36.60131216000008
            ],
            [
              -82.24129408899995,
              36.59581373800006
            ],
            [
              -82.29359435999999,
              36.59571075400004
            ],
            [
              -82.30799865699998,
              36.61961364700005
            ],
            [
              -82.33149719199997,
              36.70961380000006
            ],
            [
              -82.30759429899996,
              36.726913452000076
            ],
            [
              -82.26459503199999,
              36.74571228000008
            ],
            [
              -82.25129699699994,
              36.74931335400004
            ],
            [
              -82.24629974399994,
              36.753211975000056
            ],
            [
              -82.24049377399996,
              36.754112244000055
            ],
            [
              -82.23819732699997,
              36.75661087000003
            ],
            [
              -82.23109435999999,
              36.758613586000024
            ],
            [
              -82.22480011,
              36.76251220700004
            ],
            [
              -82.19709777799994,
              36.77101135300006
            ],
            [
              -82.19289398199999,
              36.77361297600004
            ],
            [
              -82.15929412799994,
              36.78121185300006
            ],
            [
              -82.12879943799999,
              36.78971099900008
            ],
            [
              -82.11329650899995,
              36.79631042500006
            ],
            [
              -82.10709381099997,
              36.79681396500007
            ],
            [
              -82.10439300499996,
              36.79921340900006
            ],
            [
              -82.11109924299996,
              36.805713654000044
            ],
            [
              -82.11469268799993,
              36.81371307400008
            ],
            [
              -82.11639404299996,
              36.81911087000003
            ],
            [
              -82.11499786399997,
              36.82511138900003
            ],
            [
              -82.10699462899998,
              36.835514069000055
            ],
            [
              -82.08580017099996,
              36.85071182300004
            ],
            [
              -82.07679748499999,
              36.855213165000066
            ],
            [
              -81.99319457999997,
              36.875411987000064
            ],
            [
              -81.98320007299998,
              36.87901306200007
            ],
            [
              -81.98099517799994,
              36.87871170000005
            ],
            [
              -81.97639465299994,
              36.87011337300004
            ],
            [
              -81.96439361599994,
              36.87011337300004
            ],
            [
              -81.95889282199994,
              36.86541366600005
            ],
            [
              -81.95330047599998,
              36.86651229900008
            ],
            [
              -81.94719695999999,
              36.864810944000055
            ],
            [
              -81.93280029299996,
              36.871913910000046
            ],
            [
              -81.88509368899997,
              36.88951110800008
            ],
            [
              -81.85899352999996,
              36.90821075400004
            ],
            [
              -81.84329986599994,
              36.924911499000075
            ],
            [
              -81.83599853499999,
              36.929111481000064
            ]
          ]
        ]
      }
    },
    {
      "type": "Feature",
      "properties": {
        "STATE": "VA",
        "CWA": "MRX",
        "COUNTYNAME": "Wise",
        "FIPS": "51195",
        "TIME_ZONE": "E"
      },
      "geometry": {
        "type": "Polygon",
        "coordinates": [
          [
            [
              -82.77389526399998,
              36.80301284800004
            ],
            [
              -82.83549499499998,
              36.84811401400003
            ],
            [
              -82.84569549599996,
              36.847110748000034
            ],
            [
              -82.84809875499997,
              36.84851074200003
            ],
            [
              -82.84839630099998,
              36.855411530000026
            ],
            [
              -82.84469604499998,
              36.858512878000056
            ],
            [
              -82.85079956099997,
              36.86321258500004
            ],
            [
              -82.85260009799998,
              36.86651229900008
            ],
            [
              -82.85159301799996,
              36.869712830000026
            ],
            [
              -82.86279296899994,
              36.877811432000044
            ],
            [
              -82.87289428699995,
              36.89051055900006
            ],
            [
              -82.87789916999998,
              36.89271163900003
            ],
            [
              -82.87770080599995,
              36.89521408100006
            ],
            [
              -82.87059783899997,
              36.89801025400004
            ],
            [
              -82.86839294399994,
              36.900611877000074
            ],
            [
              -82.87729644799998,
              36.90821075400004
            ],
            [
              -82.85839843799994,
              36.92811203000008
            ],
            [
              -82.86190032999997,
              36.94061279300007
            ],
            [
              -82.86019897499995,
              36.948211670000035
            ],
            [
              -82.85619354199997,
              36.953411102000075
            ],
            [
              -82.86509704599996,
              36.95811080900006
            ],
            [
              -82.87039947499994,
              36.966812134000065
            ],
            [
              -82.86859893799993,
              36.97611236600005
            ],
            [
              -82.863998413,
              36.97961044300007
            ],
            [
              -82.85739898699995,
              36.978912354000045
            ],
            [
              -82.85299682599998,
              36.98501205400004
            ],
            [
              -82.84639739999994,
              36.98401260400004
            ],
            [
              -82.83689880399999,
              36.98791122400007
            ],
            [
              -82.82979583699995,
              36.99601364100005
            ],
            [
              -82.82909393299997,
              37.00471115100004
            ],
            [
              -82.82499694799998,
              37.006111145000034
            ],
            [
              -82.82270049999994,
              37.004310608000026
            ],
            [
              -82.81679534899996,
              37.00671386700003
            ],
            [
              -82.81359863299997,
              37.00551223800005
            ],
            [
              -82.79739379899996,
              37.00911331200007
            ],
            [
              -82.79329681399997,
              37.00591278100006
            ],
            [
              -82.781799316,
              37.008911133000026
            ],
            [
              -82.77739715599995,
              37.015010834000066
            ],
            [
              -82.77089691199996,
              37.01691055300006
            ],
            [
              -82.76549529999994,
              37.02361297600004
            ],
            [
              -82.75839996299999,
              37.02731323200004
            ],
            [
              -82.75289916999998,
              37.026012421000075
            ],
            [
              -82.75019836399997,
              37.02371215800008
            ],
            [
              -82.74789428699995,
              37.025413513000046
            ],
            [
              -82.74349975599995,
              37.04131317100007
            ],
            [
              -82.74189758299997,
              37.04281234700005
            ],
            [
              -82.73339843799994,
              37.04401397700008
            ],
            [
              -82.72479247999996,
              37.04281234700005
            ],
            [
              -82.72299957299998,
              37.04511261000005
            ],
            [
              -82.72249603299997,
              37.05801391600005
            ],
            [
              -82.72609710699999,
              37.06671142600004
            ],
            [
              -82.72639465299994,
              37.07261276200006
            ],
            [
              -82.72299957299998,
              37.07521057100007
            ],
            [
              -82.71869659399994,
              37.07591247600004
            ],
            [
              -82.71709442099996,
              37.078411102000075
            ],
            [
              -82.72149658199999,
              37.08371353100006
            ],
            [
              -82.72459411599993,
              37.092010498000036
            ],
            [
              -82.72169494599996,
              37.09941101100003
            ],
            [
              -82.72249603299997,
              37.106311798000036
            ],
            [
              -82.72619628899997,
              37.11201095600006
            ],
            [
              -82.72629547099996,
              37.11521148700007
            ],
            [
              -82.72169494599996,
              37.12041091900005
            ],
            [
              -82.68129730199996,
              37.13711166400003
            ],
            [
              -82.67630004899996,
              37.135513306000064
            ],
            [
              -82.66769409199998,
              37.14171218900003
            ],
            [
              -82.65799713099995,
              37.14481353800005
            ],
            [
              -82.65369415299995,
              37.151012421000075
            ],
            [
              -82.65039825399998,
              37.15161132800006
            ],
            [
              -82.64809417699996,
              37.15031051600005
            ],
            [
              -82.63369751,
              37.15441131600005
            ],
            [
              -82.62159728999995,
              37.16561126700003
            ],
            [
              -82.59589386,
              37.17811203000008
            ],
            [
              -82.590393066,
              37.18381118800005
            ],
            [
              -82.57849883999995,
              37.18881225600006
            ],
            [
              -82.55389404299996,
              37.202613831000065
            ],
            [
              -82.54759979199997,
              37.135711670000035
            ],
            [
              -82.54519653299997,
              37.12501144400005
            ],
            [
              -82.49509429899996,
              37.06071090700004
            ],
            [
              -82.49309539799998,
              37.05751037600004
            ],
            [
              -82.49339294399994,
              37.04661178600003
            ],
            [
              -82.49169921899994,
              37.04371261600005
            ],
            [
              -82.48529815699999,
              37.04081344600007
            ],
            [
              -82.47759246799995,
              37.033813477000024
            ],
            [
              -82.47839355499997,
              37.02551269500003
            ],
            [
              -82.47689819299995,
              37.02281189000007
            ],
            [
              -82.46829986599994,
              37.02201080300006
            ],
            [
              -82.46329498299997,
              37.01981353800005
            ],
            [
              -82.40379333499999,
              36.985912323000036
            ],
            [
              -82.40139770499997,
              36.986110687000064
            ],
            [
              -82.38799285899995,
              36.980010986000025
            ],
            [
              -82.38319396999998,
              36.98051071200007
            ],
            [
              -82.37979888899997,
              36.97911071800007
            ],
            [
              -82.37879943799999,
              36.97511291500007
            ],
            [
              -82.37079620399999,
              36.97421264600007
            ],
            [
              -82.36549377399996,
              36.96841049200003
            ],
            [
              -82.36259460399998,
              36.957111359000066
            ],
            [
              -82.35489654499997,
              36.956710815000065
            ],
            [
              -82.34769439699994,
              36.95871353100006
            ],
            [
              -82.32759857199994,
              36.971210480000025
            ],
            [
              -82.29889679999997,
              36.90611266700006
            ],
            [
              -82.3125,
              36.90191268900003
            ],
            [
              -82.31629943799999,
              36.90281295800003
            ],
            [
              -82.31749725299994,
              36.90741348300003
            ],
            [
              -82.32049560499996,
              36.904510498000036
            ],
            [
              -82.31649780299995,
              36.89741134600007
            ],
            [
              -82.31969451899994,
              36.88761138900003
            ],
            [
              -82.32539367699997,
              36.89781189000007
            ],
            [
              -82.32839965799997,
              36.89901351900005
            ],
            [
              -82.32919311499995,
              36.89141082800006
            ],
            [
              -82.33469390899995,
              36.88991165200008
            ],
            [
              -82.336296082,
              36.88741302500006
            ],
            [
              -82.34269714399994,
              36.89621353100006
            ],
            [
              -82.35139465299994,
              36.89261245700004
            ],
            [
              -82.35719299299996,
              36.89521408100006
            ],
            [
              -82.35929870599995,
              36.89321136500007
            ],
            [
              -82.35819244399994,
              36.88931274400005
            ],
            [
              -82.36539459199997,
              36.89311218300003
            ],
            [
              -82.37139892599998,
              36.89261245700004
            ],
            [
              -82.38969421399997,
              36.88511276200006
            ],
            [
              -82.39189910899995,
              36.88201141400003
            ],
            [
              -82.40229797399996,
              36.87801361100003
            ],
            [
              -82.40480041499995,
              36.87861251800007
            ],
            [
              -82.40229797399996,
              36.88251113900003
            ],
            [
              -82.40329742399996,
              36.88511276200006
            ],
            [
              -82.61660003699996,
              36.88091278100006
            ],
            [
              -82.63449859599996,
              36.878513336000026
            ],
            [
              -82.64989471399997,
              36.86201095600006
            ],
            [
              -82.65229797399996,
              36.85711288500005
            ],
            [
              -82.65209960899995,
              36.853912354000045
            ],
            [
              -82.65689849899996,
              36.84581375100004
            ],
            [
              -82.66189575199996,
              36.84161377000004
            ],
            [
              -82.67289733899997,
              36.83781051600005
            ],
            [
              -82.68169403599995,
              36.83141326100008
            ],
            [
              -82.69179534899996,
              36.82021331800007
            ],
            [
              -82.69809722899998,
              36.81731033300008
            ],
            [
              -82.70199584999995,
              36.81741333000008
            ],
            [
              -82.70719909699994,
              36.82311248800005
            ],
            [
              -82.71569824199997,
              36.822910309000065
            ],
            [
              -82.72100067099996,
              36.82481384300007
            ],
            [
              -82.72279357899998,
              36.82601165800003
            ],
            [
              -82.72279357899998,
              36.830013275000056
            ],
            [
              -82.72489929199998,
              36.83231353800005
            ],
            [
              -82.72829437299998,
              36.82971191400003
            ],
            [
              -82.734397888,
              36.82981109600007
            ],
            [
              -82.73759460399998,
              36.82771301300005
            ],
            [
              -82.74189758299997,
              36.83031082200006
            ],
            [
              -82.74519348099994,
              36.82971191400003
            ],
            [
              -82.74809265099998,
              36.832111359000066
            ],
            [
              -82.75589752199994,
              36.82561111500007
            ],
            [
              -82.76669311499995,
              36.81131362900004
            ],
            [
              -82.77309417699996,
              36.806510925000055
            ],
            [
              -82.76979827899999,
              36.79971313500005
            ],
            [
              -82.77309417699996,
              36.80001068100006
            ],
            [
              -82.77389526399998,
              36.80301284800004
            ]
          ],
          [
            [
              -82.64369659999994,
              36.90051216000006
            ],
            [
              -82.63389659999996,
              36.906512160000034
            ],
            [
              -82.61799659999997,
              36.906612160000066
            ],
            [
              -82.61509659999996,
              36.905212160000076
            ],
            [
              -82.61329659999996,
              36.91271216000007
            ],
            [
              -82.61929659999998,
              36.91541216000007
            ],
            [
              -82.62189659999996,
              36.927712160000056
            ],
            [
              -82.61729659999997,
              36.93271216000005
            ],
            [
              -82.61459659999997,
              36.93351216000008
            ],
            [
              -82.59779659999998,
              36.93591216000004
            ],
            [
              -82.59059659999997,
              36.93531216000008
            ],
            [
              -82.59189659999998,
              36.940512160000026
            ],
            [
              -82.59059659999997,
              36.94291216000005
            ],
            [
              -82.59489659999997,
              36.943712160000075
            ],
            [
              -82.59109659999996,
              36.94701216000004
            ],
            [
              -82.58919659999998,
              36.95131216000004
            ],
            [
              -82.59329659999997,
              36.95611216000003
            ],
            [
              -82.60119659999998,
              36.956512160000045
            ],
            [
              -82.60299659999998,
              36.95891216000007
            ],
            [
              -82.60539659999995,
              36.957912160000035
            ],
            [
              -82.60809659999995,
              36.95071216000008
            ],
            [
              -82.6108966,
              36.94891216000008
            ],
            [
              -82.61349659999996,
              36.95111216000004
            ],
            [
              -82.61099659999996,
              36.953712160000066
            ],
            [
              -82.61169659999996,
              36.955612160000044
            ],
            [
              -82.61509659999996,
              36.95641216000007
            ],
            [
              -82.62839659999997,
              36.95131216000004
            ],
            [
              -82.63459659999995,
              36.95151216000005
            ],
            [
              -82.63679659999997,
              36.947412160000056
            ],
            [
              -82.64369659999994,
              36.94101216000007
            ],
            [
              -82.64729659999995,
              36.93331216000007
            ],
            [
              -82.65509659999998,
              36.92871216000003
            ],
            [
              -82.65529659999999,
              36.92501216000005
            ],
            [
              -82.65759659999998,
              36.92291216000007
            ],
            [
              -82.66289659999995,
              36.92121216000004
            ],
            [
              -82.66129659999996,
              36.91871216000004
            ],
            [
              -82.65109659999996,
              36.91691216000004
            ],
            [
              -82.65039659999997,
              36.91271216000007
            ],
            [
              -82.64679659999996,
              36.914212160000034
            ],
            [
              -82.64829659999998,
              36.908612160000075
            ],
            [
              -82.64369659999994,
              36.90051216000006
            ]
          ]
        ]
      }
    },
    {
      "type": "Feature",
      "properties": {
        "STATE": "VA",
        "CWA": "MRX",
        "COUNTYNAME": "Lee",
        "FIPS": "51105",
        "TIME_ZONE": "E"
      },
      "geometry": {
        "type": "Polygon",
        "coordinates": [
          [
            [
              -82.85260009799998,
              36.86651229900008
            ],
            [
              -82.85079956099997,
              36.86321258500004
            ],
            [
              -82.84469604499998,
              36.858512878000056
            ],
            [
              -82.84839630099998,
              36.855411530000026
            ],
            [
              -82.84809875499997,
              36.84851074200003
            ],
            [
              -82.84569549599996,
              36.847110748000034
            ],
            [
              -82.83549499499998,
              36.84811401400003
            ],
            [
              -82.77389526399998,
              36.80301284800004
            ],
            [
              -82.77309417699996,
              36.80001068100006
            ],
            [
              -82.77739715599995,
              36.793510437000066
            ],
            [
              -82.78589630099998,
              36.78711319000007
            ],
            [
              -82.79109954799998,
              36.77991104100005
            ],
            [
              -82.79039764399994,
              36.77731323200004
            ],
            [
              -82.80019378699996,
              36.77771377600004
            ],
            [
              -82.80749511699997,
              36.772911072000056
            ],
            [
              -82.82729339599996,
              36.75011062600004
            ],
            [
              -82.82859802199994,
              36.74721145600006
            ],
            [
              -82.82409667999997,
              36.74291228000004
            ],
            [
              -82.82349395799997,
              36.73421096800007
            ],
            [
              -82.82859802199994,
              36.72911071800007
            ],
            [
              -82.85219573999996,
              36.71761322000003
            ],
            [
              -82.89139556899994,
              36.70511245700004
            ],
            [
              -82.94699859599996,
              36.67611312900004
            ],
            [
              -82.98519897499995,
              36.593811035000044
            ],
            [
              -83.26119995099998,
              36.59391021700003
            ],
            [
              -83.27629852299998,
              36.598213196000074
            ],
            [
              -83.54439544699994,
              36.597312927000075
            ],
            [
              -83.62229919399994,
              36.59801101700003
            ],
            [
              -83.67489623999995,
              36.60091018700007
            ],
            [
              -83.67379760699998,
              36.60371398900003
            ],
            [
              -83.66479492199994,
              36.60641098000008
            ],
            [
              -83.65429687499994,
              36.613311768000074
            ],
            [
              -83.64979553199998,
              36.61711120600006
            ],
            [
              -83.64799499499998,
              36.62201309200003
            ],
            [
              -83.64569854699994,
              36.623611450000055
            ],
            [
              -83.64019775399998,
              36.62471389800004
            ],
            [
              -83.63439941399997,
              36.62301254300007
            ],
            [
              -83.63089752199994,
              36.62381362900004
            ],
            [
              -83.62089538599997,
              36.62761306800007
            ],
            [
              -83.61449432399996,
              36.63401031500007
            ],
            [
              -83.60609435999999,
              36.63771057100007
            ],
            [
              -83.59989929199998,
              36.63741302500006
            ],
            [
              -83.58529663099995,
              36.642513275000056
            ],
            [
              -83.57769775399998,
              36.641811371000074
            ],
            [
              -83.56299591299995,
              36.65101241900004
            ],
            [
              -83.54179382299998,
              36.65661239600007
            ],
            [
              -83.53479766799995,
              36.660911560000045
            ],
            [
              -83.53129577599998,
              36.66541290300006
            ],
            [
              -83.49729919399994,
              36.67041015600006
            ],
            [
              -83.48320007299998,
              36.66651153600003
            ],
            [
              -83.46709442099996,
              36.66481399500003
            ],
            [
              -83.42350006099997,
              36.667613983000024
            ],
            [
              -83.39599609399994,
              36.676712036000026
            ],
            [
              -83.38619995099998,
              36.686412811000025
            ],
            [
              -83.37139892599998,
              36.690711975000056
            ],
            [
              -83.363998413,
              36.69451141400003
            ],
            [
              -83.35859680199997,
              36.693813324000075
            ],
            [
              -83.35029602099996,
              36.69781112700008
            ],
            [
              -83.34839630099998,
              36.70021057100007
            ],
            [
              -83.30829620399999,
              36.71111297600004
            ],
            [
              -83.28730011,
              36.71391296400003
            ],
            [
              -83.19509887699996,
              36.73931121800007
            ],
            [
              -83.16419982899998,
              36.73961257900004
            ],
            [
              -83.15719604499998,
              36.742012024000076
            ],
            [
              -83.13539886499996,
              36.743110657000045
            ],
            [
              -83.13379669199998,
              36.74591064500004
            ],
            [
              -83.13449859599996,
              36.74851226800007
            ],
            [
              -83.129096985,
              36.75091171300005
            ],
            [
              -83.12879943799999,
              36.75781250000006
            ],
            [
              -83.12619781499995,
              36.76151275600006
            ],
            [
              -83.13199615499997,
              36.76481246900005
            ],
            [
              -83.12939453099995,
              36.770111084000064
            ],
            [
              -83.13099670399998,
              36.77271270800003
            ],
            [
              -83.12889862099996,
              36.775810242000034
            ],
            [
              -83.13249969499998,
              36.78451156600005
            ],
            [
              -83.12279510499997,
              36.78711319000007
            ],
            [
              -83.11209869399994,
              36.79881286600005
            ],
            [
              -83.10519409199998,
              36.80311203000008
            ],
            [
              -83.10329437299998,
              36.805610657000045
            ],
            [
              -83.10289764399994,
              36.811111450000055
            ],
            [
              -83.09969329799998,
              36.812713623000036
            ],
            [
              -83.09879302999997,
              36.815711975000056
            ],
            [
              -83.09880065899995,
              36.82371139500003
            ],
            [
              -83.10189819299995,
              36.82801055900006
            ],
            [
              -83.10089874299996,
              36.83021163900003
            ],
            [
              -83.08689880399999,
              36.838111877000074
            ],
            [
              -83.07539367699997,
              36.84131240800008
            ],
            [
              -83.07399749799998,
              36.84441375700004
            ],
            [
              -83.07439422599998,
              36.85221099900008
            ],
            [
              -83.07139587399996,
              36.85401153600003
            ],
            [
              -83.06519317599998,
              36.85201263400006
            ],
            [
              -83.06060028099995,
              36.85361099200003
            ],
            [
              -83.04919433599997,
              36.85181045500008
            ],
            [
              -83.03969573999996,
              36.854812622000054
            ],
            [
              -83.02859497199995,
              36.85541152600007
            ],
            [
              -83.02269744899996,
              36.850612640000065
            ],
            [
              -83.00839996299999,
              36.847511292000036
            ],
            [
              -82.99719238299997,
              36.85681152300003
            ],
            [
              -82.97799682599998,
              36.85951232900004
            ],
            [
              -82.96869659399994,
              36.858512878000056
            ],
            [
              -82.95179748499999,
              36.86591339100005
            ],
            [
              -82.93719482399996,
              36.86801147500006
            ],
            [
              -82.92379760699998,
              36.87311172500006
            ],
            [
              -82.90839386,
              36.874813080000024
            ],
            [
              -82.90629577599998,
              36.87971115100004
            ],
            [
              -82.89049529999994,
              36.88421249400005
            ],
            [
              -82.88539886499996,
              36.88801193200004
            ],
            [
              -82.87879943799999,
              36.88971328700006
            ],
            [
              -82.87789916999998,
              36.89271163900003
            ],
            [
              -82.87289428699995,
              36.89051055900006
            ],
            [
              -82.86279296899994,
              36.877811432000044
            ],
            [
              -82.85159301799996,
              36.869712830000026
            ],
            [
              -82.85260009799998,
              36.86651229900008
            ]
          ]
        ]
      }
    },
    {
      "type": "Feature",
      "properties": {
        "STATE": "NC",
        "CWA": "MRX",
        "COUNTYNAME": "Cherokee",
        "FIPS": "37039",
        "TIME_ZONE": "E"
      },
      "geometry": {
        "type": "Polygon",
        "coordinates": [
          [
            [
              -84.00159454299995,
              35.25091171300005
            ],
            [
              -84.00509643599997,
              35.24111175500008
            ],
            [
              -84.00219726599994,
              35.23401260400004
            ],
            [
              -83.98489379899996,
              35.230010986000025
            ],
            [
              -83.97229766799995,
              35.21961212200006
            ],
            [
              -83.95889282199994,
              35.217113495000035
            ],
            [
              -83.95699310299995,
              35.21981048600003
            ],
            [
              -83.94419860799997,
              35.21991348300003
            ],
            [
              -83.94249725299994,
              35.222110748000034
            ],
            [
              -83.93619537399996,
              35.22281265300006
            ],
            [
              -83.92459869399994,
              35.22841262800006
            ],
            [
              -83.91970062299998,
              35.22881317100007
            ],
            [
              -83.90390014599996,
              35.23511123700007
            ],
            [
              -83.90139770499997,
              35.23761367800006
            ],
            [
              -83.89409637499995,
              35.23391342200006
            ],
            [
              -83.88769531299994,
              35.235313416000054
            ],
            [
              -83.88150024399994,
              35.23791122400007
            ],
            [
              -83.87389373799994,
              35.24391174300007
            ],
            [
              -83.86979675299995,
              35.24371337900004
            ],
            [
              -83.85929870599995,
              35.24851226800007
            ],
            [
              -83.85249328599997,
              35.248912811000025
            ],
            [
              -83.84459686299994,
              35.255210876000035
            ],
            [
              -83.83089446999998,
              35.25561142000004
            ],
            [
              -83.82519531299994,
              35.251010895000036
            ],
            [
              -83.82099914599996,
              35.251113892000035
            ],
            [
              -83.81309509299996,
              35.254310608000026
            ],
            [
              -83.81079864499998,
              35.252811432000044
            ],
            [
              -83.80509948699995,
              35.253211975000056
            ],
            [
              -83.79529571499995,
              35.257213593000074
            ],
            [
              -83.78249359099993,
              35.25231170700005
            ],
            [
              -83.773796082,
              35.246410370000035
            ],
            [
              -83.76309966999997,
              35.24821090700004
            ],
            [
              -83.75639343299997,
              35.24281311000004
            ],
            [
              -83.73239898699995,
              35.24601364100005
            ],
            [
              -83.71239471399997,
              35.25761413600003
            ],
            [
              -83.70809936499995,
              35.256511688000046
            ],
            [
              -83.70399475099998,
              35.25221252400007
            ],
            [
              -83.70339965799997,
              35.24931335400004
            ],
            [
              -83.69299316399997,
              35.24301147500006
            ],
            [
              -83.69019317599998,
              35.237411499000075
            ],
            [
              -83.69669341999997,
              35.225612640000065
            ],
            [
              -83.70919799799998,
              35.21911239600007
            ],
            [
              -83.71389770499997,
              35.213111877000074
            ],
            [
              -83.72279357899998,
              35.20871353100006
            ],
            [
              -83.72819518999995,
              35.20121383700007
            ],
            [
              -83.72419738799994,
              35.19781112700008
            ],
            [
              -83.72049713099995,
              35.197311401000036
            ],
            [
              -83.71679687499994,
              35.199211121000076
            ],
            [
              -83.71379852299998,
              35.19761276200006
            ],
            [
              -83.71169280999999,
              35.19501113900003
            ],
            [
              -83.71219634999994,
              35.19151306200007
            ],
            [
              -83.71319580099998,
              35.18891143800005
            ],
            [
              -83.72459411599993,
              35.183712006000064
            ],
            [
              -83.73099517799994,
              35.17801284800004
            ],
            [
              -83.73249816899994,
              35.168510437000066
            ],
            [
              -83.73849487299998,
              35.15601348900003
            ],
            [
              -83.74589538599997,
              35.16051101700003
            ],
            [
              -83.75259399399994,
              35.16051101700003
            ],
            [
              -83.75899505599995,
              35.15681076000004
            ],
            [
              -83.77099609399994,
              35.156311035000044
            ],
            [
              -83.77859497099996,
              35.15011215200008
            ],
            [
              -83.78499603299997,
              35.147911072000056
            ],
            [
              -83.79429626499996,
              35.147911072000056
            ],
            [
              -83.79919433599997,
              35.144611359000066
            ],
            [
              -83.806999207,
              35.143413544000055
            ],
            [
              -83.80879974399994,
              35.14151382400007
            ],
            [
              -83.81800079299995,
              35.139213562000066
            ],
            [
              -83.84079742399996,
              35.14371109000007
            ],
            [
              -83.85579681399997,
              35.13771057100007
            ],
            [
              -83.86389923099995,
              35.13011169400005
            ],
            [
              -83.86509704599996,
              35.12721252400007
            ],
            [
              -83.86369323699995,
              35.121410370000035
            ],
            [
              -83.86599731399997,
              35.11871337900004
            ],
            [
              -83.87469482399996,
              35.11351394700006
            ],
            [
              -83.87609863299997,
              35.11061096200007
            ],
            [
              -83.88279724099993,
              35.106010437000066
            ],
            [
              -83.89599609399994,
              35.091812134000065
            ],
            [
              -83.90399932899999,
              35.08771133400006
            ],
            [
              -83.90799713099995,
              35.07811355600006
            ],
            [
              -83.92179870599995,
              35.074211121000076
            ],
            [
              -83.92609405499996,
              35.06891250600006
            ],
            [
              -83.93399810799997,
              35.06841278100006
            ],
            [
              -83.93470001199995,
              35.06561279300007
            ],
            [
              -83.94469451899994,
              35.05531311000004
            ],
            [
              -83.95149993899997,
              35.05361175500008
            ],
            [
              -83.95619964599996,
              35.05421066300005
            ],
            [
              -83.95899963399995,
              35.051910400000054
            ],
            [
              -83.96519470199996,
              35.04411315900006
            ],
            [
              -83.95889282199994,
              35.039211273000035
            ],
            [
              -83.95939636199995,
              35.03011322000003
            ],
            [
              -83.95679473899997,
              35.02671051000004
            ],
            [
              -83.96249389599996,
              35.02031326300005
            ],
            [
              -83.97229766799995,
              35.01431274400005
            ],
            [
              -83.97229766799995,
              35.011711121000076
            ],
            [
              -83.97919464099994,
              35.006210327000076
            ],
            [
              -84.00399780299995,
              34.994312286000024
            ],
            [
              -84.00559997599998,
              34.98841095000006
            ],
            [
              -84.13069915799997,
              34.98701095600006
            ],
            [
              -84.32109832799995,
              34.98841095000006
            ],
            [
              -84.30690002399996,
              35.10651397700008
            ],
            [
              -84.28969573999996,
              35.225013733000026
            ],
            [
              -84.28739929199998,
              35.22481155400004
            ],
            [
              -84.27539825399998,
              35.23451232900004
            ],
            [
              -84.26169586199995,
              35.24131393400006
            ],
            [
              -84.25189971899994,
              35.25001144400005
            ],
            [
              -84.24299621599994,
              35.25311279300007
            ],
            [
              -84.22649383499999,
              35.268310547000056
            ],
            [
              -84.21869659699996,
              35.26811217200003
            ],
            [
              -84.21080017099996,
              35.265113831000065
            ],
            [
              -84.20329284699994,
              35.25601196300005
            ],
            [
              -84.19989776599994,
              35.24491119400005
            ],
            [
              -84.19259643599997,
              35.244010925000055
            ],
            [
              -84.18949890099998,
              35.24091339100005
            ],
            [
              -84.17919921899994,
              35.24061203000008
            ],
            [
              -84.16979980499997,
              35.24601364100005
            ],
            [
              -84.16119384799998,
              35.24371337900004
            ],
            [
              -84.15519714399994,
              35.246410370000035
            ],
            [
              -84.14709472699997,
              35.24681091300005
            ],
            [
              -84.13929748499999,
              35.24601364100005
            ],
            [
              -84.13199615499997,
              35.24211120600006
            ],
            [
              -84.12669372599998,
              35.24151229900008
            ],
            [
              -84.12559509299996,
              35.24901199300007
            ],
            [
              -84.11989593499999,
              35.251712799000074
            ],
            [
              -84.11449432399996,
              35.249511719000054
            ],
            [
              -84.10509490999993,
              35.250411987000064
            ],
            [
              -84.09919738799994,
              35.24781036400003
            ],
            [
              -84.09469604499998,
              35.248611450000055
            ],
            [
              -84.08279418899997,
              35.257213593000074
            ],
            [
              -84.08129882799994,
              35.26081085200008
            ],
            [
              -84.05729675299995,
              35.26781082200006
            ],
            [
              -84.04979705799997,
              35.273811340000066
            ],
            [
              -84.04649352999996,
              35.27461242700008
            ],
            [
              -84.04019927999997,
              35.280212402000075
            ],
            [
              -84.03509521499996,
              35.28891372700008
            ],
            [
              -84.02890014599996,
              35.29201126100003
            ],
            [
              -84.02249908399995,
              35.28671264600007
            ],
            [
              -84.01429748499999,
              35.275012970000034
            ],
            [
              -84.00979614299996,
              35.272510529000044
            ],
            [
              -84.01039886499996,
              35.25641250600006
            ],
            [
              -84.00159454299995,
              35.25091171300005
            ]
          ]
        ]
      }
    },
    {
      "type": "Feature",
      "properties": {
        "STATE": "NC",
        "CWA": "MRX",
        "COUNTYNAME": "Clay",
        "FIPS": "37043",
        "TIME_ZONE": "E"
      },
      "geometry": {
        "type": "Polygon",
        "coordinates": [
          [
            [
              -83.74589538599997,
              35.16051101700003
            ],
            [
              -83.72629547099996,
              35.14591217000003
            ],
            [
              -83.71640014599996,
              35.154510498000036
            ],
            [
              -83.71360015899995,
              35.15501403800005
            ],
            [
              -83.70189666699997,
              35.15311050400004
            ],
            [
              -83.69289398199999,
              35.155513763000044
            ],
            [
              -83.6875,
              35.154510498000036
            ],
            [
              -83.68439483599997,
              35.15711212200006
            ],
            [
              -83.67359924299996,
              35.15661239600007
            ],
            [
              -83.66709899899996,
              35.150413513000046
            ],
            [
              -83.65979766799995,
              35.154312134000065
            ],
            [
              -83.65950012199994,
              35.15861129800004
            ],
            [
              -83.65589904799998,
              35.15811157200005
            ],
            [
              -83.64749908399995,
              35.151210785000046
            ],
            [
              -83.64869689899996,
              35.14771270800003
            ],
            [
              -83.64569854699994,
              35.144912720000036
            ],
            [
              -83.64899444599996,
              35.14111328100006
            ],
            [
              -83.65649414099994,
              35.13941192600004
            ],
            [
              -83.65459442099996,
              35.13601303100006
            ],
            [
              -83.65010070799997,
              35.13541412400008
            ],
            [
              -83.64279937699996,
              35.13811111500007
            ],
            [
              -83.63939666699997,
              35.13731384300007
            ],
            [
              -83.63769531299994,
              35.13511276200006
            ],
            [
              -83.63819885299995,
              35.13281250000006
            ],
            [
              -83.64319610599995,
              35.132110596000075
            ],
            [
              -83.64029693599997,
              35.130210876000035
            ],
            [
              -83.63659667999997,
              35.12241363500004
            ],
            [
              -83.63449859599996,
              35.12131118800005
            ],
            [
              -83.63289642299998,
              35.12461090100004
            ],
            [
              -83.62479400599995,
              35.12591171300005
            ],
            [
              -83.62629699699994,
              35.130313873000034
            ],
            [
              -83.61909484899996,
              35.128211975000056
            ],
            [
              -83.61959838899998,
              35.12301254300007
            ],
            [
              -83.61519622799995,
              35.11341095000006
            ],
            [
              -83.61819457999997,
              35.10861206100003
            ],
            [
              -83.61799621599994,
              35.106010437000066
            ],
            [
              -83.61119842499994,
              35.10221099900008
            ],
            [
              -83.60319518999995,
              35.10071182300004
            ],
            [
              -83.59529876699997,
              35.09441375700004
            ],
            [
              -83.58709716799996,
              35.09141159100005
            ],
            [
              -83.58439636199995,
              35.08741378800005
            ],
            [
              -83.58469390899995,
              35.08271408100006
            ],
            [
              -83.58249664299996,
              35.079311371000074
            ],
            [
              -83.57599639899996,
              35.07271194500004
            ],
            [
              -83.56729888899997,
              35.07071304300007
            ],
            [
              -83.56789398199999,
              35.067710876000035
            ],
            [
              -83.56259918199999,
              35.05971145600006
            ],
            [
              -83.56639862099996,
              35.051712036000026
            ],
            [
              -83.55819702099996,
              35.039413452000076
            ],
            [
              -83.54729461699998,
              35.03931045500008
            ],
            [
              -83.53839874299996,
              35.035713196000074
            ],
            [
              -83.52980041499995,
              35.02531051600005
            ],
            [
              -83.52139282199994,
              35.01811218300003
            ],
            [
              -83.52179717999996,
              35.01471328700006
            ],
            [
              -83.52619934099994,
              35.00931167600004
            ],
            [
              -83.52209472699997,
              35.003211975000056
            ],
            [
              -83.52069854699994,
              34.996913910000046
            ],
            [
              -83.51739501999998,
              34.99821090700004
            ],
            [
              -83.51670074499998,
              35.00121307400008
            ],
            [
              -83.51309966999997,
              35.00451278700007
            ],
            [
              -83.50930023199999,
              35.004413605000025
            ],
            [
              -83.50399780299995,
              35.00091171300005
            ],
            [
              -83.48819732699997,
              34.99881362900004
            ],
            [
              -83.48419952399996,
              34.994113922000054
            ],
            [
              -83.62019348099994,
              34.99211120600006
            ],
            [
              -83.61999511699997,
              34.98661041300005
            ],
            [
              -83.99949645999999,
              34.98731231700003
            ],
            [
              -84.00559997599998,
              34.98841095000006
            ],
            [
              -84.00399780299995,
              34.994312286000024
            ],
            [
              -83.97919464099994,
              35.006210327000076
            ],
            [
              -83.97229766799995,
              35.011711121000076
            ],
            [
              -83.97229766799995,
              35.01431274400005
            ],
            [
              -83.96249389599996,
              35.02031326300005
            ],
            [
              -83.95679473899997,
              35.02671051000004
            ],
            [
              -83.95939636199995,
              35.03011322000003
            ],
            [
              -83.95889282199994,
              35.039211273000035
            ],
            [
              -83.96519470199996,
              35.04411315900006
            ],
            [
              -83.95899963399995,
              35.051910400000054
            ],
            [
              -83.95619964599996,
              35.05421066300005
            ],
            [
              -83.95149993899997,
              35.05361175500008
            ],
            [
              -83.94469451899994,
              35.05531311000004
            ],
            [
              -83.93470001199995,
              35.06561279300007
            ],
            [
              -83.93399810799997,
              35.06841278100006
            ],
            [
              -83.92609405499996,
              35.06891250600006
            ],
            [
              -83.92179870599995,
              35.074211121000076
            ],
            [
              -83.90799713099995,
              35.07811355600006
            ],
            [
              -83.90399932899999,
              35.08771133400006
            ],
            [
              -83.89599609399994,
              35.091812134000065
            ],
            [
              -83.88279724099993,
              35.106010437000066
            ],
            [
              -83.87609863299997,
              35.11061096200007
            ],
            [
              -83.87469482399996,
              35.11351394700006
            ],
            [
              -83.86599731399997,
              35.11871337900004
            ],
            [
              -83.86369323699995,
              35.121410370000035
            ],
            [
              -83.86509704599996,
              35.12721252400007
            ],
            [
              -83.86389923099995,
              35.13011169400005
            ],
            [
              -83.85579681399997,
              35.13771057100007
            ],
            [
              -83.84079742399996,
              35.14371109000007
            ],
            [
              -83.81800079299995,
              35.139213562000066
            ],
            [
              -83.80879974399994,
              35.14151382400007
            ],
            [
              -83.806999207,
              35.143413544000055
            ],
            [
              -83.79919433599997,
              35.144611359000066
            ],
            [
              -83.79429626499996,
              35.147911072000056
            ],
            [
              -83.78499603299997,
              35.147911072000056
            ],
            [
              -83.77859497099996,
              35.15011215200008
            ],
            [
              -83.77099609399994,
              35.156311035000044
            ],
            [
              -83.75899505599995,
              35.15681076000004
            ],
            [
              -83.75259399399994,
              35.16051101700003
            ],
            [
              -83.74589538599997,
              35.16051101700003
            ]
          ]
        ]
      }
    },
    {
      "type": "Feature",
      "properties": {
        "STATE": "TN",
        "CWA": "MRX",
        "COUNTYNAME": "Rhea",
        "FIPS": "47143",
        "TIME_ZONE": "E"
      },
      "geometry": {
        "type": "Polygon",
        "coordinates": [
          [
            [
              -84.78769683799999,
              35.81341171300005
            ],
            [
              -84.78079986599994,
              35.81321334800003
            ],
            [
              -84.77069854699994,
              35.80731201200007
            ],
            [
              -84.76559448199998,
              35.79971313500005
            ],
            [
              -84.75859832799995,
              35.79571151700003
            ],
            [
              -84.75,
              35.79481124900008
            ],
            [
              -84.74199676499995,
              35.790210724000076
            ],
            [
              -84.73880004899996,
              35.78411102300004
            ],
            [
              -84.73969268799993,
              35.776210785000046
            ],
            [
              -84.75099945099998,
              35.77361297600004
            ],
            [
              -84.75349426299994,
              35.770111084000064
            ],
            [
              -84.75229644799998,
              35.76721191400003
            ],
            [
              -84.75709533699995,
              35.761611938000044
            ],
            [
              -84.75699615499997,
              35.75761032100007
            ],
            [
              -84.75299835199996,
              35.75361251800007
            ],
            [
              -84.74779510499997,
              35.75151062000003
            ],
            [
              -84.73979949999995,
              35.751113892000035
            ],
            [
              -84.73269653299997,
              35.748611450000055
            ],
            [
              -84.72909545899995,
              35.75161361700003
            ],
            [
              -84.72299957299998,
              35.752014160000044
            ],
            [
              -84.71289825399998,
              35.73501205400004
            ],
            [
              -84.71149444599996,
              35.730113983000024
            ],
            [
              -84.71329498299997,
              35.72301101700003
            ],
            [
              -84.72169494599996,
              35.71171188400007
            ],
            [
              -84.72309875499997,
              35.705810547000056
            ],
            [
              -84.72039794899996,
              35.69481277500006
            ],
            [
              -84.72319793699995,
              35.68971252400007
            ],
            [
              -84.73979949999995,
              35.68001174900007
            ],
            [
              -84.74720001199995,
              35.678211212000065
            ],
            [
              -84.75069427499994,
              35.67991256700003
            ],
            [
              -84.75180053699995,
              35.68321228000008
            ],
            [
              -84.74929809599996,
              35.68801116900005
            ],
            [
              -84.74949645999999,
              35.69321060200008
            ],
            [
              -84.75180053699995,
              35.697113037000065
            ],
            [
              -84.76139831499995,
              35.70161056500007
            ],
            [
              -84.76569366499996,
              35.70051193200004
            ],
            [
              -84.76969909699994,
              35.689411163000045
            ],
            [
              -84.77989959699994,
              35.68081283600003
            ],
            [
              -84.78159332299998,
              35.673011780000024
            ],
            [
              -84.77759551999998,
              35.64921188400007
            ],
            [
              -84.77839660599994,
              35.64471054100005
            ],
            [
              -84.78479766799995,
              35.636711121000076
            ],
            [
              -84.78649902299998,
              35.63061142000004
            ],
            [
              -84.78619384799998,
              35.62741088900003
            ],
            [
              -84.77689361599994,
              35.610713959000066
            ],
            [
              -84.77689361599994,
              35.60161209100005
            ],
            [
              -84.78319549599996,
              35.59431076000004
            ],
            [
              -84.80289459199997,
              35.58731079100005
            ],
            [
              -84.80749511699997,
              35.58471298200004
            ],
            [
              -84.81149291999998,
              35.57921218900003
            ],
            [
              -84.81069946299993,
              35.57271194500004
            ],
            [
              -84.80859374999994,
              35.56951141400003
            ],
            [
              -84.79559326199995,
              35.56031036400003
            ],
            [
              -84.79409789999994,
              35.554813385000045
            ],
            [
              -84.79539489699994,
              35.55181121800007
            ],
            [
              -84.80299377399996,
              35.54671096800007
            ],
            [
              -84.81439971899994,
              35.54541397100007
            ],
            [
              -84.85889434799998,
              35.554512024000076
            ],
            [
              -84.86560058599997,
              35.55441284200003
            ],
            [
              -84.87220001199995,
              35.551712036000026
            ],
            [
              -84.87949371299999,
              35.54201126100003
            ],
            [
              -84.88089752199994,
              35.53451156600005
            ],
            [
              -84.88009643599997,
              35.530212402000075
            ],
            [
              -84.87509918199999,
              35.52331161500007
            ],
            [
              -84.86469268799993,
              35.517112732000044
            ],
            [
              -84.85899352999996,
              35.51081085200008
            ],
            [
              -84.85739898699995,
              35.50361251800007
            ],
            [
              -84.85889434799998,
              35.49911117600004
            ],
            [
              -84.86889648399995,
              35.490112305000025
            ],
            [
              -84.89109802199994,
              35.48471069300007
            ],
            [
              -84.90069580099998,
              35.47931289700006
            ],
            [
              -84.90429687499994,
              35.473110199000075
            ],
            [
              -84.90369415299995,
              35.455810547000056
            ],
            [
              -84.90939331099997,
              35.44531250000006
            ],
            [
              -84.91510009799998,
              35.44081115700004
            ],
            [
              -84.92409515399999,
              35.43751144400005
            ],
            [
              -84.94339752199994,
              35.43901062000003
            ],
            [
              -84.95029449499998,
              35.44201278700007
            ],
            [
              -84.95999908399995,
              35.449111938000044
            ],
            [
              -84.97109985399999,
              35.46841049200003
            ],
            [
              -84.97969818099995,
              35.470111847000055
            ],
            [
              -84.98320007299998,
              35.468013763000044
            ],
            [
              -84.98539733899997,
              35.46231079100005
            ],
            [
              -84.98399352999996,
              35.45511245700004
            ],
            [
              -84.97949981699998,
              35.44661331200007
            ],
            [
              -84.98009490999993,
              35.439411163000045
            ],
            [
              -85.00659942599998,
              35.41541290300006
            ],
            [
              -85.01709747299998,
              35.40971374500003
            ],
            [
              -85.06710052499994,
              35.43681335400004
            ],
            [
              -85.07429504399994,
              35.429813385000045
            ],
            [
              -85.07899475099998,
              35.431911469000056
            ],
            [
              -85.08189392099996,
              35.43051147500006
            ],
            [
              -85.08719634999994,
              35.434612274000074
            ],
            [
              -85.10179901099997,
              35.42881393400006
            ],
            [
              -85.10609435999999,
              35.431812286000024
            ],
            [
              -85.10509490999993,
              35.43331146200006
            ],
            [
              -85.11069488499999,
              35.43721389800004
            ],
            [
              -85.10349273699995,
              35.44511032100007
            ],
            [
              -85.10959625199996,
              35.45031356800007
            ],
            [
              -85.10779571499995,
              35.452812195000035
            ],
            [
              -85.10919952399996,
              35.455013275000056
            ],
            [
              -85.11989593499999,
              35.458011627000076
            ],
            [
              -85.123596191,
              35.45601272600004
            ],
            [
              -85.12539672899999,
              35.459213257000044
            ],
            [
              -85.13589477499994,
              35.45651245100004
            ],
            [
              -85.11699676499995,
              35.475811005000025
            ],
            [
              -85.12469482399996,
              35.47901153600003
            ],
            [
              -85.12559509299996,
              35.48151397700008
            ],
            [
              -85.13339996299999,
              35.48391342200006
            ],
            [
              -85.13479614299996,
              35.485511780000024
            ],
            [
              -85.13289642299998,
              35.48671340900006
            ],
            [
              -85.13439941399997,
              35.491012573000035
            ],
            [
              -85.14149475099998,
              35.489013672000056
            ],
            [
              -85.14239501999998,
              35.49261093100006
            ],
            [
              -85.14509582499994,
              35.49211120600006
            ],
            [
              -85.13269805899995,
              35.51331329300007
            ],
            [
              -85.12259674099994,
              35.52611160300006
            ],
            [
              -85.11929321299993,
              35.52901077300004
            ],
            [
              -85.11299896199995,
              35.52461242700008
            ],
            [
              -85.10889434799998,
              35.52701187100007
            ],
            [
              -85.10589599599996,
              35.529510498000036
            ],
            [
              -85.10839843799994,
              35.53151321400003
            ],
            [
              -85.10889434799998,
              35.536811829000044
            ],
            [
              -85.10459899899996,
              35.533912659000066
            ],
            [
              -85.09959411599993,
              35.53431320200008
            ],
            [
              -85.10209655799997,
              35.54411315900006
            ],
            [
              -85.09659576399997,
              35.54521179200003
            ],
            [
              -85.10559844999995,
              35.54881286600005
            ],
            [
              -85.10979461699998,
              35.54151153600003
            ],
            [
              -85.10779571499995,
              35.57051086400003
            ],
            [
              -85.04759979199997,
              35.61861038200004
            ],
            [
              -84.99549865699998,
              35.67571258500004
            ],
            [
              -84.98159789999994,
              35.67481231700003
            ],
            [
              -84.98119354199997,
              35.67941284200003
            ],
            [
              -84.98999786399997,
              35.68101120000006
            ],
            [
              -84.90509796099997,
              35.77371215800008
            ],
            [
              -84.88179779099994,
              35.77911377000004
            ],
            [
              -84.79809570299994,
              35.82491302500006
            ],
            [
              -84.78450012199994,
              35.82371139500003
            ],
            [
              -84.78289794899996,
              35.81951141400003
            ],
            [
              -84.78919982899998,
              35.81491088900003
            ],
            [
              -84.78769683799999,
              35.81341171300005
            ]
          ]
        ]
      }
    },
    {
      "type": "Feature",
      "properties": {
        "STATE": "TN",
        "CWA": "MRX",
        "COUNTYNAME": "Roane",
        "FIPS": "47145",
        "TIME_ZONE": "E"
      },
      "geometry": {
        "type": "Polygon",
        "coordinates": [
          [
            [
              -84.32019805899995,
              35.992012024000076
            ],
            [
              -84.28529357899998,
              35.93041229200003
            ],
            [
              -84.26349639899996,
              35.89631271400003
            ],
            [
              -84.26599883999995,
              35.894210815000065
            ],
            [
              -84.26899719199997,
              35.89481353800005
            ],
            [
              -84.27819824199997,
              35.90241241500007
            ],
            [
              -84.28199768099995,
              35.90271377600004
            ],
            [
              -84.28499603299997,
              35.90011215200008
            ],
            [
              -84.28579711899994,
              35.894313812000064
            ],
            [
              -84.27859497099996,
              35.880413055000076
            ],
            [
              -84.27879333499999,
              35.87771225000006
            ],
            [
              -84.28450012199994,
              35.87511062600004
            ],
            [
              -84.29369354199997,
              35.883312225000054
            ],
            [
              -84.29750060999999,
              35.88491058300008
            ],
            [
              -84.30989837599998,
              35.88831329300007
            ],
            [
              -84.32359313999996,
              35.88691330000006
            ],
            [
              -84.32999420199997,
              35.89271163900003
            ],
            [
              -84.34249877899998,
              35.83321380600006
            ],
            [
              -84.36449432399996,
              35.82551193200004
            ],
            [
              -84.37969970699999,
              35.81741333000008
            ],
            [
              -84.38079833999996,
              35.79681396500007
            ],
            [
              -84.37729644799998,
              35.79041290300006
            ],
            [
              -84.38809966999997,
              35.78221130400004
            ],
            [
              -84.38169860799997,
              35.778411865000066
            ],
            [
              -84.38859558099995,
              35.768310547000056
            ],
            [
              -84.40439605699999,
              35.77651214600007
            ],
            [
              -84.41359710699999,
              35.77701187100007
            ],
            [
              -84.42139434799998,
              35.77271270800003
            ],
            [
              -84.42429351799996,
              35.76641082800006
            ],
            [
              -84.42509460399998,
              35.75511169400005
            ],
            [
              -84.43149566699998,
              35.74881362900004
            ],
            [
              -84.43499755899995,
              35.74831390400004
            ],
            [
              -84.44059753399995,
              35.750411987000064
            ],
            [
              -84.44669341999997,
              35.75551223800005
            ],
            [
              -84.44789886499996,
              35.75901031500007
            ],
            [
              -84.45159912099996,
              35.75671386700003
            ],
            [
              -84.494499207,
              35.71631240800008
            ],
            [
              -84.51149749799998,
              35.71571350100004
            ],
            [
              -84.51689910899995,
              35.71201324500004
            ],
            [
              -84.52140045199997,
              35.705013275000056
            ],
            [
              -84.52189636199995,
              35.69481277500006
            ],
            [
              -84.52610015899995,
              35.69481277500006
            ],
            [
              -84.52659606899994,
              35.69121170000005
            ],
            [
              -84.53059387199994,
              35.691013336000026
            ],
            [
              -84.531799316,
              35.684112549000076
            ],
            [
              -84.52189636199995,
              35.68251037600004
            ],
            [
              -84.52189636199995,
              35.67661285400004
            ],
            [
              -84.53079986599994,
              35.67661285400004
            ],
            [
              -84.53099822999997,
              35.67041397100007
            ],
            [
              -84.54039764399994,
              35.670612335000044
            ],
            [
              -84.54029846199995,
              35.66611099200003
            ],
            [
              -84.54879760699998,
              35.66591262800006
            ],
            [
              -84.54979705799997,
              35.66241073600003
            ],
            [
              -84.55339813199998,
              35.66241073600003
            ],
            [
              -84.55339813199998,
              35.658813477000024
            ],
            [
              -84.57539367699997,
              35.65811157200005
            ],
            [
              -84.57579803499993,
              35.65161132800006
            ],
            [
              -84.58439636199995,
              35.65081405600006
            ],
            [
              -84.58449554399994,
              35.64481353800005
            ],
            [
              -84.61999511699997,
              35.64501190200008
            ],
            [
              -84.61989593499999,
              35.65801239000007
            ],
            [
              -84.62549591099997,
              35.658813477000024
            ],
            [
              -84.62799835199996,
              35.662212372000056
            ],
            [
              -84.62799835199996,
              35.67171096800007
            ],
            [
              -84.62749481199995,
              35.69001388500004
            ],
            [
              -84.62179565399998,
              35.692813873000034
            ],
            [
              -84.61999511699997,
              35.696212769000056
            ],
            [
              -84.62319946299993,
              35.69961166400003
            ],
            [
              -84.61899566699998,
              35.70311355600006
            ],
            [
              -84.61899566699998,
              35.70721054100005
            ],
            [
              -84.62289428699995,
              35.70721054100005
            ],
            [
              -84.62389373799994,
              35.712512970000034
            ],
            [
              -84.63629913299997,
              35.720413208000025
            ],
            [
              -84.63629913299997,
              35.72371292100007
            ],
            [
              -84.64509582499994,
              35.72441101100003
            ],
            [
              -84.64529418899997,
              35.71761322000003
            ],
            [
              -84.65349578899998,
              35.71731185900006
            ],
            [
              -84.65549468999995,
              35.710010529000044
            ],
            [
              -84.66320037799994,
              35.71021270800003
            ],
            [
              -84.66349792399996,
              35.70281220600003
            ],
            [
              -84.67149352999996,
              35.70291137700008
            ],
            [
              -84.67199706999997,
              35.70971298200004
            ],
            [
              -84.676498413,
              35.71051025400004
            ],
            [
              -84.676498413,
              35.71641159100005
            ],
            [
              -84.69749450699999,
              35.717910767000035
            ],
            [
              -84.69859313999996,
              35.725013733000026
            ],
            [
              -84.69529724099993,
              35.725811005000025
            ],
            [
              -84.69509887699996,
              35.73181152300003
            ],
            [
              -84.69839477499994,
              35.73271179200003
            ],
            [
              -84.69839477499994,
              35.741012573000035
            ],
            [
              -84.71399688699995,
              35.742012024000076
            ],
            [
              -84.72010040299995,
              35.750610352000024
            ],
            [
              -84.72299957299998,
              35.752014160000044
            ],
            [
              -84.72909545899995,
              35.75161361700003
            ],
            [
              -84.73269653299997,
              35.748611450000055
            ],
            [
              -84.73979949999995,
              35.751113892000035
            ],
            [
              -84.74779510499997,
              35.75151062000003
            ],
            [
              -84.75299835199996,
              35.75361251800007
            ],
            [
              -84.75699615499997,
              35.75761032100007
            ],
            [
              -84.75709533699995,
              35.761611938000044
            ],
            [
              -84.75229644799998,
              35.76721191400003
            ],
            [
              -84.75349426299994,
              35.770111084000064
            ],
            [
              -84.75099945099998,
              35.77361297600004
            ],
            [
              -84.73969268799993,
              35.776210785000046
            ],
            [
              -84.73880004899996,
              35.78411102300004
            ],
            [
              -84.74199676499995,
              35.790210724000076
            ],
            [
              -84.75,
              35.79481124900008
            ],
            [
              -84.75859832799995,
              35.79571151700003
            ],
            [
              -84.76559448199998,
              35.79971313500005
            ],
            [
              -84.77069854699994,
              35.80731201200007
            ],
            [
              -84.78079986599994,
              35.81321334800003
            ],
            [
              -84.78419549799997,
              35.812412420000044
            ],
            [
              -84.78919982899998,
              35.81491088900003
            ],
            [
              -84.78289794899996,
              35.81951141400003
            ],
            [
              -84.78450012199994,
              35.82371139500003
            ],
            [
              -84.76899719199997,
              35.83031082200006
            ],
            [
              -84.76089477499994,
              35.840812683000024
            ],
            [
              -84.75699615499997,
              35.843112946000076
            ],
            [
              -84.75439453099995,
              35.84251403800005
            ],
            [
              -84.75099945099998,
              35.84781265300006
            ],
            [
              -84.73979949999995,
              35.85131073000008
            ],
            [
              -84.73359680199997,
              35.85771179200003
            ],
            [
              -84.72979736299999,
              35.858512878000056
            ],
            [
              -84.71759796099997,
              35.87551116900005
            ],
            [
              -84.70619964599996,
              35.89611053500005
            ],
            [
              -84.70419311499995,
              35.89401245100004
            ],
            [
              -84.69659423799999,
              35.90011215200008
            ],
            [
              -84.68549346899994,
              35.90311050400004
            ],
            [
              -84.67259979199997,
              35.91351318400007
            ],
            [
              -84.67379760699998,
              35.91581344600007
            ],
            [
              -84.67029571499995,
              35.917613983000024
            ],
            [
              -84.66209411599993,
              35.91621398900003
            ],
            [
              -84.66009521499996,
              35.92041397100007
            ],
            [
              -84.65699768099995,
              35.91981124900008
            ],
            [
              -84.65159606899994,
              35.928211212000065
            ],
            [
              -84.64349365199996,
              35.92801284800004
            ],
            [
              -84.63800048799999,
              35.931510925000055
            ],
            [
              -84.62839508099995,
              35.93131256100003
            ],
            [
              -84.62729644799998,
              35.933910370000035
            ],
            [
              -84.61979675299995,
              35.93331146200006
            ],
            [
              -84.61569976799996,
              35.94001388500004
            ],
            [
              -84.60609435999999,
              35.94481277500006
            ],
            [
              -84.60649871799995,
              35.95061111500007
            ],
            [
              -84.60379791299994,
              35.953712463000045
            ],
            [
              -84.60089874299996,
              35.95391082800006
            ],
            [
              -84.60229492199994,
              35.95201110800008
            ],
            [
              -84.59559631299999,
              35.94831085200008
            ],
            [
              -84.59269714399994,
              35.95031356800007
            ],
            [
              -84.58949279799998,
              35.948211670000035
            ],
            [
              -84.58089446999998,
              35.951511383000025
            ],
            [
              -84.57039642299998,
              35.94961166400003
            ],
            [
              -84.55509948699995,
              35.95031356800007
            ],
            [
              -84.55429840099998,
              35.963710785000046
            ],
            [
              -84.54570007299998,
              35.96891021700003
            ],
            [
              -84.51069641099997,
              35.977413177000074
            ],
            [
              -84.49169921899994,
              35.98451232900004
            ],
            [
              -84.45699310299995,
              35.98421096800007
            ],
            [
              -84.44239807099996,
              35.98761367800006
            ],
            [
              -84.43339538599997,
              35.99421310400004
            ],
            [
              -84.40709686299994,
              36.00801086400003
            ],
            [
              -84.39739990199996,
              36.01581192000003
            ],
            [
              -84.38329315199996,
              36.02401351900005
            ],
            [
              -84.36259460399998,
              36.042713165000066
            ],
            [
              -84.35019683799999,
              36.04751205500003
            ],
            [
              -84.34299468999995,
              36.04961395300006
            ],
            [
              -84.340393066,
              36.045612335000044
            ],
            [
              -84.32019805899995,
              35.992012024000076
            ]
          ]
        ]
      }
    },
    {
      "type": "Feature",
      "properties": {
        "STATE": "TN",
        "CWA": "MRX",
        "COUNTYNAME": "Scott",
        "FIPS": "47151",
        "TIME_ZONE": "E"
      },
      "geometry": {
        "type": "Polygon",
        "coordinates": [
          [
            [
              -84.54299926799996,
              36.596313477000024
            ],
            [
              -84.44259643599997,
              36.59611129800004
            ],
            [
              -84.26129913299997,
              36.592010498000036
            ],
            [
              -84.26239776599994,
              36.57161331200007
            ],
            [
              -84.26389312699996,
              36.56821060200008
            ],
            [
              -84.24959564199997,
              36.56411361700003
            ],
            [
              -84.25199890099998,
              36.55751037600004
            ],
            [
              -84.24969482399996,
              36.549312592000035
            ],
            [
              -84.25269317599998,
              36.544513702000074
            ],
            [
              -84.25139617899998,
              36.53271102900004
            ],
            [
              -84.25349426299994,
              36.529613495000035
            ],
            [
              -84.25989532499995,
              36.52661132800006
            ],
            [
              -84.25809478799994,
              36.520111084000064
            ],
            [
              -84.26159667999997,
              36.51221084600007
            ],
            [
              -84.27229309099994,
              36.510913849000076
            ],
            [
              -84.28349304199998,
              36.50481414800004
            ],
            [
              -84.28709411599993,
              36.504310608000026
            ],
            [
              -84.301498413,
              36.507110596000075
            ],
            [
              -84.31099700899995,
              36.50581359900008
            ],
            [
              -84.32709503199999,
              36.50931167600004
            ],
            [
              -84.33059692399996,
              36.508712769000056
            ],
            [
              -84.33119964599996,
              36.50581359900008
            ],
            [
              -84.32969665499996,
              36.50391387900004
            ],
            [
              -84.33879852299998,
              36.49911117600004
            ],
            [
              -84.33499908399995,
              36.49371337900004
            ],
            [
              -84.33729553199998,
              36.49061203000008
            ],
            [
              -84.33769988999995,
              36.48711395300006
            ],
            [
              -84.33599853499999,
              36.48511123700007
            ],
            [
              -84.33849334699994,
              36.480911255000024
            ],
            [
              -84.33789825399998,
              36.475410461000024
            ],
            [
              -84.34179687499994,
              36.46971130400004
            ],
            [
              -84.34089660599994,
              36.466812134000065
            ],
            [
              -84.35029602099996,
              36.46611022900004
            ],
            [
              -84.35309600799997,
              36.46391296400003
            ],
            [
              -84.35569763199999,
              36.457111359000066
            ],
            [
              -84.34929656999998,
              36.45361328100006
            ],
            [
              -84.34349822999997,
              36.441913605000025
            ],
            [
              -84.34579467799995,
              36.43541336100003
            ],
            [
              -84.34469604499998,
              36.41571044900007
            ],
            [
              -84.33739471399997,
              36.412212372000056
            ],
            [
              -84.33009338399995,
              36.405513763000044
            ],
            [
              -84.32740020799997,
              36.40241241500007
            ],
            [
              -84.32740020799997,
              36.39631271400003
            ],
            [
              -84.32589721699998,
              36.39831161500007
            ],
            [
              -84.32249450699999,
              36.39321136500007
            ],
            [
              -84.31239318799999,
              36.38451385500008
            ],
            [
              -84.31409454299995,
              36.38271331800007
            ],
            [
              -84.32019805899995,
              36.38471221900005
            ],
            [
              -84.32599639899996,
              36.39061355600006
            ],
            [
              -84.33389282199994,
              36.38841247600004
            ],
            [
              -84.33189392099996,
              36.38501358000008
            ],
            [
              -84.33359527599998,
              36.37871170000005
            ],
            [
              -84.33110046399997,
              36.37461090100004
            ],
            [
              -84.33349609399994,
              36.37291336100003
            ],
            [
              -84.32709503199999,
              36.367012024000076
            ],
            [
              -84.32839965799997,
              36.36281204200003
            ],
            [
              -84.33309936499995,
              36.364410400000054
            ],
            [
              -84.33029937699996,
              36.28441238400006
            ],
            [
              -84.33439636199995,
              36.278011322000054
            ],
            [
              -84.34539794899996,
              36.27751159700006
            ],
            [
              -84.35829925499996,
              36.273811340000066
            ],
            [
              -84.37319946299993,
              36.26441192600004
            ],
            [
              -84.37599945099998,
              36.25991058300008
            ],
            [
              -84.37639617899998,
              36.25261306800007
            ],
            [
              -84.37409973099994,
              36.247612
            ],
            [
              -84.37549591099997,
              36.23811340300006
            ],
            [
              -84.36899566699998,
              36.22861099200003
            ],
            [
              -84.37289428699995,
              36.22161102300004
            ],
            [
              -84.37279510499997,
              36.217113495000035
            ],
            [
              -84.38329315199996,
              36.20721054100005
            ],
            [
              -84.39199829099994,
              36.20201110800008
            ],
            [
              -84.39099883999995,
              36.19851303100006
            ],
            [
              -84.39279937699996,
              36.19391250600006
            ],
            [
              -84.40339660599994,
              36.184612274000074
            ],
            [
              -84.40129852299998,
              36.178211212000065
            ],
            [
              -84.40359497099996,
              36.17501068100006
            ],
            [
              -84.40689849899996,
              36.17461395300006
            ],
            [
              -84.41469573999996,
              36.168510437000066
            ],
            [
              -84.42259979199997,
              36.16901397700008
            ],
            [
              -84.42579650899995,
              36.16501236000005
            ],
            [
              -84.44139862099996,
              36.16361236600005
            ],
            [
              -84.44419860799997,
              36.16541290300006
            ],
            [
              -84.44469451899994,
              36.17071151700003
            ],
            [
              -84.45859527599998,
              36.18111038200004
            ],
            [
              -84.45869445799997,
              36.189212799000074
            ],
            [
              -84.46589660599994,
              36.19081115700004
            ],
            [
              -84.46849822999997,
              36.19301223800005
            ],
            [
              -84.47169494599996,
              36.20071029700006
            ],
            [
              -84.47119903599997,
              36.203712463000045
            ],
            [
              -84.55249786399997,
              36.232810974000074
            ],
            [
              -84.55909728999995,
              36.22751236000005
            ],
            [
              -84.56629943799999,
              36.226512909000064
            ],
            [
              -84.57339477499994,
              36.23031234700005
            ],
            [
              -84.56869506799995,
              36.23811340300006
            ],
            [
              -84.57159423799999,
              36.249813080000024
            ],
            [
              -84.57299804699994,
              36.266613007000046
            ],
            [
              -84.58729553199998,
              36.266811371000074
            ],
            [
              -84.59309387199994,
              36.27651214600007
            ],
            [
              -84.61019897499995,
              36.27121353100006
            ],
            [
              -84.61289977999996,
              36.27241134600007
            ],
            [
              -84.70089721699998,
              36.37071228000008
            ],
            [
              -84.68989562999997,
              36.374813080000024
            ],
            [
              -84.69059753399995,
              36.381313324000075
            ],
            [
              -84.68969726599994,
              36.384410858000024
            ],
            [
              -84.68649291999998,
              36.38731384300007
            ],
            [
              -84.66079711899994,
              36.39501190200008
            ],
            [
              -84.66790008499999,
              36.40621185300006
            ],
            [
              -84.66349792499994,
              36.40781402600004
            ],
            [
              -84.66399383499999,
              36.41191101100003
            ],
            [
              -84.67049407999997,
              36.41461181600005
            ],
            [
              -84.67309570299994,
              36.41371154800004
            ],
            [
              -84.67669677699996,
              36.41651153600003
            ],
            [
              -84.69249725299994,
              36.43561172500006
            ],
            [
              -84.715393066,
              36.49921035800003
            ],
            [
              -84.74989318799999,
              36.553512573000035
            ],
            [
              -84.78529357899998,
              36.60341262800006
            ],
            [
              -84.54299926799996,
              36.596313477000024
            ]
          ]
        ]
      }
    },
    {
      "type": "Feature",
      "properties": {
        "STATE": "TN",
        "CWA": "MRX",
        "COUNTYNAME": "Sequatchie",
        "FIPS": "47153",
        "TIME_ZONE": "C"
      },
      "geometry": {
        "type": "Polygon",
        "coordinates": [
          [
            [
              -85.42379760699998,
              35.56671142600004
            ],
            [
              -85.43509674099994,
              35.542312622000054
            ],
            [
              -85.43099975599995,
              35.529510498000036
            ],
            [
              -85.42669677699996,
              35.52791214000007
            ],
            [
              -85.42519378699996,
              35.52921295200008
            ],
            [
              -85.41589355499997,
              35.52181243900003
            ],
            [
              -85.40689849899996,
              35.517112732000044
            ],
            [
              -85.40869903599997,
              35.51561355600006
            ],
            [
              -85.40809631299999,
              35.51231384300007
            ],
            [
              -85.41089630099998,
              35.51031112700008
            ],
            [
              -85.41089630099998,
              35.50591278100006
            ],
            [
              -85.40639495799996,
              35.499813080000024
            ],
            [
              -85.40489959699994,
              35.49491119400005
            ],
            [
              -85.31340026899994,
              35.41661071800007
            ],
            [
              -85.22570037799994,
              35.35461044300007
            ],
            [
              -85.24539947499994,
              35.32011032100007
            ],
            [
              -85.38729858399995,
              35.14721298200004
            ],
            [
              -85.38689422599998,
              35.155513763000044
            ],
            [
              -85.39449310299995,
              35.16831207300004
            ],
            [
              -85.39289855999994,
              35.174911499000075
            ],
            [
              -85.38829803499993,
              35.18101120000006
            ],
            [
              -85.39499664299996,
              35.191612244000055
            ],
            [
              -85.39559936499995,
              35.19501113900003
            ],
            [
              -85.39179992699997,
              35.20241165200008
            ],
            [
              -85.39979553199998,
              35.213813782000045
            ],
            [
              -85.40299987799995,
              35.223213196000074
            ],
            [
              -85.40779876699997,
              35.225811005000025
            ],
            [
              -85.41779327399996,
              35.23541259800004
            ],
            [
              -85.426498413,
              35.246612549000076
            ],
            [
              -85.43229675299995,
              35.24961090100004
            ],
            [
              -85.43339538599997,
              35.25211334200003
            ],
            [
              -85.43929290799997,
              35.25401306200007
            ],
            [
              -85.44109344499998,
              35.25931167600004
            ],
            [
              -85.44469451899994,
              35.26281356800007
            ],
            [
              -85.45549774199998,
              35.26761245700004
            ],
            [
              -85.47669982899998,
              35.26891326900005
            ],
            [
              -85.48829650899995,
              35.27231216400003
            ],
            [
              -85.49269866899994,
              35.275012970000034
            ],
            [
              -85.494499207,
              35.27921295200008
            ],
            [
              -85.49949645999999,
              35.28231048600003
            ],
            [
              -85.55690002399996,
              35.309112549000076
            ],
            [
              -85.55929565399998,
              35.319011688000046
            ],
            [
              -85.54309844999995,
              35.34071350100004
            ],
            [
              -85.53869628899997,
              35.34321212800006
            ],
            [
              -85.52799987799995,
              35.34401321400003
            ],
            [
              -85.52629852299998,
              35.348411560000045
            ],
            [
              -85.50689697299998,
              35.358112335000044
            ],
            [
              -85.50289916999998,
              35.36541366600005
            ],
            [
              -85.50549316399997,
              35.36771392800006
            ],
            [
              -85.49019622799995,
              35.38411331200007
            ],
            [
              -85.49459838899998,
              35.38641357400007
            ],
            [
              -85.49489593499999,
              35.394210815000065
            ],
            [
              -85.49219512899998,
              35.39591217000003
            ],
            [
              -85.48589324999995,
              35.405513763000044
            ],
            [
              -85.51289367699997,
              35.407611847000055
            ],
            [
              -85.51199340799997,
              35.42201232900004
            ],
            [
              -85.51809692399996,
              35.423610687000064
            ],
            [
              -85.52009582499994,
              35.42161178600003
            ],
            [
              -85.53579711899994,
              35.431510925000055
            ],
            [
              -85.54109954799998,
              35.46241378800005
            ],
            [
              -85.53669738799994,
              35.48711395300006
            ],
            [
              -85.54129791299994,
              35.49131393400006
            ],
            [
              -85.56909942599998,
              35.50561142000004
            ],
            [
              -85.57699584999995,
              35.51251220700004
            ],
            [
              -85.60649871799995,
              35.531311035000044
            ],
            [
              -85.55749511699997,
              35.53301239000007
            ],
            [
              -85.55669403099995,
              35.536510468000074
            ],
            [
              -85.55329894999994,
              35.53521347000003
            ],
            [
              -85.54599761799994,
              35.53681182500003
            ],
            [
              -85.54439544699994,
              35.54221344000007
            ],
            [
              -85.52919769299996,
              35.540512085000046
            ],
            [
              -85.49589538599997,
              35.54751205400004
            ],
            [
              -85.45969390899995,
              35.54741287200005
            ],
            [
              -85.45969390899995,
              35.55061339300005
            ],
            [
              -85.45539855999994,
              35.552413940000065
            ],
            [
              -85.45369720499997,
              35.55731201200007
            ],
            [
              -85.42379760699998,
              35.56671142600004
            ]
          ]
        ]
      }
    },
    {
      "type": "Feature",
      "properties": {
        "STATE": "TN",
        "CWA": "MRX",
        "COUNTYNAME": "Sullivan",
        "FIPS": "47163",
        "TIME_ZONE": "E"
      },
      "geometry": {
        "type": "Polygon",
        "coordinates": [
          [
            [
              -81.82699584999995,
              36.614013672000056
            ],
            [
              -81.82979583699995,
              36.60891342200006
            ],
            [
              -81.83519744899996,
              36.609310150000056
            ],
            [
              -81.84849548299997,
              36.60331344600007
            ],
            [
              -81.86169433599997,
              36.605911255000024
            ],
            [
              -81.87019348099994,
              36.602611542000034
            ],
            [
              -81.87439727799995,
              36.59771347000003
            ],
            [
              -81.87539672899999,
              36.58801269500003
            ],
            [
              -81.88049316399997,
              36.58371353100006
            ],
            [
              -81.88719940199996,
              36.58131027200005
            ],
            [
              -81.90189361599994,
              36.580913544000055
            ],
            [
              -81.92609405499996,
              36.56911087000003
            ],
            [
              -81.93259429899996,
              36.56251144400005
            ],
            [
              -81.93019866899994,
              36.55431366000005
            ],
            [
              -81.93269348099994,
              36.551513672000056
            ],
            [
              -81.94459533699995,
              36.54301071200007
            ],
            [
              -81.94849395799997,
              36.53821182300004
            ],
            [
              -81.95869445799997,
              36.53451156600005
            ],
            [
              -81.96559905999999,
              36.53001403800005
            ],
            [
              -81.96759796099997,
              36.52591323900003
            ],
            [
              -81.97259521499996,
              36.522911072000056
            ],
            [
              -81.97419738799994,
              36.51581192000003
            ],
            [
              -81.98099517799994,
              36.50911331200007
            ],
            [
              -81.98379516599994,
              36.508312225000054
            ],
            [
              -81.98609924299996,
              36.50991058300008
            ],
            [
              -81.99839782699996,
              36.50131225600006
            ],
            [
              -82.00049591099997,
              36.49911117600004
            ],
            [
              -81.99810028099995,
              36.49511337300004
            ],
            [
              -82.00039672899999,
              36.492012024000076
            ],
            [
              -82.00859832799995,
              36.48961257900004
            ],
            [
              -82.023796082,
              36.48951339700005
            ],
            [
              -82.03059387199994,
              36.48581314100005
            ],
            [
              -82.03789520299995,
              36.48621368400006
            ],
            [
              -82.04239654499997,
              36.48451232900004
            ],
            [
              -82.05089569099994,
              36.48051071200007
            ],
            [
              -82.05429840099998,
              36.47361373900003
            ],
            [
              -82.06749725299994,
              36.46241378800005
            ],
            [
              -82.07769775399998,
              36.45781326300005
            ],
            [
              -82.08889770499997,
              36.460113525000054
            ],
            [
              -82.09839630099998,
              36.459213257000044
            ],
            [
              -82.10389709499998,
              36.455810547000056
            ],
            [
              -82.10729980499997,
              36.45031356800007
            ],
            [
              -82.11699676499995,
              36.44571304300007
            ],
            [
              -82.11829376199995,
              36.44211196900005
            ],
            [
              -82.12729644799998,
              36.43911361700003
            ],
            [
              -82.14579772899998,
              36.425811768000074
            ],
            [
              -82.18929290799997,
              36.40051269500003
            ],
            [
              -82.20149993899997,
              36.40111160300006
            ],
            [
              -82.23319244399994,
              36.413311005000025
            ],
            [
              -82.23959350599995,
              36.42141342200006
            ],
            [
              -82.24309539799998,
              36.42201232900004
            ],
            [
              -82.25229644799998,
              36.41991043100006
            ],
            [
              -82.28809356699998,
              36.395412445000034
            ],
            [
              -82.32369995099998,
              36.39891052200005
            ],
            [
              -82.32989501999998,
              36.39741134600007
            ],
            [
              -82.33719634999994,
              36.401210785000046
            ],
            [
              -82.34619903599997,
              36.39831161500007
            ],
            [
              -82.34809875499997,
              36.401210785000046
            ],
            [
              -82.35099792499994,
              36.40191268900003
            ],
            [
              -82.36699676399996,
              36.402912134000076
            ],
            [
              -82.37009429899996,
              36.40231323200004
            ],
            [
              -82.38409423799999,
              36.39281082200006
            ],
            [
              -82.38669586199995,
              36.39261245700004
            ],
            [
              -82.38779449499998,
              36.39591217000003
            ],
            [
              -82.38679504399994,
              36.39781189000007
            ],
            [
              -82.37569427499994,
              36.407012939000026
            ],
            [
              -82.38229370099998,
              36.41161346400003
            ],
            [
              -82.37429809599996,
              36.41911315900006
            ],
            [
              -82.37469482399996,
              36.42111206100003
            ],
            [
              -82.379096985,
              36.41871261600005
            ],
            [
              -82.38589477499994,
              36.41981124900008
            ],
            [
              -82.39099883999995,
              36.431510925000055
            ],
            [
              -82.39509582499994,
              36.43041229200003
            ],
            [
              -82.39619445799997,
              36.42501068100006
            ],
            [
              -82.39869689899996,
              36.42231369000007
            ],
            [
              -82.40579986599994,
              36.42261123700007
            ],
            [
              -82.40829467799995,
              36.42641067500006
            ],
            [
              -82.40379333499999,
              36.434013367000034
            ],
            [
              -82.40569305399998,
              36.43661117600004
            ],
            [
              -82.42149352999996,
              36.43891143800005
            ],
            [
              -82.42079925499996,
              36.446113586000024
            ],
            [
              -82.43669891399998,
              36.43781280500008
            ],
            [
              -82.43849945099998,
              36.44561386100003
            ],
            [
              -82.60149383499999,
              36.42331314100005
            ],
            [
              -82.61089324999995,
              36.429813385000045
            ],
            [
              -82.65799713099995,
              36.43871307400008
            ],
            [
              -82.66289520299995,
              36.442512512000064
            ],
            [
              -82.67429351799996,
              36.436412811000025
            ],
            [
              -82.68049621599994,
              36.43101120000006
            ],
            [
              -82.68319702099996,
              36.43131256100003
            ],
            [
              -82.68739318799999,
              36.43421173100006
            ],
            [
              -82.68909454299995,
              36.442710876000035
            ],
            [
              -82.69599914599996,
              36.44721221900005
            ],
            [
              -82.70149230999994,
              36.45541381800007
            ],
            [
              -82.67789459199997,
              36.47091293300008
            ],
            [
              -82.62889862099996,
              36.494411469000056
            ],
            [
              -82.62699890099998,
              36.49681091300005
            ],
            [
              -82.63069915799997,
              36.50071334800003
            ],
            [
              -82.62889862099996,
              36.502811432000044
            ],
            [
              -82.63049316399997,
              36.50671386700003
            ],
            [
              -82.62749481199995,
              36.51341247600004
            ],
            [
              -82.61069488499999,
              36.51911163300008
            ],
            [
              -82.61229705799997,
              36.54761123700007
            ],
            [
              -82.61549377399996,
              36.55541229200003
            ],
            [
              -82.61539459199997,
              36.559013367000034
            ],
            [
              -82.61249542199994,
              36.562713623000036
            ],
            [
              -82.61729431199996,
              36.56931304900007
            ],
            [
              -82.61729431199996,
              36.57481384300007
            ],
            [
              -82.61599731399997,
              36.579612732000044
            ],
            [
              -82.61309814499998,
              36.57891082800006
            ],
            [
              -82.60889434799998,
              36.57201385500008
            ],
            [
              -82.60160064699994,
              36.57521057100007
            ],
            [
              -82.60019683799999,
              36.577510834000066
            ],
            [
              -82.60869598399995,
              36.59341049200003
            ],
            [
              -82.48829650899995,
              36.59581375100004
            ],
            [
              -82.46599578899998,
              36.594512939000026
            ],
            [
              -82.211296082,
              36.59581375100004
            ],
            [
              -81.93409728999995,
              36.594211578000056
            ],
            [
              -81.92259979199997,
              36.61621093700006
            ],
            [
              -81.82699584999995,
              36.614013672000056
            ]
          ]
        ]
      }
    },
    {
      "type": "Feature",
      "properties": {
        "STATE": "TN",
        "CWA": "MRX",
        "COUNTYNAME": "Unicoi",
        "FIPS": "47171",
        "TIME_ZONE": "E"
      },
      "geometry": {
        "type": "Polygon",
        "coordinates": [
          [
            [
              -82.31939697299998,
              36.26061248800005
            ],
            [
              -82.28369903599997,
              36.25091171300005
            ],
            [
              -82.27869415299995,
              36.24351120000006
            ],
            [
              -82.25669860799997,
              36.23271179200003
            ],
            [
              -82.25589752199994,
              36.224311829000044
            ],
            [
              -82.26729583699995,
              36.210113525000054
            ],
            [
              -82.24710082999997,
              36.20631408700007
            ],
            [
              -82.22869872999996,
              36.189212799000074
            ],
            [
              -82.22819518999995,
              36.17901229900008
            ],
            [
              -82.22609710699999,
              36.17701339700005
            ],
            [
              -82.22269439699994,
              36.167510986000025
            ],
            [
              -82.22389984099993,
              36.16451263400006
            ],
            [
              -82.22189331099997,
              36.15651321400003
            ],
            [
              -82.22879791299994,
              36.14561080900006
            ],
            [
              -82.24069976799996,
              36.13751220700004
            ],
            [
              -82.24479675299995,
              36.131511688000046
            ],
            [
              -82.25069427499994,
              36.13231277500006
            ],
            [
              -82.25479888899997,
              36.13561248800005
            ],
            [
              -82.25999450699999,
              36.13381195100004
            ],
            [
              -82.26639556899994,
              36.127014160000044
            ],
            [
              -82.27449798599997,
              36.129310608000026
            ],
            [
              -82.28059387199994,
              36.129112244000055
            ],
            [
              -82.28869628899997,
              36.135513306000064
            ],
            [
              -82.29159545899995,
              36.13501358000008
            ],
            [
              -82.30319976799996,
              36.131111145000034
            ],
            [
              -82.31869506799995,
              36.12081146200006
            ],
            [
              -82.33729553199998,
              36.11501312300004
            ],
            [
              -82.35299682599998,
              36.11641311600005
            ],
            [
              -82.36389923099995,
              36.10841369600007
            ],
            [
              -82.37459564199997,
              36.105911255000024
            ],
            [
              -82.37999725299994,
              36.10021209700005
            ],
            [
              -82.39089965799997,
              36.09581375100004
            ],
            [
              -82.40979766799995,
              36.08311080900006
            ],
            [
              -82.461296082,
              36.00761413600003
            ],
            [
              -82.47669982899998,
              35.99851226800007
            ],
            [
              -82.48130035399998,
              35.99821090700004
            ],
            [
              -82.48629760699998,
              35.99211120600006
            ],
            [
              -82.50349426299994,
              35.98181152300003
            ],
            [
              -82.50529479999994,
              35.97711181600005
            ],
            [
              -82.51679992699997,
              35.975914001000035
            ],
            [
              -82.52619934099994,
              35.97161102300004
            ],
            [
              -82.52949523899997,
              35.972312927000075
            ],
            [
              -82.54290008499999,
              35.967712402000075
            ],
            [
              -82.54999542199994,
              35.96341323900003
            ],
            [
              -82.55869293199999,
              35.954311371000074
            ],
            [
              -82.57449340799997,
              35.95821380600006
            ],
            [
              -82.57819366499996,
              35.96451187100007
            ],
            [
              -82.58169555699999,
              35.96541214000007
            ],
            [
              -82.59249877899998,
              35.96631240800008
            ],
            [
              -82.60039520299995,
              35.964611053000056
            ],
            [
              -82.60969543499994,
              35.967113495000035
            ],
            [
              -82.61089324999995,
              35.97441101100003
            ],
            [
              -82.60449981699998,
              35.98791122400007
            ],
            [
              -82.60779571499995,
              35.99251174900007
            ],
            [
              -82.61289977999996,
              35.99481201200007
            ],
            [
              -82.61489868199999,
              36.000812531000065
            ],
            [
              -82.61349487299998,
              36.00461196900005
            ],
            [
              -82.60799407999997,
              36.00951385500008
            ],
            [
              -82.60899352999996,
              36.01241302500006
            ],
            [
              -82.60699462899998,
              36.01611328100006
            ],
            [
              -82.60339355499997,
              36.01781082200006
            ],
            [
              -82.60359954799998,
              36.021610260000045
            ],
            [
              -82.60169982899998,
              36.02421188400007
            ],
            [
              -82.59119415299995,
              36.03161239600007
            ],
            [
              -82.59259796099997,
              36.03581237800006
            ],
            [
              -82.60089874299996,
              36.03631210300006
            ],
            [
              -82.60329437299998,
              36.04001236000005
            ],
            [
              -82.57739257799994,
              36.07811355600006
            ],
            [
              -82.59469604499998,
              36.09611129800004
            ],
            [
              -82.52799987799995,
              36.14871215800008
            ],
            [
              -82.48669439099996,
              36.15571212100008
            ],
            [
              -82.43659973099994,
              36.15481185900006
            ],
            [
              -82.43219757099996,
              36.15861129800004
            ],
            [
              -82.43129730199996,
              36.161811829000044
            ],
            [
              -82.42759704599996,
              36.164012909000064
            ],
            [
              -82.42039489699994,
              36.16391372700008
            ],
            [
              -82.41659545899995,
              36.167510986000025
            ],
            [
              -82.41809844999995,
              36.17351150500008
            ],
            [
              -82.41499328599997,
              36.18141174300007
            ],
            [
              -82.40929412799994,
              36.18761062600004
            ],
            [
              -82.40219878999994,
              36.19081115400007
            ],
            [
              -82.39809417699996,
              36.196910858000024
            ],
            [
              -82.37089538599997,
              36.20981216400003
            ],
            [
              -82.36889648399995,
              36.212913513000046
            ],
            [
              -82.369499207,
              36.21751403800005
            ],
            [
              -82.35819244399994,
              36.22851181000004
            ],
            [
              -82.35679626499996,
              36.231910706000065
            ],
            [
              -82.35769653599993,
              36.24111175500008
            ],
            [
              -82.35269927999997,
              36.246913910000046
            ],
            [
              -82.34089660599994,
              36.25401306200007
            ],
            [
              -82.33559417699996,
              36.253513336000026
            ],
            [
              -82.31939697299998,
              36.26061248800005
            ]
          ]
        ]
      }
    },
    {
      "type": "Feature",
      "properties": {
        "STATE": "TN",
        "CWA": "MRX",
        "COUNTYNAME": "Union",
        "FIPS": "47173",
        "TIME_ZONE": "E"
      },
      "geometry": {
        "type": "Polygon",
        "coordinates": [
          [
            [
              -83.80709838899998,
              36.42041397100007
            ],
            [
              -83.80389404299996,
              36.41721344000007
            ],
            [
              -83.80109405499996,
              36.41911315900006
            ],
            [
              -83.79959869399994,
              36.422710419000055
            ],
            [
              -83.79570007299998,
              36.42411041300005
            ],
            [
              -83.79269409199998,
              36.42251205400004
            ],
            [
              -83.79319763199999,
              36.41911315900006
            ],
            [
              -83.79609680199997,
              36.41631317100007
            ],
            [
              -83.79469299299996,
              36.413311005000025
            ],
            [
              -83.76529693599997,
              36.39901351900005
            ],
            [
              -83.76549529999994,
              36.396411896000075
            ],
            [
              -83.75999450699999,
              36.39111328100006
            ],
            [
              -83.75839996299999,
              36.385711670000035
            ],
            [
              -83.75099945099998,
              36.37971115100004
            ],
            [
              -83.74839782699996,
              36.37171173100006
            ],
            [
              -83.74289703399995,
              36.36871337900004
            ],
            [
              -83.74469757099996,
              36.36551284800004
            ],
            [
              -83.74399566699998,
              36.36191177400008
            ],
            [
              -83.74579620399999,
              36.35981369000007
            ],
            [
              -83.74489593499999,
              36.353912354000045
            ],
            [
              -83.73859405499996,
              36.35231399500003
            ],
            [
              -83.73249816899994,
              36.345111847000055
            ],
            [
              -83.72149658199999,
              36.343013763000044
            ],
            [
              -83.71170043899997,
              36.34581375100004
            ],
            [
              -83.70249938999996,
              36.36211395300006
            ],
            [
              -83.69639587399996,
              36.36541366600005
            ],
            [
              -83.69079589799998,
              36.360511780000024
            ],
            [
              -83.68079376199995,
              36.35661315900006
            ],
            [
              -83.66679382299998,
              36.34401321400003
            ],
            [
              -83.67159271199995,
              36.33561325100004
            ],
            [
              -83.67429351799996,
              36.337211609000065
            ],
            [
              -83.68179321299993,
              36.331710815000065
            ],
            [
              -83.67659759499998,
              36.32691192600004
            ],
            [
              -83.68909454299995,
              36.296012878000056
            ],
            [
              -83.68339538599997,
              36.29721069300007
            ],
            [
              -83.68239593499999,
              36.292713165000066
            ],
            [
              -83.68629455599995,
              36.289913177000074
            ],
            [
              -83.68560028099995,
              36.28781127900004
            ],
            [
              -83.68879699699994,
              36.28001403800005
            ],
            [
              -83.70209503199999,
              36.27331161500007
            ],
            [
              -83.70389556899994,
              36.250812531000065
            ],
            [
              -83.69689941399997,
              36.25401306200007
            ],
            [
              -83.69499969499998,
              36.250213623000036
            ],
            [
              -83.69359588599997,
              36.23731231700003
            ],
            [
              -83.70029449499998,
              36.207111359000066
            ],
            [
              -83.71779632599998,
              36.19901275600006
            ],
            [
              -83.71949768099995,
              36.19601059000007
            ],
            [
              -83.715393066,
              36.19321060200008
            ],
            [
              -83.72039794899996,
              36.18911361700003
            ],
            [
              -83.72899627699996,
              36.18601226800007
            ],
            [
              -83.72779846199995,
              36.182212830000026
            ],
            [
              -83.72179412799994,
              36.17681121800007
            ],
            [
              -83.71549987799995,
              36.174312592000035
            ],
            [
              -83.71719360399999,
              36.172111511000026
            ],
            [
              -83.73229980499997,
              36.16461181600005
            ],
            [
              -83.89889526399998,
              36.16891098000008
            ],
            [
              -83.90269470199996,
              36.168510437000066
            ],
            [
              -83.90159606899994,
              36.16571044900007
            ],
            [
              -83.90249633799993,
              36.162513733000026
            ],
            [
              -83.90519714399994,
              36.160911560000045
            ],
            [
              -83.90809631299999,
              36.162910461000024
            ],
            [
              -83.90629577599998,
              36.16591262800006
            ],
            [
              -83.90709686299994,
              36.168613434000065
            ],
            [
              -83.92269897499995,
              36.169410706000065
            ],
            [
              -83.96709442099996,
              36.208011627000076
            ],
            [
              -83.97779846199995,
              36.22751236000005
            ],
            [
              -83.98819732699997,
              36.23691177400008
            ],
            [
              -83.99739837599998,
              36.24961090100004
            ],
            [
              -83.99919891399998,
              36.258312225000054
            ],
            [
              -84.00639343299997,
              36.26561355600006
            ],
            [
              -84.00869751,
              36.270812988000046
            ],
            [
              -84.00139617899998,
              36.27111053500005
            ],
            [
              -83.99919891399998,
              36.281311035000044
            ],
            [
              -83.99620056199996,
              36.28321075400004
            ],
            [
              -83.98619842499994,
              36.28211212200006
            ],
            [
              -83.98379516599994,
              36.28551101700003
            ],
            [
              -83.98169708299997,
              36.28541183500005
            ],
            [
              -83.98309326199995,
              36.289211273000035
            ],
            [
              -83.97399902299998,
              36.29831314100005
            ],
            [
              -83.97619628899997,
              36.30091095000006
            ],
            [
              -83.97699737499994,
              36.305610657000045
            ],
            [
              -83.97399902299998,
              36.30641174300007
            ],
            [
              -83.96989440899995,
              36.33351135300006
            ],
            [
              -83.97129821799996,
              36.34191131600005
            ],
            [
              -83.96939849899996,
              36.346412659000066
            ],
            [
              -83.96239471399997,
              36.34561157200005
            ],
            [
              -83.96739959699994,
              36.35491180400004
            ],
            [
              -83.95719909699994,
              36.35831069900007
            ],
            [
              -83.95979309099994,
              36.35991287200005
            ],
            [
              -83.95109558099995,
              36.36641311600005
            ],
            [
              -83.94999694799998,
              36.36991119400005
            ],
            [
              -83.95369720499997,
              36.376010895000036
            ],
            [
              -83.95699310299995,
              36.37771225000006
            ],
            [
              -83.95739746099997,
              36.38051223800005
            ],
            [
              -83.95419311499995,
              36.38601303100006
            ],
            [
              -83.95539855999994,
              36.39371109000007
            ],
            [
              -83.95049285899995,
              36.40111160300006
            ],
            [
              -83.94120025599995,
              36.395511627000076
            ],
            [
              -83.93109893799993,
              36.39291381800007
            ],
            [
              -83.92479705799997,
              36.38761138900003
            ],
            [
              -83.92099761999998,
              36.38811111500007
            ],
            [
              -83.90729522699996,
              36.399112701000035
            ],
            [
              -83.90349578899998,
              36.40511322000003
            ],
            [
              -83.90589904799998,
              36.40971374500003
            ],
            [
              -83.91079711899994,
              36.41341018700007
            ],
            [
              -83.90579986599994,
              36.413311005000025
            ],
            [
              -83.90369415299995,
              36.417510986000025
            ],
            [
              -83.90539550799997,
              36.42001342800006
            ],
            [
              -83.89389800999999,
              36.41981124900008
            ],
            [
              -83.88919830299994,
              36.424911499000075
            ],
            [
              -83.89129638699995,
              36.42831039400005
            ],
            [
              -83.89069366499996,
              36.43111038200004
            ],
            [
              -83.88459777799994,
              36.42131042500006
            ],
            [
              -83.87429809599996,
              36.43081283600003
            ],
            [
              -83.86069488499999,
              36.43431091300005
            ],
            [
              -83.850494385,
              36.428211212000065
            ],
            [
              -83.84019470199996,
              36.42841339100005
            ],
            [
              -83.83289337199994,
              36.41981124900008
            ],
            [
              -83.82009887699996,
              36.42881393400006
            ],
            [
              -83.806999207,
              36.43501281700003
            ],
            [
              -83.80039977999996,
              36.43231201200007
            ],
            [
              -83.79969787599998,
              36.42881393400006
            ],
            [
              -83.80639648399995,
              36.423213959000066
            ],
            [
              -83.80709838899998,
              36.42041397100007
            ]
          ]
        ]
      }
    },
    {
      "type": "Feature",
      "properties": {
        "STATE": "TN",
        "CWA": "MRX",
        "COUNTYNAME": "Washington",
        "FIPS": "47179",
        "TIME_ZONE": "E"
      },
      "geometry": {
        "type": "Polygon",
        "coordinates": [
          [
            [
              -82.42149352999996,
              36.43891143800005
            ],
            [
              -82.40569305399998,
              36.43661117600004
            ],
            [
              -82.40379333499999,
              36.434013367000034
            ],
            [
              -82.40829467799995,
              36.42641067500006
            ],
            [
              -82.40579986599994,
              36.42261123700007
            ],
            [
              -82.39869689899996,
              36.42231369000007
            ],
            [
              -82.39619445799997,
              36.42501068100006
            ],
            [
              -82.39509582499994,
              36.43041229200003
            ],
            [
              -82.39099883999995,
              36.431510925000055
            ],
            [
              -82.38589477499994,
              36.41981124900008
            ],
            [
              -82.379096985,
              36.41871261600005
            ],
            [
              -82.37469482399996,
              36.42111206100003
            ],
            [
              -82.37429809599996,
              36.41911315900006
            ],
            [
              -82.38229370099998,
              36.41161346400003
            ],
            [
              -82.37569427499994,
              36.407012939000026
            ],
            [
              -82.38679504399994,
              36.39781189000007
            ],
            [
              -82.38779449499998,
              36.39591217000003
            ],
            [
              -82.38669586199995,
              36.39261245700004
            ],
            [
              -82.38409423799999,
              36.39281082200006
            ],
            [
              -82.37009429899996,
              36.40231323200004
            ],
            [
              -82.36699676399996,
              36.402912134000076
            ],
            [
              -82.35099792499994,
              36.40191268900003
            ],
            [
              -82.34809875499997,
              36.401210785000046
            ],
            [
              -82.34619903599997,
              36.39831161500007
            ],
            [
              -82.33719634999994,
              36.401210785000046
            ],
            [
              -82.32989501999998,
              36.39741134600007
            ],
            [
              -82.32369995099998,
              36.39891052200005
            ],
            [
              -82.29989623999995,
              36.39561080900006
            ],
            [
              -82.30019378699996,
              36.37091064500004
            ],
            [
              -82.30179595899995,
              36.365112305000025
            ],
            [
              -82.32740020799997,
              36.29101181000004
            ],
            [
              -82.34129333499999,
              36.26481246900005
            ],
            [
              -82.33959960899995,
              36.25761032100007
            ],
            [
              -82.34089660599994,
              36.25401306200007
            ],
            [
              -82.35269927999997,
              36.246913910000046
            ],
            [
              -82.35769653599993,
              36.24111175500008
            ],
            [
              -82.35679626499996,
              36.231910706000065
            ],
            [
              -82.35819244399994,
              36.22851181000004
            ],
            [
              -82.369499207,
              36.21751403800005
            ],
            [
              -82.36889648399995,
              36.212913513000046
            ],
            [
              -82.37089538599997,
              36.20981216400003
            ],
            [
              -82.39809417699996,
              36.196910858000024
            ],
            [
              -82.40219878999994,
              36.19081115400007
            ],
            [
              -82.40929412799994,
              36.18761062600004
            ],
            [
              -82.41499328599997,
              36.18141174300007
            ],
            [
              -82.41809844999995,
              36.17351150500008
            ],
            [
              -82.41659545899995,
              36.167510986000025
            ],
            [
              -82.42039489699994,
              36.16391372700008
            ],
            [
              -82.42759704599996,
              36.164012909000064
            ],
            [
              -82.43129730199996,
              36.161811829000044
            ],
            [
              -82.43219757099996,
              36.15861129800004
            ],
            [
              -82.43659973099994,
              36.15481185900006
            ],
            [
              -82.48669439099996,
              36.15571212100008
            ],
            [
              -82.52799987799995,
              36.14871215800008
            ],
            [
              -82.59469604499998,
              36.09611129800004
            ],
            [
              -82.638694763,
              36.13861084000007
            ],
            [
              -82.63679504399994,
              36.14311218300003
            ],
            [
              -82.64080047599998,
              36.14711380000006
            ],
            [
              -82.64389800999999,
              36.14561080900006
            ],
            [
              -82.64759826699998,
              36.14631271400003
            ],
            [
              -82.64619445799997,
              36.17661285400004
            ],
            [
              -82.65129852299998,
              36.176910400000054
            ],
            [
              -82.65179443399995,
              36.17881393400006
            ],
            [
              -82.65119934099994,
              36.180713654000044
            ],
            [
              -82.64839935299995,
              36.180713654000044
            ],
            [
              -82.64839935299995,
              36.18491363500004
            ],
            [
              -82.64559936399996,
              36.18671037100006
            ],
            [
              -82.64589691199996,
              36.200412750000055
            ],
            [
              -82.64939880399999,
              36.19931030300006
            ],
            [
              -82.64679717999996,
              36.205513
            ],
            [
              -82.64989471399997,
              36.20691299400005
            ],
            [
              -82.65029907199994,
              36.20991134600007
            ],
            [
              -82.64399719199997,
              36.211311340000066
            ],
            [
              -82.63359832799995,
              36.35581207300004
            ],
            [
              -82.63279724099993,
              36.36011123700007
            ],
            [
              -82.62889862099996,
              36.36001205400004
            ],
            [
              -82.63249969499998,
              36.364212036000026
            ],
            [
              -82.63279724099993,
              36.36891174300007
            ],
            [
              -82.63029479999994,
              36.41351318400007
            ],
            [
              -82.63419341999997,
              36.41351318400007
            ],
            [
              -82.63439941399997,
              36.41801071200007
            ],
            [
              -82.69919586199995,
              36.411811829000044
            ],
            [
              -82.68699645999999,
              36.41921234100005
            ],
            [
              -82.67829894999994,
              36.42241287200005
            ],
            [
              -82.676498413,
              36.42411041300005
            ],
            [
              -82.68049621599994,
              36.43101120000006
            ],
            [
              -82.67429351799996,
              36.436412811000025
            ],
            [
              -82.66289520299995,
              36.442512512000064
            ],
            [
              -82.65799713099995,
              36.43871307400008
            ],
            [
              -82.61089324999995,
              36.429813385000045
            ],
            [
              -82.60149383499999,
              36.42331314100005
            ],
            [
              -82.43849945099998,
              36.44561386100003
            ],
            [
              -82.43669891399998,
              36.43781280500008
            ],
            [
              -82.42079925499996,
              36.446113586000024
            ],
            [
              -82.42149352999996,
              36.43891143800005
            ]
          ]
        ]
      }
    },
    {
      "type": "Feature",
      "properties": {
        "STATE": "TN",
        "CWA": "MRX",
        "COUNTYNAME": "Loudon",
        "FIPS": "47105",
        "TIME_ZONE": "E"
      },
      "geometry": {
        "type": "MultiPolygon",
        "coordinates": [
          [
            [
              [
                -84.52279663099995,
                35.61831283600003
              ],
              [
                -84.52239990199996,
                35.607810974000074
              ],
              [
                -84.52569580099998,
                35.607810974000074
              ],
              [
                -84.52569580099998,
                35.61171340900006
              ],
              [
                -84.54029846199995,
                35.61171340900006
              ],
              [
                -84.54039764399994,
                35.619411469000056
              ],
              [
                -84.52279663099995,
                35.61831283600003
              ]
            ]
          ],
          [
            [
              [
                -84.26899719199997,
                35.89481353800005
              ],
              [
                -84.26599883999995,
                35.894210815000065
              ],
              [
                -84.26349639899996,
                35.89631271400003
              ],
              [
                -84.26039886499996,
                35.89521408100006
              ],
              [
                -84.16579437299998,
                35.80611038200004
              ],
              [
                -84.17259979199997,
                35.804111481000064
              ],
              [
                -84.17359924299996,
                35.800212860000045
              ],
              [
                -84.17099761999998,
                35.79661178600003
              ],
              [
                -84.17149352999996,
                35.782913208000025
              ],
              [
                -84.17929840099998,
                35.76911163300008
              ],
              [
                -84.16339874299996,
                35.765113831000065
              ],
              [
                -84.15199279799998,
                35.75751113900003
              ],
              [
                -84.15399932899999,
                35.75391387900004
              ],
              [
                -84.16739654499997,
                35.74251174900007
              ],
              [
                -84.17199706999997,
                35.731910706000065
              ],
              [
                -84.17109680199997,
                35.726512909000064
              ],
              [
                -84.17279815699999,
                35.71271133400006
              ],
              [
                -84.16059875499997,
                35.69541168200004
              ],
              [
                -84.16209411599993,
                35.687412262000066
              ],
              [
                -84.15869903599997,
                35.68051147500006
              ],
              [
                -84.152893066,
                35.673213959000066
              ],
              [
                -84.14659881599994,
                35.66911315900006
              ],
              [
                -84.14249420199997,
                35.66911315900006
              ],
              [
                -84.13819885299995,
                35.66691207900004
              ],
              [
                -84.13449859599996,
                35.66431045500008
              ],
              [
                -84.13329315199996,
                35.660911560000045
              ],
              [
                -84.13759612999996,
                35.65841293300008
              ],
              [
                -84.13459777799994,
                35.648212433000026
              ],
              [
                -84.14489746099997,
                35.641613007000046
              ],
              [
                -84.14539337199994,
                35.63581085200008
              ],
              [
                -84.15169525099998,
                35.62751388500004
              ],
              [
                -84.18829345699999,
                35.610511780000024
              ],
              [
                -84.19210052499994,
                35.61751174900007
              ],
              [
                -84.21839904799998,
                35.61561203000008
              ],
              [
                -84.22239685099998,
                35.61651229900008
              ],
              [
                -84.22749328599997,
                35.621513367000034
              ],
              [
                -84.23130035399998,
                35.62221145600006
              ],
              [
                -84.24459838899998,
                35.61771392800006
              ],
              [
                -84.25269317599998,
                35.61771392800006
              ],
              [
                -84.25419616699998,
                35.62531280500008
              ],
              [
                -84.24829864499998,
                35.63351059000007
              ],
              [
                -84.25029754599996,
                35.63581085200008
              ],
              [
                -84.254096985,
                35.63581085200008
              ],
              [
                -84.25639343299997,
                35.63281250000006
              ],
              [
                -84.26309966999997,
                35.635513306000064
              ],
              [
                -84.28189849899996,
                35.635513306000064
              ],
              [
                -84.281799316,
                35.64191055300006
              ],
              [
                -84.29759979199997,
                35.64291381800007
              ],
              [
                -84.29489898699995,
                35.65011215200008
              ],
              [
                -84.29119872999996,
                35.65071106000005
              ],
              [
                -84.29159545899995,
                35.65491104100005
              ],
              [
                -84.31689453099995,
                35.66041183500005
              ],
              [
                -84.31739807099996,
                35.672111511000026
              ],
              [
                -84.32639312699996,
                35.67221069300007
              ],
              [
                -84.32649993899997,
                35.66611099200003
              ],
              [
                -84.32979583699995,
                35.66501236000005
              ],
              [
                -84.34409332299998,
                35.665210724000076
              ],
              [
                -84.35279846199995,
                35.66811370800008
              ],
              [
                -84.35759735099998,
                35.662513733000026
              ],
              [
                -84.35749816899994,
                35.65801239000007
              ],
              [
                -84.35399627699996,
                35.65801239000007
              ],
              [
                -84.35459899899996,
                35.65481185900006
              ],
              [
                -84.36209869399994,
                35.653011322000054
              ],
              [
                -84.36219787599998,
                35.64771270800003
              ],
              [
                -84.37049865699998,
                35.64701080300006
              ],
              [
                -84.37129974399994,
                35.643413544000055
              ],
              [
                -84.38549804699994,
                35.63981246900005
              ],
              [
                -84.39799499499998,
                35.64021301300005
              ],
              [
                -84.39789581299993,
                35.651012421000075
              ],
              [
                -84.40649414099994,
                35.651210785000046
              ],
              [
                -84.40649414099994,
                35.654613495000035
              ],
              [
                -84.40219879199998,
                35.65471267700008
              ],
              [
                -84.40649414099994,
                35.66561126700003
              ],
              [
                -84.41409301799996,
                35.66541290300006
              ],
              [
                -84.41709899899996,
                35.66231155400004
              ],
              [
                -84.42639923099995,
                35.66461181600005
              ],
              [
                -84.42719268799993,
                35.672111511000026
              ],
              [
                -84.43679809599996,
                35.67091369600007
              ],
              [
                -84.4375,
                35.66871261600005
              ],
              [
                -84.43579864499998,
                35.66671371500007
              ],
              [
                -84.45709991499996,
                35.66581344600007
              ],
              [
                -84.45749664299996,
                35.65921020500008
              ],
              [
                -84.48679351799996,
                35.65841293300008
              ],
              [
                -84.48729705799997,
                35.655513763000044
              ],
              [
                -84.49549865699998,
                35.65571212800006
              ],
              [
                -84.49619293199999,
                35.65841293300008
              ],
              [
                -84.49959564199997,
                35.65991210900006
              ],
              [
                -84.50009918199999,
                35.66471099900008
              ],
              [
                -84.50429534899996,
                35.66591262800006
              ],
              [
                -84.50459289599996,
                35.651313782000045
              ],
              [
                -84.52219390899995,
                35.65141296400003
              ],
              [
                -84.52249908399995,
                35.64401245100004
              ],
              [
                -84.50949859599996,
                35.64221191400003
              ],
              [
                -84.50919341999997,
                35.63951110800008
              ],
              [
                -84.51339721699998,
                35.63941192600004
              ],
              [
                -84.51349639899996,
                35.636611938000044
              ],
              [
                -84.50999450699999,
                35.636611938000044
              ],
              [
                -84.50859832799995,
                35.629413605000025
              ],
              [
                -84.50039672899999,
                35.628211975000056
              ],
              [
                -84.50349426299994,
                35.62091064500004
              ],
              [
                -84.51379394499997,
                35.62081146200006
              ],
              [
                -84.51689910899995,
                35.62341308600003
              ],
              [
                -84.52589416499995,
                35.62461090100004
              ],
              [
                -84.52599334699994,
                35.62811279300007
              ],
              [
                -84.53399658199999,
                35.62951278700007
              ],
              [
                -84.53529357899998,
                35.63351059000007
              ],
              [
                -84.54019927999997,
                35.63741302500006
              ],
              [
                -84.54859924299996,
                35.64081192000003
              ],
              [
                -84.54969787599998,
                35.63691330000006
              ],
              [
                -84.55789947499994,
                35.637012482000046
              ],
              [
                -84.55839538599997,
                35.63011169400005
              ],
              [
                -84.56689453099995,
                35.62981033300008
              ],
              [
                -84.56799316399997,
                35.63321304300007
              ],
              [
                -84.58429717999996,
                35.63381195100004
              ],
              [
                -84.58439636199995,
                35.65081405600006
              ],
              [
                -84.57579803499993,
                35.65161132800006
              ],
              [
                -84.57539367699997,
                35.65811157200005
              ],
              [
                -84.55339813199998,
                35.658813477000024
              ],
              [
                -84.55339813199998,
                35.66241073600003
              ],
              [
                -84.54979705799997,
                35.66241073600003
              ],
              [
                -84.54879760699998,
                35.66591262800006
              ],
              [
                -84.54029846199995,
                35.66611099200003
              ],
              [
                -84.54039764399994,
                35.670612335000044
              ],
              [
                -84.53099822999997,
                35.67041397100007
              ],
              [
                -84.53079986599994,
                35.67661285400004
              ],
              [
                -84.52189636199995,
                35.67661285400004
              ],
              [
                -84.52189636199995,
                35.68251037600004
              ],
              [
                -84.531799316,
                35.684112549000076
              ],
              [
                -84.53059387199994,
                35.691013336000026
              ],
              [
                -84.52659606899994,
                35.69121170000005
              ],
              [
                -84.52610015899995,
                35.69481277500006
              ],
              [
                -84.52189636199995,
                35.69481277500006
              ],
              [
                -84.52140045199997,
                35.705013275000056
              ],
              [
                -84.51689910899995,
                35.71201324500004
              ],
              [
                -84.51149749799998,
                35.71571350100004
              ],
              [
                -84.494499207,
                35.71631240800008
              ],
              [
                -84.44789886499996,
                35.75901031500007
              ],
              [
                -84.44669341999997,
                35.75551223800005
              ],
              [
                -84.43859863299997,
                35.74921035800003
              ],
              [
                -84.43499755899995,
                35.74831390400004
              ],
              [
                -84.42929840099998,
                35.75001144400005
              ],
              [
                -84.42509460399998,
                35.75511169400005
              ],
              [
                -84.42359924299996,
                35.769210815000065
              ],
              [
                -84.41699981699998,
                35.77611160300006
              ],
              [
                -84.40439605699999,
                35.77651214600007
              ],
              [
                -84.38859558099995,
                35.768310547000056
              ],
              [
                -84.38169860799997,
                35.778411865000066
              ],
              [
                -84.38809966999997,
                35.78221130400004
              ],
              [
                -84.37729644799998,
                35.79041290300006
              ],
              [
                -84.38079833999996,
                35.79681396500007
              ],
              [
                -84.37969970699999,
                35.81741333000008
              ],
              [
                -84.36449432399996,
                35.82551193200004
              ],
              [
                -84.34249877899998,
                35.83321380600006
              ],
              [
                -84.32999420199997,
                35.89271163900003
              ],
              [
                -84.32359313999996,
                35.88691330000006
              ],
              [
                -84.30989837599998,
                35.88831329300007
              ],
              [
                -84.29750060999999,
                35.88491058300008
              ],
              [
                -84.29369354199997,
                35.883312225000054
              ],
              [
                -84.28450012199994,
                35.87511062600004
              ],
              [
                -84.27879333499999,
                35.87771225000006
              ],
              [
                -84.27859497099996,
                35.880413055000076
              ],
              [
                -84.28579711899994,
                35.894313812000064
              ],
              [
                -84.28499603299997,
                35.90011215200008
              ],
              [
                -84.28199768099995,
                35.90271377600004
              ],
              [
                -84.27819824199997,
                35.90241241500007
              ],
              [
                -84.26899719199997,
                35.89481353800005
              ]
            ]
          ]
        ]
      }
    },
    {
      "type": "Feature",
      "properties": {
        "STATE": "TN",
        "CWA": "MRX",
        "COUNTYNAME": "Anderson",
        "FIPS": "47001",
        "TIME_ZONE": "E"
      },
      "geometry": {
        "type": "Polygon",
        "coordinates": [
          [
            [
              -84.02199554399994,
              36.27271270800003
            ],
            [
              -84.00869751,
              36.270812988000046
            ],
            [
              -84.00639343299997,
              36.26561355600006
            ],
            [
              -83.99919891399998,
              36.258312225000054
            ],
            [
              -83.99739837599998,
              36.24961090100004
            ],
            [
              -83.99169921899994,
              36.24141311600005
            ],
            [
              -83.97779846199995,
              36.22751236000005
            ],
            [
              -83.969299316,
              36.210514069000055
            ],
            [
              -83.94169616699998,
              36.186412811000025
            ],
            [
              -83.96189880399999,
              36.17591095000006
            ],
            [
              -83.97139739999994,
              36.167613983000024
            ],
            [
              -83.97609710699999,
              36.16651153600003
            ],
            [
              -83.97579956099997,
              36.16301345800008
            ],
            [
              -83.99539947499994,
              36.14851379400005
            ],
            [
              -83.99939727799995,
              36.144210815000065
            ],
            [
              -83.99899291999998,
              36.141212463000045
            ],
            [
              -84.00119781499995,
              36.13891220100004
            ],
            [
              -84.00859832799995,
              36.13511276200006
            ],
            [
              -84.01529693599997,
              36.134410858000024
            ],
            [
              -84.01709747299998,
              36.12871170000005
            ],
            [
              -84.01969909699994,
              36.12901306200007
            ],
            [
              -84.02869415299995,
              36.122612
            ],
            [
              -84.02989959699994,
              36.11631393400006
            ],
            [
              -84.03639984099993,
              36.11221313500005
            ],
            [
              -84.04380035399998,
              36.11121368400006
            ],
            [
              -84.04519653299997,
              36.10561370800008
            ],
            [
              -84.06319427499994,
              36.09371185300006
            ],
            [
              -84.07239532499995,
              36.08351135300006
            ],
            [
              -84.08189392099996,
              36.07731246900005
            ],
            [
              -84.08589935299995,
              36.07551193200004
            ],
            [
              -84.08849334699994,
              36.076713562000066
            ],
            [
              -84.090393066,
              36.07461166400003
            ],
            [
              -84.09329986599994,
              36.06951141400003
            ],
            [
              -84.09059905999999,
              36.06581115700004
            ],
            [
              -84.06909942599998,
              36.04621124300007
            ],
            [
              -84.05989837599998,
              36.035713196000074
            ],
            [
              -84.06959533699995,
              36.03001403800005
            ],
            [
              -84.07049560499996,
              36.027111053000056
            ],
            [
              -84.07609558099995,
              36.02361297600004
            ],
            [
              -84.07759857199994,
              36.020511627000076
            ],
            [
              -84.10319518999995,
              36.01141357400007
            ],
            [
              -84.10369872999996,
              36.008712769000056
            ],
            [
              -84.11449432399996,
              35.999912262000066
            ],
            [
              -84.12009430199998,
              36.00041198500003
            ],
            [
              -84.13669586199995,
              35.993213654000044
            ],
            [
              -84.13949584999995,
              35.99031066900005
            ],
            [
              -84.14439392099996,
              35.99001312300004
            ],
            [
              -84.14729309099994,
              35.98751068100006
            ],
            [
              -84.15049743699996,
              35.98731231700003
            ],
            [
              -84.15719604499998,
              35.99081039400005
            ],
            [
              -84.16729736299999,
              35.99051284800004
            ],
            [
              -84.19089508099995,
              35.99521255500008
            ],
            [
              -84.19459533699995,
              35.99361038200004
            ],
            [
              -84.19469451899994,
              35.982212067000034
            ],
            [
              -84.19609832799995,
              35.97901153600003
            ],
            [
              -84.19819641099997,
              35.97751236000005
            ],
            [
              -84.21419525099998,
              35.97511291500007
            ],
            [
              -84.21689605699999,
              35.96641159100005
            ],
            [
              -84.22039794899996,
              35.96121215800008
            ],
            [
              -84.215393066,
              35.955913544000055
            ],
            [
              -84.21439361599994,
              35.94751358000008
            ],
            [
              -84.22069549599996,
              35.94571304300007
            ],
            [
              -84.23849487299998,
              35.95521163900003
            ],
            [
              -84.24349975599995,
              35.95521163900003
            ],
            [
              -84.24509429899996,
              35.953411102000075
            ],
            [
              -84.24509429899996,
              35.94961166400003
            ],
            [
              -84.238998413,
              35.94721221900005
            ],
            [
              -84.23849487299998,
              35.93841171300005
            ],
            [
              -84.23600006099997,
              35.93241119400005
            ],
            [
              -84.23690032999997,
              35.93011093100006
            ],
            [
              -84.24309539799998,
              35.929710388000046
            ],
            [
              -84.254096985,
              35.93971252400007
            ],
            [
              -84.26389312699996,
              35.94341278100006
            ],
            [
              -84.26889800999999,
              35.94351196300005
            ],
            [
              -84.27209472699997,
              35.94141387900004
            ],
            [
              -84.27339935299995,
              35.93871307400008
            ],
            [
              -84.27229309099994,
              35.93621063200004
            ],
            [
              -84.25729370099998,
              35.92881393400006
            ],
            [
              -84.25269317599998,
              35.919712067000034
            ],
            [
              -84.25429534899996,
              35.91671371500007
            ],
            [
              -84.26789855999994,
              35.91391372700008
            ],
            [
              -84.27159881599994,
              35.910011292000036
            ],
            [
              -84.28529357899998,
              35.93041229200003
            ],
            [
              -84.32019805899995,
              35.992012024000076
            ],
            [
              -84.340393066,
              36.045612335000044
            ],
            [
              -84.34449768099995,
              36.051910400000054
            ],
            [
              -84.36089324999995,
              36.06981277500006
            ],
            [
              -84.38009643599997,
              36.096012115000065
            ],
            [
              -84.39009857199994,
              36.09921264600007
            ],
            [
              -84.39609527599998,
              36.10491180400004
            ],
            [
              -84.40699768099995,
              36.10431289700006
            ],
            [
              -84.42059326199995,
              36.109611511000026
            ],
            [
              -84.42169952399996,
              36.11531066900005
            ],
            [
              -84.42979431199996,
              36.131511688000046
            ],
            [
              -84.44209289599996,
              36.136310577000074
            ],
            [
              -84.44289398199999,
              36.13991165200008
            ],
            [
              -84.44559478799994,
              36.13851165800003
            ],
            [
              -84.44929504399994,
              36.14101028400006
            ],
            [
              -84.44989776599994,
              36.151012421000075
            ],
            [
              -84.44219970699999,
              36.15491104100005
            ],
            [
              -84.44139862099996,
              36.16361236600005
            ],
            [
              -84.42579650899995,
              36.16501236000005
            ],
            [
              -84.42259979199997,
              36.16901397700008
            ],
            [
              -84.41469573999996,
              36.168510437000066
            ],
            [
              -84.40689849899996,
              36.17461395300006
            ],
            [
              -84.40359497099996,
              36.17501068100006
            ],
            [
              -84.40129852299998,
              36.178211212000065
            ],
            [
              -84.40339660599994,
              36.184612274000074
            ],
            [
              -84.39279937699996,
              36.19391250600006
            ],
            [
              -84.39099883999995,
              36.19851303100006
            ],
            [
              -84.39199829099994,
              36.20201110800008
            ],
            [
              -84.38329315199996,
              36.20721054100005
            ],
            [
              -84.37279510499997,
              36.217113495000035
            ],
            [
              -84.365592957,
              36.21271133400006
            ],
            [
              -84.34849548299997,
              36.21521377600004
            ],
            [
              -84.33039855999994,
              36.20841217000003
            ],
            [
              -84.32459258999995,
              36.20911407500006
            ],
            [
              -84.32189941399997,
              36.210712433000026
            ],
            [
              -84.32449340799997,
              36.212211609000065
            ],
            [
              -84.31799316399997,
              36.21341323900003
            ],
            [
              -84.30059814499998,
              36.22071075400004
            ],
            [
              -84.29719543499994,
              36.21971130400004
            ],
            [
              -84.29179382299998,
              36.21571350100004
            ],
            [
              -84.28569793699995,
              36.20811080900006
            ],
            [
              -84.27209472699997,
              36.19941330000006
            ],
            [
              -84.27149963399995,
              36.19661331200007
            ],
            [
              -84.26399993899997,
              36.188613892000035
            ],
            [
              -84.25879669199998,
              36.18991088900003
            ],
            [
              -84.25089263899997,
              36.18271255500008
            ],
            [
              -84.23979949999995,
              36.17801284800004
            ],
            [
              -84.23019409199998,
              36.182811737000065
            ],
            [
              -84.22869872999996,
              36.18711090100004
            ],
            [
              -84.23089599599996,
              36.19331359900008
            ],
            [
              -84.22979736299999,
              36.201713562000066
            ],
            [
              -84.23359680199997,
              36.20941162100007
            ],
            [
              -84.23179626499996,
              36.214611053000056
            ],
            [
              -84.22689819299995,
              36.21631240800008
            ],
            [
              -84.22569274899996,
              36.21821212800006
            ],
            [
              -84.22939300499996,
              36.22481155400004
            ],
            [
              -84.22819518999995,
              36.239410400000054
            ],
            [
              -84.22639465299994,
              36.24111175500008
            ],
            [
              -84.22799682599998,
              36.24371337900004
            ],
            [
              -84.18269348099994,
              36.239711761000024
            ],
            [
              -84.17079925499996,
              36.24021148700007
            ],
            [
              -84.16219329799998,
              36.23781204200003
            ],
            [
              -84.15099334699994,
              36.237411499000075
            ],
            [
              -84.14139556899994,
              36.234413147000055
            ],
            [
              -84.11299896199995,
              36.23411178600003
            ],
            [
              -84.10479736299999,
              36.231910706000065
            ],
            [
              -84.10299682599998,
              36.22531127900004
            ],
            [
              -84.09449768099995,
              36.22281265300006
            ],
            [
              -84.09239959699994,
              36.22331237800006
            ],
            [
              -84.09219360399999,
              36.22821044900007
            ],
            [
              -84.08879852299998,
              36.229812622000054
            ],
            [
              -84.07609558099995,
              36.227710724000076
            ],
            [
              -84.06990051299994,
              36.23071289100005
            ],
            [
              -84.07039642299998,
              36.237712860000045
            ],
            [
              -84.07579803499993,
              36.24211120600006
            ],
            [
              -84.07569885299995,
              36.24851226800007
            ],
            [
              -84.07409667999997,
              36.251113892000035
            ],
            [
              -84.07029724099993,
              36.25181198100006
            ],
            [
              -84.06299591099997,
              36.24701309200003
            ],
            [
              -84.05749511699997,
              36.24961090100004
            ],
            [
              -84.056999207,
              36.26111221300005
            ],
            [
              -84.04369354199997,
              36.272613525000054
            ],
            [
              -84.04139709499998,
              36.27611160300006
            ],
            [
              -84.04129791299994,
              36.283912659000066
            ],
            [
              -84.03339386,
              36.29071044900007
            ],
            [
              -84.03279876699997,
              36.29301071200007
            ],
            [
              -84.03709411599993,
              36.30011367800006
            ],
            [
              -84.03359985399999,
              36.301712036000026
            ],
            [
              -84.02989959699994,
              36.30061340300006
            ],
            [
              -84.02619934099994,
              36.29631042500006
            ],
            [
              -84.02539825399998,
              36.278011322000054
            ],
            [
              -84.02199554399994,
              36.27271270800003
            ]
          ]
        ]
      }
    },
    {
      "type": "Feature",
      "properties": {
        "STATE": "TN",
        "CWA": "MRX",
        "COUNTYNAME": "Bledsoe",
        "FIPS": "47007",
        "TIME_ZONE": "C"
      },
      "geometry": {
        "type": "Polygon",
        "coordinates": [
          [
            [
              -85.04169464099994,
              35.77101135300006
            ],
            [
              -85.03259277299998,
              35.75931167600004
            ],
            [
              -85.03349304199998,
              35.75011062600004
            ],
            [
              -85.03189849899996,
              35.74681091300005
            ],
            [
              -85.02859497099996,
              35.746410370000035
            ],
            [
              -84.93109893799993,
              35.768013
            ],
            [
              -84.92269897499995,
              35.765113831000065
            ],
            [
              -84.91969299299996,
              35.761611938000044
            ],
            [
              -84.91669464099994,
              35.76151275600006
            ],
            [
              -84.98999786399997,
              35.68101120000006
            ],
            [
              -84.98119354199997,
              35.67941284200003
            ],
            [
              -84.98159789999994,
              35.67481231700003
            ],
            [
              -84.99549865699998,
              35.67571258500004
            ],
            [
              -85.04759979199997,
              35.61861038200004
            ],
            [
              -85.10779571499995,
              35.57051086400003
            ],
            [
              -85.10979461699998,
              35.54151153600003
            ],
            [
              -85.10559844999995,
              35.54881286600005
            ],
            [
              -85.09659576399997,
              35.54521179200003
            ],
            [
              -85.10209655799997,
              35.54411315900006
            ],
            [
              -85.09959411599993,
              35.53431320200008
            ],
            [
              -85.10459899899996,
              35.533912659000066
            ],
            [
              -85.10889434799998,
              35.536811829000044
            ],
            [
              -85.10839843799994,
              35.53151321400003
            ],
            [
              -85.10589599599996,
              35.529510498000036
            ],
            [
              -85.10889434799998,
              35.52701187100007
            ],
            [
              -85.11299896199995,
              35.52461242700008
            ],
            [
              -85.11929321299993,
              35.52901077300004
            ],
            [
              -85.12259674099994,
              35.52611160300006
            ],
            [
              -85.13269805899995,
              35.51331329300007
            ],
            [
              -85.14509582499994,
              35.49211120600006
            ],
            [
              -85.14239501999998,
              35.49261093100006
            ],
            [
              -85.14149475099998,
              35.489013672000056
            ],
            [
              -85.13439941399997,
              35.491012573000035
            ],
            [
              -85.13289642299998,
              35.48671340900006
            ],
            [
              -85.13479614299996,
              35.485511780000024
            ],
            [
              -85.13339996299999,
              35.48391342200006
            ],
            [
              -85.12559509299996,
              35.48151397700008
            ],
            [
              -85.12469482399996,
              35.47901153600003
            ],
            [
              -85.11699676499995,
              35.475811005000025
            ],
            [
              -85.14859771699997,
              35.44581222200003
            ],
            [
              -85.16029357899998,
              35.448013306000064
            ],
            [
              -85.16759490999993,
              35.45491409300007
            ],
            [
              -85.18409728999995,
              35.42811203000008
            ],
            [
              -85.19589996299999,
              35.40361404400005
            ],
            [
              -85.22570037799994,
              35.35461044300007
            ],
            [
              -85.31340026899994,
              35.41661071800007
            ],
            [
              -85.38179779099994,
              35.474010468000074
            ],
            [
              -85.40649414099994,
              35.49671173100006
            ],
            [
              -85.40639495799996,
              35.499813080000024
            ],
            [
              -85.41089630099998,
              35.50591278100006
            ],
            [
              -85.41089630099998,
              35.51031112700008
            ],
            [
              -85.40809631299999,
              35.51231384300007
            ],
            [
              -85.40869903599997,
              35.51561355600006
            ],
            [
              -85.40689849899996,
              35.517112732000044
            ],
            [
              -85.41589355499997,
              35.52181243900003
            ],
            [
              -85.42519378699996,
              35.52921295200008
            ],
            [
              -85.42669677699996,
              35.52791214000007
            ],
            [
              -85.43099975599995,
              35.529510498000036
            ],
            [
              -85.43509674099994,
              35.542312622000054
            ],
            [
              -85.42379760699998,
              35.56671142600004
            ],
            [
              -85.29539489699994,
              35.68801116900005
            ],
            [
              -85.26559448199998,
              35.72151184100005
            ],
            [
              -85.26770019499997,
              35.723213196000074
            ],
            [
              -85.26659393299997,
              35.725612640000065
            ],
            [
              -85.27019500699998,
              35.72901153600003
            ],
            [
              -85.26799774199998,
              35.731010437000066
            ],
            [
              -85.27029418899997,
              35.73301315300006
            ],
            [
              -85.26619720499997,
              35.74021148700007
            ],
            [
              -85.26989746099997,
              35.74671173100006
            ],
            [
              -85.26519775399998,
              35.747310638000044
            ],
            [
              -85.26449584999995,
              35.75031280500008
            ],
            [
              -85.25969695999999,
              35.750411987000064
            ],
            [
              -85.25929260299995,
              35.752811432000044
            ],
            [
              -85.26229858399995,
              35.755313873000034
            ],
            [
              -85.26299285899995,
              35.75811386100003
            ],
            [
              -85.26539611799996,
              35.75911331200007
            ],
            [
              -85.26519775399998,
              35.76101303100006
            ],
            [
              -85.25739288299997,
              35.760913849000076
            ],
            [
              -85.25429534899996,
              35.76561355600006
            ],
            [
              -85.10799407999997,
              35.77001190200008
            ],
            [
              -85.10299682599998,
              35.76971054100005
            ],
            [
              -85.08589935299995,
              35.76101303100006
            ],
            [
              -85.07379913299997,
              35.760513306000064
            ],
            [
              -85.06139373799994,
              35.76761245700004
            ],
            [
              -85.04899597199994,
              35.76741027800006
            ],
            [
              -85.04169464099994,
              35.77101135300006
            ]
          ]
        ]
      }
    },
    {
      "type": "Feature",
      "properties": {
        "STATE": "TN",
        "CWA": "MRX",
        "COUNTYNAME": "Bradley",
        "FIPS": "47011",
        "TIME_ZONE": "E"
      },
      "geometry": {
        "type": "Polygon",
        "coordinates": [
          [
            [
              -84.82249450699999,
              35.32481384300007
            ],
            [
              -84.81819915799997,
              35.324512482000046
            ],
            [
              -84.81049346899994,
              35.32791137700008
            ],
            [
              -84.80679321299993,
              35.32791137700008
            ],
            [
              -84.80389404299996,
              35.32481384300007
            ],
            [
              -84.80319976799996,
              35.318710327000076
            ],
            [
              -84.80139923099995,
              35.31711196900005
            ],
            [
              -84.78329467799995,
              35.31391143800005
            ],
            [
              -84.77869415299995,
              35.30821228000008
            ],
            [
              -84.76499938999996,
              35.299911499000075
            ],
            [
              -84.75650024399994,
              35.29071044900007
            ],
            [
              -84.75209808299996,
              35.288311005000025
            ],
            [
              -84.74869537399996,
              35.28731155400004
            ],
            [
              -84.73339843799994,
              35.29101181000004
            ],
            [
              -84.72709655799997,
              35.29081344600007
            ],
            [
              -84.72480011,
              35.28881073000008
            ],
            [
              -84.72290039099994,
              35.28311157200005
            ],
            [
              -84.72429656999998,
              35.278011322000054
            ],
            [
              -84.72699737499994,
              35.276210785000046
            ],
            [
              -84.73509975099995,
              35.27501297300006
            ],
            [
              -84.74519348099994,
              35.27671051000004
            ],
            [
              -84.75159454299995,
              35.27491378800005
            ],
            [
              -84.75169372599998,
              35.271713257000044
            ],
            [
              -84.74539947499994,
              35.26651382400007
            ],
            [
              -84.74109649699994,
              35.25731277500006
            ],
            [
              -84.73339843799994,
              35.25451278700007
            ],
            [
              -84.72939300499996,
              35.255210876000035
            ],
            [
              -84.71409606899994,
              35.26221084600007
            ],
            [
              -84.70229339599996,
              35.25801086400003
            ],
            [
              -84.69809722899998,
              35.25361251800007
            ],
            [
              -84.69859313999996,
              35.25031280500008
            ],
            [
              -84.70209503199999,
              35.24911117600004
            ],
            [
              -84.71219634999994,
              35.248912811000025
            ],
            [
              -84.71099853499999,
              35.244411469000056
            ],
            [
              -84.70619964599996,
              35.24351120000006
            ],
            [
              -84.70399475099998,
              35.24041366600005
            ],
            [
              -84.70709991499996,
              35.23721313500005
            ],
            [
              -84.71289825399998,
              35.23621368400006
            ],
            [
              -84.71549987799995,
              35.23421096800007
            ],
            [
              -84.71569824199997,
              35.231311798000036
            ],
            [
              -84.71259307899999,
              35.22921371500007
            ],
            [
              -84.69739532499995,
              35.22831344600007
            ],
            [
              -84.70209503199999,
              35.21911239600007
            ],
            [
              -84.70259857199994,
              35.21101379400005
            ],
            [
              -84.69919586199995,
              35.207012177000024
            ],
            [
              -84.69789886499996,
              35.20051193200004
            ],
            [
              -84.70329284699994,
              35.18471145600006
            ],
            [
              -84.69979858399995,
              35.17181396500007
            ],
            [
              -84.74729919399994,
              35.08611297600004
            ],
            [
              -84.73569488499999,
              35.08141326900005
            ],
            [
              -84.748596191,
              35.05881118800005
            ],
            [
              -84.76020049999994,
              35.02421188400007
            ],
            [
              -84.77209472699997,
              35.00061416600005
            ],
            [
              -84.77599334699994,
              34.98791122400007
            ],
            [
              -84.97699737499994,
              34.987712860000045
            ],
            [
              -84.96179962199994,
              35.01571273800005
            ],
            [
              -84.96939849899996,
              35.01871109000007
            ],
            [
              -84.97249603299997,
              35.02201080300006
            ],
            [
              -84.99389648399995,
              35.034812927000075
            ],
            [
              -85.00149536099997,
              35.04571151700003
            ],
            [
              -84.99530029299996,
              35.05791091900005
            ],
            [
              -85.00209808299996,
              35.06221389800004
            ],
            [
              -84.99649810799997,
              35.07551193200004
            ],
            [
              -85.00669860799997,
              35.079113007000046
            ],
            [
              -85.00989532499995,
              35.08381271400003
            ],
            [
              -85.00749969499998,
              35.08781051600005
            ],
            [
              -85.01009368899997,
              35.100013733000026
            ],
            [
              -85.02610015899995,
              35.128211975000056
            ],
            [
              -85.02669525099998,
              35.132110596000075
            ],
            [
              -85.02339935299995,
              35.14891052200005
            ],
            [
              -85.01770019499997,
              35.148410797000054
            ],
            [
              -85.01619720499997,
              35.151313782000045
            ],
            [
              -85.01309966999997,
              35.15221023600003
            ],
            [
              -85.00729370099998,
              35.16431045500008
            ],
            [
              -85.00549316399997,
              35.17261123700007
            ],
            [
              -85.00979614299996,
              35.17511367800006
            ],
            [
              -85.00669860799997,
              35.188312531000065
            ],
            [
              -84.99939727799995,
              35.20231246900005
            ],
            [
              -84.99259948699995,
              35.204113007000046
            ],
            [
              -84.98169708299997,
              35.21891403200004
            ],
            [
              -84.97619628899997,
              35.23381042500006
            ],
            [
              -84.96169280999999,
              35.25481033300008
            ],
            [
              -84.96599578899998,
              35.25971221900005
            ],
            [
              -84.96519470199996,
              35.26251220700004
            ],
            [
              -84.96139526399998,
              35.26281356800007
            ],
            [
              -84.95999908399995,
              35.266613007000046
            ],
            [
              -84.95359802199994,
              35.27241134600007
            ],
            [
              -84.95149993899997,
              35.27811050400004
            ],
            [
              -84.94259643599997,
              35.28221130400004
            ],
            [
              -84.94599914599996,
              35.28761291500007
            ],
            [
              -84.94019317599998,
              35.297710419000055
            ],
            [
              -84.93139648399995,
              35.29421234100005
            ],
            [
              -84.92749786399997,
              35.28891372700008
            ],
            [
              -84.88469695999999,
              35.32861328100006
            ],
            [
              -84.87379455599995,
              35.34921264600007
            ],
            [
              -84.87999725299994,
              35.35211181600005
            ],
            [
              -84.87619781499995,
              35.35761261000005
            ],
            [
              -84.84069824199997,
              35.34171295200008
            ],
            [
              -84.83709716799996,
              35.33921051000004
            ],
            [
              -84.83179473899997,
              35.33131408700007
            ],
            [
              -84.82249450699999,
              35.32481384300007
            ]
          ]
        ]
      }
    },
    {
      "type": "Feature",
      "properties": {
        "STATE": "TN",
        "CWA": "MRX",
        "COUNTYNAME": "Campbell",
        "FIPS": "47013",
        "TIME_ZONE": "E"
      },
      "geometry": {
        "type": "Polygon",
        "coordinates": [
          [
            [
              -84.26129913299997,
              36.592010498000036
            ],
            [
              -84.00989532499995,
              36.59021377600004
            ],
            [
              -83.98629760699998,
              36.58861160300006
            ],
            [
              -83.98249816899994,
              36.585010529000044
            ],
            [
              -83.98419952399996,
              36.578514099000074
            ],
            [
              -83.98399352999996,
              36.56821060200008
            ],
            [
              -83.98289489699994,
              36.562911987000064
            ],
            [
              -83.97819518999995,
              36.55531311000004
            ],
            [
              -83.97919464099994,
              36.55161285400004
            ],
            [
              -83.97619628899997,
              36.54201126100003
            ],
            [
              -83.93649291999998,
              36.460113525000054
            ],
            [
              -83.93029785199997,
              36.460010529000044
            ],
            [
              -83.93000030499996,
              36.45661163300008
            ],
            [
              -83.93239593499999,
              36.45421218900003
            ],
            [
              -83.93159484899996,
              36.44941330000006
            ],
            [
              -83.92419433599997,
              36.437011719000054
            ],
            [
              -83.92229461699998,
              36.42901229900008
            ],
            [
              -83.91209411599993,
              36.42661285400004
            ],
            [
              -83.90729522699996,
              36.429111481000064
            ],
            [
              -83.90059661899994,
              36.42501068100006
            ],
            [
              -83.90169525099998,
              36.420310974000074
            ],
            [
              -83.90539550799997,
              36.42001342800006
            ],
            [
              -83.90369415299995,
              36.417510986000025
            ],
            [
              -83.90579986599994,
              36.413311005000025
            ],
            [
              -83.91079711899994,
              36.41341018700007
            ],
            [
              -83.90589904799998,
              36.40971374500003
            ],
            [
              -83.90349578899998,
              36.40511322000003
            ],
            [
              -83.90509796199996,
              36.40221023700008
            ],
            [
              -83.92099761999998,
              36.38811111500007
            ],
            [
              -83.92479705799997,
              36.38761138900003
            ],
            [
              -83.93109893799993,
              36.39291381800007
            ],
            [
              -83.94120025599995,
              36.395511627000076
            ],
            [
              -83.95049285899995,
              36.40111160300006
            ],
            [
              -83.95279693599997,
              36.39891052200005
            ],
            [
              -83.955795288,
              36.390312195000035
            ],
            [
              -83.95419311499995,
              36.38601303100006
            ],
            [
              -83.95739746099997,
              36.38051223800005
            ],
            [
              -83.95699310299995,
              36.37771225000006
            ],
            [
              -83.95369720499997,
              36.376010895000036
            ],
            [
              -83.94999694799998,
              36.36991119400005
            ],
            [
              -83.95109558099995,
              36.36641311600005
            ],
            [
              -83.95979309099994,
              36.35991287200005
            ],
            [
              -83.95719909699994,
              36.35831069900007
            ],
            [
              -83.96739959699994,
              36.35491180400004
            ],
            [
              -83.96239471399997,
              36.34561157200005
            ],
            [
              -83.96939849899996,
              36.346412659000066
            ],
            [
              -83.97129821799996,
              36.34191131600005
            ],
            [
              -83.96989440899995,
              36.33351135300006
            ],
            [
              -83.97399902299998,
              36.30641174300007
            ],
            [
              -83.97699737499994,
              36.305610657000045
            ],
            [
              -83.97619628899997,
              36.30091095000006
            ],
            [
              -83.97399902299998,
              36.29831314100005
            ],
            [
              -83.98309326199995,
              36.289211273000035
            ],
            [
              -83.98169708299997,
              36.28541183500005
            ],
            [
              -83.98379516599994,
              36.28551101700003
            ],
            [
              -83.98619842499994,
              36.28211212200006
            ],
            [
              -83.99209594699994,
              36.28361129800004
            ],
            [
              -83.99919891399998,
              36.281311035000044
            ],
            [
              -84.00139617899998,
              36.27111053500005
            ],
            [
              -84.01949375099997,
              36.271412233000035
            ],
            [
              -84.02539825399998,
              36.278011322000054
            ],
            [
              -84.02579498299997,
              36.29321289100005
            ],
            [
              -84.02739715599995,
              36.29831314100005
            ],
            [
              -84.03359985399999,
              36.301712036000026
            ],
            [
              -84.03709411599993,
              36.30011367800006
            ],
            [
              -84.03279876699997,
              36.29301071200007
            ],
            [
              -84.03339386,
              36.29071044900007
            ],
            [
              -84.04129791299994,
              36.283912659000066
            ],
            [
              -84.04139709499998,
              36.27611160300006
            ],
            [
              -84.04369354199997,
              36.272613525000054
            ],
            [
              -84.056999207,
              36.26111221300005
            ],
            [
              -84.05749511699997,
              36.24961090100004
            ],
            [
              -84.06299591099997,
              36.24701309200003
            ],
            [
              -84.07029724099993,
              36.25181198100006
            ],
            [
              -84.07409667999997,
              36.251113892000035
            ],
            [
              -84.07569885299995,
              36.24851226800007
            ],
            [
              -84.07579803499993,
              36.24211120600006
            ],
            [
              -84.07039642299998,
              36.237712860000045
            ],
            [
              -84.06990051299994,
              36.23071289100005
            ],
            [
              -84.07609558099995,
              36.227710724000076
            ],
            [
              -84.08879852299998,
              36.229812622000054
            ],
            [
              -84.09219360399999,
              36.22821044900007
            ],
            [
              -84.09239959699994,
              36.22331237800006
            ],
            [
              -84.09449768099995,
              36.22281265300006
            ],
            [
              -84.10299682599998,
              36.22531127900004
            ],
            [
              -84.10479736299999,
              36.231910706000065
            ],
            [
              -84.11299896199995,
              36.23411178600003
            ],
            [
              -84.14139556899994,
              36.234413147000055
            ],
            [
              -84.15099334699994,
              36.237411499000075
            ],
            [
              -84.16219329799998,
              36.23781204200003
            ],
            [
              -84.17079925499996,
              36.24021148700007
            ],
            [
              -84.18269348099994,
              36.239711761000024
            ],
            [
              -84.22799682599998,
              36.24371337900004
            ],
            [
              -84.22639465299994,
              36.24111175500008
            ],
            [
              -84.22819518999995,
              36.239410400000054
            ],
            [
              -84.22939300499996,
              36.22481155400004
            ],
            [
              -84.22569274899996,
              36.21821212800006
            ],
            [
              -84.22689819299995,
              36.21631240800008
            ],
            [
              -84.23179626499996,
              36.214611053000056
            ],
            [
              -84.23359680199997,
              36.20941162100007
            ],
            [
              -84.22979736299999,
              36.201713562000066
            ],
            [
              -84.23089599599996,
              36.19331359900008
            ],
            [
              -84.22869872999996,
              36.18711090100004
            ],
            [
              -84.23019409199998,
              36.182811737000065
            ],
            [
              -84.23979949999995,
              36.17801284800004
            ],
            [
              -84.25089263899997,
              36.18271255500008
            ],
            [
              -84.25879669199998,
              36.18991088900003
            ],
            [
              -84.26399993899997,
              36.188613892000035
            ],
            [
              -84.27519988999995,
              36.20231246900005
            ],
            [
              -84.28569793699995,
              36.20811080900006
            ],
            [
              -84.29179382299998,
              36.21571350100004
            ],
            [
              -84.30059814499998,
              36.22071075400004
            ],
            [
              -84.31799316399997,
              36.21341323900003
            ],
            [
              -84.32449340799997,
              36.212211609000065
            ],
            [
              -84.32189941399997,
              36.210712433000026
            ],
            [
              -84.32629394499997,
              36.20861053500005
            ],
            [
              -84.33229827899999,
              36.20861053500005
            ],
            [
              -84.33449554399994,
              36.21061325100004
            ],
            [
              -84.34849548299997,
              36.21521377600004
            ],
            [
              -84.365592957,
              36.21271133400006
            ],
            [
              -84.36929321299993,
              36.21431350700004
            ],
            [
              -84.37279510499997,
              36.217113495000035
            ],
            [
              -84.37289428699995,
              36.22161102300004
            ],
            [
              -84.36899566699998,
              36.22861099200003
            ],
            [
              -84.37549591099997,
              36.23811340300006
            ],
            [
              -84.37409973099994,
              36.247612
            ],
            [
              -84.37639617899998,
              36.25261306800007
            ],
            [
              -84.37599945099998,
              36.25991058300008
            ],
            [
              -84.37319946299993,
              36.26441192600004
            ],
            [
              -84.36439514199998,
              36.26881408700007
            ],
            [
              -84.36119842499994,
              36.27231216400003
            ],
            [
              -84.34539794899996,
              36.27751159700006
            ],
            [
              -84.33439636199995,
              36.278011322000054
            ],
            [
              -84.33029937699996,
              36.28441238400006
            ],
            [
              -84.33309936499995,
              36.364410400000054
            ],
            [
              -84.32839965799997,
              36.36281204200003
            ],
            [
              -84.32709503199999,
              36.367012024000076
            ],
            [
              -84.33349609399994,
              36.37291336100003
            ],
            [
              -84.33110046399997,
              36.37461090100004
            ],
            [
              -84.33359527599998,
              36.37871170000005
            ],
            [
              -84.33189392099996,
              36.38501358000008
            ],
            [
              -84.33389282199994,
              36.38841247600004
            ],
            [
              -84.32599639899996,
              36.39061355600006
            ],
            [
              -84.32019805899995,
              36.38471221900005
            ],
            [
              -84.31409454299995,
              36.38271331800007
            ],
            [
              -84.31239318799999,
              36.38451385500008
            ],
            [
              -84.32249450699999,
              36.39321136500007
            ],
            [
              -84.32589721699998,
              36.39831161500007
            ],
            [
              -84.32740020799997,
              36.39631271400003
            ],
            [
              -84.32740020799997,
              36.40241241500007
            ],
            [
              -84.33009338399995,
              36.405513763000044
            ],
            [
              -84.33739471399997,
              36.412212372000056
            ],
            [
              -84.34469604499998,
              36.41571044900007
            ],
            [
              -84.34579467799995,
              36.43541336100003
            ],
            [
              -84.34349822999997,
              36.441913605000025
            ],
            [
              -84.34929656999998,
              36.45361328100006
            ],
            [
              -84.35569763199999,
              36.457111359000066
            ],
            [
              -84.35309600799997,
              36.46391296400003
            ],
            [
              -84.35029602099996,
              36.46611022900004
            ],
            [
              -84.34089660599994,
              36.466812134000065
            ],
            [
              -84.34179687499994,
              36.46971130400004
            ],
            [
              -84.33789825399998,
              36.475410461000024
            ],
            [
              -84.33849334699994,
              36.480911255000024
            ],
            [
              -84.33599853499999,
              36.48511123700007
            ],
            [
              -84.33769988999995,
              36.48711395300006
            ],
            [
              -84.33729553199998,
              36.49061203000008
            ],
            [
              -84.33499908399995,
              36.49371337900004
            ],
            [
              -84.33879852299998,
              36.49911117600004
            ],
            [
              -84.32969665499996,
              36.50391387900004
            ],
            [
              -84.33119964599996,
              36.50581359900008
            ],
            [
              -84.33059692399996,
              36.508712769000056
            ],
            [
              -84.32709503199999,
              36.50931167600004
            ],
            [
              -84.31099700899995,
              36.50581359900008
            ],
            [
              -84.301498413,
              36.507110596000075
            ],
            [
              -84.28709411599993,
              36.504310608000026
            ],
            [
              -84.28349304199998,
              36.50481414800004
            ],
            [
              -84.27229309099994,
              36.510913849000076
            ],
            [
              -84.26159667999997,
              36.51221084600007
            ],
            [
              -84.25809478799994,
              36.520111084000064
            ],
            [
              -84.25989532499995,
              36.52661132800006
            ],
            [
              -84.25349426299994,
              36.529613495000035
            ],
            [
              -84.25139617899998,
              36.53271102900004
            ],
            [
              -84.25269317599998,
              36.544513702000074
            ],
            [
              -84.24969482399996,
              36.549312592000035
            ],
            [
              -84.25199890099998,
              36.55751037600004
            ],
            [
              -84.24959564199997,
              36.56411361700003
            ],
            [
              -84.26389312699996,
              36.56821060200008
            ],
            [
              -84.26239776599994,
              36.57161331200007
            ],
            [
              -84.26129913299997,
              36.592010498000036
            ]
          ]
        ]
      }
    },
    {
      "type": "Feature",
      "properties": {
        "STATE": "TN",
        "CWA": "MRX",
        "COUNTYNAME": "Claiborne",
        "FIPS": "47025",
        "TIME_ZONE": "E"
      },
      "geometry": {
        "type": "Polygon",
        "coordinates": [
          [
            [
              -83.62229919399994,
              36.59801101700003
            ],
            [
              -83.47209930399998,
              36.597312927000075
            ],
            [
              -83.43169403099995,
              36.57221221900005
            ],
            [
              -83.39820098899997,
              36.53471374500003
            ],
            [
              -83.38599395799997,
              36.50881195100004
            ],
            [
              -83.36939239499998,
              36.459213257000044
            ],
            [
              -83.37159728999995,
              36.433910370000035
            ],
            [
              -83.37339782699996,
              36.43121337900004
            ],
            [
              -83.37629699699994,
              36.43101120000006
            ],
            [
              -83.37849426299994,
              36.42241287200005
            ],
            [
              -83.38759612999996,
              36.41891098000008
            ],
            [
              -83.38679504399994,
              36.413414001000035
            ],
            [
              -83.38999938999996,
              36.41241073600003
            ],
            [
              -83.39349365199996,
              36.41471099900008
            ],
            [
              -83.41230011,
              36.420310974000074
            ],
            [
              -83.41619872999996,
              36.42011261000005
            ],
            [
              -83.41719818099995,
              36.41741180400004
            ],
            [
              -83.41429901099997,
              36.41321182300004
            ],
            [
              -83.41629791299994,
              36.41171264600007
            ],
            [
              -83.42779540999999,
              36.41811370800008
            ],
            [
              -83.42979431199996,
              36.41591262800006
            ],
            [
              -83.42910003699996,
              36.408512115000065
            ],
            [
              -83.44039916999998,
              36.41211319000007
            ],
            [
              -83.44129943799999,
              36.40261077900004
            ],
            [
              -83.44779968299997,
              36.39741134600007
            ],
            [
              -83.45089721699998,
              36.396713257000044
            ],
            [
              -83.45589446999998,
              36.40281295800003
            ],
            [
              -83.45890045199997,
              36.40111160300006
            ],
            [
              -83.45749664299996,
              36.39731216400003
            ],
            [
              -83.45179748499999,
              36.39481353800005
            ],
            [
              -83.44960021999998,
              36.39071273800005
            ],
            [
              -83.44989776599994,
              36.38771057100007
            ],
            [
              -83.45719909699994,
              36.38641357400007
            ],
            [
              -83.44949340799997,
              36.375610352000024
            ],
            [
              -83.45139312699996,
              36.37351226800007
            ],
            [
              -83.46489715599995,
              36.369411469000056
            ],
            [
              -83.46799468999995,
              36.36981201200007
            ],
            [
              -83.47879791299994,
              36.37891387900004
            ],
            [
              -83.48159789999994,
              36.37971115100004
            ],
            [
              -83.48689269999994,
              36.37751388500004
            ],
            [
              -83.49430084199997,
              36.379310608000026
            ],
            [
              -83.49759674099994,
              36.378211975000056
            ],
            [
              -83.49789428699995,
              36.37511062600004
            ],
            [
              -83.49440002399996,
              36.368213654000044
            ],
            [
              -83.49409484899996,
              36.36531066900005
            ],
            [
              -83.49589538599997,
              36.36261367800006
            ],
            [
              -83.49989318799999,
              36.36221313500005
            ],
            [
              -83.50689697299998,
              36.372612
            ],
            [
              -83.50979614299996,
              36.372612
            ],
            [
              -83.51649475099998,
              36.365112305000025
            ],
            [
              -83.52269744899996,
              36.36581039400005
            ],
            [
              -83.52239990199996,
              36.36291122400007
            ],
            [
              -83.51809692399996,
              36.36251068100006
            ],
            [
              -83.51699829099994,
              36.35991287200005
            ],
            [
              -83.518295288,
              36.357013702000074
            ],
            [
              -83.52439880399999,
              36.358512878000056
            ],
            [
              -83.52790069599996,
              36.365112305000025
            ],
            [
              -83.53109741199995,
              36.36591339100005
            ],
            [
              -83.53260040299995,
              36.362411499000075
            ],
            [
              -83.53170013399995,
              36.355911255000024
            ],
            [
              -83.53319549599996,
              36.35321044900007
            ],
            [
              -83.53699493399995,
              36.352710724000076
            ],
            [
              -83.54369354199997,
              36.357212067000034
            ],
            [
              -83.54889678999996,
              36.36591339100005
            ],
            [
              -83.55179595899995,
              36.36771392800006
            ],
            [
              -83.55249786399997,
              36.36311340300006
            ],
            [
              -83.55559539799998,
              36.36161041300005
            ],
            [
              -83.55839538599997,
              36.36411285400004
            ],
            [
              -83.56039428699995,
              36.37041091900005
            ],
            [
              -83.56299591099997,
              36.372310638000044
            ],
            [
              -83.56739807099996,
              36.37131118800005
            ],
            [
              -83.56889343299997,
              36.36551284800004
            ],
            [
              -83.57389831499995,
              36.363311768000074
            ],
            [
              -83.57799529999994,
              36.36391067500006
            ],
            [
              -83.58570098899997,
              36.36861038200004
            ],
            [
              -83.59229278599997,
              36.36861038200004
            ],
            [
              -83.59459686299994,
              36.36651229900008
            ],
            [
              -83.59679412799994,
              36.35771179200003
            ],
            [
              -83.60739898699995,
              36.35461044300007
            ],
            [
              -83.61539459199997,
              36.345413208000025
            ],
            [
              -83.62719726599994,
              36.342113495000035
            ],
            [
              -83.63729858399995,
              36.33671188400007
            ],
            [
              -83.64309692399996,
              36.33701324500004
            ],
            [
              -83.64709472699997,
              36.339611053000056
            ],
            [
              -83.65129852299998,
              36.33911132800006
            ],
            [
              -83.65529632599998,
              36.333011627000076
            ],
            [
              -83.65929412799994,
              36.33221054100005
            ],
            [
              -83.66219329799998,
              36.333911896000075
            ],
            [
              -83.66319274899996,
              36.34041214000007
            ],
            [
              -83.67749786399997,
              36.35411071800007
            ],
            [
              -83.69079589799998,
              36.360511780000024
            ],
            [
              -83.69639587399996,
              36.36541366600005
            ],
            [
              -83.70249938999996,
              36.36211395300006
            ],
            [
              -83.71170043899997,
              36.34581375100004
            ],
            [
              -83.72149658199999,
              36.343013763000044
            ],
            [
              -83.73249816899994,
              36.345111847000055
            ],
            [
              -83.73859405499996,
              36.35231399500003
            ],
            [
              -83.74489593499999,
              36.353912354000045
            ],
            [
              -83.74579620399999,
              36.35981369000007
            ],
            [
              -83.74399566699998,
              36.36191177400008
            ],
            [
              -83.74469757099996,
              36.36551284800004
            ],
            [
              -83.74289703399995,
              36.36871337900004
            ],
            [
              -83.74839782699996,
              36.37171173100006
            ],
            [
              -83.75099945099998,
              36.37971115100004
            ],
            [
              -83.75839996299999,
              36.385711670000035
            ],
            [
              -83.75999450699999,
              36.39111328100006
            ],
            [
              -83.76549529999994,
              36.396411896000075
            ],
            [
              -83.76529693599997,
              36.39901351900005
            ],
            [
              -83.79469299299996,
              36.413311005000025
            ],
            [
              -83.79609680199997,
              36.41631317100007
            ],
            [
              -83.79319763199999,
              36.41911315900006
            ],
            [
              -83.79269409199998,
              36.42251205400004
            ],
            [
              -83.79570007299998,
              36.42411041300005
            ],
            [
              -83.79959869399994,
              36.422710419000055
            ],
            [
              -83.80109405499996,
              36.41911315900006
            ],
            [
              -83.80389404299996,
              36.41721344000007
            ],
            [
              -83.80709838899998,
              36.42041397100007
            ],
            [
              -83.80639648399995,
              36.423213959000066
            ],
            [
              -83.79969787599998,
              36.42881393400006
            ],
            [
              -83.80039977999996,
              36.43231201200007
            ],
            [
              -83.806999207,
              36.43501281700003
            ],
            [
              -83.82009887699996,
              36.42881393400006
            ],
            [
              -83.83289337199994,
              36.41981124900008
            ],
            [
              -83.84019470199996,
              36.42841339100005
            ],
            [
              -83.850494385,
              36.428211212000065
            ],
            [
              -83.86069488499999,
              36.43431091300005
            ],
            [
              -83.87429809599996,
              36.43081283600003
            ],
            [
              -83.88459777799994,
              36.42131042500006
            ],
            [
              -83.89069366499996,
              36.43111038200004
            ],
            [
              -83.89129638699995,
              36.42831039400005
            ],
            [
              -83.88919830299994,
              36.424911499000075
            ],
            [
              -83.89389800999999,
              36.41981124900008
            ],
            [
              -83.89929962199994,
              36.41931152300003
            ],
            [
              -83.90169525099998,
              36.420310974000074
            ],
            [
              -83.90059661899994,
              36.42501068100006
            ],
            [
              -83.902893066,
              36.42751312300004
            ],
            [
              -83.90729522699996,
              36.429111481000064
            ],
            [
              -83.91209411599993,
              36.42661285400004
            ],
            [
              -83.92229461699998,
              36.42901229900008
            ],
            [
              -83.92419433599997,
              36.437011719000054
            ],
            [
              -83.93159484899996,
              36.44941330000006
            ],
            [
              -83.93239593499999,
              36.45421218900003
            ],
            [
              -83.93000030499996,
              36.45661163300008
            ],
            [
              -83.93029785199997,
              36.460010529000044
            ],
            [
              -83.93649291999998,
              36.460113525000054
            ],
            [
              -83.97619628899997,
              36.54201126100003
            ],
            [
              -83.97919464099994,
              36.55161285400004
            ],
            [
              -83.97819518999995,
              36.55531311000004
            ],
            [
              -83.98289489699994,
              36.562911987000064
            ],
            [
              -83.98399352999996,
              36.56821060200008
            ],
            [
              -83.98419952399996,
              36.578514099000074
            ],
            [
              -83.98249816899994,
              36.585010529000044
            ],
            [
              -83.98629760699998,
              36.58861160300006
            ],
            [
              -83.69039916999998,
              36.583011627000076
            ],
            [
              -83.68289947499994,
              36.59231185900006
            ],
            [
              -83.67599487299998,
              36.59801101700003
            ],
            [
              -83.67489623999995,
              36.60091018700007
            ],
            [
              -83.62229919399994,
              36.59801101700003
            ]
          ]
        ]
      }
    },
    {
      "type": "Feature",
      "properties": {
        "STATE": "TN",
        "CWA": "MRX",
        "COUNTYNAME": "Grainger",
        "FIPS": "47057",
        "TIME_ZONE": "E"
      },
      "geometry": {
        "type": "Polygon",
        "coordinates": [
          [
            [
              -83.39349365199996,
              36.41471099900008
            ],
            [
              -83.38779449499998,
              36.408813477000024
            ],
            [
              -83.38269805899995,
              36.40941238400006
            ],
            [
              -83.35389709499998,
              36.41931152300003
            ],
            [
              -83.34009551999998,
              36.40841293300008
            ],
            [
              -83.32589721699998,
              36.40831375100004
            ],
            [
              -83.32329559299995,
              36.404613495000035
            ],
            [
              -83.31869506799995,
              36.40501022300003
            ],
            [
              -83.31539916999998,
              36.39901351900005
            ],
            [
              -83.30839538599997,
              36.39941406200006
            ],
            [
              -83.30739593499999,
              36.393013
            ],
            [
              -83.30439758299997,
              36.38851165800003
            ],
            [
              -83.28999328599997,
              36.39321136500007
            ],
            [
              -83.27959442099996,
              36.394512177000024
            ],
            [
              -83.27429962199994,
              36.38471221900005
            ],
            [
              -83.28869628899997,
              36.37881088300003
            ],
            [
              -83.28749847399996,
              36.375213623000036
            ],
            [
              -83.28309631299999,
              36.371513367000034
            ],
            [
              -83.27330017099996,
              36.37021255500008
            ],
            [
              -83.26719665499996,
              36.35311126700003
            ],
            [
              -83.26490020799997,
              36.35121154800004
            ],
            [
              -83.26539611799996,
              36.32801055900006
            ],
            [
              -83.27369689899996,
              36.32271194500004
            ],
            [
              -83.27319335899995,
              36.31831359900008
            ],
            [
              -83.26339721699998,
              36.30461120600006
            ],
            [
              -83.25649261499996,
              36.28951263400006
            ],
            [
              -83.26469421399997,
              36.28771209700005
            ],
            [
              -83.26699829099994,
              36.28491210900006
            ],
            [
              -83.26559448199998,
              36.277111053000056
            ],
            [
              -83.26729583699995,
              36.27441024800004
            ],
            [
              -83.27779388399995,
              36.27591323900003
            ],
            [
              -83.27839660599994,
              36.265010834000066
            ],
            [
              -83.28399658199999,
              36.262012482000046
            ],
            [
              -83.29029846199995,
              36.26281356800007
            ],
            [
              -83.29169464099994,
              36.26451110800008
            ],
            [
              -83.29079437299998,
              36.27231216400003
            ],
            [
              -83.29369354199997,
              36.27771377600004
            ],
            [
              -83.29919433599997,
              36.275810242000034
            ],
            [
              -83.30329894999994,
              36.26981353800005
            ],
            [
              -83.30659484899996,
              36.268310547000056
            ],
            [
              -83.30989837599998,
              36.270412445000034
            ],
            [
              -83.31199645999999,
              36.27591323900003
            ],
            [
              -83.31900024399994,
              36.28151321400003
            ],
            [
              -83.31889343299997,
              36.291412354000045
            ],
            [
              -83.32149505599995,
              36.29431152300003
            ],
            [
              -83.32849883999995,
              36.29641342200006
            ],
            [
              -83.33139800999999,
              36.29421234100005
            ],
            [
              -83.33319854699994,
              36.285713196000074
            ],
            [
              -83.34089660599994,
              36.27971267700008
            ],
            [
              -83.34379577599998,
              36.27921295200008
            ],
            [
              -83.35319518999995,
              36.28221130400004
            ],
            [
              -83.35929870599995,
              36.281711578000056
            ],
            [
              -83.36259460399998,
              36.27941131600005
            ],
            [
              -83.36409759499998,
              36.27571106000005
            ],
            [
              -83.36179351799996,
              36.26901245100004
            ],
            [
              -83.36279296899994,
              36.26731109600007
            ],
            [
              -83.36829376199995,
              36.26551055900006
            ],
            [
              -83.38809966999997,
              36.26431274400005
            ],
            [
              -83.39529418899997,
              36.25461196900005
            ],
            [
              -83.41199493399995,
              36.24631118800005
            ],
            [
              -83.42109680199997,
              36.23381042500006
            ],
            [
              -83.42139434799998,
              36.230213165000066
            ],
            [
              -83.41609954799998,
              36.22051239000007
            ],
            [
              -83.42429351799996,
              36.21301269500003
            ],
            [
              -83.43319702099996,
              36.20991134600007
            ],
            [
              -83.43579864499998,
              36.210514069000055
            ],
            [
              -83.43889617899998,
              36.212913513000046
            ],
            [
              -83.43919372599998,
              36.221012115000065
            ],
            [
              -83.44219970699999,
              36.222511292000036
            ],
            [
              -83.44909667999997,
              36.21831131000005
            ],
            [
              -83.45059966999997,
              36.21531295800003
            ],
            [
              -83.45099639899996,
              36.20641326900005
            ],
            [
              -83.45079803499993,
              36.202510834000066
            ],
            [
              -83.44719695999999,
              36.19551086400003
            ],
            [
              -83.44799804699994,
              36.19141387900004
            ],
            [
              -83.45429992699997,
              36.18881225600006
            ],
            [
              -83.46640014599996,
              36.188613892000035
            ],
            [
              -83.46839904799998,
              36.186412811000025
            ],
            [
              -83.46589660599994,
              36.179111481000064
            ],
            [
              -83.46689605699999,
              36.17511367800006
            ],
            [
              -83.48429870599995,
              36.16691207900004
            ],
            [
              -83.49419403099995,
              36.16651153600003
            ],
            [
              -83.50479888899997,
              36.168811798000036
            ],
            [
              -83.51629638699995,
              36.17811202900003
            ],
            [
              -83.52069854699994,
              36.17641067500006
            ],
            [
              -83.52399444599996,
              36.16581344600007
            ],
            [
              -83.52869415299995,
              36.16261291500007
            ],
            [
              -83.53379821799996,
              36.16611099200003
            ],
            [
              -83.53549957299998,
              36.169410706000065
            ],
            [
              -83.53589630099998,
              36.17841339100005
            ],
            [
              -83.53769683799999,
              36.18111038200004
            ],
            [
              -83.54109954799998,
              36.18201065100004
            ],
            [
              -83.54969787599998,
              36.17961120600006
            ],
            [
              -83.55779266399998,
              36.179710388000046
            ],
            [
              -83.56039428699995,
              36.189411163000045
            ],
            [
              -83.56389617899998,
              36.19171142600004
            ],
            [
              -83.56749725299994,
              36.18961334200003
            ],
            [
              -83.56749725299994,
              36.186412811000025
            ],
            [
              -83.56229400599995,
              36.17511367800006
            ],
            [
              -83.56359863299997,
              36.167713165000066
            ],
            [
              -83.56949615499997,
              36.16571044900007
            ],
            [
              -83.58039855999994,
              36.16831207300004
            ],
            [
              -83.58269500699998,
              36.16661071800007
            ],
            [
              -83.58069610599995,
              36.15641403200004
            ],
            [
              -83.58300018299997,
              36.154312134000065
            ],
            [
              -83.58670043899997,
              36.154312134000065
            ],
            [
              -83.58939361599994,
              36.15661239600007
            ],
            [
              -83.58869934099994,
              36.16261291500007
            ],
            [
              -83.59029388399995,
              36.16591262800006
            ],
            [
              -83.59379577599998,
              36.16621398900003
            ],
            [
              -83.59819793699995,
              36.16371154800004
            ],
            [
              -83.60139465299994,
              36.153411865000066
            ],
            [
              -83.60039520299995,
              36.14061355600006
            ],
            [
              -83.60489654499997,
              36.138813019000054
            ],
            [
              -83.61229705799997,
              36.14071273800005
            ],
            [
              -83.60709381099997,
              36.132411957000045
            ],
            [
              -83.60969543499994,
              36.130313873000034
            ],
            [
              -83.61429595899995,
              36.13501358000008
            ],
            [
              -83.61729431199996,
              36.142513275000056
            ],
            [
              -83.62029266399998,
              36.14351272600004
            ],
            [
              -83.62739562999997,
              36.13871383700007
            ],
            [
              -83.63269805899995,
              36.144313812000064
            ],
            [
              -83.63609313999996,
              36.14481353800005
            ],
            [
              -83.63779449499998,
              36.143310547000056
            ],
            [
              -83.63899230999994,
              36.12921142600004
            ],
            [
              -83.63709258999995,
              36.12701034500003
            ],
            [
              -83.62789916999998,
              36.12331390400004
            ],
            [
              -83.62889862099996,
              36.10561370800008
            ],
            [
              -83.63109588599997,
              36.100410461000024
            ],
            [
              -83.64439392099996,
              36.097110748000034
            ],
            [
              -83.652893066,
              36.10161209100005
            ],
            [
              -83.65419769299996,
              36.105113983000024
            ],
            [
              -83.64809417699996,
              36.11221313500005
            ],
            [
              -83.65200042699996,
              36.12471389800004
            ],
            [
              -83.65969848599997,
              36.125610352000024
            ],
            [
              -83.66009521499996,
              36.121410370000035
            ],
            [
              -83.66259765599995,
              36.12111282300003
            ],
            [
              -83.66600036599993,
              36.12201309200003
            ],
            [
              -83.66679382299998,
              36.12571334800003
            ],
            [
              -83.67429351799996,
              36.12511062600004
            ],
            [
              -83.67509460399998,
              36.11741256700003
            ],
            [
              -83.66929626499996,
              36.10141372700008
            ],
            [
              -83.66159820599995,
              36.09321212800006
            ],
            [
              -83.65919494599996,
              36.08781051600005
            ],
            [
              -83.66209411599993,
              36.08221054100005
            ],
            [
              -83.66739654499997,
              36.08071136500007
            ],
            [
              -83.66699981699998,
              36.08621215800008
            ],
            [
              -83.67569732699997,
              36.09811401400003
            ],
            [
              -83.67939758299997,
              36.09871292100007
            ],
            [
              -83.68099975599995,
              36.101512909000064
            ],
            [
              -83.68719482399996,
              36.10231399500003
            ],
            [
              -83.68859863299997,
              36.11211395300006
            ],
            [
              -83.69879913299997,
              36.10981369000007
            ],
            [
              -83.69699859599996,
              36.11591339100005
            ],
            [
              -83.69449615499997,
              36.117210388000046
            ],
            [
              -83.69279479999994,
              36.121612549000076
            ],
            [
              -83.70409393299997,
              36.12171173100006
            ],
            [
              -83.70699310299995,
              36.124912262000066
            ],
            [
              -83.70719909699994,
              36.12831115700004
            ],
            [
              -83.71259307899999,
              36.12881088300003
            ],
            [
              -83.72049713099995,
              36.136310577000074
            ],
            [
              -83.72369384799998,
              36.13751220700004
            ],
            [
              -83.72329711899994,
              36.140312195000035
            ],
            [
              -83.72509765599995,
              36.14241409300007
            ],
            [
              -83.72389984099993,
              36.146610260000045
            ],
            [
              -83.72599792499994,
              36.14961242700008
            ],
            [
              -83.72289276099997,
              36.15191268900003
            ],
            [
              -83.73009490999993,
              36.157913208000025
            ],
            [
              -83.73229980499997,
              36.16461181600005
            ],
            [
              -83.71719360399999,
              36.172111511000026
            ],
            [
              -83.71549987799995,
              36.174312592000035
            ],
            [
              -83.72179412799994,
              36.17681121800007
            ],
            [
              -83.72779846199995,
              36.182212830000026
            ],
            [
              -83.72899627699996,
              36.18601226800007
            ],
            [
              -83.72039794899996,
              36.18911361700003
            ],
            [
              -83.715393066,
              36.19321060200008
            ],
            [
              -83.71949768099995,
              36.19601059000007
            ],
            [
              -83.71779632599998,
              36.19901275600006
            ],
            [
              -83.70029449499998,
              36.207111359000066
            ],
            [
              -83.69359588599997,
              36.23731231700003
            ],
            [
              -83.69499969499998,
              36.250213623000036
            ],
            [
              -83.69689941399997,
              36.25401306200007
            ],
            [
              -83.70389556899994,
              36.250812531000065
            ],
            [
              -83.70209503199999,
              36.27331161500007
            ],
            [
              -83.68879699699994,
              36.28001403800005
            ],
            [
              -83.68560028099995,
              36.28781127900004
            ],
            [
              -83.68629455599995,
              36.289913177000074
            ],
            [
              -83.68239593499999,
              36.292713165000066
            ],
            [
              -83.68339538599997,
              36.29721069300007
            ],
            [
              -83.68909454299995,
              36.296012878000056
            ],
            [
              -83.67659759499998,
              36.32691192600004
            ],
            [
              -83.68179321299993,
              36.331710815000065
            ],
            [
              -83.67429351799996,
              36.337211609000065
            ],
            [
              -83.67159271199995,
              36.33561325100004
            ],
            [
              -83.66679382299998,
              36.34401321400003
            ],
            [
              -83.66319274899996,
              36.34041214000007
            ],
            [
              -83.66219329799998,
              36.333911896000075
            ],
            [
              -83.65929412799994,
              36.33221054100005
            ],
            [
              -83.65529632599998,
              36.333011627000076
            ],
            [
              -83.65129852299998,
              36.33911132800006
            ],
            [
              -83.64709472699997,
              36.339611053000056
            ],
            [
              -83.64309692399996,
              36.33701324500004
            ],
            [
              -83.63729858399995,
              36.33671188400007
            ],
            [
              -83.62719726599994,
              36.342113495000035
            ],
            [
              -83.61539459199997,
              36.345413208000025
            ],
            [
              -83.60739898699995,
              36.35461044300007
            ],
            [
              -83.59679412799994,
              36.35771179200003
            ],
            [
              -83.59459686299994,
              36.36651229900008
            ],
            [
              -83.59229278599997,
              36.36861038200004
            ],
            [
              -83.58570098899997,
              36.36861038200004
            ],
            [
              -83.57799529999994,
              36.36391067500006
            ],
            [
              -83.57389831499995,
              36.363311768000074
            ],
            [
              -83.56889343299997,
              36.36551284800004
            ],
            [
              -83.56739807099996,
              36.37131118800005
            ],
            [
              -83.56299591099997,
              36.372310638000044
            ],
            [
              -83.56039428699995,
              36.37041091900005
            ],
            [
              -83.55839538599997,
              36.36411285400004
            ],
            [
              -83.55559539799998,
              36.36161041300005
            ],
            [
              -83.55249786399997,
              36.36311340300006
            ],
            [
              -83.55179595899995,
              36.36771392800006
            ],
            [
              -83.54889678999996,
              36.36591339100005
            ],
            [
              -83.54369354199997,
              36.357212067000034
            ],
            [
              -83.53699493399995,
              36.352710724000076
            ],
            [
              -83.53319549599996,
              36.35321044900007
            ],
            [
              -83.53170013399995,
              36.355911255000024
            ],
            [
              -83.53260040299995,
              36.362411499000075
            ],
            [
              -83.53109741199995,
              36.36591339100005
            ],
            [
              -83.52790069599996,
              36.365112305000025
            ],
            [
              -83.52439880399999,
              36.358512878000056
            ],
            [
              -83.518295288,
              36.357013702000074
            ],
            [
              -83.51699829099994,
              36.35991287200005
            ],
            [
              -83.51809692399996,
              36.36251068100006
            ],
            [
              -83.52239990199996,
              36.36291122400007
            ],
            [
              -83.52269744899996,
              36.36581039400005
            ],
            [
              -83.51649475099998,
              36.365112305000025
            ],
            [
              -83.50979614299996,
              36.372612
            ],
            [
              -83.50689697299998,
              36.372612
            ],
            [
              -83.49989318799999,
              36.36221313500005
            ],
            [
              -83.49589538599997,
              36.36261367800006
            ],
            [
              -83.49409484899996,
              36.36531066900005
            ],
            [
              -83.49440002399996,
              36.368213654000044
            ],
            [
              -83.49789428699995,
              36.37511062600004
            ],
            [
              -83.49759674099994,
              36.378211975000056
            ],
            [
              -83.49430084199997,
              36.379310608000026
            ],
            [
              -83.48689269999994,
              36.37751388500004
            ],
            [
              -83.48159789999994,
              36.37971115100004
            ],
            [
              -83.47879791299994,
              36.37891387900004
            ],
            [
              -83.47119903599997,
              36.37181091300005
            ],
            [
              -83.46489715599995,
              36.369411469000056
            ],
            [
              -83.45139312699996,
              36.37351226800007
            ],
            [
              -83.44949340799997,
              36.375610352000024
            ],
            [
              -83.45719909699994,
              36.38641357400007
            ],
            [
              -83.44989776599994,
              36.38771057100007
            ],
            [
              -83.45039367699997,
              36.39291381800007
            ],
            [
              -83.45749664299996,
              36.39731216400003
            ],
            [
              -83.45890045199997,
              36.40111160300006
            ],
            [
              -83.45589446999998,
              36.40281295800003
            ],
            [
              -83.45089721699998,
              36.396713257000044
            ],
            [
              -83.44779968299997,
              36.39741134600007
            ],
            [
              -83.44129943799999,
              36.40261077900004
            ],
            [
              -83.44039916999998,
              36.41211319000007
            ],
            [
              -83.42910003699996,
              36.408512115000065
            ],
            [
              -83.42979431199996,
              36.41591262800006
            ],
            [
              -83.42779540999999,
              36.41811370800008
            ],
            [
              -83.41629791299994,
              36.41171264600007
            ],
            [
              -83.41429901099997,
              36.41321182300004
            ],
            [
              -83.41719818099995,
              36.41741180400004
            ],
            [
              -83.41619872999996,
              36.42011261000005
            ],
            [
              -83.41230011,
              36.420310974000074
            ],
            [
              -83.39349365199996,
              36.41471099900008
            ]
          ]
        ]
      }
    },
    {
      "type": "Feature",
      "properties": {
        "STATE": "TN",
        "CWA": "MRX",
        "COUNTYNAME": "Hamblen",
        "FIPS": "47063",
        "TIME_ZONE": "E"
      },
      "geometry": {
        "type": "Polygon",
        "coordinates": [
          [
            [
              -83.15859985399999,
              36.33951187100007
            ],
            [
              -83.15749359099993,
              36.33731079100005
            ],
            [
              -83.15989685099998,
              36.332912445000034
            ],
            [
              -83.14939880399999,
              36.324111938000044
            ],
            [
              -83.14550018299997,
              36.323810577000074
            ],
            [
              -83.14489746099997,
              36.31911087000003
            ],
            [
              -83.14869689899996,
              36.32131195100004
            ],
            [
              -83.15129852299998,
              36.320812225000054
            ],
            [
              -83.15169525099998,
              36.31821060200008
            ],
            [
              -83.14839935299995,
              36.312412262000066
            ],
            [
              -83.13399505599995,
              36.29591369600007
            ],
            [
              -83.12649536099997,
              36.29041290300006
            ],
            [
              -83.12220001199995,
              36.28951263400006
            ],
            [
              -83.12019348099994,
              36.28411102300004
            ],
            [
              -83.10979461699998,
              36.28211212200006
            ],
            [
              -83.10909271199995,
              36.27761077900004
            ],
            [
              -83.10459899899996,
              36.277111053000056
            ],
            [
              -83.10160064699994,
              36.270111084000064
            ],
            [
              -83.09899902299998,
              36.26981353800005
            ],
            [
              -83.09969329799998,
              36.26701355000006
            ],
            [
              -83.10219573999996,
              36.266014099000074
            ],
            [
              -83.10269927999997,
              36.26251220700004
            ],
            [
              -83.09579467799995,
              36.25671386700003
            ],
            [
              -83.09410095199996,
              36.25231170700005
            ],
            [
              -83.09219360399999,
              36.25251388500004
            ],
            [
              -83.08329772899998,
              36.24681091300005
            ],
            [
              -83.08169555699999,
              36.244712830000026
            ],
            [
              -83.08219909699994,
              36.24241256700003
            ],
            [
              -83.09040069599996,
              36.23721313500005
            ],
            [
              -83.09099578899998,
              36.234413147000055
            ],
            [
              -83.09389495799996,
              36.23261261000005
            ],
            [
              -83.09659576399997,
              36.233112335000044
            ],
            [
              -83.09980011,
              36.22921371500007
            ],
            [
              -83.11159515399999,
              36.22091293300008
            ],
            [
              -83.12509918199999,
              36.202510834000066
            ],
            [
              -83.12989807099996,
              36.20401382400007
            ],
            [
              -83.13199615499997,
              36.202613831000065
            ],
            [
              -83.13209533699995,
              36.19991302500006
            ],
            [
              -83.13829803499993,
              36.194911957000045
            ],
            [
              -83.14089965799997,
              36.18821334800003
            ],
            [
              -83.15139770499997,
              36.18421173100006
            ],
            [
              -83.16139221199995,
              36.18351364100005
            ],
            [
              -83.16599273699995,
              36.18111038200004
            ],
            [
              -83.17129516599994,
              36.18171310400004
            ],
            [
              -83.18599700899995,
              36.17631149300007
            ],
            [
              -83.18769836399997,
              36.17041015600006
            ],
            [
              -83.17939758299997,
              36.154613495000035
            ],
            [
              -83.17489623999995,
              36.13201141400003
            ],
            [
              -83.17589569099994,
              36.12661361700003
            ],
            [
              -83.18439483599997,
              36.12531280500008
            ],
            [
              -83.19629669199998,
              36.12991333000008
            ],
            [
              -83.20309448199998,
              36.13871383700007
            ],
            [
              -83.21619415299995,
              36.14951324500004
            ],
            [
              -83.22269439699994,
              36.150611877000074
            ],
            [
              -83.22529602099996,
              36.147613525000054
            ],
            [
              -83.22449493399995,
              36.14271163900003
            ],
            [
              -83.21939849899996,
              36.132213593000074
            ],
            [
              -83.22209930399998,
              36.12341308600003
            ],
            [
              -83.22519683799999,
              36.12181091300005
            ],
            [
              -83.22969818099995,
              36.12241363500004
            ],
            [
              -83.24089813199998,
              36.12641143800005
            ],
            [
              -83.24409484899996,
              36.12571334800003
            ],
            [
              -83.24589538599997,
              36.12281036400003
            ],
            [
              -83.22669982899998,
              36.092113495000035
            ],
            [
              -83.225494385,
              36.08321380600006
            ],
            [
              -83.22819518999995,
              36.08161163300008
            ],
            [
              -83.23639678999996,
              36.08701324500004
            ],
            [
              -83.24149322499994,
              36.099712372000056
            ],
            [
              -83.26009368899997,
              36.12141418500005
            ],
            [
              -83.27369689899996,
              36.130313873000034
            ],
            [
              -83.29369354199997,
              36.138214111000025
            ],
            [
              -83.33059692399996,
              36.14571380600006
            ],
            [
              -83.33179473899997,
              36.14381408700007
            ],
            [
              -83.37400054899996,
              36.15381240800008
            ],
            [
              -83.38819885299995,
              36.15361022900004
            ],
            [
              -83.37870025599995,
              36.14691162100007
            ],
            [
              -83.38109588599997,
              36.145111084000064
            ],
            [
              -83.38439941399997,
              36.14711380000006
            ],
            [
              -83.38679504399994,
              36.142513275000056
            ],
            [
              -83.39059448199998,
              36.14561080900006
            ],
            [
              -83.39089965799997,
              36.151210785000046
            ],
            [
              -83.39379882799994,
              36.155212402000075
            ],
            [
              -83.40859985399999,
              36.15411377000004
            ],
            [
              -83.45839691199996,
              36.155410767000035
            ],
            [
              -83.46689605699999,
              36.17511367800006
            ],
            [
              -83.46589660599994,
              36.179111481000064
            ],
            [
              -83.46839904799998,
              36.186412811000025
            ],
            [
              -83.46640014599996,
              36.188613892000035
            ],
            [
              -83.45429992699997,
              36.18881225600006
            ],
            [
              -83.44799804699994,
              36.19141387900004
            ],
            [
              -83.44719695999999,
              36.19551086400003
            ],
            [
              -83.45079803499993,
              36.202510834000066
            ],
            [
              -83.45099639899996,
              36.20641326900005
            ],
            [
              -83.45059966999997,
              36.21531295800003
            ],
            [
              -83.44909667999997,
              36.21831131000005
            ],
            [
              -83.44219970699999,
              36.222511292000036
            ],
            [
              -83.43919372599998,
              36.221012115000065
            ],
            [
              -83.43889617899998,
              36.212913513000046
            ],
            [
              -83.43579864499998,
              36.210514069000055
            ],
            [
              -83.43319702099996,
              36.20991134600007
            ],
            [
              -83.42429351799996,
              36.21301269500003
            ],
            [
              -83.41609954799998,
              36.22051239000007
            ],
            [
              -83.42139434799998,
              36.230213165000066
            ],
            [
              -83.41949462899998,
              36.236812592000035
            ],
            [
              -83.40999603299997,
              36.24841308600003
            ],
            [
              -83.39529418899997,
              36.25461196900005
            ],
            [
              -83.38809966999997,
              36.26431274400005
            ],
            [
              -83.36829376199995,
              36.26551055900006
            ],
            [
              -83.36279296899994,
              36.26731109600007
            ],
            [
              -83.36179351799996,
              36.26901245100004
            ],
            [
              -83.36409759499998,
              36.27571106000005
            ],
            [
              -83.36259460399998,
              36.27941131600005
            ],
            [
              -83.35619354199997,
              36.28251266500007
            ],
            [
              -83.34379577599998,
              36.27921295200008
            ],
            [
              -83.34089660599994,
              36.27971267700008
            ],
            [
              -83.33319854699994,
              36.285713196000074
            ],
            [
              -83.33139800999999,
              36.29421234100005
            ],
            [
              -83.32849883999995,
              36.29641342200006
            ],
            [
              -83.32149505599995,
              36.29431152300003
            ],
            [
              -83.31889343299997,
              36.291412354000045
            ],
            [
              -83.31900024399994,
              36.28151321400003
            ],
            [
              -83.31199645999999,
              36.27591323900003
            ],
            [
              -83.30989837599998,
              36.270412445000034
            ],
            [
              -83.30659484899996,
              36.268310547000056
            ],
            [
              -83.30329894999994,
              36.26981353800005
            ],
            [
              -83.29919433599997,
              36.275810242000034
            ],
            [
              -83.29369354199997,
              36.27771377600004
            ],
            [
              -83.29149627699996,
              36.275413513000046
            ],
            [
              -83.29199981699998,
              36.26701355000006
            ],
            [
              -83.29029846199995,
              36.26281356800007
            ],
            [
              -83.28099822999997,
              36.26251220700004
            ],
            [
              -83.27839660599994,
              36.265010834000066
            ],
            [
              -83.27779388399995,
              36.27591323900003
            ],
            [
              -83.26729583699995,
              36.27441024800004
            ],
            [
              -83.26559448199998,
              36.277111053000056
            ],
            [
              -83.26699829099994,
              36.28491210900006
            ],
            [
              -83.26469421399997,
              36.28771209700005
            ],
            [
              -83.25649261499996,
              36.28951263400006
            ],
            [
              -83.24169921899994,
              36.283512115000065
            ],
            [
              -83.23329925499996,
              36.28221130400004
            ],
            [
              -83.23159789999994,
              36.284610748000034
            ],
            [
              -83.23209381099997,
              36.28781127900004
            ],
            [
              -83.23989868199999,
              36.29161071800007
            ],
            [
              -83.23909759499998,
              36.29411315900006
            ],
            [
              -83.23059844999995,
              36.29671096800007
            ],
            [
              -83.21809387199994,
              36.293411255000024
            ],
            [
              -83.21499633799993,
              36.29411315900006
            ],
            [
              -83.21089935299995,
              36.30441284200003
            ],
            [
              -83.20069885299995,
              36.30711364700005
            ],
            [
              -83.19659423799999,
              36.311111450000055
            ],
            [
              -83.19799804699994,
              36.31511306800007
            ],
            [
              -83.20149993899997,
              36.31851196300005
            ],
            [
              -83.201194763,
              36.32161331200007
            ],
            [
              -83.19670104999994,
              36.32201385500008
            ],
            [
              -83.17969512899998,
              36.312011719000054
            ],
            [
              -83.17539977999996,
              36.31371307400008
            ],
            [
              -83.17499542199994,
              36.31801223800005
            ],
            [
              -83.18039703399995,
              36.323810577000074
            ],
            [
              -83.18209838899998,
              36.33581161500007
            ],
            [
              -83.17979431199996,
              36.33401107800006
            ],
            [
              -83.178092957,
              36.34101104700005
            ],
            [
              -83.17620086699998,
              36.34151077300004
            ],
            [
              -83.17429351799996,
              36.33891296400003
            ],
            [
              -83.16549682599998,
              36.34221267700008
            ],
            [
              -83.16259765599995,
              36.34531402600004
            ],
            [
              -83.15429687499994,
              36.34231185900006
            ],
            [
              -83.15859985399999,
              36.33951187100007
            ]
          ]
        ]
      }
    },
    {
      "type": "Feature",
      "properties": {
        "STATE": "TN",
        "CWA": "MRX",
        "COUNTYNAME": "Hamilton",
        "FIPS": "47065",
        "TIME_ZONE": "E"
      },
      "geometry": {
        "type": "Polygon",
        "coordinates": [
          [
            [
              -85.12539672899999,
              35.459213257000044
            ],
            [
              -85.123596191,
              35.45601272600004
            ],
            [
              -85.11989593499999,
              35.458011627000076
            ],
            [
              -85.10919952399996,
              35.455013275000056
            ],
            [
              -85.10779571499995,
              35.452812195000035
            ],
            [
              -85.10959625199996,
              35.45031356800007
            ],
            [
              -85.10349273699995,
              35.44511032100007
            ],
            [
              -85.11069488499999,
              35.43721389800004
            ],
            [
              -85.10509490999993,
              35.43331146200006
            ],
            [
              -85.10609435999999,
              35.431812286000024
            ],
            [
              -85.10179901099997,
              35.42881393400006
            ],
            [
              -85.08719634999994,
              35.434612274000074
            ],
            [
              -85.08189392099996,
              35.43051147500006
            ],
            [
              -85.07899475099998,
              35.431911469000056
            ],
            [
              -85.07429504399994,
              35.429813385000045
            ],
            [
              -85.06710052499994,
              35.43681335400004
            ],
            [
              -85.01709747299998,
              35.40971374500003
            ],
            [
              -85.02759551999998,
              35.39811325100004
            ],
            [
              -85.03109741199995,
              35.37991333000008
            ],
            [
              -85.01519775399998,
              35.371913910000046
            ],
            [
              -85.00740051299994,
              35.38301086400003
            ],
            [
              -85.0,
              35.37961196900005
            ],
            [
              -84.990592957,
              35.367210388000046
            ],
            [
              -84.97729492199994,
              35.36061096200007
            ],
            [
              -84.975494385,
              35.35791397100007
            ],
            [
              -84.97499847399996,
              35.34491348300003
            ],
            [
              -84.97099304199998,
              35.33841323900003
            ],
            [
              -84.97139739999994,
              35.32981109600007
            ],
            [
              -84.96629333499999,
              35.31891250600006
            ],
            [
              -84.96689605699999,
              35.312313080000024
            ],
            [
              -84.95739746099997,
              35.29981231700003
            ],
            [
              -84.94789886499996,
              35.29071044900007
            ],
            [
              -84.94259643599997,
              35.28221130400004
            ],
            [
              -84.95149993899997,
              35.27811050400004
            ],
            [
              -84.95359802199994,
              35.27241134600007
            ],
            [
              -84.95999908399995,
              35.266613007000046
            ],
            [
              -84.96139526399998,
              35.26281356800007
            ],
            [
              -84.96519470199996,
              35.26251220700004
            ],
            [
              -84.96599578899998,
              35.25971221900005
            ],
            [
              -84.96169280999999,
              35.25481033300008
            ],
            [
              -84.97109985399999,
              35.24291229200003
            ],
            [
              -84.98169708299997,
              35.21891403200004
            ],
            [
              -84.98989868199999,
              35.20721054100005
            ],
            [
              -84.99569702099996,
              35.202510834000066
            ],
            [
              -84.99939727799995,
              35.20231246900005
            ],
            [
              -85.00259399399994,
              35.19701385500008
            ],
            [
              -85.00899505599995,
              35.18051147500006
            ],
            [
              -85.00979614299996,
              35.17511367800006
            ],
            [
              -85.00549316399997,
              35.17261123700007
            ],
            [
              -85.00939941399997,
              35.15861129800004
            ],
            [
              -85.01249694799998,
              35.155513763000044
            ],
            [
              -85.01309966999997,
              35.15221023600003
            ],
            [
              -85.01619720499997,
              35.151313782000045
            ],
            [
              -85.01770019499997,
              35.148410797000054
            ],
            [
              -85.02339935299995,
              35.14891052200005
            ],
            [
              -85.02659606899994,
              35.13621139500003
            ],
            [
              -85.02610015899995,
              35.128211975000056
            ],
            [
              -85.01009368899997,
              35.100013733000026
            ],
            [
              -85.00749969499998,
              35.08781051600005
            ],
            [
              -85.00989532499995,
              35.08381271400003
            ],
            [
              -85.00669860799997,
              35.079113007000046
            ],
            [
              -84.99649810799997,
              35.07551193200004
            ],
            [
              -85.00209808299996,
              35.06221389800004
            ],
            [
              -84.99530029299996,
              35.05791091900005
            ],
            [
              -85.00149536099997,
              35.04571151700003
            ],
            [
              -84.99389648399995,
              35.034812927000075
            ],
            [
              -84.97249603299997,
              35.02201080300006
            ],
            [
              -84.96939849899996,
              35.01871109000007
            ],
            [
              -84.96179962199994,
              35.01571273800005
            ],
            [
              -84.97699737499994,
              34.987712860000045
            ],
            [
              -85.37969970699999,
              34.98301315300006
            ],
            [
              -85.47429656999998,
              34.98341369600007
            ],
            [
              -85.47480011,
              34.986110687000064
            ],
            [
              -85.46799468999995,
              34.98731231700003
            ],
            [
              -85.45569610599995,
              34.99541091900005
            ],
            [
              -85.44589996299999,
              34.99701309200003
            ],
            [
              -85.42739868199999,
              35.007411957000045
            ],
            [
              -85.41989898699995,
              35.01641082800006
            ],
            [
              -85.41909789999994,
              35.02661132800006
            ],
            [
              -85.41510009799998,
              35.029312134000065
            ],
            [
              -85.40849304199998,
              35.04081344600007
            ],
            [
              -85.39769744899996,
              35.04191207900004
            ],
            [
              -85.39239501999998,
              35.03891372700008
            ],
            [
              -85.38559722899998,
              35.04221344000007
            ],
            [
              -85.38169860799997,
              35.04721069300007
            ],
            [
              -85.37809753399995,
              35.05631256100003
            ],
            [
              -85.36619567899999,
              35.06981277500006
            ],
            [
              -85.36309814499998,
              35.088512421000075
            ],
            [
              -85.36769866899994,
              35.091812134000065
            ],
            [
              -85.36750030499996,
              35.09501266500007
            ],
            [
              -85.37309265099998,
              35.09991073600003
            ],
            [
              -85.38369751,
              35.10581207300004
            ],
            [
              -85.39569854699994,
              35.10561370800008
            ],
            [
              -85.38669586199995,
              35.13411331200007
            ],
            [
              -85.38589477499994,
              35.13861084000007
            ],
            [
              -85.38809966999997,
              35.14471054100005
            ],
            [
              -85.38729858399995,
              35.14721298200004
            ],
            [
              -85.24539947499994,
              35.32011032100007
            ],
            [
              -85.19589996299999,
              35.40361404400005
            ],
            [
              -85.17449951199995,
              35.44531250000006
            ],
            [
              -85.16759490999993,
              35.45491409300007
            ],
            [
              -85.16029357899998,
              35.448013306000064
            ],
            [
              -85.14859771699997,
              35.44581222200003
            ],
            [
              -85.13829803499993,
              35.455913544000055
            ],
            [
              -85.12539672899999,
              35.459213257000044
            ]
          ]
        ]
      }
    },
    {
      "type": "Feature",
      "properties": {
        "STATE": "TN",
        "CWA": "MRX",
        "COUNTYNAME": "Hancock",
        "FIPS": "47067",
        "TIME_ZONE": "E"
      },
      "geometry": {
        "type": "Polygon",
        "coordinates": [
          [
            [
              -83.27629852299998,
              36.598213196000074
            ],
            [
              -83.26119995099998,
              36.59391021700003
            ],
            [
              -82.84409332299998,
              36.59371185300006
            ],
            [
              -82.83529663099995,
              36.59251403800005
            ],
            [
              -82.88359832799995,
              36.57331085200008
            ],
            [
              -82.94979858399995,
              36.54321289100005
            ],
            [
              -82.96009826699998,
              36.55421066300005
            ],
            [
              -82.96659851099997,
              36.553211212000065
            ],
            [
              -82.98259735099998,
              36.54551315300006
            ],
            [
              -82.99029540999999,
              36.56181335400004
            ],
            [
              -82.99710082999997,
              36.559810638000044
            ],
            [
              -83.00550079299995,
              36.56391143800005
            ],
            [
              -83.00979614299996,
              36.56371307400008
            ],
            [
              -83.01509857199994,
              36.56091308600003
            ],
            [
              -83.02749633799993,
              36.55111312900004
            ],
            [
              -83.03409576399997,
              36.549011230000076
            ],
            [
              -83.04049682599998,
              36.551910400000054
            ],
            [
              -83.10379791299994,
              36.521713257000044
            ],
            [
              -83.10489654499997,
              36.518310547000056
            ],
            [
              -83.12369537399996,
              36.51211166400003
            ],
            [
              -83.12539672899999,
              36.509811401000036
            ],
            [
              -83.12439727799995,
              36.506511688000046
            ],
            [
              -83.12789916999998,
              36.50221252400007
            ],
            [
              -83.14439392099996,
              36.49261093100006
            ],
            [
              -83.14550018299997,
              36.489711761000024
            ],
            [
              -83.16289520299995,
              36.478012085000046
            ],
            [
              -83.162994385,
              36.47361373900003
            ],
            [
              -83.16649627699996,
              36.471313477000024
            ],
            [
              -83.16269683799999,
              36.46181106600005
            ],
            [
              -83.17959594699994,
              36.455013275000056
            ],
            [
              -83.17969512899998,
              36.45181274400005
            ],
            [
              -83.1875,
              36.45211410500008
            ],
            [
              -83.19589996299999,
              36.44811248800005
            ],
            [
              -83.19909667999997,
              36.44811248800005
            ],
            [
              -83.20389556899994,
              36.442813873000034
            ],
            [
              -83.20689392099996,
              36.44171142600004
            ],
            [
              -83.20219421399997,
              36.434612274000074
            ],
            [
              -83.19749450699999,
              36.431613922000054
            ],
            [
              -83.19489288299997,
              36.42471313500005
            ],
            [
              -83.22349548299997,
              36.41021347000003
            ],
            [
              -83.25259399399994,
              36.400810242000034
            ],
            [
              -83.28999328599997,
              36.39321136500007
            ],
            [
              -83.30439758299997,
              36.38851165800003
            ],
            [
              -83.30739593499999,
              36.393013
            ],
            [
              -83.30839538599997,
              36.39941406200006
            ],
            [
              -83.31539916999998,
              36.39901351900005
            ],
            [
              -83.31869506799995,
              36.40501022300003
            ],
            [
              -83.32329559299995,
              36.404613495000035
            ],
            [
              -83.32589721699998,
              36.40831375100004
            ],
            [
              -83.34009551999998,
              36.40841293300008
            ],
            [
              -83.35389709499998,
              36.41931152300003
            ],
            [
              -83.38779449499998,
              36.408813477000024
            ],
            [
              -83.38999938999996,
              36.41241073600003
            ],
            [
              -83.38679504399994,
              36.413414001000035
            ],
            [
              -83.38759612999996,
              36.41891098000008
            ],
            [
              -83.37849426299994,
              36.42241287200005
            ],
            [
              -83.37629699699994,
              36.43101120000006
            ],
            [
              -83.37339782699996,
              36.43121337900004
            ],
            [
              -83.37159728999995,
              36.433910370000035
            ],
            [
              -83.36939239499998,
              36.459213257000044
            ],
            [
              -83.38599395799997,
              36.50881195100004
            ],
            [
              -83.39820098899997,
              36.53471374500003
            ],
            [
              -83.43169403099995,
              36.57221221900005
            ],
            [
              -83.47209930399998,
              36.597312927000075
            ],
            [
              -83.27629852299998,
              36.598213196000074
            ]
          ]
        ]
      }
    },
    {
      "type": "Feature",
      "properties": {
        "STATE": "TN",
        "CWA": "MRX",
        "COUNTYNAME": "Hawkins",
        "FIPS": "47073",
        "TIME_ZONE": "E"
      },
      "geometry": {
        "type": "Polygon",
        "coordinates": [
          [
            [
              -82.83149719199997,
              36.59361267100007
            ],
            [
              -82.60869598399995,
              36.59341049200003
            ],
            [
              -82.60019683799999,
              36.577510834000066
            ],
            [
              -82.60160064699994,
              36.57521057100007
            ],
            [
              -82.60889434799998,
              36.57201385500008
            ],
            [
              -82.61309814499998,
              36.57891082800006
            ],
            [
              -82.61599731399997,
              36.579612732000044
            ],
            [
              -82.61729431199996,
              36.57481384300007
            ],
            [
              -82.61729431199996,
              36.56931304900007
            ],
            [
              -82.61249542199994,
              36.562713623000036
            ],
            [
              -82.61539459199997,
              36.559013367000034
            ],
            [
              -82.61549377399996,
              36.55541229200003
            ],
            [
              -82.61229705799997,
              36.54761123700007
            ],
            [
              -82.61069488499999,
              36.51911163300008
            ],
            [
              -82.62749481199995,
              36.51341247600004
            ],
            [
              -82.63049316399997,
              36.50671386700003
            ],
            [
              -82.62889862099996,
              36.502811432000044
            ],
            [
              -82.63069915799997,
              36.50071334800003
            ],
            [
              -82.62699890099998,
              36.49681091300005
            ],
            [
              -82.62889862099996,
              36.494411469000056
            ],
            [
              -82.67789459199997,
              36.47091293300008
            ],
            [
              -82.70149230999994,
              36.45541381800007
            ],
            [
              -82.69599914599996,
              36.44721221900005
            ],
            [
              -82.68909454299995,
              36.442710876000035
            ],
            [
              -82.68739318799999,
              36.43421173100006
            ],
            [
              -82.68049621599994,
              36.43101120000006
            ],
            [
              -82.678092957,
              36.42771148700007
            ],
            [
              -82.676498413,
              36.42411041300005
            ],
            [
              -82.67829894999994,
              36.42241287200005
            ],
            [
              -82.68699645999999,
              36.41921234100005
            ],
            [
              -82.71659851099997,
              36.402111053000056
            ],
            [
              -82.72749328599997,
              36.40401077300004
            ],
            [
              -82.75669860799997,
              36.38341140700004
            ],
            [
              -82.76799774199998,
              36.38231277500006
            ],
            [
              -82.77929687499994,
              36.38721084600007
            ],
            [
              -82.78199768099995,
              36.386611938000044
            ],
            [
              -82.79509735099998,
              36.37461090100004
            ],
            [
              -82.81329345699999,
              36.36371231100003
            ],
            [
              -82.82429504399994,
              36.36851120000006
            ],
            [
              -82.82859802199994,
              36.36651229900008
            ],
            [
              -82.83439636199995,
              36.36841201800007
            ],
            [
              -82.83699798599997,
              36.36761093100006
            ],
            [
              -82.83959960899995,
              36.37011337300004
            ],
            [
              -82.85449981699998,
              36.36081314100005
            ],
            [
              -82.85799407999997,
              36.364810944000055
            ],
            [
              -82.86379241899994,
              36.35911178600003
            ],
            [
              -82.86639404299996,
              36.35901260400004
            ],
            [
              -82.87379455599995,
              36.35351181000004
            ],
            [
              -82.87929534899996,
              36.35401153600003
            ],
            [
              -82.88799285899995,
              36.351512909000064
            ],
            [
              -82.91209411599993,
              36.33041381800007
            ],
            [
              -82.91649627699996,
              36.32921218900003
            ],
            [
              -82.92759704599996,
              36.33381271400003
            ],
            [
              -82.93179321299993,
              36.332012177000024
            ],
            [
              -82.93619537399996,
              36.33461380000006
            ],
            [
              -82.93989562999997,
              36.333312988000046
            ],
            [
              -82.95819854699994,
              36.31821060200008
            ],
            [
              -82.96959686299994,
              36.31371307400008
            ],
            [
              -82.97179412799994,
              36.306510925000055
            ],
            [
              -82.97629547099996,
              36.30501174900007
            ],
            [
              -82.97850036599993,
              36.30011367800006
            ],
            [
              -82.99389648399995,
              36.28701400800003
            ],
            [
              -83.02079772899998,
              36.270111084000064
            ],
            [
              -83.02319335899995,
              36.27271270800003
            ],
            [
              -83.02899932899999,
              36.273811340000066
            ],
            [
              -83.03189849899996,
              36.27661132800006
            ],
            [
              -83.04280090299994,
              36.26741027800006
            ],
            [
              -83.04889678999996,
              36.26571273800005
            ],
            [
              -83.04819488499999,
              36.26251220700004
            ],
            [
              -83.04979705799997,
              36.25971221900005
            ],
            [
              -83.06129455599995,
              36.25231170700005
            ],
            [
              -83.06179809599996,
              36.24781036400003
            ],
            [
              -83.06939697299998,
              36.24631118800005
            ],
            [
              -83.07349395799997,
              36.24261093100006
            ],
            [
              -83.08219909699994,
              36.24241256700003
            ],
            [
              -83.08169555699999,
              36.244712830000026
            ],
            [
              -83.08329772899998,
              36.24681091300005
            ],
            [
              -83.09219360399999,
              36.25251388500004
            ],
            [
              -83.09410095199996,
              36.25231170700005
            ],
            [
              -83.09579467799995,
              36.25671386700003
            ],
            [
              -83.10269927999997,
              36.26251220700004
            ],
            [
              -83.10219573999996,
              36.266014099000074
            ],
            [
              -83.09969329799998,
              36.26701355000006
            ],
            [
              -83.09899902299998,
              36.26981353800005
            ],
            [
              -83.10160064699994,
              36.270111084000064
            ],
            [
              -83.10459899899996,
              36.277111053000056
            ],
            [
              -83.10909271199995,
              36.27761077900004
            ],
            [
              -83.10979461699998,
              36.28211212200006
            ],
            [
              -83.12019348099994,
              36.28411102300004
            ],
            [
              -83.12220001199995,
              36.28951263400006
            ],
            [
              -83.12649536099997,
              36.29041290300006
            ],
            [
              -83.13399505599995,
              36.29591369600007
            ],
            [
              -83.14839935299995,
              36.312412262000066
            ],
            [
              -83.15169525099998,
              36.31821060200008
            ],
            [
              -83.15129852299998,
              36.320812225000054
            ],
            [
              -83.14869689899996,
              36.32131195100004
            ],
            [
              -83.14489746099997,
              36.31911087000003
            ],
            [
              -83.14550018299997,
              36.323810577000074
            ],
            [
              -83.14939880399999,
              36.324111938000044
            ],
            [
              -83.15989685099998,
              36.332912445000034
            ],
            [
              -83.15749359099993,
              36.33731079100005
            ],
            [
              -83.15859985399999,
              36.33951187100007
            ],
            [
              -83.15429687499994,
              36.34231185900006
            ],
            [
              -83.16259765599995,
              36.34531402600004
            ],
            [
              -83.16549682599998,
              36.34221267700008
            ],
            [
              -83.17429351799996,
              36.33891296400003
            ],
            [
              -83.17620086699998,
              36.34151077300004
            ],
            [
              -83.178092957,
              36.34101104700005
            ],
            [
              -83.17979431199996,
              36.33401107800006
            ],
            [
              -83.18209838899998,
              36.33581161500007
            ],
            [
              -83.18229675299995,
              36.332611084000064
            ],
            [
              -83.18039703399995,
              36.323810577000074
            ],
            [
              -83.17499542199994,
              36.31801223800005
            ],
            [
              -83.17539977999996,
              36.31371307400008
            ],
            [
              -83.17969512899998,
              36.312011719000054
            ],
            [
              -83.19670104999994,
              36.32201385500008
            ],
            [
              -83.201194763,
              36.32161331200007
            ],
            [
              -83.20149993899997,
              36.31851196300005
            ],
            [
              -83.19799804699994,
              36.31511306800007
            ],
            [
              -83.19659423799999,
              36.311111450000055
            ],
            [
              -83.20069885299995,
              36.30711364700005
            ],
            [
              -83.21089935299995,
              36.30441284200003
            ],
            [
              -83.21499633799993,
              36.29411315900006
            ],
            [
              -83.21809387199994,
              36.293411255000024
            ],
            [
              -83.23059844999995,
              36.29671096800007
            ],
            [
              -83.23909759499998,
              36.29411315900006
            ],
            [
              -83.23989868199999,
              36.29161071800007
            ],
            [
              -83.23209381099997,
              36.28781127900004
            ],
            [
              -83.23159789999994,
              36.284610748000034
            ],
            [
              -83.23329925499996,
              36.28221130400004
            ],
            [
              -83.24169921899994,
              36.283512115000065
            ],
            [
              -83.25649261499996,
              36.28951263400006
            ],
            [
              -83.26339721699998,
              36.30461120600006
            ],
            [
              -83.27319335899995,
              36.31831359900008
            ],
            [
              -83.27369689899996,
              36.32271194500004
            ],
            [
              -83.26539611799996,
              36.32801055900006
            ],
            [
              -83.26490020799997,
              36.35121154800004
            ],
            [
              -83.26719665499996,
              36.35311126700003
            ],
            [
              -83.27330017099996,
              36.37021255500008
            ],
            [
              -83.28309631299999,
              36.371513367000034
            ],
            [
              -83.28749847399996,
              36.375213623000036
            ],
            [
              -83.28869628899997,
              36.37881088300003
            ],
            [
              -83.27429962199994,
              36.38471221900005
            ],
            [
              -83.27959442099996,
              36.394512177000024
            ],
            [
              -83.25259399399994,
              36.400810242000034
            ],
            [
              -83.22349548299997,
              36.41021347000003
            ],
            [
              -83.19489288299997,
              36.42471313500005
            ],
            [
              -83.19749450699999,
              36.431613922000054
            ],
            [
              -83.20219421399997,
              36.434612274000074
            ],
            [
              -83.20689392099996,
              36.44171142600004
            ],
            [
              -83.20389556899994,
              36.442813873000034
            ],
            [
              -83.19909667999997,
              36.44811248800005
            ],
            [
              -83.19589996299999,
              36.44811248800005
            ],
            [
              -83.1875,
              36.45211410500008
            ],
            [
              -83.17969512899998,
              36.45181274400005
            ],
            [
              -83.17959594699994,
              36.455013275000056
            ],
            [
              -83.16269683799999,
              36.46181106600005
            ],
            [
              -83.16649627699996,
              36.471313477000024
            ],
            [
              -83.162994385,
              36.47361373900003
            ],
            [
              -83.16289520299995,
              36.478012085000046
            ],
            [
              -83.14550018299997,
              36.489711761000024
            ],
            [
              -83.14439392099996,
              36.49261093100006
            ],
            [
              -83.12789916999998,
              36.50221252400007
            ],
            [
              -83.12439727799995,
              36.506511688000046
            ],
            [
              -83.12539672899999,
              36.509811401000036
            ],
            [
              -83.12369537399996,
              36.51211166400003
            ],
            [
              -83.10489654499997,
              36.518310547000056
            ],
            [
              -83.10379791299994,
              36.521713257000044
            ],
            [
              -83.04049682599998,
              36.551910400000054
            ],
            [
              -83.03409576399997,
              36.549011230000076
            ],
            [
              -83.02749633799993,
              36.55111312900004
            ],
            [
              -83.01509857199994,
              36.56091308600003
            ],
            [
              -83.00979614299996,
              36.56371307400008
            ],
            [
              -83.00550079299995,
              36.56391143800005
            ],
            [
              -82.99710082999997,
              36.559810638000044
            ],
            [
              -82.99029540999999,
              36.56181335400004
            ],
            [
              -82.98259735099998,
              36.54551315300006
            ],
            [
              -82.96659851099997,
              36.553211212000065
            ],
            [
              -82.96009826699998,
              36.55421066300005
            ],
            [
              -82.94979858399995,
              36.54321289100005
            ],
            [
              -82.88359832799995,
              36.57331085200008
            ],
            [
              -82.83149719199997,
              36.59361267100007
            ]
          ]
        ]
      }
    },
    {
      "type": "Feature",
      "properties": {
        "STATE": "TN",
        "CWA": "MRX",
        "COUNTYNAME": "Jefferson",
        "FIPS": "47089",
        "TIME_ZONE": "E"
      },
      "geometry": {
        "type": "Polygon",
        "coordinates": [
          [
            [
              -83.55779266399998,
              36.179710388000046
            ],
            [
              -83.54969787599998,
              36.17961120600006
            ],
            [
              -83.54109954799998,
              36.18201065100004
            ],
            [
              -83.53769683799999,
              36.18111038200004
            ],
            [
              -83.53589630099998,
              36.17841339100005
            ],
            [
              -83.53549957299998,
              36.169410706000065
            ],
            [
              -83.53379821799996,
              36.16611099200003
            ],
            [
              -83.52869415299995,
              36.16261291500007
            ],
            [
              -83.52399444599996,
              36.16581344600007
            ],
            [
              -83.51949310299995,
              36.17771148700007
            ],
            [
              -83.51629638699995,
              36.17811202900003
            ],
            [
              -83.50479888899997,
              36.168811798000036
            ],
            [
              -83.49419403099995,
              36.16651153600003
            ],
            [
              -83.48429870599995,
              36.16691207900004
            ],
            [
              -83.46689605699999,
              36.17511367800006
            ],
            [
              -83.45839691199996,
              36.155410767000035
            ],
            [
              -83.40859985399999,
              36.15411377000004
            ],
            [
              -83.39379882799994,
              36.155212402000075
            ],
            [
              -83.39089965799997,
              36.151210785000046
            ],
            [
              -83.39059448199998,
              36.14561080900006
            ],
            [
              -83.38679504399994,
              36.142513275000056
            ],
            [
              -83.38439941399997,
              36.14711380000006
            ],
            [
              -83.38109588599997,
              36.145111084000064
            ],
            [
              -83.37870025599995,
              36.14691162100007
            ],
            [
              -83.38819885299995,
              36.15361022900004
            ],
            [
              -83.37400054899996,
              36.15381240800008
            ],
            [
              -83.33179473899997,
              36.14381408700007
            ],
            [
              -83.33059692399996,
              36.14571380600006
            ],
            [
              -83.29369354199997,
              36.138214111000025
            ],
            [
              -83.27369689899996,
              36.130313873000034
            ],
            [
              -83.25619506799995,
              36.11761093100006
            ],
            [
              -83.24149322499994,
              36.099712372000056
            ],
            [
              -83.23639678999996,
              36.08701324500004
            ],
            [
              -83.24329376199995,
              36.08921051000004
            ],
            [
              -83.25139617899998,
              36.086311340000066
            ],
            [
              -83.25339508099995,
              36.08351135300006
            ],
            [
              -83.25309753399995,
              36.07941055300006
            ],
            [
              -83.24440002399996,
              36.062011719000054
            ],
            [
              -83.23989868199999,
              36.05631256100003
            ],
            [
              -83.24049377399996,
              36.052310944000055
            ],
            [
              -83.24499511699997,
              36.04681396500007
            ],
            [
              -83.25619506799995,
              36.044513702000074
            ],
            [
              -83.26079559299995,
              36.03181076000004
            ],
            [
              -83.25779724099993,
              36.02401351900005
            ],
            [
              -83.25979614299996,
              36.01641082800006
            ],
            [
              -83.25819396999998,
              36.00261306800007
            ],
            [
              -83.26020049999994,
              35.99851226800007
            ],
            [
              -83.26309966999997,
              35.997310638000044
            ],
            [
              -83.26719665499996,
              35.99811172500006
            ],
            [
              -83.27089691199996,
              36.000213623000036
            ],
            [
              -83.27609252899998,
              36.00661087000003
            ],
            [
              -83.28279876699997,
              35.97281265300006
            ],
            [
              -83.28489685099998,
              35.96841049200003
            ],
            [
              -83.28779602099996,
              35.967712402000075
            ],
            [
              -83.28979492199994,
              35.96491241500007
            ],
            [
              -83.28589630099998,
              35.96471023600003
            ],
            [
              -83.28539276099997,
              35.95811080900006
            ],
            [
              -83.29389953599997,
              35.910011292000036
            ],
            [
              -83.29839324999995,
              35.901012421000075
            ],
            [
              -83.30299377399996,
              35.89801025400004
            ],
            [
              -83.30549621599994,
              35.89951324500004
            ],
            [
              -83.31129455599995,
              35.895511627000076
            ],
            [
              -83.32269287099996,
              35.90741348300003
            ],
            [
              -83.33069610599995,
              35.91161346400003
            ],
            [
              -83.33809661899994,
              35.91241073600003
            ],
            [
              -83.35399627699996,
              35.919513702000074
            ],
            [
              -83.36009979199997,
              35.91901397700008
            ],
            [
              -83.36409759499998,
              35.91611099200003
            ],
            [
              -83.37220001199995,
              35.91471099900008
            ],
            [
              -83.39029693599997,
              35.91471099900008
            ],
            [
              -83.39159393299997,
              35.918510437000066
            ],
            [
              -83.38939666699997,
              35.92871093700006
            ],
            [
              -83.39459991499996,
              35.93291091900005
            ],
            [
              -83.40459442099996,
              35.92861175500008
            ],
            [
              -83.41699981699998,
              35.931510925000055
            ],
            [
              -83.42819976799996,
              35.92551040600006
            ],
            [
              -83.43109893799993,
              35.926712036000026
            ],
            [
              -83.43619537399996,
              35.924312592000035
            ],
            [
              -83.43899536099997,
              35.928211212000065
            ],
            [
              -83.44129943799999,
              35.92891311600005
            ],
            [
              -83.44409942599998,
              35.928211212000065
            ],
            [
              -83.44739532499995,
              35.92331314100005
            ],
            [
              -83.44979858399995,
              35.92481231700003
            ],
            [
              -83.45039367699997,
              35.92941284200003
            ],
            [
              -83.45259857199994,
              35.92901229900008
            ],
            [
              -83.45499420199997,
              35.92381286600005
            ],
            [
              -83.45759582499994,
              35.92251205400004
            ],
            [
              -83.46019744899996,
              35.923412323000036
            ],
            [
              -83.46219634999994,
              35.929111481000064
            ],
            [
              -83.46449279799998,
              35.92831039400005
            ],
            [
              -83.46599578899998,
              35.92411041300005
            ],
            [
              -83.46869659399994,
              35.92351150500008
            ],
            [
              -83.47459411599993,
              35.924011230000076
            ],
            [
              -83.47879791299994,
              35.93021392800006
            ],
            [
              -83.48269653299997,
              35.92871093700006
            ],
            [
              -83.49009704599996,
              35.92881393400006
            ],
            [
              -83.48719787599998,
              35.93351364100005
            ],
            [
              -83.48870086699998,
              35.93541336100003
            ],
            [
              -83.50849914599996,
              35.94021225000006
            ],
            [
              -83.51239776599994,
              35.94631195100004
            ],
            [
              -83.51569366499996,
              35.948211670000035
            ],
            [
              -83.51749420199997,
              35.951713562000066
            ],
            [
              -83.51659393299997,
              35.955513
            ],
            [
              -83.52230071999998,
              35.96331405600006
            ],
            [
              -83.60719299299996,
              36.01541137700008
            ],
            [
              -83.61249542199994,
              36.014011383000025
            ],
            [
              -83.61619567899999,
              36.018310547000056
            ],
            [
              -83.65619659399994,
              36.042713165000066
            ],
            [
              -83.65659332299998,
              36.035011292000036
            ],
            [
              -83.65850067099996,
              36.036510468000074
            ],
            [
              -83.66449737499994,
              36.035713196000074
            ],
            [
              -83.67379760699998,
              36.03881073000008
            ],
            [
              -83.67519378699996,
              36.04821014400005
            ],
            [
              -83.67129516599994,
              36.048912048000034
            ],
            [
              -83.67119598399995,
              36.05311203000008
            ],
            [
              -83.68470001199995,
              36.054512024000076
            ],
            [
              -83.68509674099994,
              36.05741119400005
            ],
            [
              -83.69379424999994,
              36.05841064500004
            ],
            [
              -83.69219970699999,
              36.06151199300007
            ],
            [
              -83.69339752199994,
              36.064411163000045
            ],
            [
              -83.69960021999998,
              36.07041168200004
            ],
            [
              -83.70929717999996,
              36.085712433000026
            ],
            [
              -83.70979309099994,
              36.09231185900006
            ],
            [
              -83.70709991499996,
              36.09481048600003
            ],
            [
              -83.69909667999997,
              36.096210480000025
            ],
            [
              -83.69219970699999,
              36.09501266500007
            ],
            [
              -83.67819976799996,
              36.083911896000075
            ],
            [
              -83.67109680199997,
              36.080913544000055
            ],
            [
              -83.66459655799997,
              36.081111908000025
            ],
            [
              -83.65979766799995,
              36.08471298200004
            ],
            [
              -83.65979766799995,
              36.090511322000054
            ],
            [
              -83.66929626499996,
              36.10141372700008
            ],
            [
              -83.67509460399998,
              36.11741256700003
            ],
            [
              -83.67429351799996,
              36.12511062600004
            ],
            [
              -83.66679382299998,
              36.12571334800003
            ],
            [
              -83.66600036599993,
              36.12201309200003
            ],
            [
              -83.66259765599995,
              36.12111282300003
            ],
            [
              -83.66009521499996,
              36.121410370000035
            ],
            [
              -83.65969848599997,
              36.125610352000024
            ],
            [
              -83.65200042699996,
              36.12471389800004
            ],
            [
              -83.64809417699996,
              36.11221313500005
            ],
            [
              -83.65419769299996,
              36.105113983000024
            ],
            [
              -83.652893066,
              36.10161209100005
            ],
            [
              -83.64439392099996,
              36.097110748000034
            ],
            [
              -83.63109588599997,
              36.100410461000024
            ],
            [
              -83.62889862099996,
              36.10561370800008
            ],
            [
              -83.62789916999998,
              36.12331390400004
            ],
            [
              -83.63709258999995,
              36.12701034500003
            ],
            [
              -83.63899230999994,
              36.12921142600004
            ],
            [
              -83.63779449499998,
              36.143310547000056
            ],
            [
              -83.63609313999996,
              36.14481353800005
            ],
            [
              -83.63269805899995,
              36.144313812000064
            ],
            [
              -83.62739562999997,
              36.13871383700007
            ],
            [
              -83.62029266399998,
              36.14351272600004
            ],
            [
              -83.61729431199996,
              36.142513275000056
            ],
            [
              -83.61429595899995,
              36.13501358000008
            ],
            [
              -83.60969543499994,
              36.130313873000034
            ],
            [
              -83.60709381099997,
              36.132411957000045
            ],
            [
              -83.61229705799997,
              36.14071273800005
            ],
            [
              -83.60489654499997,
              36.138813019000054
            ],
            [
              -83.60039520299995,
              36.14061355600006
            ],
            [
              -83.60139465299994,
              36.153411865000066
            ],
            [
              -83.59819793699995,
              36.16371154800004
            ],
            [
              -83.59379577599998,
              36.16621398900003
            ],
            [
              -83.59029388399995,
              36.16591262800006
            ],
            [
              -83.58869934099994,
              36.16261291500007
            ],
            [
              -83.58939361599994,
              36.15661239600007
            ],
            [
              -83.58670043899997,
              36.154312134000065
            ],
            [
              -83.58300018299997,
              36.154312134000065
            ],
            [
              -83.58069610599995,
              36.15641403200004
            ],
            [
              -83.58269500699998,
              36.16661071800007
            ],
            [
              -83.58039855999994,
              36.16831207300004
            ],
            [
              -83.566596985,
              36.16601181000004
            ],
            [
              -83.56219482399996,
              36.17041397100007
            ],
            [
              -83.56229400599995,
              36.17511367800006
            ],
            [
              -83.566596985,
              36.182811737000065
            ],
            [
              -83.56749725299994,
              36.18961334200003
            ],
            [
              -83.56389617899998,
              36.19171142600004
            ],
            [
              -83.56039428699995,
              36.189411163000045
            ],
            [
              -83.55779266399998,
              36.179710388000046
            ]
          ]
        ]
      }
    },
    {
      "type": "Feature",
      "properties": {
        "STATE": "TN",
        "CWA": "MRX",
        "COUNTYNAME": "Johnson",
        "FIPS": "47091",
        "TIME_ZONE": "E"
      },
      "geometry": {
        "type": "Polygon",
        "coordinates": [
          [
            [
              -81.82699584999995,
              36.614013672000056
            ],
            [
              -81.64759826699998,
              36.61171340900006
            ],
            [
              -81.67959594699994,
              36.585910797000054
            ],
            [
              -81.67739868199999,
              36.580810547000056
            ],
            [
              -81.67869567899999,
              36.57821273800005
            ],
            [
              -81.67709350599995,
              36.571411133000026
            ],
            [
              -81.67969512899998,
              36.56891250600006
            ],
            [
              -81.69089508099995,
              36.56801223800005
            ],
            [
              -81.69059753399995,
              36.552310944000055
            ],
            [
              -81.69339752199994,
              36.55051040600006
            ],
            [
              -81.69839477499994,
              36.542713165000066
            ],
            [
              -81.69999694799998,
              36.537513733000026
            ],
            [
              -81.70789337199994,
              36.53551101700003
            ],
            [
              -81.70790100099998,
              36.52441024800004
            ],
            [
              -81.70359802199994,
              36.52181243900003
            ],
            [
              -81.69789886499996,
              36.50801086400003
            ],
            [
              -81.69770049999994,
              36.503211975000056
            ],
            [
              -81.70009612999996,
              36.499511719000054
            ],
            [
              -81.69659423799999,
              36.49251174900007
            ],
            [
              -81.69779968299997,
              36.48801040600006
            ],
            [
              -81.69549560499996,
              36.46841049200003
            ],
            [
              -81.69799804699994,
              36.464714050000055
            ],
            [
              -81.70639800999999,
              36.46261215200008
            ],
            [
              -81.71469879199998,
              36.457912445000034
            ],
            [
              -81.71599578899998,
              36.45571136500007
            ],
            [
              -81.71389770499997,
              36.44751358000008
            ],
            [
              -81.71730041499995,
              36.444610596000075
            ],
            [
              -81.71459960899995,
              36.441612244000055
            ],
            [
              -81.71509551999998,
              36.437713623000036
            ],
            [
              -81.71969604499998,
              36.43431091300005
            ],
            [
              -81.71799468999995,
              36.43001174900007
            ],
            [
              -81.71979522699996,
              36.42421340900006
            ],
            [
              -81.73509979199997,
              36.41261291500007
            ],
            [
              -81.74119567899999,
              36.41211319000007
            ],
            [
              -81.74109649699994,
              36.40261077900004
            ],
            [
              -81.73859405499996,
              36.40111160300006
            ],
            [
              -81.73880004899996,
              36.395412445000034
            ],
            [
              -81.73159789999994,
              36.394512177000024
            ],
            [
              -81.72909545899995,
              36.391613007000046
            ],
            [
              -81.73030090299994,
              36.38451385500008
            ],
            [
              -81.73339843799994,
              36.382110596000075
            ],
            [
              -81.73359680199997,
              36.37891387900004
            ],
            [
              -81.72659301799996,
              36.369312286000024
            ],
            [
              -81.72689819299995,
              36.36621093700006
            ],
            [
              -81.72269439699994,
              36.36061096200007
            ],
            [
              -81.72249603299997,
              36.352813721000075
            ],
            [
              -81.71759796099997,
              36.34801101700003
            ],
            [
              -81.70800018299997,
              36.34611129800004
            ],
            [
              -81.70549774199998,
              36.34151077300004
            ],
            [
              -81.70589446999998,
              36.33901214600007
            ],
            [
              -81.70829772899998,
              36.33521270800003
            ],
            [
              -81.71809387199994,
              36.33611297600004
            ],
            [
              -81.72799682599998,
              36.34141159100005
            ],
            [
              -81.73399352999996,
              36.342113495000035
            ],
            [
              -81.73690032999997,
              36.34221267700008
            ],
            [
              -81.73989868199999,
              36.339611053000056
            ],
            [
              -81.74749755899995,
              36.337512970000034
            ],
            [
              -81.75389862099996,
              36.33711242700008
            ],
            [
              -81.76110076899994,
              36.34021377600004
            ],
            [
              -81.76469421399997,
              36.33911132800006
            ],
            [
              -81.77949523899997,
              36.34831237800006
            ],
            [
              -81.78919982899998,
              36.34851074200003
            ],
            [
              -81.79429626499996,
              36.36191177400008
            ],
            [
              -81.79699706999997,
              36.35911178600003
            ],
            [
              -81.811096191,
              36.35181045500008
            ],
            [
              -81.83389282199994,
              36.34681320200008
            ],
            [
              -81.85260009799998,
              36.33691406200006
            ],
            [
              -81.85519409199998,
              36.33691024800004
            ],
            [
              -81.86569976799996,
              36.328712463000045
            ],
            [
              -81.87999725299994,
              36.313613892000035
            ],
            [
              -81.88699340799997,
              36.30931091300005
            ],
            [
              -81.90009307899999,
              36.30631256100003
            ],
            [
              -81.906799316,
              36.302612305000025
            ],
            [
              -81.93329620399999,
              36.26491165200008
            ],
            [
              -81.94139862099996,
              36.26491165200008
            ],
            [
              -81.95029449499998,
              36.26191330000006
            ],
            [
              -81.95329284699994,
              36.265010834000066
            ],
            [
              -81.95439910899995,
              36.271411896000075
            ],
            [
              -81.96969604499998,
              36.27731323200004
            ],
            [
              -81.97069549599996,
              36.28331375100004
            ],
            [
              -81.97279357899998,
              36.28541183500005
            ],
            [
              -81.98089599599996,
              36.28851318400007
            ],
            [
              -81.98030090299994,
              36.29111099200003
            ],
            [
              -81.98279571499995,
              36.295612335000044
            ],
            [
              -81.98089599599996,
              36.30091095000006
            ],
            [
              -81.98299407999997,
              36.30401229900008
            ],
            [
              -81.98529815699999,
              36.30391311600005
            ],
            [
              -81.98989868199999,
              36.30731201200007
            ],
            [
              -81.98929595899995,
              36.31481170700005
            ],
            [
              -81.99919891399998,
              36.319911957000045
            ],
            [
              -81.99929809599996,
              36.32461166400003
            ],
            [
              -81.99699401899994,
              36.32951355000006
            ],
            [
              -82.00169372599998,
              36.333011627000076
            ],
            [
              -82.00979614299996,
              36.33161163300008
            ],
            [
              -82.01569366499996,
              36.333011627000076
            ],
            [
              -82.02099609399994,
              36.32971191400003
            ],
            [
              -82.02479553199998,
              36.332912445000034
            ],
            [
              -82.02979278599997,
              36.33441162100007
            ],
            [
              -82.02709960899995,
              36.33671188400007
            ],
            [
              -82.02639770499997,
              36.340511322000054
            ],
            [
              -82.03399658199999,
              36.34441375700004
            ],
            [
              -82.031799316,
              36.346412659000066
            ],
            [
              -82.03389739999994,
              36.349010468000074
            ],
            [
              -82.03729247999996,
              36.35121154800004
            ],
            [
              -82.04019927999997,
              36.350410461000024
            ],
            [
              -82.04380035399998,
              36.35411071800007
            ],
            [
              -82.04159545899995,
              36.35731124900008
            ],
            [
              -82.04009246799995,
              36.35571289100005
            ],
            [
              -82.03709411599993,
              36.356113434000065
            ],
            [
              -82.04279327399996,
              36.36311340300006
            ],
            [
              -82.05179595899995,
              36.364212036000026
            ],
            [
              -82.05809783899997,
              36.36771392800006
            ],
            [
              -82.03609466599994,
              36.38581085200008
            ],
            [
              -82.02259826699998,
              36.403011322000054
            ],
            [
              -82.00659942599998,
              36.41661071800007
            ],
            [
              -82.00529479999994,
              36.42221069300007
            ],
            [
              -82.00299835199996,
              36.42481231700003
            ],
            [
              -81.99589538599997,
              36.42631149300007
            ],
            [
              -81.99299621599994,
              36.43501281700003
            ],
            [
              -81.98309326199995,
              36.44131088300003
            ],
            [
              -81.97889709499998,
              36.448211670000035
            ],
            [
              -81.96619415299995,
              36.46261215200008
            ],
            [
              -81.95629882799994,
              36.467712402000075
            ],
            [
              -81.95079803499993,
              36.47261047400008
            ],
            [
              -81.95689392099996,
              36.47631073000008
            ],
            [
              -81.95849609399994,
              36.47941207900004
            ],
            [
              -81.97689819299995,
              36.495311737000065
            ],
            [
              -81.98459625199996,
              36.50051116900005
            ],
            [
              -81.98739623999995,
              36.50031280500008
            ],
            [
              -81.98379516599994,
              36.508312225000054
            ],
            [
              -81.98099517799994,
              36.50911331200007
            ],
            [
              -81.97419738799994,
              36.51581192000003
            ],
            [
              -81.97259521499996,
              36.522911072000056
            ],
            [
              -81.96759796099997,
              36.52591323900003
            ],
            [
              -81.96559905999999,
              36.53001403800005
            ],
            [
              -81.95869445799997,
              36.53451156600005
            ],
            [
              -81.94849395799997,
              36.53821182300004
            ],
            [
              -81.94459533699995,
              36.54301071200007
            ],
            [
              -81.93269348099994,
              36.551513672000056
            ],
            [
              -81.93019866899994,
              36.55431366000005
            ],
            [
              -81.93259429899996,
              36.56251144400005
            ],
            [
              -81.92969512899998,
              36.56621170000005
            ],
            [
              -81.92099761999998,
              36.57201385500008
            ],
            [
              -81.90189361599994,
              36.580913544000055
            ],
            [
              -81.88719940199996,
              36.58131027200005
            ],
            [
              -81.88049316399997,
              36.58371353100006
            ],
            [
              -81.87539672899999,
              36.58801269500003
            ],
            [
              -81.87439727799995,
              36.59771347000003
            ],
            [
              -81.87019348099994,
              36.602611542000034
            ],
            [
              -81.86169433599997,
              36.605911255000024
            ],
            [
              -81.84849548299997,
              36.60331344600007
            ],
            [
              -81.83519744899996,
              36.609310150000056
            ],
            [
              -81.82979583699995,
              36.60891342200006
            ],
            [
              -81.82699584999995,
              36.614013672000056
            ]
          ]
        ]
      }
    },
    {
      "type": "Feature",
      "properties": {
        "STATE": "TN",
        "CWA": "MRX",
        "COUNTYNAME": "Knox",
        "FIPS": "47093",
        "TIME_ZONE": "E"
      },
      "geometry": {
        "type": "Polygon",
        "coordinates": [
          [
            [
              -83.94169616699998,
              36.186412811000025
            ],
            [
              -83.92269897499995,
              36.169410706000065
            ],
            [
              -83.90709686299994,
              36.168613434000065
            ],
            [
              -83.90629577599998,
              36.16591262800006
            ],
            [
              -83.90809631299999,
              36.162910461000024
            ],
            [
              -83.90519714399994,
              36.160911560000045
            ],
            [
              -83.90249633799993,
              36.162513733000026
            ],
            [
              -83.90159606899994,
              36.16571044900007
            ],
            [
              -83.90269470199996,
              36.168510437000066
            ],
            [
              -83.89889526399998,
              36.16891098000008
            ],
            [
              -83.73229980499997,
              36.16461181600005
            ],
            [
              -83.73009490999993,
              36.157913208000025
            ],
            [
              -83.72289276099997,
              36.15191268900003
            ],
            [
              -83.72599792499994,
              36.14961242700008
            ],
            [
              -83.72389984099993,
              36.146610260000045
            ],
            [
              -83.72509765599995,
              36.14241409300007
            ],
            [
              -83.72329711899994,
              36.140312195000035
            ],
            [
              -83.72369384799998,
              36.13751220700004
            ],
            [
              -83.72049713099995,
              36.136310577000074
            ],
            [
              -83.71259307899999,
              36.12881088300003
            ],
            [
              -83.70719909699994,
              36.12831115700004
            ],
            [
              -83.70699310299995,
              36.124912262000066
            ],
            [
              -83.70409393299997,
              36.12171173100006
            ],
            [
              -83.69279479999994,
              36.121612549000076
            ],
            [
              -83.69449615499997,
              36.117210388000046
            ],
            [
              -83.69699859599996,
              36.11591339100005
            ],
            [
              -83.69879913299997,
              36.10981369000007
            ],
            [
              -83.68859863299997,
              36.11211395300006
            ],
            [
              -83.68719482399996,
              36.10231399500003
            ],
            [
              -83.68099975599995,
              36.101512909000064
            ],
            [
              -83.67939758299997,
              36.09871292100007
            ],
            [
              -83.67569732699997,
              36.09811401400003
            ],
            [
              -83.66699981699998,
              36.08621215800008
            ],
            [
              -83.66739654499997,
              36.08071136500007
            ],
            [
              -83.67549896199995,
              36.08221054100005
            ],
            [
              -83.68909454299995,
              36.09331131000005
            ],
            [
              -83.69909667999997,
              36.096210480000025
            ],
            [
              -83.70709991499996,
              36.09481048600003
            ],
            [
              -83.70979309099994,
              36.09231185900006
            ],
            [
              -83.71019744899996,
              36.089611053000056
            ],
            [
              -83.70929717999996,
              36.085712433000026
            ],
            [
              -83.69960021999998,
              36.07041168200004
            ],
            [
              -83.69339752199994,
              36.064411163000045
            ],
            [
              -83.69219970699999,
              36.06151199300007
            ],
            [
              -83.69379424999994,
              36.05841064500004
            ],
            [
              -83.68509674099994,
              36.05741119400005
            ],
            [
              -83.68470001199995,
              36.054512024000076
            ],
            [
              -83.67119598399995,
              36.05311203000008
            ],
            [
              -83.67129516599994,
              36.048912048000034
            ],
            [
              -83.67519378699996,
              36.04821014400005
            ],
            [
              -83.67399597199994,
              36.03621292100007
            ],
            [
              -83.67699432399996,
              36.025611877000074
            ],
            [
              -83.67339324999995,
              36.02551269500003
            ],
            [
              -83.66999816899994,
              36.018413544000055
            ],
            [
              -83.66899871799995,
              36.008712769000056
            ],
            [
              -83.66130065899995,
              35.991611481000064
            ],
            [
              -83.65119934099994,
              35.98871231100003
            ],
            [
              -83.65139770499997,
              35.98631286600005
            ],
            [
              -83.65869903599997,
              35.98631286600005
            ],
            [
              -83.65459442099996,
              35.97191238400006
            ],
            [
              -83.67620086699998,
              35.95381164600008
            ],
            [
              -83.68689727799995,
              35.94941330000006
            ],
            [
              -83.68699645999999,
              35.94551086400003
            ],
            [
              -83.68359374999994,
              35.94131088300003
            ],
            [
              -83.68339538599997,
              35.93761062600004
            ],
            [
              -83.68659973099994,
              35.93781280500008
            ],
            [
              -83.69389343299997,
              35.94431304900007
            ],
            [
              -83.69839477499994,
              35.93951034500003
            ],
            [
              -83.705795288,
              35.93651199300007
            ],
            [
              -83.73320007299998,
              35.919410706000065
            ],
            [
              -83.73909759499998,
              35.917713165000066
            ],
            [
              -83.74079894999994,
              35.92051315300006
            ],
            [
              -83.74349975599995,
              35.92071151700003
            ],
            [
              -83.76419830299994,
              35.91321182300004
            ],
            [
              -83.77399444599996,
              35.904613495000035
            ],
            [
              -83.78429412799994,
              35.89241409300007
            ],
            [
              -83.80859374999994,
              35.88011169400005
            ],
            [
              -83.82919311499995,
              35.86231231700003
            ],
            [
              -83.84319305399998,
              35.84771347000003
            ],
            [
              -83.85269927999997,
              35.84131240800008
            ],
            [
              -83.88769531299994,
              35.84441375700004
            ],
            [
              -83.89609527499994,
              35.848411562000024
            ],
            [
              -83.90749359099993,
              35.84661102300004
            ],
            [
              -83.90729522699996,
              35.85431289700006
            ],
            [
              -83.93249511699997,
              35.86791229200003
            ],
            [
              -83.93959808299996,
              35.86801147500006
            ],
            [
              -83.94619751,
              35.876113892000035
            ],
            [
              -83.95979309099994,
              35.87351226800007
            ],
            [
              -83.96389770499997,
              35.869113922000054
            ],
            [
              -83.97459411599993,
              35.86321258500004
            ],
            [
              -83.98059844999995,
              35.868110657000045
            ],
            [
              -83.98489379899996,
              35.876113892000035
            ],
            [
              -83.99019622799995,
              35.87841033900003
            ],
            [
              -83.99469757099996,
              35.88381195100004
            ],
            [
              -83.99739837599998,
              35.884014130000025
            ],
            [
              -84.00349426299994,
              35.87801361100003
            ],
            [
              -84.00899505599995,
              35.875213623000036
            ],
            [
              -84.02329254199998,
              35.87741088900003
            ],
            [
              -84.02629852299998,
              35.87741088900003
            ],
            [
              -84.02869415299995,
              35.87531280500008
            ],
            [
              -84.02709960899995,
              35.87091064500004
            ],
            [
              -84.01869964599996,
              35.869113922000054
            ],
            [
              -84.01059722899998,
              35.864212036000026
            ],
            [
              -84.00609588599997,
              35.85341262800006
            ],
            [
              -84.00659942599998,
              35.849010468000074
            ],
            [
              -84.01109313999996,
              35.84251022300003
            ],
            [
              -84.02019500699998,
              35.83941268900003
            ],
            [
              -84.02289581299993,
              35.84041214000007
            ],
            [
              -84.02799987799995,
              35.84951400800003
            ],
            [
              -84.03359985399999,
              35.85361099200003
            ],
            [
              -84.046897888,
              35.85251236000005
            ],
            [
              -84.051498413,
              35.84961319000007
            ],
            [
              -84.05229949999995,
              35.84571075400004
            ],
            [
              -84.04999542199994,
              35.83831405600006
            ],
            [
              -84.05079650899995,
              35.832012177000024
            ],
            [
              -84.05669403099995,
              35.827510834000066
            ],
            [
              -84.06669616699998,
              35.83071136500007
            ],
            [
              -84.06979370099998,
              35.83691406200006
            ],
            [
              -84.06919860799997,
              35.84151077300004
            ],
            [
              -84.07079315199996,
              35.84461212200006
            ],
            [
              -84.07999420199997,
              35.85121154800004
            ],
            [
              -84.10559844999995,
              35.84281158400006
            ],
            [
              -84.11729431199996,
              35.832412720000036
            ],
            [
              -84.12109374999994,
              35.831111908000025
            ],
            [
              -84.12569427499994,
              35.83321380600006
            ],
            [
              -84.12619781499995,
              35.835910797000054
            ],
            [
              -84.12249755899995,
              35.84141159100005
            ],
            [
              -84.12269592299998,
              35.84391021700003
            ],
            [
              -84.13209533699995,
              35.850914001000035
            ],
            [
              -84.14449310299995,
              35.849712372000056
            ],
            [
              -84.14689636199995,
              35.84701156600005
            ],
            [
              -84.14559936499995,
              35.84321212800006
            ],
            [
              -84.13579559299995,
              35.83681106600005
            ],
            [
              -84.13430023199999,
              35.834213257000044
            ],
            [
              -84.14209747299998,
              35.82281112700008
            ],
            [
              -84.14259338399995,
              35.81941223100006
            ],
            [
              -84.13769531299994,
              35.808113098000035
            ],
            [
              -84.13939666699997,
              35.80061340300006
            ],
            [
              -84.14229583699995,
              35.797111511000026
            ],
            [
              -84.14669799799998,
              35.79501342800006
            ],
            [
              -84.15239715599995,
              35.793811798000036
            ],
            [
              -84.15869903599997,
              35.79501342800006
            ],
            [
              -84.16869354199997,
              35.80991363500004
            ],
            [
              -84.26039886499996,
              35.89521408100006
            ],
            [
              -84.26349639899996,
              35.89631271400003
            ],
            [
              -84.26839446999998,
              35.90261077900004
            ],
            [
              -84.27159881599994,
              35.910011292000036
            ],
            [
              -84.27009582499994,
              35.912513733000026
            ],
            [
              -84.25789642299998,
              35.915210724000076
            ],
            [
              -84.25429534899996,
              35.91671371500007
            ],
            [
              -84.25269317599998,
              35.919712067000034
            ],
            [
              -84.25729370099998,
              35.92881393400006
            ],
            [
              -84.27229309099994,
              35.93621063200004
            ],
            [
              -84.27339935299995,
              35.93871307400008
            ],
            [
              -84.27209472699997,
              35.94141387900004
            ],
            [
              -84.26609802199994,
              35.943813324000075
            ],
            [
              -84.25719451899994,
              35.941013336000026
            ],
            [
              -84.25189971899994,
              35.93821334800003
            ],
            [
              -84.24699401899994,
              35.93211364700005
            ],
            [
              -84.23929595899995,
              35.929111481000064
            ],
            [
              -84.23600006099997,
              35.93241119400005
            ],
            [
              -84.23849487299998,
              35.93841171300005
            ],
            [
              -84.238998413,
              35.94721221900005
            ],
            [
              -84.24509429899996,
              35.94961166400003
            ],
            [
              -84.24509429899996,
              35.953411102000075
            ],
            [
              -84.24349975599995,
              35.95521163900003
            ],
            [
              -84.23849487299998,
              35.95521163900003
            ],
            [
              -84.22069549599996,
              35.94571304300007
            ],
            [
              -84.21439361599994,
              35.94751358000008
            ],
            [
              -84.215393066,
              35.955913544000055
            ],
            [
              -84.22039794899996,
              35.96121215800008
            ],
            [
              -84.21689605699999,
              35.96641159100005
            ],
            [
              -84.21419525099998,
              35.97511291500007
            ],
            [
              -84.19819641099997,
              35.97751236000005
            ],
            [
              -84.19609832799995,
              35.97901153600003
            ],
            [
              -84.19469451899994,
              35.982212067000034
            ],
            [
              -84.19459533699995,
              35.99361038200004
            ],
            [
              -84.19089508099995,
              35.99521255500008
            ],
            [
              -84.16729736299999,
              35.99051284800004
            ],
            [
              -84.15719604499998,
              35.99081039400005
            ],
            [
              -84.15049743699996,
              35.98731231700003
            ],
            [
              -84.14729309099994,
              35.98751068100006
            ],
            [
              -84.14439392099996,
              35.99001312300004
            ],
            [
              -84.13949584999995,
              35.99031066900005
            ],
            [
              -84.13669586199995,
              35.993213654000044
            ],
            [
              -84.12009430199998,
              36.00041198500003
            ],
            [
              -84.11449432399996,
              35.999912262000066
            ],
            [
              -84.10369872999996,
              36.008712769000056
            ],
            [
              -84.10319518999995,
              36.01141357400007
            ],
            [
              -84.07759857199994,
              36.020511627000076
            ],
            [
              -84.07609558099995,
              36.02361297600004
            ],
            [
              -84.07049560499996,
              36.027111053000056
            ],
            [
              -84.06959533699995,
              36.03001403800005
            ],
            [
              -84.05989837599998,
              36.035713196000074
            ],
            [
              -84.06909942599998,
              36.04621124300007
            ],
            [
              -84.09059905999999,
              36.06581115700004
            ],
            [
              -84.09329986599994,
              36.06951141400003
            ],
            [
              -84.090393066,
              36.07461166400003
            ],
            [
              -84.08849334699994,
              36.076713562000066
            ],
            [
              -84.08589935299995,
              36.07551193200004
            ],
            [
              -84.08189392099996,
              36.07731246900005
            ],
            [
              -84.07239532499995,
              36.08351135300006
            ],
            [
              -84.06319427499994,
              36.09371185300006
            ],
            [
              -84.04519653299997,
              36.10561370800008
            ],
            [
              -84.04380035399998,
              36.11121368400006
            ],
            [
              -84.03639984099993,
              36.11221313500005
            ],
            [
              -84.02989959699994,
              36.11631393400006
            ],
            [
              -84.02869415299995,
              36.122612
            ],
            [
              -84.01969909699994,
              36.12901306200007
            ],
            [
              -84.01709747299998,
              36.12871170000005
            ],
            [
              -84.01529693599997,
              36.134410858000024
            ],
            [
              -84.00859832799995,
              36.13511276200006
            ],
            [
              -84.00119781499995,
              36.13891220100004
            ],
            [
              -83.99899291999998,
              36.141212463000045
            ],
            [
              -83.99939727799995,
              36.144210815000065
            ],
            [
              -83.99539947499994,
              36.14851379400005
            ],
            [
              -83.97579956099997,
              36.16301345800008
            ],
            [
              -83.97609710699999,
              36.16651153600003
            ],
            [
              -83.97139739999994,
              36.167613983000024
            ],
            [
              -83.96189880399999,
              36.17591095000006
            ],
            [
              -83.95240020799997,
              36.181510925000055
            ],
            [
              -83.94749450699999,
              36.18241119400005
            ],
            [
              -83.94519805899995,
              36.18551254300007
            ],
            [
              -83.94169616699998,
              36.186412811000025
            ]
          ]
        ]
      }
    },
    {
      "type": "Feature",
      "properties": {
        "STATE": "TN",
        "CWA": "MRX",
        "COUNTYNAME": "McMinn",
        "FIPS": "47107",
        "TIME_ZONE": "E"
      },
      "geometry": {
        "type": "Polygon",
        "coordinates": [
          [
            [
              -84.61999511699997,
              35.64501190200008
            ],
            [
              -84.58449554399994,
              35.64481353800005
            ],
            [
              -84.58429717999996,
              35.63381195100004
            ],
            [
              -84.56799316399997,
              35.63321304300007
            ],
            [
              -84.56689453099995,
              35.62981033300008
            ],
            [
              -84.55839538599997,
              35.63011169400005
            ],
            [
              -84.55789947499994,
              35.637012482000046
            ],
            [
              -84.54969787599998,
              35.63691330000006
            ],
            [
              -84.54859924299996,
              35.64081192000003
            ],
            [
              -84.54609680199997,
              35.64041137700008
            ],
            [
              -84.53529357899998,
              35.63351059000007
            ],
            [
              -84.53399658199999,
              35.62951278700007
            ],
            [
              -84.52599334699994,
              35.62811279300007
            ],
            [
              -84.52579498299997,
              35.622310638000044
            ],
            [
              -84.52249908399995,
              35.622310638000044
            ],
            [
              -84.52279663099995,
              35.61831283600003
            ],
            [
              -84.54039764399994,
              35.619411469000056
            ],
            [
              -84.54029846199995,
              35.61171340900006
            ],
            [
              -84.52569580099998,
              35.61171340900006
            ],
            [
              -84.52569580099998,
              35.607810974000074
            ],
            [
              -84.52239990199996,
              35.607810974000074
            ],
            [
              -84.52139282199994,
              35.59571075400004
            ],
            [
              -84.52249908399995,
              35.586612701000035
            ],
            [
              -84.50459289599996,
              35.585113525000054
            ],
            [
              -84.50419616699998,
              35.57791137700008
            ],
            [
              -84.46419525099998,
              35.50381088300003
            ],
            [
              -84.45299529999994,
              35.477310181000064
            ],
            [
              -84.44319915799997,
              35.46231079100005
            ],
            [
              -84.44589996299999,
              35.460010529000044
            ],
            [
              -84.45229339599996,
              35.45991134600007
            ],
            [
              -84.45179748499999,
              35.45531082200006
            ],
            [
              -84.44259643599997,
              35.455013275000056
            ],
            [
              -84.43849945099998,
              35.45011138900003
            ],
            [
              -84.43449401899994,
              35.44831085200008
            ],
            [
              -84.43549346899994,
              35.446113586000024
            ],
            [
              -84.43439483599997,
              35.44151306200007
            ],
            [
              -84.43759918199999,
              35.43961334200003
            ],
            [
              -84.43899536099997,
              35.43571090700004
            ],
            [
              -84.44339752199994,
              35.434810638000044
            ],
            [
              -84.43689727799995,
              35.43361282300003
            ],
            [
              -84.43629455599995,
              35.42291259800004
            ],
            [
              -84.42989349399994,
              35.42251205400004
            ],
            [
              -84.42669677699996,
              35.418411255000024
            ],
            [
              -84.42669677699996,
              35.41201400800003
            ],
            [
              -84.43079376199995,
              35.41191101100003
            ],
            [
              -84.43079376199995,
              35.40831375100004
            ],
            [
              -84.42630004899996,
              35.407611847000055
            ],
            [
              -84.42630004899996,
              35.40191268900003
            ],
            [
              -84.41769409199998,
              35.40051269500003
            ],
            [
              -84.41759490999993,
              35.40321350100004
            ],
            [
              -84.41489410399998,
              35.40181350700004
            ],
            [
              -84.41409301799996,
              35.39931106600005
            ],
            [
              -84.40969848599997,
              35.39831161500007
            ],
            [
              -84.40919494599996,
              35.357013702000074
            ],
            [
              -84.40689849899996,
              35.35471344000007
            ],
            [
              -84.40909576399997,
              35.35371398900003
            ],
            [
              -84.40929412799994,
              35.34431076000004
            ],
            [
              -84.40059661899994,
              35.343013763000044
            ],
            [
              -84.40099334699994,
              35.33041381800007
            ],
            [
              -84.41049957299998,
              35.33061218300003
            ],
            [
              -84.45419311499995,
              35.31871414200003
            ],
            [
              -84.47819518999995,
              35.30271148700007
            ],
            [
              -84.48959350599995,
              35.29061126700003
            ],
            [
              -84.51569366499996,
              35.267513275000056
            ],
            [
              -84.66729736299999,
              35.26791381800007
            ],
            [
              -84.676498413,
              35.25401306200007
            ],
            [
              -84.68489837599998,
              35.253513336000026
            ],
            [
              -84.68549346899994,
              35.24671173100006
            ],
            [
              -84.69459533699995,
              35.245613098000035
            ],
            [
              -84.70399475099998,
              35.24041366600005
            ],
            [
              -84.70619964599996,
              35.24351120000006
            ],
            [
              -84.71099853499999,
              35.244411469000056
            ],
            [
              -84.71219634999994,
              35.248912811000025
            ],
            [
              -84.69859313999996,
              35.25031280500008
            ],
            [
              -84.69809722899998,
              35.25361251800007
            ],
            [
              -84.70229339599996,
              35.25801086400003
            ],
            [
              -84.71409606899994,
              35.26221084600007
            ],
            [
              -84.72939300499996,
              35.255210876000035
            ],
            [
              -84.73739623999995,
              35.255313873000034
            ],
            [
              -84.74109649699994,
              35.25731277500006
            ],
            [
              -84.74749755899995,
              35.269313812000064
            ],
            [
              -84.75169372599998,
              35.271713257000044
            ],
            [
              -84.75159454299995,
              35.27491378800005
            ],
            [
              -84.74879455599995,
              35.27611160300006
            ],
            [
              -84.74149322499994,
              35.27681350700004
            ],
            [
              -84.73509975099995,
              35.27501297300006
            ],
            [
              -84.72699737499994,
              35.276210785000046
            ],
            [
              -84.72429656999998,
              35.278011322000054
            ],
            [
              -84.72319793699995,
              35.285713196000074
            ],
            [
              -84.72709655799997,
              35.29081344600007
            ],
            [
              -84.73339843799994,
              35.29101181000004
            ],
            [
              -84.74869537399996,
              35.28731155400004
            ],
            [
              -84.75209808299996,
              35.288311005000025
            ],
            [
              -84.75650024399994,
              35.29071044900007
            ],
            [
              -84.76499938999996,
              35.299911499000075
            ],
            [
              -84.77869415299995,
              35.30821228000008
            ],
            [
              -84.78329467799995,
              35.31391143800005
            ],
            [
              -84.80139923099995,
              35.31711196900005
            ],
            [
              -84.80319976799996,
              35.318710327000076
            ],
            [
              -84.80389404299996,
              35.32481384300007
            ],
            [
              -84.80679321299993,
              35.32791137700008
            ],
            [
              -84.81049346899994,
              35.32791137700008
            ],
            [
              -84.81819915799997,
              35.324512482000046
            ],
            [
              -84.82249450699999,
              35.32481384300007
            ],
            [
              -84.83179473899997,
              35.33131408700007
            ],
            [
              -84.83709716799996,
              35.33921051000004
            ],
            [
              -84.84069824199997,
              35.34171295200008
            ],
            [
              -84.85959625199996,
              35.34981155400004
            ],
            [
              -84.85260009799998,
              35.370613098000035
            ],
            [
              -84.83709716799996,
              35.396610260000045
            ],
            [
              -84.830795288,
              35.40471267700008
            ],
            [
              -84.82449340799997,
              35.405513763000044
            ],
            [
              -84.81879424999994,
              35.415210724000076
            ],
            [
              -84.81769561799996,
              35.417613983000024
            ],
            [
              -84.82089996299999,
              35.418613434000065
            ],
            [
              -84.82259368899997,
              35.42111206100003
            ],
            [
              -84.816596985,
              35.43361282300003
            ],
            [
              -84.81259918199999,
              35.43681335400004
            ],
            [
              -84.80410003699996,
              35.43671035800003
            ],
            [
              -84.801498413,
              35.43931198100006
            ],
            [
              -84.80130004899996,
              35.44261169400005
            ],
            [
              -84.80629730199996,
              35.446212769000056
            ],
            [
              -84.80479431199996,
              35.44871139500003
            ],
            [
              -84.80099487299998,
              35.44961166400003
            ],
            [
              -84.80109405499996,
              35.45311355600006
            ],
            [
              -84.79839324999995,
              35.45691299400005
            ],
            [
              -84.79459381099997,
              35.45651245100004
            ],
            [
              -84.78829956099997,
              35.463710785000046
            ],
            [
              -84.78149414099994,
              35.46441268900003
            ],
            [
              -84.77569580099998,
              35.468112946000076
            ],
            [
              -84.77199554399994,
              35.47291183500005
            ],
            [
              -84.77109527599998,
              35.479812622000054
            ],
            [
              -84.76889800999999,
              35.48341369600007
            ],
            [
              -84.76649475099998,
              35.485511780000024
            ],
            [
              -84.75989532499995,
              35.48691177400008
            ],
            [
              -84.75769805899995,
              35.49021148700007
            ],
            [
              -84.75809478799994,
              35.49281311000004
            ],
            [
              -84.76110076899994,
              35.493110657000045
            ],
            [
              -84.76019287099996,
              35.49491119400005
            ],
            [
              -84.75029754599996,
              35.50091171300005
            ],
            [
              -84.75,
              35.50481033300008
            ],
            [
              -84.74629974399994,
              35.51061248800005
            ],
            [
              -84.74269866899994,
              35.511310577000074
            ],
            [
              -84.73299407999997,
              35.519611359000066
            ],
            [
              -84.72519683799999,
              35.521713257000044
            ],
            [
              -84.70829772899998,
              35.539913177000074
            ],
            [
              -84.70259857199994,
              35.55121231100003
            ],
            [
              -84.69549560499996,
              35.558712006000064
            ],
            [
              -84.69539642299998,
              35.561111450000055
            ],
            [
              -84.69179534899996,
              35.56251144400005
            ],
            [
              -84.68829345699999,
              35.574211121000076
            ],
            [
              -84.68889617899998,
              35.57791137700008
            ],
            [
              -84.68229675299995,
              35.57921218900003
            ],
            [
              -84.66999816899994,
              35.58651351900005
            ],
            [
              -84.66719818099995,
              35.589611053000056
            ],
            [
              -84.66589355499997,
              35.59501266500007
            ],
            [
              -84.65899658199999,
              35.59831237800006
            ],
            [
              -84.65829467799995,
              35.601913452000076
            ],
            [
              -84.65559387199994,
              35.60401153600003
            ],
            [
              -84.65509796099997,
              35.60671234100005
            ],
            [
              -84.64189910899995,
              35.626113892000035
            ],
            [
              -84.63520049999994,
              35.629413605000025
            ],
            [
              -84.62969970699999,
              35.63981246900005
            ],
            [
              -84.61999511699997,
              35.64501190200008
            ]
          ]
        ]
      }
    },
    {
      "type": "Feature",
      "properties": {
        "STATE": "TN",
        "CWA": "MRX",
        "COUNTYNAME": "Marion",
        "FIPS": "47115",
        "TIME_ZONE": "C"
      },
      "geometry": {
        "type": "Polygon",
        "coordinates": [
          [
            [
              -85.55690002399996,
              35.309112549000076
            ],
            [
              -85.49949645999999,
              35.28231048600003
            ],
            [
              -85.494499207,
              35.27921295200008
            ],
            [
              -85.49269866899994,
              35.275012970000034
            ],
            [
              -85.48829650899995,
              35.27231216400003
            ],
            [
              -85.47669982899998,
              35.26891326900005
            ],
            [
              -85.45549774199998,
              35.26761245700004
            ],
            [
              -85.44469451899994,
              35.26281356800007
            ],
            [
              -85.44109344499998,
              35.25931167600004
            ],
            [
              -85.43929290799997,
              35.25401306200007
            ],
            [
              -85.43339538599997,
              35.25211334200003
            ],
            [
              -85.43229675299995,
              35.24961090100004
            ],
            [
              -85.426498413,
              35.246612549000076
            ],
            [
              -85.41779327399996,
              35.23541259800004
            ],
            [
              -85.40779876699997,
              35.225811005000025
            ],
            [
              -85.40299987799995,
              35.223213196000074
            ],
            [
              -85.39979553199998,
              35.213813782000045
            ],
            [
              -85.39179992699997,
              35.20241165200008
            ],
            [
              -85.39559936499995,
              35.19501113900003
            ],
            [
              -85.39499664299996,
              35.191612244000055
            ],
            [
              -85.38829803499993,
              35.18101120000006
            ],
            [
              -85.39289855999994,
              35.174911499000075
            ],
            [
              -85.39449310299995,
              35.16831207300004
            ],
            [
              -85.38689422599998,
              35.155513763000044
            ],
            [
              -85.38809966999997,
              35.14471054100005
            ],
            [
              -85.38589477499994,
              35.13861084000007
            ],
            [
              -85.39569854699994,
              35.10561370800008
            ],
            [
              -85.38369751,
              35.10581207300004
            ],
            [
              -85.37309265099998,
              35.09991073600003
            ],
            [
              -85.36750030499996,
              35.09501266500007
            ],
            [
              -85.36769866899994,
              35.091812134000065
            ],
            [
              -85.36309814499998,
              35.088512421000075
            ],
            [
              -85.36619567899999,
              35.06981277500006
            ],
            [
              -85.37809753399995,
              35.05631256100003
            ],
            [
              -85.38169860799997,
              35.04721069300007
            ],
            [
              -85.38559722899998,
              35.04221344000007
            ],
            [
              -85.39239501999998,
              35.03891372700008
            ],
            [
              -85.39769744899996,
              35.04191207900004
            ],
            [
              -85.40849304199998,
              35.04081344600007
            ],
            [
              -85.41510009799998,
              35.029312134000065
            ],
            [
              -85.41909789999994,
              35.02661132800006
            ],
            [
              -85.41989898699995,
              35.01641082800006
            ],
            [
              -85.42739868199999,
              35.007411957000045
            ],
            [
              -85.44589996299999,
              34.99701309200003
            ],
            [
              -85.45569610599995,
              34.99541091900005
            ],
            [
              -85.46799468999995,
              34.98731231700003
            ],
            [
              -85.47480011,
              34.986110687000064
            ],
            [
              -85.47429656999998,
              34.98341369600007
            ],
            [
              -85.86419677699996,
              34.98891067500006
            ],
            [
              -85.86329650899995,
              35.20981216400003
            ],
            [
              -85.863998413,
              35.22001266500007
            ],
            [
              -85.87299346899994,
              35.221012115000065
            ],
            [
              -85.87299346899994,
              35.22351074200003
            ],
            [
              -85.86309814499998,
              35.22791290300006
            ],
            [
              -85.84909820599995,
              35.239913940000065
            ],
            [
              -85.84449768099995,
              35.241012573000035
            ],
            [
              -85.82849883999995,
              35.239913940000065
            ],
            [
              -85.82149505599995,
              35.24171066300005
            ],
            [
              -85.77989959699994,
              35.22091293300008
            ],
            [
              -85.77279663099995,
              35.21861267100007
            ],
            [
              -85.74009704599996,
              35.21531295800003
            ],
            [
              -85.69359588599997,
              35.239212036000026
            ],
            [
              -85.70729827899999,
              35.282611847000055
            ],
            [
              -85.70829772899998,
              35.29001236000005
            ],
            [
              -85.70529937699996,
              35.29151153600003
            ],
            [
              -85.69029998799994,
              35.28621292100007
            ],
            [
              -85.67209625199996,
              35.294513702000074
            ],
            [
              -85.67299652099996,
              35.29761123700007
            ],
            [
              -85.67009735099998,
              35.298610687000064
            ],
            [
              -85.66919708299997,
              35.30131149300007
            ],
            [
              -85.66569518999995,
              35.30031204200003
            ],
            [
              -85.66379547099996,
              35.30251312300004
            ],
            [
              -85.65449523899997,
              35.30551147500006
            ],
            [
              -85.65189361599994,
              35.30301284800004
            ],
            [
              -85.64539337199994,
              35.302211761000024
            ],
            [
              -85.63299560499996,
              35.30371093700006
            ],
            [
              -85.55929565399998,
              35.319011688000046
            ],
            [
              -85.55690002399996,
              35.309112549000076
            ]
          ]
        ]
      }
    },
    {
      "type": "Feature",
      "properties": {
        "STATE": "TN",
        "CWA": "MRX",
        "COUNTYNAME": "Meigs",
        "FIPS": "47121",
        "TIME_ZONE": "E"
      },
      "geometry": {
        "type": "Polygon",
        "coordinates": [
          [
            [
              -84.67199706999997,
              35.70971298200004
            ],
            [
              -84.67149352999996,
              35.70291137700008
            ],
            [
              -84.66349792399996,
              35.70281220600003
            ],
            [
              -84.66320037799994,
              35.71021270800003
            ],
            [
              -84.65549468999995,
              35.710010529000044
            ],
            [
              -84.65349578899998,
              35.71731185900006
            ],
            [
              -84.64529418899997,
              35.71761322000003
            ],
            [
              -84.64509582499994,
              35.72441101100003
            ],
            [
              -84.63629913299997,
              35.72371292100007
            ],
            [
              -84.63629913299997,
              35.720413208000025
            ],
            [
              -84.62389373799994,
              35.712512970000034
            ],
            [
              -84.62289428699995,
              35.70721054100005
            ],
            [
              -84.61899566699998,
              35.70721054100005
            ],
            [
              -84.61899566699998,
              35.70311355600006
            ],
            [
              -84.62319946299993,
              35.69961166400003
            ],
            [
              -84.61999511699997,
              35.696212769000056
            ],
            [
              -84.62179565399998,
              35.692813873000034
            ],
            [
              -84.62749481199995,
              35.69001388500004
            ],
            [
              -84.62799835199996,
              35.67171096800007
            ],
            [
              -84.62799835199996,
              35.662212372000056
            ],
            [
              -84.62549591099997,
              35.658813477000024
            ],
            [
              -84.61989593499999,
              35.65801239000007
            ],
            [
              -84.61999511699997,
              35.64501190200008
            ],
            [
              -84.62969970699999,
              35.63981246900005
            ],
            [
              -84.63520049999994,
              35.629413605000025
            ],
            [
              -84.64189910899995,
              35.626113892000035
            ],
            [
              -84.65509796099997,
              35.60671234100005
            ],
            [
              -84.65559387199994,
              35.60401153600003
            ],
            [
              -84.65829467799995,
              35.601913452000076
            ],
            [
              -84.65899658199999,
              35.59831237800006
            ],
            [
              -84.66589355499997,
              35.59501266500007
            ],
            [
              -84.66719818099995,
              35.589611053000056
            ],
            [
              -84.66999816899994,
              35.58651351900005
            ],
            [
              -84.68229675299995,
              35.57921218900003
            ],
            [
              -84.68889617899998,
              35.57791137700008
            ],
            [
              -84.68829345699999,
              35.574211121000076
            ],
            [
              -84.69179534899996,
              35.56251144400005
            ],
            [
              -84.69539642299998,
              35.561111450000055
            ],
            [
              -84.69549560499996,
              35.558712006000064
            ],
            [
              -84.70259857199994,
              35.55121231100003
            ],
            [
              -84.70679473899997,
              35.542312622000054
            ],
            [
              -84.71279907199994,
              35.53441238400006
            ],
            [
              -84.72519683799999,
              35.521713257000044
            ],
            [
              -84.73299407999997,
              35.519611359000066
            ],
            [
              -84.74269866899994,
              35.511310577000074
            ],
            [
              -84.74629974399994,
              35.51061248800005
            ],
            [
              -84.75,
              35.50481033300008
            ],
            [
              -84.75029754599996,
              35.50091171300005
            ],
            [
              -84.76019287099996,
              35.49491119400005
            ],
            [
              -84.76110076899994,
              35.493110657000045
            ],
            [
              -84.75809478799994,
              35.49281311000004
            ],
            [
              -84.75769805899995,
              35.49021148700007
            ],
            [
              -84.75989532499995,
              35.48691177400008
            ],
            [
              -84.76649475099998,
              35.485511780000024
            ],
            [
              -84.76889800999999,
              35.48341369600007
            ],
            [
              -84.77109527599998,
              35.479812622000054
            ],
            [
              -84.77199554399994,
              35.47291183500005
            ],
            [
              -84.77839660599994,
              35.46561050400004
            ],
            [
              -84.78829956099997,
              35.463710785000046
            ],
            [
              -84.79459381099997,
              35.45651245100004
            ],
            [
              -84.79839324999995,
              35.45691299400005
            ],
            [
              -84.80109405499996,
              35.45311355600006
            ],
            [
              -84.80099487299998,
              35.44961166400003
            ],
            [
              -84.80479431199996,
              35.44871139500003
            ],
            [
              -84.80629730199996,
              35.446212769000056
            ],
            [
              -84.80130004899996,
              35.44261169400005
            ],
            [
              -84.801498413,
              35.43931198100006
            ],
            [
              -84.80410003699996,
              35.43671035800003
            ],
            [
              -84.81259918199999,
              35.43681335400004
            ],
            [
              -84.816596985,
              35.43361282300003
            ],
            [
              -84.82259368899997,
              35.42111206100003
            ],
            [
              -84.82089996299999,
              35.418613434000065
            ],
            [
              -84.81769561799996,
              35.417613983000024
            ],
            [
              -84.81879424999994,
              35.415210724000076
            ],
            [
              -84.82449340799997,
              35.405513763000044
            ],
            [
              -84.830795288,
              35.40471267700008
            ],
            [
              -84.83709716799996,
              35.396610260000045
            ],
            [
              -84.85260009799998,
              35.370613098000035
            ],
            [
              -84.85959625199996,
              35.34981155400004
            ],
            [
              -84.87619781499995,
              35.35761261000005
            ],
            [
              -84.87999725299994,
              35.35211181600005
            ],
            [
              -84.87379455599995,
              35.34921264600007
            ],
            [
              -84.88469695999999,
              35.32861328100006
            ],
            [
              -84.92749786399997,
              35.28891372700008
            ],
            [
              -84.93139648399995,
              35.29421234100005
            ],
            [
              -84.94019317599998,
              35.297710419000055
            ],
            [
              -84.94599914599996,
              35.28761291500007
            ],
            [
              -84.96689605699999,
              35.312313080000024
            ],
            [
              -84.96629333499999,
              35.31891250600006
            ],
            [
              -84.97139739999994,
              35.32981109600007
            ],
            [
              -84.97099304199998,
              35.33841323900003
            ],
            [
              -84.97499847399996,
              35.34491348300003
            ],
            [
              -84.975494385,
              35.35791397100007
            ],
            [
              -84.97729492199994,
              35.36061096200007
            ],
            [
              -84.990592957,
              35.367210388000046
            ],
            [
              -85.0,
              35.37961196900005
            ],
            [
              -85.00740051299994,
              35.38301086400003
            ],
            [
              -85.01519775399998,
              35.371913910000046
            ],
            [
              -85.03109741199995,
              35.37991333000008
            ],
            [
              -85.02849578899998,
              35.39531326300005
            ],
            [
              -85.02519988999995,
              35.402111053000056
            ],
            [
              -85.01709747299998,
              35.40971374500003
            ],
            [
              -85.00659942599998,
              35.41541290300006
            ],
            [
              -84.98009490999993,
              35.439411163000045
            ],
            [
              -84.97949981699998,
              35.44661331200007
            ],
            [
              -84.98519897499995,
              35.45841217000003
            ],
            [
              -84.98320007299998,
              35.468013763000044
            ],
            [
              -84.97969818099995,
              35.470111847000055
            ],
            [
              -84.97109985399999,
              35.46841049200003
            ],
            [
              -84.95999908399995,
              35.449111938000044
            ],
            [
              -84.94679260299995,
              35.44021225000006
            ],
            [
              -84.93239593499999,
              35.43721389800004
            ],
            [
              -84.91999816899994,
              35.43841171300005
            ],
            [
              -84.90939331099997,
              35.44531250000006
            ],
            [
              -84.90459442099996,
              35.452510834000066
            ],
            [
              -84.90429687499994,
              35.473110199000075
            ],
            [
              -84.90069580099998,
              35.47931289700006
            ],
            [
              -84.89109802199994,
              35.48471069300007
            ],
            [
              -84.86889648399995,
              35.490112305000025
            ],
            [
              -84.85889434799998,
              35.49911117600004
            ],
            [
              -84.85739898699995,
              35.50361251800007
            ],
            [
              -84.85899352999996,
              35.51081085200008
            ],
            [
              -84.86469268799993,
              35.517112732000044
            ],
            [
              -84.87509918199999,
              35.52331161500007
            ],
            [
              -84.88009643599997,
              35.530212402000075
            ],
            [
              -84.88089752199994,
              35.53451156600005
            ],
            [
              -84.87949371299999,
              35.54201126100003
            ],
            [
              -84.87400054899996,
              35.550212860000045
            ],
            [
              -84.86560058599997,
              35.55441284200003
            ],
            [
              -84.85889434799998,
              35.554512024000076
            ],
            [
              -84.81439971899994,
              35.54541397100007
            ],
            [
              -84.80299377399996,
              35.54671096800007
            ],
            [
              -84.79539489699994,
              35.55181121800007
            ],
            [
              -84.79409789999994,
              35.554813385000045
            ],
            [
              -84.79559326199995,
              35.56031036400003
            ],
            [
              -84.80859374999994,
              35.56951141400003
            ],
            [
              -84.81069946299993,
              35.57271194500004
            ],
            [
              -84.81149291999998,
              35.57921218900003
            ],
            [
              -84.80749511699997,
              35.58471298200004
            ],
            [
              -84.80289459199997,
              35.58731079100005
            ],
            [
              -84.78319549599996,
              35.59431076000004
            ],
            [
              -84.77689361599994,
              35.60161209100005
            ],
            [
              -84.77689361599994,
              35.610713959000066
            ],
            [
              -84.78619384799998,
              35.62741088900003
            ],
            [
              -84.78649902299998,
              35.63061142000004
            ],
            [
              -84.78479766799995,
              35.636711121000076
            ],
            [
              -84.77839660599994,
              35.64471054100005
            ],
            [
              -84.77759551999998,
              35.64921188400007
            ],
            [
              -84.78149414099994,
              35.67711257900004
            ],
            [
              -84.777893066,
              35.68341064500004
            ],
            [
              -84.76969909699994,
              35.689411163000045
            ],
            [
              -84.76569366499996,
              35.70051193200004
            ],
            [
              -84.76139831499995,
              35.70161056500007
            ],
            [
              -84.75180053699995,
              35.697113037000065
            ],
            [
              -84.74949645999999,
              35.69321060200008
            ],
            [
              -84.74929809599996,
              35.68801116900005
            ],
            [
              -84.75180053699995,
              35.68321228000008
            ],
            [
              -84.75069427499994,
              35.67991256700003
            ],
            [
              -84.74720001199995,
              35.678211212000065
            ],
            [
              -84.73979949999995,
              35.68001174900007
            ],
            [
              -84.72109985399999,
              35.69171142600004
            ],
            [
              -84.72039794899996,
              35.69481277500006
            ],
            [
              -84.72309875499997,
              35.705810547000056
            ],
            [
              -84.72169494599996,
              35.71171188400007
            ],
            [
              -84.71329498299997,
              35.72301101700003
            ],
            [
              -84.71149444599996,
              35.730113983000024
            ],
            [
              -84.71289825399998,
              35.73501205400004
            ],
            [
              -84.72299957299998,
              35.752014160000044
            ],
            [
              -84.72010040299995,
              35.750610352000024
            ],
            [
              -84.71399688699995,
              35.742012024000076
            ],
            [
              -84.69839477499994,
              35.741012573000035
            ],
            [
              -84.69839477499994,
              35.73271179200003
            ],
            [
              -84.69509887699996,
              35.73181152300003
            ],
            [
              -84.69529724099993,
              35.725811005000025
            ],
            [
              -84.69859313999996,
              35.725013733000026
            ],
            [
              -84.69749450699999,
              35.717910767000035
            ],
            [
              -84.676498413,
              35.71641159100005
            ],
            [
              -84.676498413,
              35.71051025400004
            ],
            [
              -84.67199706999997,
              35.70971298200004
            ]
          ]
        ]
      }
    },
    {
      "type": "Feature",
      "properties": {
        "STATE": "TN",
        "CWA": "MRX",
        "COUNTYNAME": "Morgan",
        "FIPS": "47129",
        "TIME_ZONE": "E"
      },
      "geometry": {
        "type": "Polygon",
        "coordinates": [
          [
            [
              -84.71049499499998,
              36.369010925000055
            ],
            [
              -84.70610046399997,
              36.368213654000044
            ],
            [
              -84.70089721699998,
              36.37071228000008
            ],
            [
              -84.61289977999996,
              36.27241134600007
            ],
            [
              -84.61019897499995,
              36.27121353100006
            ],
            [
              -84.59309387199994,
              36.27651214600007
            ],
            [
              -84.58729553199998,
              36.266811371000074
            ],
            [
              -84.57299804699994,
              36.266613007000046
            ],
            [
              -84.57159423799999,
              36.249813080000024
            ],
            [
              -84.56869506799995,
              36.23811340300006
            ],
            [
              -84.57339477499994,
              36.23031234700005
            ],
            [
              -84.56629943799999,
              36.226512909000064
            ],
            [
              -84.55909728999995,
              36.22751236000005
            ],
            [
              -84.55249786399997,
              36.232810974000074
            ],
            [
              -84.47119903599997,
              36.203712463000045
            ],
            [
              -84.47169494599996,
              36.20071029700006
            ],
            [
              -84.46849822999997,
              36.19301223800005
            ],
            [
              -84.46589660599994,
              36.19081115700004
            ],
            [
              -84.45869445799997,
              36.189212799000074
            ],
            [
              -84.45859527599998,
              36.18111038200004
            ],
            [
              -84.44469451899994,
              36.17071151700003
            ],
            [
              -84.44419860799997,
              36.16541290300006
            ],
            [
              -84.44139862099996,
              36.16361236600005
            ],
            [
              -84.44219970699999,
              36.15491104100005
            ],
            [
              -84.44989776599994,
              36.151012421000075
            ],
            [
              -84.44929504399994,
              36.14101028400006
            ],
            [
              -84.44559478799994,
              36.13851165800003
            ],
            [
              -84.44289398199999,
              36.13991165200008
            ],
            [
              -84.44209289599996,
              36.136310577000074
            ],
            [
              -84.42979431199996,
              36.131511688000046
            ],
            [
              -84.42169952399996,
              36.11531066900005
            ],
            [
              -84.42059326199995,
              36.109611511000026
            ],
            [
              -84.40699768099995,
              36.10431289700006
            ],
            [
              -84.39609527599998,
              36.10491180400004
            ],
            [
              -84.39009857199994,
              36.09921264600007
            ],
            [
              -84.38009643599997,
              36.096012115000065
            ],
            [
              -84.36089324999995,
              36.06981277500006
            ],
            [
              -84.34299468999995,
              36.04961395300006
            ],
            [
              -84.36259460399998,
              36.042713165000066
            ],
            [
              -84.38329315199996,
              36.02401351900005
            ],
            [
              -84.39739990199996,
              36.01581192000003
            ],
            [
              -84.40709686299994,
              36.00801086400003
            ],
            [
              -84.43339538599997,
              35.99421310400004
            ],
            [
              -84.44239807099996,
              35.98761367800006
            ],
            [
              -84.45699310299995,
              35.98421096800007
            ],
            [
              -84.49169921899994,
              35.98451232900004
            ],
            [
              -84.51069641099997,
              35.977413177000074
            ],
            [
              -84.54570007299998,
              35.96891021700003
            ],
            [
              -84.55429840099998,
              35.963710785000046
            ],
            [
              -84.55509948699995,
              35.95031356800007
            ],
            [
              -84.57039642299998,
              35.94961166400003
            ],
            [
              -84.58089446999998,
              35.951511383000025
            ],
            [
              -84.58949279799998,
              35.948211670000035
            ],
            [
              -84.59269714399994,
              35.95031356800007
            ],
            [
              -84.59559631299999,
              35.94831085200008
            ],
            [
              -84.60229492199994,
              35.95201110800008
            ],
            [
              -84.60089874299996,
              35.95391082800006
            ],
            [
              -84.60379791299994,
              35.953712463000045
            ],
            [
              -84.60649871799995,
              35.95061111500007
            ],
            [
              -84.60609435999999,
              35.94481277500006
            ],
            [
              -84.61569976799996,
              35.94001388500004
            ],
            [
              -84.61979675299995,
              35.93331146200006
            ],
            [
              -84.62729644799998,
              35.933910370000035
            ],
            [
              -84.62839508099995,
              35.93131256100003
            ],
            [
              -84.63800048799999,
              35.931510925000055
            ],
            [
              -84.64349365199996,
              35.92801284800004
            ],
            [
              -84.65159606899994,
              35.928211212000065
            ],
            [
              -84.65699768099995,
              35.91981124900008
            ],
            [
              -84.66009521499996,
              35.92041397100007
            ],
            [
              -84.66209411599993,
              35.91621398900003
            ],
            [
              -84.67029571499995,
              35.917613983000024
            ],
            [
              -84.67379760699998,
              35.91581344600007
            ],
            [
              -84.67259979199997,
              35.91351318400007
            ],
            [
              -84.67609405499996,
              35.91021347000003
            ],
            [
              -84.68069457999997,
              35.90811157200005
            ],
            [
              -84.72049713099995,
              35.99451065100004
            ],
            [
              -84.79159545899995,
              36.059112549000076
            ],
            [
              -84.80469512899998,
              36.088111877000074
            ],
            [
              -84.80690002399996,
              36.08991241500007
            ],
            [
              -84.81039428699995,
              36.08711242700008
            ],
            [
              -84.81389617899998,
              36.08931350700004
            ],
            [
              -84.81469726599994,
              36.09401321400003
            ],
            [
              -84.81900024399994,
              36.095111847000055
            ],
            [
              -84.82169341999997,
              36.09281158400006
            ],
            [
              -84.82429504399994,
              36.09441375700004
            ],
            [
              -84.82769775399998,
              36.08701324500004
            ],
            [
              -84.83139800999999,
              36.08461380000006
            ],
            [
              -84.87129974399994,
              36.13731384300007
            ],
            [
              -84.87629699699994,
              36.137912750000055
            ],
            [
              -84.88249969499998,
              36.14441299400005
            ],
            [
              -84.89629363999995,
              36.14701080300006
            ],
            [
              -84.90569305399998,
              36.15411377000004
            ],
            [
              -84.90709686299994,
              36.156311035000044
            ],
            [
              -84.90509796099997,
              36.159610748000034
            ],
            [
              -84.90489959699994,
              36.16631317100007
            ],
            [
              -84.90249633799993,
              36.16781234700005
            ],
            [
              -84.90039825399998,
              36.17331314100005
            ],
            [
              -84.90439606099994,
              36.18291091700007
            ],
            [
              -84.91040039099994,
              36.187313080000024
            ],
            [
              -84.91119384799998,
              36.19021225000006
            ],
            [
              -84.90969848599997,
              36.19661331200007
            ],
            [
              -84.91389465299994,
              36.207012177000024
            ],
            [
              -84.91289520299995,
              36.210113525000054
            ],
            [
              -84.90419769299996,
              36.21761322000003
            ],
            [
              -84.90269470199996,
              36.222511292000036
            ],
            [
              -84.89779663099995,
              36.22421264600007
            ],
            [
              -84.89509582499994,
              36.22731399500003
            ],
            [
              -84.89209747299998,
              36.23321151700003
            ],
            [
              -84.89259338399995,
              36.236412048000034
            ],
            [
              -84.89009857199994,
              36.239711761000024
            ],
            [
              -84.88369751,
              36.239913940000065
            ],
            [
              -84.88159942599998,
              36.260711670000035
            ],
            [
              -84.87649536099997,
              36.26901245100004
            ],
            [
              -84.87809753399995,
              36.28111267100007
            ],
            [
              -84.86649322499994,
              36.292713165000066
            ],
            [
              -84.85839843799994,
              36.29211044300007
            ],
            [
              -84.85599517799994,
              36.293510437000066
            ],
            [
              -84.84299468999995,
              36.28711319000007
            ],
            [
              -84.82369995099998,
              36.29881286600005
            ],
            [
              -84.81769561799996,
              36.297813416000054
            ],
            [
              -84.81519317599998,
              36.29421234100005
            ],
            [
              -84.79839324999995,
              36.296913147000055
            ],
            [
              -84.79459381099997,
              36.29881286600005
            ],
            [
              -84.79179382299998,
              36.30291366600005
            ],
            [
              -84.79539489699994,
              36.30851364100005
            ],
            [
              -84.78929901099997,
              36.31701278700007
            ],
            [
              -84.782493591,
              36.319011688000046
            ],
            [
              -84.78679656999998,
              36.324512482000046
            ],
            [
              -84.78540039099994,
              36.32601165800003
            ],
            [
              -84.77729797399996,
              36.327510834000066
            ],
            [
              -84.77449798599997,
              36.333911896000075
            ],
            [
              -84.77169799799998,
              36.33461380000006
            ],
            [
              -84.76259612999996,
              36.32891082800006
            ],
            [
              -84.75959777799994,
              36.32901382400007
            ],
            [
              -84.75809478799994,
              36.332912445000034
            ],
            [
              -84.75469970699999,
              36.334213257000044
            ],
            [
              -84.75069427499994,
              36.33221054100005
            ],
            [
              -84.73989868199999,
              36.33701324500004
            ],
            [
              -84.74459838899998,
              36.350410461000024
            ],
            [
              -84.74299621599994,
              36.35371398900003
            ],
            [
              -84.73259735099998,
              36.35051345800008
            ],
            [
              -84.72729492199994,
              36.352611542000034
            ],
            [
              -84.73259735099998,
              36.35931396500007
            ],
            [
              -84.73239898699995,
              36.366012573000035
            ],
            [
              -84.73089599599996,
              36.36841201800007
            ],
            [
              -84.72409820599995,
              36.36961364700005
            ],
            [
              -84.72429656999998,
              36.376113892000035
            ],
            [
              -84.71869659399994,
              36.374511719000054
            ],
            [
              -84.71049499499998,
              36.369010925000055
            ]
          ]
        ]
      }
    },
    {
      "type": "Feature",
      "properties": {
        "STATE": "TN",
        "CWA": "MRX",
        "COUNTYNAME": "Monroe",
        "FIPS": "47123",
        "TIME_ZONE": "E"
      },
      "geometry": {
        "type": "Polygon",
        "coordinates": [
          [
            [
              -84.31739807099996,
              35.672111511000026
            ],
            [
              -84.31689453099995,
              35.66041183500005
            ],
            [
              -84.29159545899995,
              35.65491104100005
            ],
            [
              -84.29119872999996,
              35.65071106000005
            ],
            [
              -84.29489898699995,
              35.65011215200008
            ],
            [
              -84.29759979199997,
              35.64291381800007
            ],
            [
              -84.281799316,
              35.64191055300006
            ],
            [
              -84.28189849899996,
              35.635513306000064
            ],
            [
              -84.26309966999997,
              35.635513306000064
            ],
            [
              -84.25639343299997,
              35.63281250000006
            ],
            [
              -84.254096985,
              35.63581085200008
            ],
            [
              -84.25029754599996,
              35.63581085200008
            ],
            [
              -84.24829864499998,
              35.63351059000007
            ],
            [
              -84.25419616699998,
              35.62531280500008
            ],
            [
              -84.25269317599998,
              35.61771392800006
            ],
            [
              -84.24459838899998,
              35.61771392800006
            ],
            [
              -84.23130035399998,
              35.62221145600006
            ],
            [
              -84.22749328599997,
              35.621513367000034
            ],
            [
              -84.22239685099998,
              35.61651229900008
            ],
            [
              -84.21839904799998,
              35.61561203000008
            ],
            [
              -84.19210052499994,
              35.61751174900007
            ],
            [
              -84.18129730199996,
              35.59861373900003
            ],
            [
              -84.17009735099998,
              35.59341049200003
            ],
            [
              -84.14989471399997,
              35.59141159100005
            ],
            [
              -84.14869689899996,
              35.58431243900003
            ],
            [
              -84.13990020799997,
              35.583312988000046
            ],
            [
              -84.13899993899997,
              35.58071136500007
            ],
            [
              -84.13279724099993,
              35.579612732000044
            ],
            [
              -84.13049316399997,
              35.57621383700007
            ],
            [
              -84.12529754599996,
              35.58141326900005
            ],
            [
              -84.12030029299996,
              35.581813812000064
            ],
            [
              -84.11229705799997,
              35.58741378800005
            ],
            [
              -84.109397888,
              35.57971191400003
            ],
            [
              -84.11139678999996,
              35.57771301300005
            ],
            [
              -84.10589599599996,
              35.57391357400007
            ],
            [
              -84.09619903599997,
              35.57551193200004
            ],
            [
              -84.09619903599997,
              35.56851196300005
            ],
            [
              -84.08869934099994,
              35.560211182000046
            ],
            [
              -84.09409332299998,
              35.55421066300005
            ],
            [
              -84.08739471399997,
              35.542510986000025
            ],
            [
              -84.08439636199995,
              35.54121398900003
            ],
            [
              -84.06629943799999,
              35.54631042500006
            ],
            [
              -84.05289459199997,
              35.54631042500006
            ],
            [
              -84.04109954799998,
              35.54221344000007
            ],
            [
              -84.02879333499999,
              35.54671096800007
            ],
            [
              -84.01399993899997,
              35.54581069900007
            ],
            [
              -84.00999450699999,
              35.54961395300006
            ],
            [
              -84.00909423799999,
              35.55281066900005
            ],
            [
              -84.00529479999994,
              35.554512024000076
            ],
            [
              -83.99989318799999,
              35.554710388000046
            ],
            [
              -83.99589538599997,
              35.55291366600005
            ],
            [
              -83.99409484899996,
              35.55061340300006
            ],
            [
              -83.99699401899994,
              35.54191207900004
            ],
            [
              -83.99269866899994,
              35.53181076000004
            ],
            [
              -83.99409484899996,
              35.527214050000055
            ],
            [
              -84.00229644799998,
              35.52421188400007
            ],
            [
              -84.00849914599996,
              35.51981353800005
            ],
            [
              -84.01089477499994,
              35.514610291000054
            ],
            [
              -84.00929260299995,
              35.51031112700008
            ],
            [
              -83.99249267599998,
              35.499813080000024
            ],
            [
              -83.98949432399996,
              35.49581146200006
            ],
            [
              -83.98909759499998,
              35.489711761000024
            ],
            [
              -83.98639678999996,
              35.48711395300006
            ],
            [
              -83.98309326199995,
              35.486812592000035
            ],
            [
              -83.98040008499999,
              35.48881149300007
            ],
            [
              -83.97579956099997,
              35.500213623000036
            ],
            [
              -83.97279357899998,
              35.50091171300005
            ],
            [
              -83.95919799799998,
              35.49031066900005
            ],
            [
              -83.94419860799997,
              35.490711212000065
            ],
            [
              -83.93899536099997,
              35.48781204200003
            ],
            [
              -83.93939971899994,
              35.485313416000054
            ],
            [
              -83.94379424999994,
              35.48071289100005
            ],
            [
              -83.96329498299997,
              35.47291183500005
            ],
            [
              -83.96540069599996,
              35.46901321400003
            ],
            [
              -83.96409606899994,
              35.46511077900004
            ],
            [
              -83.96099853499999,
              35.46331405600006
            ],
            [
              -83.961296082,
              35.45981216400003
            ],
            [
              -83.96489715599995,
              35.45531082200006
            ],
            [
              -83.96979522699996,
              35.45541381800007
            ],
            [
              -83.97279357899998,
              35.45271301300005
            ],
            [
              -83.97290039099994,
              35.44781112700008
            ],
            [
              -83.97989654499997,
              35.44781112700008
            ],
            [
              -83.98359680199997,
              35.44141387900004
            ],
            [
              -83.99169921899994,
              35.44011306800007
            ],
            [
              -83.99879455599995,
              35.43211364700005
            ],
            [
              -83.99919891399998,
              35.42611312900004
            ],
            [
              -84.00259399399994,
              35.42231369000007
            ],
            [
              -84.01519775399998,
              35.411811829000044
            ],
            [
              -84.02309417699996,
              35.41141128500004
            ],
            [
              -84.01839446999998,
              35.39951324500004
            ],
            [
              -84.01379394499997,
              35.39701080300006
            ],
            [
              -84.01189422599998,
              35.392112732000044
            ],
            [
              -84.00909423799999,
              35.39111328100006
            ],
            [
              -84.01089477499994,
              35.38421249400005
            ],
            [
              -84.00839996299999,
              35.37831115700004
            ],
            [
              -84.00789642299998,
              35.37171173100006
            ],
            [
              -84.02409362799995,
              35.35411071800007
            ],
            [
              -84.03730011,
              35.35011291500007
            ],
            [
              -84.03759765599995,
              35.34741210900006
            ],
            [
              -84.03489685099998,
              35.34191131600005
            ],
            [
              -84.03569793699995,
              35.33831405600006
            ],
            [
              -84.031799316,
              35.33651351900005
            ],
            [
              -84.02939605699999,
              35.33311080900006
            ],
            [
              -84.03239440899995,
              35.32771301300005
            ],
            [
              -84.03549957299998,
              35.312911987000064
            ],
            [
              -84.02809905999999,
              35.310211182000046
            ],
            [
              -84.02230071999998,
              35.30161285400004
            ],
            [
              -84.02330017099996,
              35.29611206100003
            ],
            [
              -84.03509521499996,
              35.28891372700008
            ],
            [
              -84.04019927999997,
              35.280212402000075
            ],
            [
              -84.04649352999996,
              35.27461242700008
            ],
            [
              -84.04979705799997,
              35.273811340000066
            ],
            [
              -84.05729675299995,
              35.26781082200006
            ],
            [
              -84.08129882799994,
              35.26081085200008
            ],
            [
              -84.08279418899997,
              35.257213593000074
            ],
            [
              -84.09469604499998,
              35.248611450000055
            ],
            [
              -84.09919738799994,
              35.24781036400003
            ],
            [
              -84.10509490999993,
              35.250411987000064
            ],
            [
              -84.11449432399996,
              35.249511719000054
            ],
            [
              -84.11989593499999,
              35.251712799000074
            ],
            [
              -84.12559509299996,
              35.24901199300007
            ],
            [
              -84.12669372599998,
              35.24151229900008
            ],
            [
              -84.13199615499997,
              35.24211120600006
            ],
            [
              -84.13929748499999,
              35.24601364100005
            ],
            [
              -84.14709472699997,
              35.24681091300005
            ],
            [
              -84.15519714399994,
              35.246410370000035
            ],
            [
              -84.16119384799998,
              35.24371337900004
            ],
            [
              -84.16979980499997,
              35.24601364100005
            ],
            [
              -84.17919921899994,
              35.24061203000008
            ],
            [
              -84.18949890099998,
              35.24091339100005
            ],
            [
              -84.19259643599997,
              35.244010925000055
            ],
            [
              -84.19989776599994,
              35.24491119400005
            ],
            [
              -84.20329284699994,
              35.25601196300005
            ],
            [
              -84.21080017099996,
              35.265113831000065
            ],
            [
              -84.21869659699996,
              35.26811217200003
            ],
            [
              -84.22649383499999,
              35.268310547000056
            ],
            [
              -84.24299621599994,
              35.25311279300007
            ],
            [
              -84.25189971899994,
              35.25001144400005
            ],
            [
              -84.26169586199995,
              35.24131393400006
            ],
            [
              -84.27539825399998,
              35.23451232900004
            ],
            [
              -84.28739929199998,
              35.22481155400004
            ],
            [
              -84.28969573999996,
              35.225013733000026
            ],
            [
              -84.29229736299999,
              35.206710815000065
            ],
            [
              -84.32569885299995,
              35.21941375700004
            ],
            [
              -84.33249664299996,
              35.207912445000034
            ],
            [
              -84.340393066,
              35.210910797000054
            ],
            [
              -84.344299316,
              35.204311371000074
            ],
            [
              -84.35209655799997,
              35.20731353800005
            ],
            [
              -84.34479522699996,
              35.220413208000025
            ],
            [
              -84.36089324999995,
              35.226711273000035
            ],
            [
              -84.35689544699994,
              35.23371124300007
            ],
            [
              -84.49509429899996,
              35.28581237800006
            ],
            [
              -84.47819518999995,
              35.30271148700007
            ],
            [
              -84.45419311499995,
              35.31871414200003
            ],
            [
              -84.41049957299998,
              35.33061218300003
            ],
            [
              -84.40099334699994,
              35.33041381800007
            ],
            [
              -84.40059661899994,
              35.343013763000044
            ],
            [
              -84.40929412799994,
              35.34431076000004
            ],
            [
              -84.40909576399997,
              35.35371398900003
            ],
            [
              -84.40689849899996,
              35.35471344000007
            ],
            [
              -84.40919494599996,
              35.357013702000074
            ],
            [
              -84.40969848599997,
              35.39831161500007
            ],
            [
              -84.41409301799996,
              35.39931106600005
            ],
            [
              -84.41489410399998,
              35.40181350700004
            ],
            [
              -84.41759490999993,
              35.40321350100004
            ],
            [
              -84.41769409199998,
              35.40051269500003
            ],
            [
              -84.42630004899996,
              35.40191268900003
            ],
            [
              -84.42630004899996,
              35.407611847000055
            ],
            [
              -84.43079376199995,
              35.40831375100004
            ],
            [
              -84.43079376199995,
              35.41191101100003
            ],
            [
              -84.42669677699996,
              35.41201400800003
            ],
            [
              -84.42669677699996,
              35.418411255000024
            ],
            [
              -84.42989349399994,
              35.42251205400004
            ],
            [
              -84.43629455599995,
              35.42291259800004
            ],
            [
              -84.43689727799995,
              35.43361282300003
            ],
            [
              -84.44339752199994,
              35.434810638000044
            ],
            [
              -84.43899536099997,
              35.43571090700004
            ],
            [
              -84.43759918199999,
              35.43961334200003
            ],
            [
              -84.43439483599997,
              35.44151306200007
            ],
            [
              -84.43549346899994,
              35.446113586000024
            ],
            [
              -84.43449401899994,
              35.44831085200008
            ],
            [
              -84.43849945099998,
              35.45011138900003
            ],
            [
              -84.44259643599997,
              35.455013275000056
            ],
            [
              -84.45179748499999,
              35.45531082200006
            ],
            [
              -84.45229339599996,
              35.45991134600007
            ],
            [
              -84.44589996299999,
              35.460010529000044
            ],
            [
              -84.44319915799997,
              35.46231079100005
            ],
            [
              -84.45299529999994,
              35.477310181000064
            ],
            [
              -84.46419525099998,
              35.50381088300003
            ],
            [
              -84.50419616699998,
              35.57791137700008
            ],
            [
              -84.50459289599996,
              35.585113525000054
            ],
            [
              -84.52249908399995,
              35.586612701000035
            ],
            [
              -84.52139282199994,
              35.59571075400004
            ],
            [
              -84.52249908399995,
              35.622310638000044
            ],
            [
              -84.52579498299997,
              35.622310638000044
            ],
            [
              -84.52589416499995,
              35.62461090100004
            ],
            [
              -84.51689910899995,
              35.62341308600003
            ],
            [
              -84.51379394499997,
              35.62081146200006
            ],
            [
              -84.50349426299994,
              35.62091064500004
            ],
            [
              -84.50039672899999,
              35.628211975000056
            ],
            [
              -84.50859832799995,
              35.629413605000025
            ],
            [
              -84.50999450699999,
              35.636611938000044
            ],
            [
              -84.51349639899996,
              35.636611938000044
            ],
            [
              -84.51339721699998,
              35.63941192600004
            ],
            [
              -84.50919341999997,
              35.63951110800008
            ],
            [
              -84.50949859599996,
              35.64221191400003
            ],
            [
              -84.52249908399995,
              35.64401245100004
            ],
            [
              -84.52219390899995,
              35.65141296400003
            ],
            [
              -84.50459289599996,
              35.651313782000045
            ],
            [
              -84.50429534899996,
              35.66591262800006
            ],
            [
              -84.50009918199999,
              35.66471099900008
            ],
            [
              -84.49959564199997,
              35.65991210900006
            ],
            [
              -84.49619293199999,
              35.65841293300008
            ],
            [
              -84.49549865699998,
              35.65571212800006
            ],
            [
              -84.48729705799997,
              35.655513763000044
            ],
            [
              -84.48679351799996,
              35.65841293300008
            ],
            [
              -84.45749664299996,
              35.65921020500008
            ],
            [
              -84.45709991499996,
              35.66581344600007
            ],
            [
              -84.43579864499998,
              35.66671371500007
            ],
            [
              -84.4375,
              35.66871261600005
            ],
            [
              -84.43679809599996,
              35.67091369600007
            ],
            [
              -84.42719268799993,
              35.672111511000026
            ],
            [
              -84.42639923099995,
              35.66461181600005
            ],
            [
              -84.41709899899996,
              35.66231155400004
            ],
            [
              -84.41409301799996,
              35.66541290300006
            ],
            [
              -84.40649414099994,
              35.66561126700003
            ],
            [
              -84.40219879199998,
              35.65471267700008
            ],
            [
              -84.40649414099994,
              35.654613495000035
            ],
            [
              -84.40649414099994,
              35.651210785000046
            ],
            [
              -84.39789581299993,
              35.651012421000075
            ],
            [
              -84.39799499499998,
              35.64021301300005
            ],
            [
              -84.38549804699994,
              35.63981246900005
            ],
            [
              -84.37129974399994,
              35.643413544000055
            ],
            [
              -84.37049865699998,
              35.64701080300006
            ],
            [
              -84.36219787599998,
              35.64771270800003
            ],
            [
              -84.36209869399994,
              35.653011322000054
            ],
            [
              -84.35459899899996,
              35.65481185900006
            ],
            [
              -84.35399627699996,
              35.65801239000007
            ],
            [
              -84.35749816899994,
              35.65801239000007
            ],
            [
              -84.35759735099998,
              35.662513733000026
            ],
            [
              -84.35279846199995,
              35.66811370800008
            ],
            [
              -84.34409332299998,
              35.665210724000076
            ],
            [
              -84.32979583699995,
              35.66501236000005
            ],
            [
              -84.32649993899997,
              35.66611099200003
            ],
            [
              -84.32639312699996,
              35.67221069300007
            ],
            [
              -84.31739807099996,
              35.672111511000026
            ]
          ]
        ]
      }
    },
    {
      "type": "Feature",
      "properties": {
        "STATE": "TN",
        "CWA": "MRX",
        "COUNTYNAME": "Cocke",
        "FIPS": "47029",
        "TIME_ZONE": "E"
      },
      "geometry": {
        "type": "Polygon",
        "coordinates": [
          [
            [
              -83.13999938999996,
              36.130012512000064
            ],
            [
              -83.12739562999997,
              36.122711182000046
            ],
            [
              -83.11759948699995,
              36.122711182000046
            ],
            [
              -83.11599731399997,
              36.12081146200006
            ],
            [
              -83.11789703399995,
              36.11791229200003
            ],
            [
              -83.11779785199997,
              36.11221313500005
            ],
            [
              -83.11409759499998,
              36.110912323000036
            ],
            [
              -83.11189269999994,
              36.11171340900006
            ],
            [
              -83.10649871799995,
              36.11881256100003
            ],
            [
              -83.10279846199995,
              36.120613098000035
            ],
            [
              -83.09889221199995,
              36.11921310400004
            ],
            [
              -83.09739684299996,
              36.11361312500003
            ],
            [
              -83.08059692399996,
              36.10401153600003
            ],
            [
              -83.07309722899998,
              36.09371185300006
            ],
            [
              -83.06789398199999,
              36.09261322000003
            ],
            [
              -83.06679534899996,
              36.09571075400004
            ],
            [
              -83.05679321299993,
              36.09031295800003
            ],
            [
              -83.05259704599996,
              36.07881164600008
            ],
            [
              -83.031799316,
              36.06001281700003
            ],
            [
              -82.95439910899995,
              35.997711182000046
            ],
            [
              -82.90010070799997,
              35.94671249400005
            ],
            [
              -82.89839935299995,
              35.94481277500006
            ],
            [
              -82.90149688699995,
              35.93671035800003
            ],
            [
              -82.89939880399999,
              35.93131256100003
            ],
            [
              -82.90139770499997,
              35.92781066900005
            ],
            [
              -82.90489959699994,
              35.92621231100003
            ],
            [
              -82.91510009799998,
              35.92941284200003
            ],
            [
              -82.92009735099998,
              35.92801284800004
            ],
            [
              -82.912994385,
              35.92091369600007
            ],
            [
              -82.91199493399995,
              35.91801071200007
            ],
            [
              -82.91349792499994,
              35.91471099900008
            ],
            [
              -82.90859985399999,
              35.91021347000003
            ],
            [
              -82.90169525099998,
              35.89201355000006
            ],
            [
              -82.90589904799998,
              35.88351059000007
            ],
            [
              -82.90279388399995,
              35.88081359900008
            ],
            [
              -82.898796082,
              35.881111145000034
            ],
            [
              -82.89689636199995,
              35.87861251800007
            ],
            [
              -82.90259551999998,
              35.87221145600006
            ],
            [
              -82.90719604499998,
              35.87011337300004
            ],
            [
              -82.92009735099998,
              35.868213654000044
            ],
            [
              -82.92079925499996,
              35.86231231700003
            ],
            [
              -82.91909789999994,
              35.85901260400004
            ],
            [
              -82.92029571499995,
              35.85141372700008
            ],
            [
              -82.91679382299998,
              35.84161377000004
            ],
            [
              -82.93329620399999,
              35.83681106600005
            ],
            [
              -82.93349456799996,
              35.830913544000055
            ],
            [
              -82.93599700899995,
              35.82611084000007
            ],
            [
              -82.94469451899994,
              35.82491302500006
            ],
            [
              -82.94839477499994,
              35.81841278100006
            ],
            [
              -82.95339965799997,
              35.81391143800005
            ],
            [
              -82.96139526399998,
              35.80051040600006
            ],
            [
              -82.96199798599997,
              35.79201126100003
            ],
            [
              -82.97219848599997,
              35.788112640000065
            ],
            [
              -82.98429870599995,
              35.778011322000054
            ],
            [
              -82.99169921899994,
              35.77441024800004
            ],
            [
              -82.99599456799996,
              35.773212433000026
            ],
            [
              -83.00149536099997,
              35.77401351900005
            ],
            [
              -83.00699615499997,
              35.778411865000066
            ],
            [
              -83.01489257799994,
              35.781311035000044
            ],
            [
              -83.01959991499996,
              35.780513763000044
            ],
            [
              -83.03369903599997,
              35.78661346400003
            ],
            [
              -83.04389953599997,
              35.78541183500005
            ],
            [
              -83.05199432399996,
              35.789012909000064
            ],
            [
              -83.06499481199995,
              35.78691101100003
            ],
            [
              -83.07859802199994,
              35.789413452000076
            ],
            [
              -83.09669494599996,
              35.77661132800006
            ],
            [
              -83.11829376199995,
              35.76911163300008
            ],
            [
              -83.12119293199999,
              35.766613007000046
            ],
            [
              -83.12689971899994,
              35.76791381800007
            ],
            [
              -83.13759612999996,
              35.765312195000035
            ],
            [
              -83.15839386,
              35.765010834000066
            ],
            [
              -83.16510009799998,
              35.759410858000024
            ],
            [
              -83.16619872999996,
              35.75251388500004
            ],
            [
              -83.17099761999998,
              35.74611282300003
            ],
            [
              -83.17749786399997,
              35.74391174300007
            ],
            [
              -83.18569946299993,
              35.72991180400004
            ],
            [
              -83.19919586199995,
              35.725410461000024
            ],
            [
              -83.20379638699995,
              35.726512909000064
            ],
            [
              -83.20989990199996,
              35.72511291500007
            ],
            [
              -83.24089813199998,
              35.72631073000008
            ],
            [
              -83.24209594699994,
              35.72361373900003
            ],
            [
              -83.25089263899997,
              35.72001266500007
            ],
            [
              -83.25589752199994,
              35.71541214000007
            ],
            [
              -83.27079772899998,
              35.71301269500003
            ],
            [
              -83.27589416499995,
              35.71401214600007
            ],
            [
              -83.27489471399997,
              35.721313477000024
            ],
            [
              -83.277893066,
              35.730911255000024
            ],
            [
              -83.28059387199994,
              35.73381042500006
            ],
            [
              -83.28089904799998,
              35.742313385000045
            ],
            [
              -83.27539825399998,
              35.77131271400003
            ],
            [
              -83.27700042699996,
              35.77331161500007
            ],
            [
              -83.27709960899995,
              35.779312134000065
            ],
            [
              -83.28279876699997,
              35.77861404400005
            ],
            [
              -83.28529357899998,
              35.780612946000076
            ],
            [
              -83.28639984099993,
              35.79611206100003
            ],
            [
              -83.27839660599994,
              35.80641174300007
            ],
            [
              -83.28039550799997,
              35.81381225600006
            ],
            [
              -83.27919769299996,
              35.82311248800005
            ],
            [
              -83.27369689899996,
              35.81931304900007
            ],
            [
              -83.27449798599997,
              35.815311432000044
            ],
            [
              -83.27179717999996,
              35.81471252400007
            ],
            [
              -83.26299285899995,
              35.82011032100007
            ],
            [
              -83.26239776599994,
              35.82531356800007
            ],
            [
              -83.27059936499995,
              35.82691192600004
            ],
            [
              -83.27149963399995,
              35.829612732000044
            ],
            [
              -83.27009582499994,
              35.831813812000064
            ],
            [
              -83.28389739999994,
              35.83891296400003
            ],
            [
              -83.28239440899995,
              35.84171295200008
            ],
            [
              -83.28739929199998,
              35.85351181000004
            ],
            [
              -83.29329681399997,
              35.85491180400004
            ],
            [
              -83.28969573999996,
              35.862712860000045
            ],
            [
              -83.28909301799996,
              35.86621093700006
            ],
            [
              -83.29059600799997,
              35.86891174300007
            ],
            [
              -83.29339599599996,
              35.868213654000044
            ],
            [
              -83.30870056199996,
              35.87171173100006
            ],
            [
              -83.30789947499994,
              35.875610352000024
            ],
            [
              -83.30949401899994,
              35.88321304300007
            ],
            [
              -83.30799865699998,
              35.886310577000074
            ],
            [
              -83.31649780299995,
              35.89081192000003
            ],
            [
              -83.30549621599994,
              35.89951324500004
            ],
            [
              -83.30299377399996,
              35.89801025400004
            ],
            [
              -83.29839324999995,
              35.901012421000075
            ],
            [
              -83.29389953599997,
              35.910011292000036
            ],
            [
              -83.28539276099997,
              35.95811080900006
            ],
            [
              -83.28589630099998,
              35.96471023600003
            ],
            [
              -83.28979492199994,
              35.96491241500007
            ],
            [
              -83.28779602099996,
              35.967712402000075
            ],
            [
              -83.28489685099998,
              35.96841049200003
            ],
            [
              -83.28279876699997,
              35.97281265300006
            ],
            [
              -83.27609252899998,
              36.00661087000003
            ],
            [
              -83.27089691199996,
              36.000213623000036
            ],
            [
              -83.26719665499996,
              35.99811172500006
            ],
            [
              -83.26309966999997,
              35.997310638000044
            ],
            [
              -83.26020049999994,
              35.99851226800007
            ],
            [
              -83.25819396999998,
              36.00261306800007
            ],
            [
              -83.25979614299996,
              36.01641082800006
            ],
            [
              -83.25779724099993,
              36.02401351900005
            ],
            [
              -83.26079559299995,
              36.03181076000004
            ],
            [
              -83.25619506799995,
              36.044513702000074
            ],
            [
              -83.24499511699997,
              36.04681396500007
            ],
            [
              -83.24049377399996,
              36.052310944000055
            ],
            [
              -83.23989868199999,
              36.05631256100003
            ],
            [
              -83.24440002399996,
              36.062011719000054
            ],
            [
              -83.25309753399995,
              36.07941055300006
            ],
            [
              -83.25339508099995,
              36.08351135300006
            ],
            [
              -83.25139617899998,
              36.086311340000066
            ],
            [
              -83.24329376199995,
              36.08921051000004
            ],
            [
              -83.23639678999996,
              36.08701324500004
            ],
            [
              -83.22819518999995,
              36.08161163300008
            ],
            [
              -83.225494385,
              36.08321380600006
            ],
            [
              -83.22669982899998,
              36.092113495000035
            ],
            [
              -83.24589538599997,
              36.12281036400003
            ],
            [
              -83.24409484899996,
              36.12571334800003
            ],
            [
              -83.24089813199998,
              36.12641143800005
            ],
            [
              -83.22969818099995,
              36.12241363500004
            ],
            [
              -83.22519683799999,
              36.12181091300005
            ],
            [
              -83.22209930399998,
              36.12341308600003
            ],
            [
              -83.21939849899996,
              36.132213593000074
            ],
            [
              -83.22449493399995,
              36.14271163900003
            ],
            [
              -83.22529602099996,
              36.147613525000054
            ],
            [
              -83.22269439699994,
              36.150611877000074
            ],
            [
              -83.21619415299995,
              36.14951324500004
            ],
            [
              -83.20309448199998,
              36.13871383700007
            ],
            [
              -83.19629669199998,
              36.12991333000008
            ],
            [
              -83.18439483599997,
              36.12531280500008
            ],
            [
              -83.17589569099994,
              36.12661361700003
            ],
            [
              -83.17489623999995,
              36.13201141400003
            ],
            [
              -83.17939758299997,
              36.154613495000035
            ],
            [
              -83.18280029299996,
              36.162910461000024
            ],
            [
              -83.18699645999999,
              36.16811370800008
            ],
            [
              -83.18769836399997,
              36.173912048000034
            ],
            [
              -83.18599700899995,
              36.17631149300007
            ],
            [
              -83.16889953599997,
              36.18231201200007
            ],
            [
              -83.16599273699995,
              36.18111038200004
            ],
            [
              -83.16549682599998,
              36.17921066300005
            ],
            [
              -83.16839599599996,
              36.17371368400006
            ],
            [
              -83.16799926799996,
              36.168411255000024
            ],
            [
              -83.17239379899996,
              36.15861129800004
            ],
            [
              -83.17160034199998,
              36.15571212800006
            ],
            [
              -83.16629791299994,
              36.15071106000005
            ],
            [
              -83.15049743699996,
              36.143310547000056
            ],
            [
              -83.14149475099998,
              36.134613037000065
            ],
            [
              -83.13999938999996,
              36.130012512000064
            ]
          ]
        ]
      }
    },
    {
      "type": "Feature",
      "properties": {
        "STATE": "TN",
        "CWA": "MRX",
        "COUNTYNAME": "Sevier",
        "FIPS": "47155",
        "TIME_ZONE": "E"
      },
      "geometry": {
        "type": "Polygon",
        "coordinates": [
          [
            [
              -83.65619659399994,
              36.042713165000066
            ],
            [
              -83.61619567899999,
              36.018310547000056
            ],
            [
              -83.61249542199994,
              36.014011383000025
            ],
            [
              -83.60719299299996,
              36.01541137700008
            ],
            [
              -83.52230071999998,
              35.96331405600006
            ],
            [
              -83.51659393299997,
              35.955513
            ],
            [
              -83.51749420199997,
              35.951713562000066
            ],
            [
              -83.51569366499996,
              35.948211670000035
            ],
            [
              -83.51239776599994,
              35.94631195100004
            ],
            [
              -83.50849914599996,
              35.94021225000006
            ],
            [
              -83.48870086699998,
              35.93541336100003
            ],
            [
              -83.48719787599998,
              35.93351364100005
            ],
            [
              -83.49009704599996,
              35.92881393400006
            ],
            [
              -83.48269653299997,
              35.92871093700006
            ],
            [
              -83.47879791299994,
              35.93021392800006
            ],
            [
              -83.47459411599993,
              35.924011230000076
            ],
            [
              -83.46869659399994,
              35.92351150500008
            ],
            [
              -83.46599578899998,
              35.92411041300005
            ],
            [
              -83.46449279799998,
              35.92831039400005
            ],
            [
              -83.46219634999994,
              35.929111481000064
            ],
            [
              -83.46019744899996,
              35.923412323000036
            ],
            [
              -83.45759582499994,
              35.92251205400004
            ],
            [
              -83.45499420199997,
              35.92381286600005
            ],
            [
              -83.45259857199994,
              35.92901229900008
            ],
            [
              -83.45039367699997,
              35.92941284200003
            ],
            [
              -83.44979858399995,
              35.92481231700003
            ],
            [
              -83.44739532499995,
              35.92331314100005
            ],
            [
              -83.44409942599998,
              35.928211212000065
            ],
            [
              -83.44129943799999,
              35.92891311600005
            ],
            [
              -83.43899536099997,
              35.928211212000065
            ],
            [
              -83.43619537399996,
              35.924312592000035
            ],
            [
              -83.43109893799993,
              35.926712036000026
            ],
            [
              -83.42819976799996,
              35.92551040600006
            ],
            [
              -83.41699981699998,
              35.931510925000055
            ],
            [
              -83.40459442099996,
              35.92861175500008
            ],
            [
              -83.39459991499996,
              35.93291091900005
            ],
            [
              -83.38939666699997,
              35.92871093700006
            ],
            [
              -83.39159393299997,
              35.918510437000066
            ],
            [
              -83.39029693599997,
              35.91471099900008
            ],
            [
              -83.37220001199995,
              35.91471099900008
            ],
            [
              -83.36409759499998,
              35.91611099200003
            ],
            [
              -83.36009979199997,
              35.91901397700008
            ],
            [
              -83.35399627699996,
              35.919513702000074
            ],
            [
              -83.33809661899994,
              35.91241073600003
            ],
            [
              -83.33069610599995,
              35.91161346400003
            ],
            [
              -83.31829833999996,
              35.90391159100005
            ],
            [
              -83.31129455599995,
              35.895511627000076
            ],
            [
              -83.31649780299995,
              35.89081192000003
            ],
            [
              -83.30799865699998,
              35.886310577000074
            ],
            [
              -83.30949401899994,
              35.88321304300007
            ],
            [
              -83.30789947499994,
              35.875610352000024
            ],
            [
              -83.30870056199996,
              35.87171173100006
            ],
            [
              -83.29339599599996,
              35.868213654000044
            ],
            [
              -83.29059600799997,
              35.86891174300007
            ],
            [
              -83.28909301799996,
              35.86621093700006
            ],
            [
              -83.28969573999996,
              35.862712860000045
            ],
            [
              -83.29329681399997,
              35.85491180400004
            ],
            [
              -83.28739929199998,
              35.85351181000004
            ],
            [
              -83.28239440899995,
              35.84171295200008
            ],
            [
              -83.28389739999994,
              35.83891296400003
            ],
            [
              -83.27009582499994,
              35.831813812000064
            ],
            [
              -83.27149963399995,
              35.829612732000044
            ],
            [
              -83.27059936499995,
              35.82691192600004
            ],
            [
              -83.26239776599994,
              35.82531356800007
            ],
            [
              -83.26299285899995,
              35.82011032100007
            ],
            [
              -83.27179717999996,
              35.81471252400007
            ],
            [
              -83.27449798599997,
              35.815311432000044
            ],
            [
              -83.27369689899996,
              35.81931304900007
            ],
            [
              -83.27919769299996,
              35.82311248800005
            ],
            [
              -83.28039550799997,
              35.81381225600006
            ],
            [
              -83.27839660599994,
              35.80641174300007
            ],
            [
              -83.28639984099993,
              35.79611206100003
            ],
            [
              -83.28609466599994,
              35.782810211000026
            ],
            [
              -83.28279876699997,
              35.77861404400005
            ],
            [
              -83.27709960899995,
              35.779312134000065
            ],
            [
              -83.27700042699996,
              35.77331161500007
            ],
            [
              -83.27539825399998,
              35.77131271400003
            ],
            [
              -83.28089904799998,
              35.742313385000045
            ],
            [
              -83.28059387199994,
              35.73381042500006
            ],
            [
              -83.277893066,
              35.730911255000024
            ],
            [
              -83.27489471399997,
              35.721313477000024
            ],
            [
              -83.27589416499995,
              35.71401214600007
            ],
            [
              -83.27079772899998,
              35.71301269500003
            ],
            [
              -83.25589752199994,
              35.71541214000007
            ],
            [
              -83.25149536099997,
              35.70931243900003
            ],
            [
              -83.25699615499997,
              35.70521163900003
            ],
            [
              -83.25399780299995,
              35.69591140700004
            ],
            [
              -83.26089477499994,
              35.689212799000074
            ],
            [
              -83.26909637499995,
              35.68661117600004
            ],
            [
              -83.27099609399994,
              35.68271255500008
            ],
            [
              -83.27549743699996,
              35.679512024000076
            ],
            [
              -83.28299713099995,
              35.67561340300006
            ],
            [
              -83.28829956099997,
              35.67471313500005
            ],
            [
              -83.29069518999995,
              35.67261123700007
            ],
            [
              -83.29409789999994,
              35.66211319000007
            ],
            [
              -83.29869842499994,
              35.657012939000026
            ],
            [
              -83.30809783899997,
              35.65601348900003
            ],
            [
              -83.31049346899994,
              35.65441131600005
            ],
            [
              -83.32339477499994,
              35.663311005000025
            ],
            [
              -83.33399963399995,
              35.66541290300006
            ],
            [
              -83.33809661899994,
              35.663112640000065
            ],
            [
              -83.34069824199997,
              35.664211273000035
            ],
            [
              -83.35159301799996,
              35.659812927000075
            ],
            [
              -83.35839843799994,
              35.64741134600007
            ],
            [
              -83.36750030499996,
              35.63851165800003
            ],
            [
              -83.37249755899995,
              35.639011383000025
            ],
            [
              -83.379096985,
              35.634613037000065
            ],
            [
              -83.38859558099995,
              35.63301086400003
            ],
            [
              -83.39270019499997,
              35.62511062600004
            ],
            [
              -83.39659881599994,
              35.622711182000046
            ],
            [
              -83.40359497099996,
              35.62131118800005
            ],
            [
              -83.42039489699994,
              35.61351394700006
            ],
            [
              -83.42109680199997,
              35.61161041300005
            ],
            [
              -83.43239593499999,
              35.60991287200005
            ],
            [
              -83.44539642299998,
              35.611812592000035
            ],
            [
              -83.45209503199999,
              35.60321044900007
            ],
            [
              -83.45509338399995,
              35.601913452000076
            ],
            [
              -83.45719909699994,
              35.59681320200008
            ],
            [
              -83.47199249299996,
              35.58971023600003
            ],
            [
              -83.47299957299998,
              35.586311340000066
            ],
            [
              -83.47819518999995,
              35.58361053500005
            ],
            [
              -83.47859954799998,
              35.579311371000074
            ],
            [
              -83.48519897499995,
              35.56851196300005
            ],
            [
              -83.49409484899996,
              35.56641387900004
            ],
            [
              -83.49749755899995,
              35.56381225600006
            ],
            [
              -83.517601013,
              35.562911987000064
            ],
            [
              -83.52050018299997,
              35.56561279300007
            ],
            [
              -83.54169464099994,
              35.56561279300007
            ],
            [
              -83.55220031699997,
              35.56431198100006
            ],
            [
              -83.57329559299995,
              35.56521225000006
            ],
            [
              -83.58099365199996,
              35.563110352000024
            ],
            [
              -83.586296082,
              35.563510895000036
            ],
            [
              -83.58779907199994,
              35.56701278700007
            ],
            [
              -83.594299316,
              35.572910309000065
            ],
            [
              -83.60479736299999,
              35.579311371000074
            ],
            [
              -83.60909271199995,
              35.579113007000046
            ],
            [
              -83.61529540999999,
              35.57401275600006
            ],
            [
              -83.62859344499998,
              35.56851196300005
            ],
            [
              -83.63459777799994,
              35.57021331800007
            ],
            [
              -83.64059448199998,
              35.56611251800007
            ],
            [
              -83.64669799799998,
              35.56641387900004
            ],
            [
              -83.65669250499997,
              35.569713593000074
            ],
            [
              -83.66319274899996,
              35.56921386700003
            ],
            [
              -83.66319274899996,
              35.68991088900003
            ],
            [
              -83.66889953599997,
              35.68631362900004
            ],
            [
              -83.67329406699997,
              35.68551254300007
            ],
            [
              -83.67669677699996,
              35.68691253700007
            ],
            [
              -83.67889404299996,
              35.68821334800003
            ],
            [
              -83.68229675299995,
              35.70161056500007
            ],
            [
              -83.68009948699995,
              35.706111908000025
            ],
            [
              -83.68139648399995,
              35.70881271400003
            ],
            [
              -83.68749237699996,
              35.70981216100006
            ],
            [
              -83.69519805899995,
              35.707912445000034
            ],
            [
              -83.70489501999998,
              35.71141052200005
            ],
            [
              -83.70199584999995,
              35.715911865000066
            ],
            [
              -83.70189666699997,
              35.71911239600007
            ],
            [
              -83.70769500699998,
              35.72051239000007
            ],
            [
              -83.70819854699994,
              35.72681045500008
            ],
            [
              -83.71360015899995,
              35.72711181600005
            ],
            [
              -83.71659851099997,
              35.730010986000025
            ],
            [
              -83.71889495799996,
              35.747711182000046
            ],
            [
              -83.72209930399998,
              35.74831390400004
            ],
            [
              -83.72539520299995,
              35.75241088900003
            ],
            [
              -83.72909545899995,
              35.75371170000005
            ],
            [
              -83.72979736299999,
              35.75781250000006
            ],
            [
              -83.72809600799997,
              35.76151275600006
            ],
            [
              -83.73099517799994,
              35.76471328700006
            ],
            [
              -83.74720001199995,
              35.798912048000034
            ],
            [
              -83.74639892599998,
              35.80181121800007
            ],
            [
              -83.73970031699997,
              35.80771255500008
            ],
            [
              -83.73959350599995,
              35.81101226800007
            ],
            [
              -83.74440002399996,
              35.80821228000008
            ],
            [
              -83.74810028099995,
              35.808910370000035
            ],
            [
              -83.75669860799997,
              35.81801223800005
            ],
            [
              -83.77219390899995,
              35.84571075400004
            ],
            [
              -83.76969909699994,
              35.848411560000045
            ],
            [
              -83.77419280999999,
              35.85321044900007
            ],
            [
              -83.77819824199997,
              35.852813721000075
            ],
            [
              -83.77989959699994,
              35.85531234700005
            ],
            [
              -83.78339386,
              35.856010437000066
            ],
            [
              -83.78039550799997,
              35.859611511000026
            ],
            [
              -83.78429412799994,
              35.87001037600004
            ],
            [
              -83.78529357899998,
              35.87981033300008
            ],
            [
              -83.78859710699999,
              35.883613586000024
            ],
            [
              -83.79279327399996,
              35.88491058300008
            ],
            [
              -83.79359435999999,
              35.887012482000046
            ],
            [
              -83.78429412799994,
              35.89241409300007
            ],
            [
              -83.77399444599996,
              35.904613495000035
            ],
            [
              -83.76419830299994,
              35.91321182300004
            ],
            [
              -83.74349975599995,
              35.92071151700003
            ],
            [
              -83.74079894999994,
              35.92051315300006
            ],
            [
              -83.73909759499998,
              35.917713165000066
            ],
            [
              -83.73320007299998,
              35.919410706000065
            ],
            [
              -83.705795288,
              35.93651199300007
            ],
            [
              -83.69839477499994,
              35.93951034500003
            ],
            [
              -83.69389343299997,
              35.94431304900007
            ],
            [
              -83.68659973099994,
              35.93781280500008
            ],
            [
              -83.68339538599997,
              35.93761062600004
            ],
            [
              -83.68359374999994,
              35.94131088300003
            ],
            [
              -83.68699645999999,
              35.94551086400003
            ],
            [
              -83.68689727799995,
              35.94941330000006
            ],
            [
              -83.67620086699998,
              35.95381164600008
            ],
            [
              -83.65459442099996,
              35.97191238400006
            ],
            [
              -83.65869903599997,
              35.98631286600005
            ],
            [
              -83.65139770499997,
              35.98631286600005
            ],
            [
              -83.65119934099994,
              35.98871231100003
            ],
            [
              -83.66130065899995,
              35.991611481000064
            ],
            [
              -83.66899871799995,
              36.008712769000056
            ],
            [
              -83.66999816899994,
              36.018413544000055
            ],
            [
              -83.67339324999995,
              36.02551269500003
            ],
            [
              -83.67699432399996,
              36.025611877000074
            ],
            [
              -83.67379760699998,
              36.03881073000008
            ],
            [
              -83.66449737499994,
              36.035713196000074
            ],
            [
              -83.65850067099996,
              36.036510468000074
            ],
            [
              -83.65659332299998,
              36.035011292000036
            ],
            [
              -83.65619659399994,
              36.042713165000066
            ]
          ]
        ]
      }
    },
    {
      "type": "Feature",
      "properties": {
        "STATE": "TN",
        "CWA": "MRX",
        "COUNTYNAME": "Carter",
        "FIPS": "47019",
        "TIME_ZONE": "E"
      },
      "geometry": {
        "type": "Polygon",
        "coordinates": [
          [
            [
              -81.98379516599994,
              36.508312225000054
            ],
            [
              -81.98739623999995,
              36.50031280500008
            ],
            [
              -81.98459625199996,
              36.50051116900005
            ],
            [
              -81.97689819299995,
              36.495311737000065
            ],
            [
              -81.95849609399994,
              36.47941207900004
            ],
            [
              -81.95689392099996,
              36.47631073000008
            ],
            [
              -81.95079803499993,
              36.47261047400008
            ],
            [
              -81.95629882799994,
              36.467712402000075
            ],
            [
              -81.96619415299995,
              36.46261215200008
            ],
            [
              -81.97889709499998,
              36.448211670000035
            ],
            [
              -81.98309326199995,
              36.44131088300003
            ],
            [
              -81.99299621599994,
              36.43501281700003
            ],
            [
              -81.99589538599997,
              36.42631149300007
            ],
            [
              -82.00299835199996,
              36.42481231700003
            ],
            [
              -82.00529479999994,
              36.42221069300007
            ],
            [
              -82.00659942599998,
              36.41661071800007
            ],
            [
              -82.02259826699998,
              36.403011322000054
            ],
            [
              -82.03609466599994,
              36.38581085200008
            ],
            [
              -82.05809783899997,
              36.36771392800006
            ],
            [
              -82.05179595899995,
              36.364212036000026
            ],
            [
              -82.04279327399996,
              36.36311340300006
            ],
            [
              -82.03709411599993,
              36.356113434000065
            ],
            [
              -82.04009246799995,
              36.35571289100005
            ],
            [
              -82.04159545899995,
              36.35731124900008
            ],
            [
              -82.04380035399998,
              36.35411071800007
            ],
            [
              -82.04019927999997,
              36.350410461000024
            ],
            [
              -82.03729247999996,
              36.35121154800004
            ],
            [
              -82.03389739999994,
              36.349010468000074
            ],
            [
              -82.031799316,
              36.346412659000066
            ],
            [
              -82.03399658199999,
              36.34441375700004
            ],
            [
              -82.02639770499997,
              36.340511322000054
            ],
            [
              -82.02709960899995,
              36.33671188400007
            ],
            [
              -82.02979278599997,
              36.33441162100007
            ],
            [
              -82.02479553199998,
              36.332912445000034
            ],
            [
              -82.02099609399994,
              36.32971191400003
            ],
            [
              -82.01569366499996,
              36.333011627000076
            ],
            [
              -82.00979614299996,
              36.33161163300008
            ],
            [
              -82.00169372599998,
              36.333011627000076
            ],
            [
              -81.99699401899994,
              36.32951355000006
            ],
            [
              -81.99929809599996,
              36.32461166400003
            ],
            [
              -81.99919891399998,
              36.319911957000045
            ],
            [
              -81.98929595899995,
              36.31481170700005
            ],
            [
              -81.98989868199999,
              36.30731201200007
            ],
            [
              -81.98529815699999,
              36.30391311600005
            ],
            [
              -81.98299407999997,
              36.30401229900008
            ],
            [
              -81.98089599599996,
              36.30091095000006
            ],
            [
              -81.98279571499995,
              36.295612335000044
            ],
            [
              -81.98030090299994,
              36.29111099200003
            ],
            [
              -81.98089599599996,
              36.28851318400007
            ],
            [
              -81.97279357899998,
              36.28541183500005
            ],
            [
              -81.97069549599996,
              36.28331375100004
            ],
            [
              -81.96969604499998,
              36.27731323200004
            ],
            [
              -81.95689392099996,
              36.273410797000054
            ],
            [
              -81.95439910899995,
              36.271411896000075
            ],
            [
              -81.95329284699994,
              36.265010834000066
            ],
            [
              -81.95029449499998,
              36.26191330000006
            ],
            [
              -81.94139862099996,
              36.26491165200008
            ],
            [
              -81.93329620399999,
              36.26491165200008
            ],
            [
              -81.96009826699998,
              36.22811126700003
            ],
            [
              -82.02589416499995,
              36.131313324000075
            ],
            [
              -82.02929687499994,
              36.12371063200004
            ],
            [
              -82.03299713099995,
              36.12081146200006
            ],
            [
              -82.03859710699999,
              36.121612549000076
            ],
            [
              -82.04599761999998,
              36.12571334800003
            ],
            [
              -82.05459594699994,
              36.12571334800003
            ],
            [
              -82.06119537399996,
              36.113311768000074
            ],
            [
              -82.07709503199999,
              36.10761261000005
            ],
            [
              -82.07999420199997,
              36.105911255000024
            ],
            [
              -82.08049774199998,
              36.102611542000034
            ],
            [
              -82.08519744899996,
              36.10551071200007
            ],
            [
              -82.09779357899998,
              36.105911255000024
            ],
            [
              -82.10539245599995,
              36.10791015600006
            ],
            [
              -82.11439514199998,
              36.10491180400004
            ],
            [
              -82.12799835199996,
              36.10421371500007
            ],
            [
              -82.13049316399997,
              36.10531234700005
            ],
            [
              -82.13739776599994,
              36.11921310400004
            ],
            [
              -82.13659667999997,
              36.12761306800007
            ],
            [
              -82.14099883999995,
              36.13751220700004
            ],
            [
              -82.14939880399999,
              36.14931106600005
            ],
            [
              -82.16029357899998,
              36.146411896000075
            ],
            [
              -82.17019653299997,
              36.14661407500006
            ],
            [
              -82.17819976799996,
              36.14291381800007
            ],
            [
              -82.18339538599997,
              36.14441299400005
            ],
            [
              -82.18809509299996,
              36.150611877000074
            ],
            [
              -82.19509887699996,
              36.15011215200008
            ],
            [
              -82.20229339599996,
              36.157012939000026
            ],
            [
              -82.21459960899995,
              36.158813477000024
            ],
            [
              -82.22189331099997,
              36.15651321400003
            ],
            [
              -82.22389984099993,
              36.16451263400006
            ],
            [
              -82.22269439699994,
              36.167510986000025
            ],
            [
              -82.22609710699999,
              36.17701339700005
            ],
            [
              -82.22819518999995,
              36.17901229900008
            ],
            [
              -82.22869872999996,
              36.189212799000074
            ],
            [
              -82.23029327399996,
              36.19141387900004
            ],
            [
              -82.24710082999997,
              36.20631408700007
            ],
            [
              -82.26729583699995,
              36.210113525000054
            ],
            [
              -82.25589752199994,
              36.224311829000044
            ],
            [
              -82.25669860799997,
              36.23271179200003
            ],
            [
              -82.25889587399996,
              36.23431396500007
            ],
            [
              -82.27869415299995,
              36.24351120000006
            ],
            [
              -82.28369903599997,
              36.25091171300005
            ],
            [
              -82.31939697299998,
              36.26061248800005
            ],
            [
              -82.33559417699996,
              36.253513336000026
            ],
            [
              -82.34089660599994,
              36.25401306200007
            ],
            [
              -82.33959960899995,
              36.25761032100007
            ],
            [
              -82.34129333499999,
              36.26481246900005
            ],
            [
              -82.32740020799997,
              36.29101181000004
            ],
            [
              -82.30179595899995,
              36.365112305000025
            ],
            [
              -82.30019378699996,
              36.37091064500004
            ],
            [
              -82.29989623999995,
              36.39561080900006
            ],
            [
              -82.28809356699998,
              36.395412445000034
            ],
            [
              -82.25229644799998,
              36.41991043100006
            ],
            [
              -82.24309539799998,
              36.42201232900004
            ],
            [
              -82.23959350599995,
              36.42141342200006
            ],
            [
              -82.23319244399994,
              36.413311005000025
            ],
            [
              -82.20149993899997,
              36.40111160300006
            ],
            [
              -82.18929290799997,
              36.40051269500003
            ],
            [
              -82.14579772899998,
              36.425811768000074
            ],
            [
              -82.12729644799998,
              36.43911361700003
            ],
            [
              -82.11829376199995,
              36.44211196900005
            ],
            [
              -82.11699676499995,
              36.44571304300007
            ],
            [
              -82.10729980499997,
              36.45031356800007
            ],
            [
              -82.10389709499998,
              36.455810547000056
            ],
            [
              -82.09839630099998,
              36.459213257000044
            ],
            [
              -82.08889770499997,
              36.460113525000054
            ],
            [
              -82.07769775399998,
              36.45781326300005
            ],
            [
              -82.06749725299994,
              36.46241378800005
            ],
            [
              -82.06079864499998,
              36.46751403800005
            ],
            [
              -82.05429840099998,
              36.47361373900003
            ],
            [
              -82.05089569099994,
              36.48051071200007
            ],
            [
              -82.03789520299995,
              36.48621368400006
            ],
            [
              -82.03059387199994,
              36.48581314100005
            ],
            [
              -82.023796082,
              36.48951339700005
            ],
            [
              -82.00859832799995,
              36.48961257900004
            ],
            [
              -82.00039672899999,
              36.492012024000076
            ],
            [
              -81.99810028099995,
              36.49511337300004
            ],
            [
              -82.00049591099997,
              36.49911117600004
            ],
            [
              -81.98609924299996,
              36.50991058300008
            ],
            [
              -81.98379516599994,
              36.508312225000054
            ]
          ]
        ]
      }
    },
    {
      "type": "Feature",
      "properties": {
        "STATE": "TN",
        "CWA": "MRX",
        "COUNTYNAME": "Greene",
        "FIPS": "47059",
        "TIME_ZONE": "E"
      },
      "geometry": {
        "type": "Polygon",
        "coordinates": [
          [
            [
              -82.63439941399997,
              36.41801071200007
            ],
            [
              -82.63419341999997,
              36.41351318400007
            ],
            [
              -82.63029479999994,
              36.41351318400007
            ],
            [
              -82.62979888899997,
              36.41131210300006
            ],
            [
              -82.63279724099993,
              36.36891174300007
            ],
            [
              -82.63249969499998,
              36.364212036000026
            ],
            [
              -82.62889862099996,
              36.36001205400004
            ],
            [
              -82.63279724099993,
              36.36011123700007
            ],
            [
              -82.63359832799995,
              36.35581207300004
            ],
            [
              -82.64399719199997,
              36.211311340000066
            ],
            [
              -82.65029907199994,
              36.20991134600007
            ],
            [
              -82.64989471399997,
              36.20691299400005
            ],
            [
              -82.64679717999996,
              36.205513
            ],
            [
              -82.64939880399999,
              36.19931030300006
            ],
            [
              -82.64589691199996,
              36.200412750000055
            ],
            [
              -82.64509582499994,
              36.19541168200004
            ],
            [
              -82.64559936399996,
              36.18671037100006
            ],
            [
              -82.64839935299995,
              36.18491363500004
            ],
            [
              -82.64839935299995,
              36.180713654000044
            ],
            [
              -82.65119934099994,
              36.180713654000044
            ],
            [
              -82.65179443399995,
              36.17881393400006
            ],
            [
              -82.65129852299998,
              36.176910400000054
            ],
            [
              -82.64619445799997,
              36.17661285400004
            ],
            [
              -82.64759826699998,
              36.14631271400003
            ],
            [
              -82.64389800999999,
              36.14561080900006
            ],
            [
              -82.64080047599998,
              36.14711380000006
            ],
            [
              -82.63679504399994,
              36.14311218300003
            ],
            [
              -82.638694763,
              36.13861084000007
            ],
            [
              -82.57739257799994,
              36.07811355600006
            ],
            [
              -82.60329437299998,
              36.04001236000005
            ],
            [
              -82.609397888,
              36.044712067000034
            ],
            [
              -82.61769866899994,
              36.04731369000007
            ],
            [
              -82.61779785199997,
              36.05491256700003
            ],
            [
              -82.62009429899996,
              36.056812286000024
            ],
            [
              -82.63219451899994,
              36.06501388500004
            ],
            [
              -82.63799285899995,
              36.06521225000006
            ],
            [
              -82.65049743699996,
              36.057811737000065
            ],
            [
              -82.66009521499996,
              36.05631256100003
            ],
            [
              -82.67899322499994,
              36.04831314100005
            ],
            [
              -82.68249511699997,
              36.04621124300007
            ],
            [
              -82.6875,
              36.03971099900008
            ],
            [
              -82.71519470099997,
              36.027812950000055
            ],
            [
              -82.71549224899996,
              36.02401351900005
            ],
            [
              -82.72259521499996,
              36.019512177000024
            ],
            [
              -82.73919677699996,
              36.01441192600004
            ],
            [
              -82.74039459199997,
              36.01221084600007
            ],
            [
              -82.74819946299993,
              36.00991058300008
            ],
            [
              -82.75489807099996,
              36.004413605000025
            ],
            [
              -82.76229858399995,
              36.00461196900005
            ],
            [
              -82.77539825399998,
              36.000610352000024
            ],
            [
              -82.77989959699994,
              35.99241256700003
            ],
            [
              -82.78509521499996,
              35.98781204200003
            ],
            [
              -82.78519439699994,
              35.97791290300006
            ],
            [
              -82.78329467799995,
              35.975612640000065
            ],
            [
              -82.77569580099998,
              35.97271347000003
            ],
            [
              -82.77749633799993,
              35.96761322000003
            ],
            [
              -82.78449249299996,
              35.96391296400003
            ],
            [
              -82.787994385,
              35.951713562000066
            ],
            [
              -82.79069518999995,
              35.951313019000054
            ],
            [
              -82.79459381099997,
              35.947113037000065
            ],
            [
              -82.79919433599997,
              35.944911957000045
            ],
            [
              -82.80399322499994,
              35.93951034500003
            ],
            [
              -82.80590057399996,
              35.93651199300007
            ],
            [
              -82.80329894999994,
              35.92921066300005
            ],
            [
              -82.80669403099995,
              35.927211761000024
            ],
            [
              -82.81089782699996,
              35.92681121800007
            ],
            [
              -82.81949615499997,
              35.922710419000055
            ],
            [
              -82.82269287099996,
              35.923412323000036
            ],
            [
              -82.82849883999995,
              35.93251037600004
            ],
            [
              -82.83879852299998,
              35.93801116900005
            ],
            [
              -82.84089660599994,
              35.94121170000005
            ],
            [
              -82.844299316,
              35.94221115100004
            ],
            [
              -82.84469604499998,
              35.944610596000075
            ],
            [
              -82.85159301799996,
              35.949211121000076
            ],
            [
              -82.86009979199997,
              35.94771194500004
            ],
            [
              -82.87409973099994,
              35.952510834000066
            ],
            [
              -82.88659667999997,
              35.948810577000074
            ],
            [
              -82.89279937699996,
              35.94531250000006
            ],
            [
              -82.89839935299995,
              35.94481277500006
            ],
            [
              -82.95439910899995,
              35.997711182000046
            ],
            [
              -83.031799316,
              36.06001281700003
            ],
            [
              -83.05259704599996,
              36.07881164600008
            ],
            [
              -83.05679321299993,
              36.09031295800003
            ],
            [
              -83.06679534899996,
              36.09571075400004
            ],
            [
              -83.06789398199999,
              36.09261322000003
            ],
            [
              -83.07309722899998,
              36.09371185300006
            ],
            [
              -83.08059692399996,
              36.10401153600003
            ],
            [
              -83.09739684299996,
              36.11361312500003
            ],
            [
              -83.09889221199995,
              36.11921310400004
            ],
            [
              -83.10279846199995,
              36.120613098000035
            ],
            [
              -83.10889434799998,
              36.11651229900008
            ],
            [
              -83.11189269999994,
              36.11171340900006
            ],
            [
              -83.11779785199997,
              36.11221313500005
            ],
            [
              -83.11789703399995,
              36.11791229200003
            ],
            [
              -83.11599731399997,
              36.12081146200006
            ],
            [
              -83.11759948699995,
              36.122711182000046
            ],
            [
              -83.13119506799995,
              36.123912811000025
            ],
            [
              -83.13999938999996,
              36.130012512000064
            ],
            [
              -83.14149475099998,
              36.134613037000065
            ],
            [
              -83.15049743699996,
              36.143310547000056
            ],
            [
              -83.16629791299994,
              36.15071106000005
            ],
            [
              -83.17160034199998,
              36.15571212800006
            ],
            [
              -83.17239379899996,
              36.15861129800004
            ],
            [
              -83.16799926799996,
              36.168411255000024
            ],
            [
              -83.16839599599996,
              36.17371368400006
            ],
            [
              -83.16549682599998,
              36.17921066300005
            ],
            [
              -83.16599273699995,
              36.18111038200004
            ],
            [
              -83.16139221199995,
              36.18351364100005
            ],
            [
              -83.15139770499997,
              36.18421173100006
            ],
            [
              -83.14089965799997,
              36.18821334800003
            ],
            [
              -83.13829803499993,
              36.194911957000045
            ],
            [
              -83.13209533699995,
              36.19991302500006
            ],
            [
              -83.13199615499997,
              36.202613831000065
            ],
            [
              -83.12989807099996,
              36.20401382400007
            ],
            [
              -83.12509918199999,
              36.202510834000066
            ],
            [
              -83.11439514199998,
              36.21821212800006
            ],
            [
              -83.09659576399997,
              36.233112335000044
            ],
            [
              -83.09389495799996,
              36.23261261000005
            ],
            [
              -83.09099578899998,
              36.234413147000055
            ],
            [
              -83.09040069599996,
              36.23721313500005
            ],
            [
              -83.08469390899995,
              36.24191284200003
            ],
            [
              -83.07349395799997,
              36.24261093100006
            ],
            [
              -83.06939697299998,
              36.24631118800005
            ],
            [
              -83.06179809599996,
              36.24781036400003
            ],
            [
              -83.06129455599995,
              36.25231170700005
            ],
            [
              -83.04979705799997,
              36.25971221900005
            ],
            [
              -83.04819488499999,
              36.26251220700004
            ],
            [
              -83.04889678999996,
              36.26571273800005
            ],
            [
              -83.04280090299994,
              36.26741027800006
            ],
            [
              -83.03189849899996,
              36.27661132800006
            ],
            [
              -83.02899932899999,
              36.273811340000066
            ],
            [
              -83.02319335899995,
              36.27271270800003
            ],
            [
              -83.02079772899998,
              36.270111084000064
            ],
            [
              -82.99789428699995,
              36.28431320200008
            ],
            [
              -82.97850036599993,
              36.30011367800006
            ],
            [
              -82.97629547099996,
              36.30501174900007
            ],
            [
              -82.97179412799994,
              36.306510925000055
            ],
            [
              -82.96959686299994,
              36.31371307400008
            ],
            [
              -82.95819854699994,
              36.31821060200008
            ],
            [
              -82.93989562999997,
              36.333312988000046
            ],
            [
              -82.93619537399996,
              36.33461380000006
            ],
            [
              -82.93179321299993,
              36.332012177000024
            ],
            [
              -82.92759704599996,
              36.33381271400003
            ],
            [
              -82.91649627699996,
              36.32921218900003
            ],
            [
              -82.91209411599993,
              36.33041381800007
            ],
            [
              -82.88799285899995,
              36.351512909000064
            ],
            [
              -82.87929534899996,
              36.35401153600003
            ],
            [
              -82.87379455599995,
              36.35351181000004
            ],
            [
              -82.86639404299996,
              36.35901260400004
            ],
            [
              -82.86379241899994,
              36.35911178600003
            ],
            [
              -82.85799407999997,
              36.364810944000055
            ],
            [
              -82.85449981699998,
              36.36081314100005
            ],
            [
              -82.83959960899995,
              36.37011337300004
            ],
            [
              -82.83699798599997,
              36.36761093100006
            ],
            [
              -82.83439636199995,
              36.36841201800007
            ],
            [
              -82.82859802199994,
              36.36651229900008
            ],
            [
              -82.82429504399994,
              36.36851120000006
            ],
            [
              -82.81329345699999,
              36.36371231100003
            ],
            [
              -82.79509735099998,
              36.37461090100004
            ],
            [
              -82.78199768099995,
              36.386611938000044
            ],
            [
              -82.77929687499994,
              36.38721084600007
            ],
            [
              -82.76799774199998,
              36.38231277500006
            ],
            [
              -82.75669860799997,
              36.38341140700004
            ],
            [
              -82.72749328599997,
              36.40401077300004
            ],
            [
              -82.71659851099997,
              36.402111053000056
            ],
            [
              -82.69919586199995,
              36.411811829000044
            ],
            [
              -82.63439941399997,
              36.41801071200007
            ]
          ]
        ]
      }
    },
    {
      "type": "Feature",
      "properties": {
        "STATE": "TN",
        "CWA": "MRX",
        "COUNTYNAME": "Blount",
        "FIPS": "47009",
        "TIME_ZONE": "E"
      },
      "geometry": {
        "type": "Polygon",
        "coordinates": [
          [
            [
              -83.77989959699994,
              35.85531234700005
            ],
            [
              -83.77819824199997,
              35.852813721000075
            ],
            [
              -83.77419280999999,
              35.85321044900007
            ],
            [
              -83.76969909699994,
              35.848411560000045
            ],
            [
              -83.77219390899995,
              35.84571075400004
            ],
            [
              -83.76139831499995,
              35.82531356800007
            ],
            [
              -83.75139617899998,
              35.81131362900004
            ],
            [
              -83.74440002399996,
              35.80821228000008
            ],
            [
              -83.73959350599995,
              35.81101226800007
            ],
            [
              -83.73970031699997,
              35.80771255500008
            ],
            [
              -83.74639892599998,
              35.80181121800007
            ],
            [
              -83.74720001199995,
              35.798912048000034
            ],
            [
              -83.73099517799994,
              35.76471328700006
            ],
            [
              -83.72809600799997,
              35.76151275600006
            ],
            [
              -83.72979736299999,
              35.75781250000006
            ],
            [
              -83.72909545899995,
              35.75371170000005
            ],
            [
              -83.72539520299995,
              35.75241088900003
            ],
            [
              -83.72209930399998,
              35.74831390400004
            ],
            [
              -83.71889495799996,
              35.747711182000046
            ],
            [
              -83.71659851099997,
              35.730010986000025
            ],
            [
              -83.71360015899995,
              35.72711181600005
            ],
            [
              -83.70819854699994,
              35.72681045500008
            ],
            [
              -83.70769500699998,
              35.72051239000007
            ],
            [
              -83.70189666699997,
              35.71911239600007
            ],
            [
              -83.70199584999995,
              35.715911865000066
            ],
            [
              -83.70489501999998,
              35.71141052200005
            ],
            [
              -83.69519805899995,
              35.707912445000034
            ],
            [
              -83.68749237699996,
              35.70981216100006
            ],
            [
              -83.68139648399995,
              35.70881271400003
            ],
            [
              -83.68009948699995,
              35.706111908000025
            ],
            [
              -83.68229675299995,
              35.70161056500007
            ],
            [
              -83.67889404299996,
              35.68821334800003
            ],
            [
              -83.67669677699996,
              35.68691253700007
            ],
            [
              -83.67329406699997,
              35.68551254300007
            ],
            [
              -83.66889953599997,
              35.68631362900004
            ],
            [
              -83.66319274899996,
              35.68991088900003
            ],
            [
              -83.66319274899996,
              35.56921386700003
            ],
            [
              -83.67699432399996,
              35.57011032100007
            ],
            [
              -83.68789672899999,
              35.56821060200008
            ],
            [
              -83.69639587399996,
              35.57001113900003
            ],
            [
              -83.70140075699999,
              35.56761169400005
            ],
            [
              -83.70749664299996,
              35.56831359900008
            ],
            [
              -83.71439361599994,
              35.564411163000045
            ],
            [
              -83.72399902299998,
              35.56221389800004
            ],
            [
              -83.73729705799997,
              35.56501388500004
            ],
            [
              -83.74839782699996,
              35.56061172500006
            ],
            [
              -83.75689697299998,
              35.563613892000035
            ],
            [
              -83.77169799799998,
              35.56211090100004
            ],
            [
              -83.77309417699996,
              35.55751037600004
            ],
            [
              -83.78129577599998,
              35.55051040600006
            ],
            [
              -83.79519653299997,
              35.544712067000034
            ],
            [
              -83.79889678999996,
              35.54101181000004
            ],
            [
              -83.80279540999999,
              35.54131317100007
            ],
            [
              -83.80919647199994,
              35.53541183500005
            ],
            [
              -83.82649993899997,
              35.52421188400007
            ],
            [
              -83.83289337199994,
              35.52461242700008
            ],
            [
              -83.84849548299997,
              35.519210815000065
            ],
            [
              -83.85709381099997,
              35.52181243900003
            ],
            [
              -83.87189483599997,
              35.52111053500005
            ],
            [
              -83.87919616699998,
              35.51891326900005
            ],
            [
              -83.88299560499996,
              35.51651382400007
            ],
            [
              -83.88430023199999,
              35.51271057100007
            ],
            [
              -83.89249420199997,
              35.50271225000006
            ],
            [
              -83.89569854699994,
              35.501911163000045
            ],
            [
              -83.89959716799996,
              35.49811172500006
            ],
            [
              -83.91089630099998,
              35.477413177000074
            ],
            [
              -83.91619872999996,
              35.47381210300006
            ],
            [
              -83.92319488499999,
              35.47441101100003
            ],
            [
              -83.93679809599996,
              35.471412659000066
            ],
            [
              -83.94329833999996,
              35.46501159700006
            ],
            [
              -83.95249938999996,
              35.46031189000007
            ],
            [
              -83.95520019499997,
              35.46321106000005
            ],
            [
              -83.96099853499999,
              35.46331405600006
            ],
            [
              -83.96409606899994,
              35.46511077900004
            ],
            [
              -83.96540069599996,
              35.46901321400003
            ],
            [
              -83.96329498299997,
              35.47291183500005
            ],
            [
              -83.94379424999994,
              35.48071289100005
            ],
            [
              -83.93939971899994,
              35.485313416000054
            ],
            [
              -83.93899536099997,
              35.48781204200003
            ],
            [
              -83.94419860799997,
              35.490711212000065
            ],
            [
              -83.95919799799998,
              35.49031066900005
            ],
            [
              -83.97279357899998,
              35.50091171300005
            ],
            [
              -83.97579956099997,
              35.500213623000036
            ],
            [
              -83.98040008499999,
              35.48881149300007
            ],
            [
              -83.98309326199995,
              35.486812592000035
            ],
            [
              -83.98639678999996,
              35.48711395300006
            ],
            [
              -83.98909759499998,
              35.489711761000024
            ],
            [
              -83.98949432399996,
              35.49581146200006
            ],
            [
              -83.99249267599998,
              35.499813080000024
            ],
            [
              -84.00929260299995,
              35.51031112700008
            ],
            [
              -84.01089477499994,
              35.514610291000054
            ],
            [
              -84.00849914599996,
              35.51981353800005
            ],
            [
              -84.00229644799998,
              35.52421188400007
            ],
            [
              -83.99409484899996,
              35.527214050000055
            ],
            [
              -83.99269866899994,
              35.53181076000004
            ],
            [
              -83.99699401899994,
              35.54191207900004
            ],
            [
              -83.99409484899996,
              35.55061340300006
            ],
            [
              -83.99589538599997,
              35.55291366600005
            ],
            [
              -83.99989318799999,
              35.554710388000046
            ],
            [
              -84.00529479999994,
              35.554512024000076
            ],
            [
              -84.00909423799999,
              35.55281066900005
            ],
            [
              -84.00999450699999,
              35.54961395300006
            ],
            [
              -84.01399993899997,
              35.54581069900007
            ],
            [
              -84.02879333499999,
              35.54671096800007
            ],
            [
              -84.04109954799998,
              35.54221344000007
            ],
            [
              -84.05289459199997,
              35.54631042500006
            ],
            [
              -84.06629943799999,
              35.54631042500006
            ],
            [
              -84.08439636199995,
              35.54121398900003
            ],
            [
              -84.08739471399997,
              35.542510986000025
            ],
            [
              -84.09409332299998,
              35.55421066300005
            ],
            [
              -84.08869934099994,
              35.560211182000046
            ],
            [
              -84.09619903599997,
              35.56851196300005
            ],
            [
              -84.09619903599997,
              35.57551193200004
            ],
            [
              -84.10589599599996,
              35.57391357400007
            ],
            [
              -84.11139678999996,
              35.57771301300005
            ],
            [
              -84.109397888,
              35.57971191400003
            ],
            [
              -84.11229705799997,
              35.58741378800005
            ],
            [
              -84.12030029299996,
              35.581813812000064
            ],
            [
              -84.12529754599996,
              35.58141326900005
            ],
            [
              -84.13049316399997,
              35.57621383700007
            ],
            [
              -84.13279724099993,
              35.579612732000044
            ],
            [
              -84.13899993899997,
              35.58071136500007
            ],
            [
              -84.13990020799997,
              35.583312988000046
            ],
            [
              -84.14869689899996,
              35.58431243900003
            ],
            [
              -84.14989471399997,
              35.59141159100005
            ],
            [
              -84.17009735099998,
              35.59341049200003
            ],
            [
              -84.18129730199996,
              35.59861373900003
            ],
            [
              -84.18419647199994,
              35.60311126700003
            ],
            [
              -84.18829345699999,
              35.610511780000024
            ],
            [
              -84.15169525099998,
              35.62751388500004
            ],
            [
              -84.14539337199994,
              35.63581085200008
            ],
            [
              -84.14489746099997,
              35.641613007000046
            ],
            [
              -84.13459777799994,
              35.648212433000026
            ],
            [
              -84.13759612999996,
              35.65841293300008
            ],
            [
              -84.13329315199996,
              35.660911560000045
            ],
            [
              -84.13449859599996,
              35.66431045500008
            ],
            [
              -84.152893066,
              35.673213959000066
            ],
            [
              -84.15869903599997,
              35.68051147500006
            ],
            [
              -84.16209411599993,
              35.687412262000066
            ],
            [
              -84.16059875499997,
              35.69541168200004
            ],
            [
              -84.17279815699999,
              35.71271133400006
            ],
            [
              -84.17109680199997,
              35.726512909000064
            ],
            [
              -84.17199706999997,
              35.731910706000065
            ],
            [
              -84.16739654499997,
              35.74251174900007
            ],
            [
              -84.15399932899999,
              35.75391387900004
            ],
            [
              -84.15199279799998,
              35.75751113900003
            ],
            [
              -84.16339874299996,
              35.765113831000065
            ],
            [
              -84.17929840099998,
              35.76911163300008
            ],
            [
              -84.17149352999996,
              35.782913208000025
            ],
            [
              -84.17099761999998,
              35.79661178600003
            ],
            [
              -84.17359924299996,
              35.800212860000045
            ],
            [
              -84.17259979199997,
              35.804111481000064
            ],
            [
              -84.16579437299998,
              35.80611038200004
            ],
            [
              -84.16089630099998,
              35.79721069300007
            ],
            [
              -84.15529632599998,
              35.79411315900006
            ],
            [
              -84.14429473899997,
              35.79581069900007
            ],
            [
              -84.13939666699997,
              35.80061340300006
            ],
            [
              -84.13769531299994,
              35.808113098000035
            ],
            [
              -84.14259338399995,
              35.81941223100006
            ],
            [
              -84.14209747299998,
              35.82281112700008
            ],
            [
              -84.13430023199999,
              35.834213257000044
            ],
            [
              -84.13579559299995,
              35.83681106600005
            ],
            [
              -84.14559936499995,
              35.84321212800006
            ],
            [
              -84.14689636199995,
              35.84701156600005
            ],
            [
              -84.14449310299995,
              35.849712372000056
            ],
            [
              -84.13209533699995,
              35.850914001000035
            ],
            [
              -84.12269592299998,
              35.84391021700003
            ],
            [
              -84.12249755899995,
              35.84141159100005
            ],
            [
              -84.12619781499995,
              35.835910797000054
            ],
            [
              -84.12569427499994,
              35.83321380600006
            ],
            [
              -84.12109374999994,
              35.831111908000025
            ],
            [
              -84.11729431199996,
              35.832412720000036
            ],
            [
              -84.10559844999995,
              35.84281158400006
            ],
            [
              -84.07999420199997,
              35.85121154800004
            ],
            [
              -84.07079315199996,
              35.84461212200006
            ],
            [
              -84.06919860799997,
              35.84151077300004
            ],
            [
              -84.06979370099998,
              35.83691406200006
            ],
            [
              -84.06669616699998,
              35.83071136500007
            ],
            [
              -84.05669403099995,
              35.827510834000066
            ],
            [
              -84.05079650899995,
              35.832012177000024
            ],
            [
              -84.04999542199994,
              35.83831405600006
            ],
            [
              -84.05229949999995,
              35.84571075400004
            ],
            [
              -84.051498413,
              35.84961319000007
            ],
            [
              -84.046897888,
              35.85251236000005
            ],
            [
              -84.03359985399999,
              35.85361099200003
            ],
            [
              -84.02799987799995,
              35.84951400800003
            ],
            [
              -84.02289581299993,
              35.84041214000007
            ],
            [
              -84.02019500699998,
              35.83941268900003
            ],
            [
              -84.01109313999996,
              35.84251022300003
            ],
            [
              -84.00659942599998,
              35.849010468000074
            ],
            [
              -84.00609588599997,
              35.85341262800006
            ],
            [
              -84.01059722899998,
              35.864212036000026
            ],
            [
              -84.01869964599996,
              35.869113922000054
            ],
            [
              -84.02709960899995,
              35.87091064500004
            ],
            [
              -84.02869415299995,
              35.87531280500008
            ],
            [
              -84.02629852299998,
              35.87741088900003
            ],
            [
              -84.02329254199998,
              35.87741088900003
            ],
            [
              -84.00899505599995,
              35.875213623000036
            ],
            [
              -84.00349426299994,
              35.87801361100003
            ],
            [
              -83.99739837599998,
              35.884014130000025
            ],
            [
              -83.99469757099996,
              35.88381195100004
            ],
            [
              -83.99019622799995,
              35.87841033900003
            ],
            [
              -83.98489379899996,
              35.876113892000035
            ],
            [
              -83.98059844999995,
              35.868110657000045
            ],
            [
              -83.97459411599993,
              35.86321258500004
            ],
            [
              -83.96389770499997,
              35.869113922000054
            ],
            [
              -83.95979309099994,
              35.87351226800007
            ],
            [
              -83.94619751,
              35.876113892000035
            ],
            [
              -83.93959808299996,
              35.86801147500006
            ],
            [
              -83.93249511699997,
              35.86791229200003
            ],
            [
              -83.90729522699996,
              35.85431289700006
            ],
            [
              -83.90749359099993,
              35.84661102300004
            ],
            [
              -83.89609527499994,
              35.848411562000024
            ],
            [
              -83.88769531299994,
              35.84441375700004
            ],
            [
              -83.85269927999997,
              35.84131240800008
            ],
            [
              -83.84319305399998,
              35.84771347000003
            ],
            [
              -83.82919311499995,
              35.86231231700003
            ],
            [
              -83.80859374999994,
              35.88011169400005
            ],
            [
              -83.79359435999999,
              35.887012482000046
            ],
            [
              -83.79279327399996,
              35.88491058300008
            ],
            [
              -83.78859710699999,
              35.883613586000024
            ],
            [
              -83.78529357899998,
              35.87981033300008
            ],
            [
              -83.78429412799994,
              35.87001037600004
            ],
            [
              -83.78039550799997,
              35.859611511000026
            ],
            [
              -83.78339386,
              35.856010437000066
            ],
            [
              -83.77989959699994,
              35.85531234700005
            ]
          ]
        ]
      }
    },
    {
      "type": "Feature",
      "properties": {
        "STATE": "TN",
        "CWA": "MRX",
        "COUNTYNAME": "Polk",
        "FIPS": "47139",
        "TIME_ZONE": "E"
      },
      "geometry": {
        "type": "Polygon",
        "coordinates": [
          [
            [
              -84.49509429899996,
              35.28581237800006
            ],
            [
              -84.35689544699994,
              35.23371124300007
            ],
            [
              -84.36089324999995,
              35.226711273000035
            ],
            [
              -84.34479522699996,
              35.220413208000025
            ],
            [
              -84.35209655799997,
              35.20731353800005
            ],
            [
              -84.34809875499997,
              35.20571136500007
            ],
            [
              -84.344299316,
              35.204311371000074
            ],
            [
              -84.340393066,
              35.210910797000054
            ],
            [
              -84.33249664299996,
              35.207912445000034
            ],
            [
              -84.32569885299995,
              35.21941375700004
            ],
            [
              -84.29229736299999,
              35.206710815000065
            ],
            [
              -84.30690002399996,
              35.10651397700008
            ],
            [
              -84.32109832799995,
              34.98841095000006
            ],
            [
              -84.77599334699994,
              34.98791122400007
            ],
            [
              -84.77209472699997,
              35.00061416600005
            ],
            [
              -84.76020049999994,
              35.02421188400007
            ],
            [
              -84.748596191,
              35.05881118800005
            ],
            [
              -84.73569488499999,
              35.08141326900005
            ],
            [
              -84.74729919399994,
              35.08611297600004
            ],
            [
              -84.69979858399995,
              35.17181396500007
            ],
            [
              -84.70329284699994,
              35.18471145600006
            ],
            [
              -84.69789886499996,
              35.20051193200004
            ],
            [
              -84.69919586199995,
              35.207012177000024
            ],
            [
              -84.70259857199994,
              35.21101379400005
            ],
            [
              -84.70209503199999,
              35.21911239600007
            ],
            [
              -84.69739532499995,
              35.22831344600007
            ],
            [
              -84.71259307899999,
              35.22921371500007
            ],
            [
              -84.71569824199997,
              35.231311798000036
            ],
            [
              -84.71549987799995,
              35.23421096800007
            ],
            [
              -84.71289825399998,
              35.23621368400006
            ],
            [
              -84.70709991499996,
              35.23721313500005
            ],
            [
              -84.69459533699995,
              35.245613098000035
            ],
            [
              -84.68549346899994,
              35.24671173100006
            ],
            [
              -84.68489837599998,
              35.253513336000026
            ],
            [
              -84.676498413,
              35.25401306200007
            ],
            [
              -84.66729736299999,
              35.26791381800007
            ],
            [
              -84.51569366499996,
              35.267513275000056
            ],
            [
              -84.49509429899996,
              35.28581237800006
            ]
          ]
        ]
      }
    },
    {
      "type": "Feature",
      "properties": {
        "STATE": "VA",
        "CWA": "MRX",
        "COUNTYNAME": "City of Norton",
        "FIPS": "51720",
        "TIME_ZONE": "E"
      },
      "geometry": {
        "type": "Polygon",
        "coordinates": [
          [
            [
              -82.60299659999998,
              36.95891216000007
            ],
            [
              -82.60119659999998,
              36.956512160000045
            ],
            [
              -82.59329659999997,
              36.95611216000003
            ],
            [
              -82.58919659999998,
              36.95131216000004
            ],
            [
              -82.59109659999996,
              36.94701216000004
            ],
            [
              -82.59489659999997,
              36.943712160000075
            ],
            [
              -82.59059659999997,
              36.94291216000005
            ],
            [
              -82.59189659999998,
              36.940512160000026
            ],
            [
              -82.59059659999997,
              36.93531216000008
            ],
            [
              -82.59779659999998,
              36.93591216000004
            ],
            [
              -82.61729659999997,
              36.93271216000005
            ],
            [
              -82.62189659999996,
              36.927712160000056
            ],
            [
              -82.62179659999998,
              36.924312160000056
            ],
            [
              -82.61929659999998,
              36.91541216000007
            ],
            [
              -82.61329659999996,
              36.91271216000007
            ],
            [
              -82.61509659999996,
              36.905212160000076
            ],
            [
              -82.61799659999997,
              36.906612160000066
            ],
            [
              -82.63389659999996,
              36.906512160000034
            ],
            [
              -82.64369659999994,
              36.90051216000006
            ],
            [
              -82.64829659999998,
              36.908612160000075
            ],
            [
              -82.64679659999996,
              36.914212160000034
            ],
            [
              -82.65039659999997,
              36.91271216000007
            ],
            [
              -82.65109659999996,
              36.91691216000004
            ],
            [
              -82.66129659999996,
              36.91871216000004
            ],
            [
              -82.66289659999995,
              36.92121216000004
            ],
            [
              -82.65759659999998,
              36.92291216000007
            ],
            [
              -82.65529659999999,
              36.92501216000005
            ],
            [
              -82.65509659999998,
              36.92871216000003
            ],
            [
              -82.64729659999995,
              36.93331216000007
            ],
            [
              -82.64369659999994,
              36.94101216000007
            ],
            [
              -82.63679659999997,
              36.947412160000056
            ],
            [
              -82.63459659999995,
              36.95151216000005
            ],
            [
              -82.62839659999997,
              36.95131216000004
            ],
            [
              -82.61509659999996,
              36.95641216000007
            ],
            [
              -82.61169659999996,
              36.955612160000044
            ],
            [
              -82.61099659999996,
              36.953712160000066
            ],
            [
              -82.61349659999996,
              36.95111216000004
            ],
            [
              -82.6108966,
              36.94891216000008
            ],
            [
              -82.60809659999995,
              36.95071216000008
            ],
            [
              -82.60539659999995,
              36.957912160000035
            ],
            [
              -82.60299659999998,
              36.95891216000007
            ]
          ]
        ]
      }
    },
    {
      "type": "Feature",
      "properties": {
        "STATE": "VA",
        "CWA": "MRX",
        "COUNTYNAME": "City of Bristol",
        "FIPS": "51520",
        "TIME_ZONE": "E"
      },
      "geometry": {
        "type": "Polygon",
        "coordinates": [
          [
            [
              -82.12439659999995,
              36.644612160000065
            ],
            [
              -82.12529659999996,
              36.64651216000004
            ],
            [
              -82.12789659999999,
              36.646912160000056
            ],
            [
              -82.12749659999997,
              36.64931216000008
            ],
            [
              -82.12240351299994,
              36.64670852900008
            ],
            [
              -82.11799659999997,
              36.64981216000007
            ],
            [
              -82.12529659999996,
              36.65011216000005
            ],
            [
              -82.12649659999994,
              36.653112160000035
            ],
            [
              -82.12344347099997,
              36.65515348200006
            ],
            [
              -82.12389659999997,
              36.65871216000005
            ],
            [
              -82.13319659999996,
              36.669712160000074
            ],
            [
              -82.12979659999996,
              36.67091216000006
            ],
            [
              -82.13119659999995,
              36.67601216000003
            ],
            [
              -82.11669659999995,
              36.66781216000004
            ],
            [
              -82.11419659999996,
              36.66471216000008
            ],
            [
              -82.11529659999997,
              36.66161216000006
            ],
            [
              -82.12009659999995,
              36.65811216000003
            ],
            [
              -82.11029659999997,
              36.64981216000007
            ],
            [
              -82.10419659999997,
              36.65101216000005
            ],
            [
              -82.10379659999995,
              36.64761216000005
            ],
            [
              -82.11279659999997,
              36.63781216000007
            ],
            [
              -82.10569659999999,
              36.62871216000008
            ],
            [
              -82.11159659999998,
              36.62601216000007
            ],
            [
              -82.12849659999995,
              36.612912160000064
            ],
            [
              -82.14539558899997,
              36.59491336800005
            ],
            [
              -82.24129408899995,
              36.59581373800006
            ],
            [
              -82.23329659999996,
              36.60131216000008
            ],
            [
              -82.23279659999997,
              36.60441216000004
            ],
            [
              -82.2281966,
              36.60361216000007
            ],
            [
              -82.22409659999994,
              36.605212160000065
            ],
            [
              -82.17939659999996,
              36.62681216000004
            ],
            [
              -82.15829659999997,
              36.626912160000074
            ],
            [
              -82.15859659999995,
              36.630612160000055
            ],
            [
              -82.14089659999996,
              36.63781216000007
            ],
            [
              -82.13729659999996,
              36.63321216000003
            ],
            [
              -82.13379659999998,
              36.634612160000074
            ],
            [
              -82.12209659999996,
              36.63471216000005
            ],
            [
              -82.11499659999998,
              36.63871216000007
            ],
            [
              -82.12283007799994,
              36.64555207300003
            ],
            [
              -82.12439659999995,
              36.644612160000065
            ]
          ]
        ]
      }
    }
  ],
  "metadata": {
    "schema_version": "0.1.0",
    "wfo": "MRX",
    "layer": "counties",
    "source": "https://www.weather.gov/source/gis/Shapefiles/County/c_16ap26.zip",
    "public_release_status": "public-source-derived"
  }
}