{
  "type": "FeatureCollection",
  "name": "cwa",
  "crs": {
    "type": "name",
    "properties": {
      "name": "urn:ogc:def:crs:OGC:1.3:CRS84"
    }
  },
  "features": [
    {
      "type": "Feature",
      "properties": {
        "WFO": "OHX",
        "CWA": "OHX",
        "STATE": "Tennessee",
        "ST": "TN",
        "CITYSTATE": "Nashville TN"
      },
      "geometry": {
        "type": "Polygon",
        "coordinates": [
          [
            [
              -88.07049560538786,
              36.67751312273248
            ],
            [
              -88.0124969479757,
              36.67711257908229
            ],
            [
              -87.84959411587573,
              36.66371154834934
            ],
            [
              -87.85309600757466,
              36.633911132792605
            ],
            [
              -87.84249877879557,
              36.63351059004174
            ],
            [
              -87.69459533710511,
              36.637413025390856
            ],
            [
              -87.42509460383286,
              36.641010283897515
            ],
            [
              -87.07019805859352,
              36.643013000349754
            ],
            [
              -86.58989715592895,
              36.652511596632905
            ],
            [
              -86.56340027040613,
              36.6336135857984
            ],
            [
              -86.55130004875821,
              36.63801193160543
            ],
            [
              -86.5500946037829,
              36.6448135384141
            ],
            [
              -86.54459381055585,
              36.644111632845636
            ],
            [
              -86.54379272505417,
              36.64051055941485
            ],
            [
              -86.50749969535462,
              36.65241241490111
            ],
            [
              -86.4117965699557,
              36.65161132760073
            ],
            [
              -86.3319931030992,
              36.64871215793977
            ],
            [
              -86.24379730230362,
              36.642112732216845
            ],
            [
              -86.03289794938081,
              36.630413055118424
            ],
            [
              -85.97349548442901,
              36.62901306160359
            ],
            [
              -85.83219909741035,
              36.622013092230475
            ],
            [
              -85.80259704621665,
              36.62241363498134
            ],
            [
              -85.67779540993018,
              36.618110656881356
            ],
            [
              -85.50219726579115,
              36.61491394022619
            ],
            [
              -85.32469940185587,
              36.62451171914057
            ],
            [
              -85.30329895008646,
              36.624412537408716
            ],
            [
              -85.29049682556803,
              36.62641143803751
            ],
            [
              -85.18799591098247,
              36.625411987273424
            ],
            [
              -85.02599334701529,
              36.619411468664396
            ],
            [
              -84.84309387158487,
              36.6051101679999
            ],
            [
              -84.78529357943512,
              36.60341262839012
            ],
            [
              -84.74989318802017,
              36.55351257284701
            ],
            [
              -84.71539306743608,
              36.499210358371386
            ],
            [
              -84.69249725444467,
              36.43561172510107
            ],
            [
              -84.67669677673484,
              36.416511535878726
            ],
            [
              -84.673095703304,
              36.41371154794962
            ],
            [
              -84.67049407973798,
              36.41461181608247
            ],
            [
              -84.66399383484759,
              36.41191101078459
            ],
            [
              -84.663497925289,
              36.40781402599657
            ],
            [
              -84.66790008512078,
              36.40621185319452
            ],
            [
              -84.66079711909174,
              36.39501190237746
            ],
            [
              -84.6864929200122,
              36.387313843259335
            ],
            [
              -84.68969726741494,
              36.384410857774924
            ],
            [
              -84.69059753374916,
              36.38131332375093
            ],
            [
              -84.68989562997928,
              36.37481307975986
            ],
            [
              -84.70610046356552,
              36.368213654036936
            ],
            [
              -84.71049499534774,
              36.36901092461454
            ],
            [
              -84.71869659387266,
              36.374511718740905
            ],
            [
              -84.72429656973088,
              36.37611389244222
            ],
            [
              -84.72409820626717,
              36.36961364665251
            ],
            [
              -84.73089599635313,
              36.368412018399965
            ],
            [
              -84.73239898742327,
              36.366012573221724
            ],
            [
              -84.73259735088698,
              36.359313964867624
            ],
            [
              -84.72729492202302,
              36.3526115415894
            ],
            [
              -84.73259735088698,
              36.35051345832949
            ],
            [
              -84.74299621620236,
              36.353713989009464
            ],
            [
              -84.74459838900441,
              36.350410460774185
            ],
            [
              -84.73989868217842,
              36.33701324496536
            ],
            [
              -84.75069427532048,
              36.332210540584015
            ],
            [
              -84.75469970732559,
              36.334213257036254
            ],
            [
              -84.75809478834378,
              36.332912445253214
            ],
            [
              -84.75959777941392,
              36.3290138239289
            ],
            [
              -84.76259612990742,
              36.32891082817224
            ],
            [
              -84.77169799836389,
              36.334613799787064
            ],
            [
              -84.774497986293,
              36.33391189601724
            ],
            [
              -84.77729797422211,
              36.327510833758026
            ],
            [
              -84.78540039101517,
              36.32601165761196
            ],
            [
              -84.78679657140464,
              36.32451248236521
            ],
            [
              -84.78249359240533,
              36.319011688238845
            ],
            [
              -84.78929901144016,
              36.31701278671079
            ],
            [
              -84.79539489685698,
              36.30851364119167
            ],
            [
              -84.79179382342619,
              36.30291366623277
            ],
            [
              -84.7945938113553,
              36.2988128656213
            ],
            [
              -84.81199646006854,
              36.29401397706346
            ],
            [
              -84.81519317582439,
              36.29421234142649
            ],
            [
              -84.81769561855793,
              36.29781341575659
            ],
            [
              -84.82369995119177,
              36.2988128656213
            ],
            [
              -84.84299468985301,
              36.28711319032152
            ],
            [
              -84.85599517783515,
              36.29351043675729
            ],
            [
              -84.85839843793752,
              36.29211044324239
            ],
            [
              -84.86389923116457,
              36.29341125502543
            ],
            [
              -84.87579345680257,
              36.28451156585612
            ],
            [
              -84.87809753427376,
              36.28111267081317
            ],
            [
              -84.87649536057239,
              36.269012450963885
            ],
            [
              -84.8815994259727,
              36.26071166980779
            ],
            [
              -84.88369751013192,
              36.23991394007635
            ],
            [
              -84.89009857239114,
              36.23971176078919
            ],
            [
              -84.89259338437716,
              36.23641204837736
            ],
            [
              -84.89209747301993,
              36.23321151679812
            ],
            [
              -84.89509582531207,
              36.22731399484502
            ],
            [
              -84.89779663240864,
              36.224212645896955
            ],
            [
              -84.90269470179902,
              36.22251129226237
            ],
            [
              -84.90419769286922,
              36.21761322017403
            ],
            [
              -84.91289520275137,
              36.21011352541893
            ],
            [
              -84.91389465441472,
              36.20701217737013
            ],
            [
              -84.9096984860962,
              36.19661331205475
            ],
            [
              -84.91119384821747,
              36.190212249795536
            ],
            [
              -84.9104003907654,
              36.18731308013457
            ],
            [
              -84.90439606082953,
              36.18291091670551
            ],
            [
              -84.90039825417603,
              36.173313141388405
            ],
            [
              -84.90249633833531,
              36.16781234726204
            ],
            [
              -84.90489959843768,
              36.16631317111603
            ],
            [
              -84.90509796100207,
              36.1596107478378
            ],
            [
              -84.90709686342944,
              36.15631103542597
            ],
            [
              -84.89629364043913,
              36.14701080260653
            ],
            [
              -84.88249969500487,
              36.14441299396458
            ],
            [
              -84.87629699710868,
              36.13791274997351
            ],
            [
              -84.87129974418781,
              36.13731384285961
            ],
            [
              -84.8313980103099,
              36.08461380028672
            ],
            [
              -84.82769775424794,
              36.08701324456564
            ],
            [
              -84.82429504428086,
              36.09441375668956
            ],
            [
              -84.82169341981546,
              36.09281158388751
            ],
            [
              -84.81900024436572,
              36.09511184733395
            ],
            [
              -84.8146972662658,
              36.09401321393875
            ],
            [
              -84.81389617896542,
              36.089313507112706
            ],
            [
              -84.81039428726649,
              36.087112427196814
            ],
            [
              -84.80690002541581,
              36.08991241512592
            ],
            [
              -84.80469512877715,
              36.08811187706152
            ],
            [
              -84.79159545906316,
              36.05911254880516
            ],
            [
              -84.72049713103775,
              35.99451065074601
            ],
            [
              -84.68069457979101,
              35.90811157219133
            ],
            [
              -84.68549346924817,
              35.90311050434633
            ],
            [
              -84.69659423833338,
              35.90011215205425
            ],
            [
              -84.70419311482033,
              35.89401245081399
            ],
            [
              -84.7061996461967,
              35.896110534973275
            ],
            [
              -84.71759796137678,
              35.87551116870554
            ],
            [
              -84.72979736295792,
              35.85851287766724
            ],
            [
              -84.73359680255038,
              35.8577117921655
            ],
            [
              -84.73979950044657,
              35.85131072990629
            ],
            [
              -84.75099945126362,
              35.847812653131484
            ],
            [
              -84.7543945313825,
              35.84251403829228
            ],
            [
              -84.75699615494858,
              35.843112946305496
            ],
            [
              -84.76089477537357,
              35.84081268285905
            ],
            [
              -84.76899719216664,
              35.830310821787066
            ],
            [
              -84.784500121983,
              35.82371139516482
            ],
            [
              -84.79809570305423,
              35.824913025216006
            ],
            [
              -84.88179779123504,
              35.77911377028431
            ],
            [
              -84.90509796100207,
              35.773712157889804
            ],
            [
              -84.91669464144451,
              35.76151275630872
            ],
            [
              -84.91969299283733,
              35.76161193804057
            ],
            [
              -84.92269897497766,
              35.765113830638825
            ],
            [
              -84.93109893786567,
              35.76801300029979
            ],
            [
              -85.02859497058137,
              35.74641037014254
            ],
            [
              -85.03189849881664,
              35.74681091289335
            ],
            [
              -85.03379821771352,
              35.75331115688442
            ],
            [
              -85.03209686317967,
              35.756011963081676
            ],
            [
              -85.03259277273821,
              35.75931167639283
            ],
            [
              -85.04169464119468,
              35.77101135259193
            ],
            [
              -85.0489959715868,
              35.767410278261764
            ],
            [
              -85.06139373843024,
              35.7676124566496
            ],
            [
              -85.07379913332329,
              35.76051330644401
            ],
            [
              -85.08589935317258,
              35.76101303092668
            ],
            [
              -85.10299682594274,
              35.76971054080889
            ],
            [
              -85.10799407976293,
              35.77001190182784
            ],
            [
              -85.25429534955072,
              35.76561355602087
            ],
            [
              -85.25739288357465,
              35.76091384919482
            ],
            [
              -85.26519775427289,
              35.76101303092668
            ],
            [
              -85.2653961177366,
              35.7591133120298
            ],
            [
              -85.26299285943287,
              35.75811386126571
            ],
            [
              -85.2622985837126,
              35.75531387333666
            ],
            [
              -85.25929260337091,
              35.75281143240176
            ],
            [
              -85.25969696014658,
              35.75041198722346
            ],
            [
              -85.26449585140239,
              35.750312804592284
            ],
            [
              -85.26519775427289,
              35.747310638275394
            ],
            [
              -85.26989746109894,
              35.7467117311615
            ],
            [
              -85.26619720503692,
              35.74021148717043
            ],
            [
              -85.27029418892562,
              35.73301315343434
            ],
            [
              -85.267997742202,
              35.73101043698216
            ],
            [
              -85.27019500719376,
              35.72901153635337
            ],
            [
              -85.26659393286366,
              35.7256126404111
            ],
            [
              -85.2677001952078,
              35.72321319613212
            ],
            [
              -85.26559448209963,
              35.72151184069895
            ],
            [
              -85.29539489675705,
              35.688011169080255
            ],
            [
              -85.42379760737367,
              35.56671142629136
            ],
            [
              -85.45369720556153,
              35.55731201174001
            ],
            [
              -85.45539856009543,
              35.55241393965167
            ],
            [
              -85.45969390924648,
              35.55061339259407
            ],
            [
              -85.45969390924648,
              35.547412871806614
            ],
            [
              -85.49589538616311,
              35.54751205443779
            ],
            [
              -85.52919769341878,
              35.540512085064734
            ],
            [
              -85.544395447292,
              35.542213439598584
            ],
            [
              -85.54599761829542,
              35.53681182540549
            ],
            [
              -85.5532989495868,
              35.53521347022553
            ],
            [
              -85.55669403240364,
              35.53651046798376
            ],
            [
              -85.557495117006,
              35.533012390309636
            ],
            [
              -85.60649871844106,
              35.53131103487641
            ],
            [
              -85.57699584987853,
              35.51251220667308
            ],
            [
              -85.56909942639737,
              35.50561141993114
            ],
            [
              -85.54129791326807,
              35.49131393419077
            ],
            [
              -85.53669738817388,
              35.48711395274677
            ],
            [
              -85.54109954800572,
              35.46241378766621
            ],
            [
              -85.5357971191417,
              35.43151092468946
            ],
            [
              -85.52009582496231,
              35.42161178565544
            ],
            [
              -85.51809692433358,
              35.4236106871835
            ],
            [
              -85.51199340816919,
              35.42201232930563
            ],
            [
              -85.51289367720142,
              35.407611846909276
            ],
            [
              -85.48589324957379,
              35.40551376274999
            ],
            [
              -85.49219512920183,
              35.395912169810856
            ],
            [
              -85.49489593539909,
              35.39421081527695
            ],
            [
              -85.4945983893042,
              35.38641357442697
            ],
            [
              -85.49019622857304,
              35.3841133118799
            ],
            [
              -85.50549316417812,
              35.367713927955435
            ],
            [
              -85.50289916956098,
              35.36541366630769
            ],
            [
              -85.50689697441578,
              35.3581123350163
            ],
            [
              -85.5262985228585,
              35.34841156034531
            ],
            [
              -85.52799987829172,
              35.34401321363896
            ],
            [
              -85.53869628880267,
              35.34321212813728
            ],
            [
              -85.54309845043309,
              35.34071350122713
            ],
            [
              -85.55929565417108,
              35.31901168843871
            ],
            [
              -85.63299560486325,
              35.30371093701018
            ],
            [
              -85.64539337170669,
              35.30221176086411
            ],
            [
              -85.65189361659708,
              35.303012848164485
            ],
            [
              -85.65449523926384,
              35.30551147507458
            ],
            [
              -85.66379547118402,
              35.30251312278244
            ],
            [
              -85.6656951900809,
              35.30031204196723
            ],
            [
              -85.66919708357852,
              35.30131149273126
            ],
            [
              -85.67009735081206,
              35.298610687433325
            ],
            [
              -85.67299652137234,
              35.2976112366693
            ],
            [
              -85.67209625234011,
              35.294513701745984
            ],
            [
              -85.69029998835373,
              35.28621292058989
            ],
            [
              -85.70079803540096,
              35.29081344568402
            ],
            [
              -85.70529937696466,
              35.291511536328414
            ],
            [
              -85.70829772925674,
              35.290012360182345
            ],
            [
              -85.70729827939203,
              35.282611847159046
            ],
            [
              -85.69359588584143,
              35.23921203560701
            ],
            [
              -85.74009704634159,
              35.21531295782677
            ],
            [
              -85.77279663155929,
              35.21861267113792
            ],
            [
              -85.77989959758833,
              35.220912932785666
            ],
            [
              -85.82149505615189,
              35.24171066341643
            ],
            [
              -85.82849884044907,
              35.23991394027615
            ],
            [
              -85.84449768072335,
              35.24101257277209
            ],
            [
              -85.84909820581748,
              35.23991394027615
            ],
            [
              -85.86309814456371,
              35.2279129030581
            ],
            [
              -85.87299346957292,
              35.22351074232694
            ],
            [
              -85.88800048803205,
              35.249210358171524
            ],
            [
              -85.90779876699946,
              35.276111603167976
            ],
            [
              -85.91359710722071,
              35.28901290941826
            ],
            [
              -85.91989898684875,
              35.291511536328414
            ],
            [
              -85.92781829807598,
              35.290519713613946
            ],
            [
              -85.92726135332873,
              35.29150390558084
            ],
            [
              -85.93365478484043,
              35.29427337591562
            ],
            [
              -85.93280029309904,
              35.297111511287255
            ],
            [
              -85.93479919372777,
              35.29981231658519
            ],
            [
              -85.94882202111933,
              35.29917526202877
            ],
            [
              -85.9480133057694,
              35.30185317958063
            ],
            [
              -85.94329834014627,
              35.30561065680644
            ],
            [
              -85.94631195123554,
              35.305702208690036
            ],
            [
              -85.94719696057126,
              35.3079109193535
            ],
            [
              -85.95689392121744,
              35.307712554990474
            ],
            [
              -85.95885467530297,
              35.30125808739086
            ],
            [
              -85.96229553181331,
              35.314010619694386
            ],
            [
              -85.9673461909739,
              35.31011962911765
            ],
            [
              -85.97734832756322,
              35.31272888163261
            ],
            [
              -85.97827148434152,
              35.31488037113229
            ],
            [
              -85.97689819259745,
              35.31711196864251
            ],
            [
              -85.97989654488958,
              35.318111420305854
            ],
            [
              -85.98359680185087,
              35.31771087575635
            ],
            [
              -85.99026489440934,
              35.313106536637406
            ],
            [
              -85.9947967535673,
              35.31521224974557
            ],
            [
              -86.00218200689409,
              35.314781189400435
            ],
            [
              -86.00357818638417,
              35.31764984056775
            ],
            [
              -86.00468444782899,
              35.316280364647184
            ],
            [
              -86.00389862112445,
              35.31876373276009
            ],
            [
              -86.00579071017307,
              35.32074356056694
            ],
            [
              -86.02378845197546,
              35.33440780577564
            ],
            [
              -86.03356170840607,
              35.33517456055756
            ],
            [
              -86.02829742428668,
              35.34351348915624
            ],
            [
              -86.15769958476801,
              35.36261367837858
            ],
            [
              -86.1594848631359,
              35.349178314227856
            ],
            [
              -86.16078948984307,
              35.349178314227856
            ],
            [
              -86.16049957359638,
              35.35157012865858
            ],
            [
              -86.17228698675501,
              35.35264968923184
            ],
            [
              -86.1719970714077,
              35.357513427902404
            ],
            [
              -86.1938934327357,
              35.344512939020944
            ],
            [
              -86.18928527779332,
              35.338977814174825
            ],
            [
              -86.19758605984873,
              35.33348083497259
            ],
            [
              -86.20098876981586,
              35.335277557213544
            ],
            [
              -86.20059967003868,
              35.337413787916034
            ],
            [
              -86.20878601156517,
              35.33861160304309
            ],
            [
              -86.21273040838162,
              35.3467636111518
            ],
            [
              -86.21549987781708,
              35.347812653231415
            ],
            [
              -86.2269210834412,
              35.34743499822662
            ],
            [
              -86.22808837917535,
              35.343379974006666
            ],
            [
              -86.23234558088382,
              35.34366607712781
            ],
            [
              -86.23268890426948,
              35.34117889409072
            ],
            [
              -86.23989868187863,
              35.34161377025936
            ],
            [
              -86.23992919857363,
              35.344493866199
            ],
            [
              -86.25012207057705,
              35.344642639246445
            ],
            [
              -86.25077056900653,
              35.336860657193654
            ],
            [
              -86.26049041739878,
              35.337478638028756
            ],
            [
              -86.26148986816287,
              35.333580016704445
            ],
            [
              -86.2645874021868,
              35.33517837458237
            ],
            [
              -86.26637268055475,
              35.33856582575231
            ],
            [
              -86.24539947510567,
              35.34741210868191
            ],
            [
              -86.24429321276153,
              35.35607910186911
            ],
            [
              -86.25849151587073,
              35.35797882076599
            ],
            [
              -86.26219177193269,
              35.363479613993036
            ],
            [
              -86.26199340756966,
              35.36567687988418
            ],
            [
              -86.27298736597413,
              35.366378783654
            ],
            [
              -86.27239227288504,
              35.37057876599732
            ],
            [
              -86.2746887214073,
              35.37057876599732
            ],
            [
              -86.27439117441315,
              35.372276305607045
            ],
            [
              -86.25789642278164,
              35.371013641266586
            ],
            [
              -86.2571411127721,
              35.38067627029369
            ],
            [
              -86.25369262731289,
              35.38035201972997
            ],
            [
              -86.25342559791295,
              35.38452148178101
            ],
            [
              -86.25619506824779,
              35.38541030873881
            ],
            [
              -86.27989959658908,
              35.387413025190995
            ],
            [
              -86.267295837333,
              35.39801406889421
            ],
            [
              -86.26104736304535,
              35.397811889607055
            ],
            [
              -86.26089477507378,
              35.404312133598125
            ],
            [
              -86.25189971909674,
              35.40361404385311
            ],
            [
              -86.25151062021894,
              35.40901184132349
            ],
            [
              -86.25835418759567,
              35.40910720813122
            ],
            [
              -86.25789642278164,
              35.41221237200341
            ],
            [
              -86.26869964577202,
              35.41141128470309
            ],
            [
              -86.28799438533258,
              35.407310485890264
            ],
            [
              -86.29429626496062,
              35.39211273201704
            ],
            [
              -86.32949829111323,
              35.377010344951486
            ],
            [
              -86.33519744870324,
              35.371013641266586
            ],
            [
              -86.33519744870324,
              35.36861038206354
            ],
            [
              -86.32989501983928,
              35.368110656681495
            ],
            [
              -86.32879638734335,
              35.36371231087452
            ],
            [
              -86.33839416535841,
              35.363613129142664
            ],
            [
              -86.33949279785429,
              35.36691284155444
            ],
            [
              -86.34649658215153,
              35.36241149909148
            ],
            [
              -86.3589935298275,
              35.36201095634061
            ],
            [
              -86.36599731412468,
              35.351211548274364
            ],
            [
              -86.36829376174768,
              35.3520126337761
            ],
            [
              -86.3701934824432,
              35.34731292695005
            ],
            [
              -86.38109588626611,
              35.35001373314731
            ],
            [
              -86.38969421441641,
              35.349712372128295
            ],
            [
              -86.39059448344864,
              35.34491348267113
            ],
            [
              -86.39729309090336,
              35.34891128482798
            ],
            [
              -86.39799499557256,
              35.346710204912085
            ],
            [
              -86.40939331255129,
              35.3460121052745
            ],
            [
              -86.40950012233276,
              35.33881378233025
            ],
            [
              -86.41279602071972,
              35.32821273772771
            ],
            [
              -86.42229461700293,
              35.31911087017056
            ],
            [
              -86.43529510498507,
              35.32191085809967
            ],
            [
              -86.44499969458019,
              35.32151413027293
            ],
            [
              -86.45759582488739,
              35.326812744212816
            ],
            [
              -86.46619415303769,
              35.33691406163467
            ],
            [
              -86.4756927493209,
              35.33861160304309
            ],
            [
              -86.47579956090095,
              35.344310759733844
            ],
            [
              -86.4797973630578,
              35.34571075414806
            ],
            [
              -86.47999572832015,
              35.351013183911334
            ],
            [
              -86.48519897455299,
              35.36001205391324
            ],
            [
              -86.48809814511327,
              35.36131286569622
            ],
            [
              -86.50359344508138,
              35.35991287218138
            ],
            [
              -86.51020049975324,
              35.36171340934641
            ],
            [
              -86.5141983028094,
              35.35741043124648
            ],
            [
              -86.5256958024193,
              35.35461044331737
            ],
            [
              -86.53049469007783,
              35.35511398272416
            ],
            [
              -86.53229522724291,
              35.35161209102523
            ],
            [
              -86.53869629040145,
              35.356212616119365
            ],
            [
              -86.54349517805997,
              35.36301040620532
            ],
            [
              -86.55179595921612,
              35.36071395858238
            ],
            [
              -86.56259918220644,
              35.3656120297714
            ],
            [
              -86.58449554443376,
              35.3706130976164
            ],
            [
              -86.59449768102314,
              35.36511230528873
            ],
            [
              -86.59919738784913,
              35.364711760739226
            ],
            [
              -86.60350036594912,
              35.34511184703416
            ],
            [
              -86.60549926837649,
              35.34311294640543
            ],
            [
              -86.60229492187312,
              35.333011627184874
            ],
            [
              -86.60249328623615,
              35.32761383061387
            ],
            [
              -86.6380996700637,
              35.32071304297261
            ],
            [
              -86.65159606940307,
              35.31091308567039
            ],
            [
              -86.65449523906398,
              35.3118133538033
            ],
            [
              -86.65499877937015,
              35.31461334173241
            ],
            [
              -86.67179870604542,
              35.30911254940469
            ],
            [
              -86.6785964970307,
              35.309513092155555
            ],
            [
              -86.68039703419572,
              35.30421066329154
            ],
            [
              -86.69719695997168,
              35.29571151687304
            ],
            [
              -86.72529602099456,
              35.27491378804092
            ],
            [
              -86.7365951544428,
              35.26361083966856
            ],
            [
              -86.73699951211773,
              35.26151275640865
            ],
            [
              -86.73929595884141,
              35.26091384929475
            ],
            [
              -86.74689483622768,
              35.252910614233485
            ],
            [
              -86.82779693558007,
              35.26361083966856
            ],
            [
              -86.83679962230468,
              34.99191284230386
            ],
            [
              -87.40449523936377,
              35.002613067738935
            ],
            [
              -87.98529815688437,
              35.005912781050085
            ],
            [
              -87.98169708255426,
              35.288013457754914
            ],
            [
              -87.98249816895532,
              35.295612335141186
            ],
            [
              -87.99309539773441,
              35.29851150480215
            ],
            [
              -87.9977951045604,
              35.302112579132256
            ],
            [
              -88.01499938980993,
              35.29901123018419
            ],
            [
              -88.01689910870687,
              35.29981231658519
            ],
            [
              -88.01699829133804,
              35.306911468589476
            ],
            [
              -88.01389312656647,
              35.31131362932058
            ],
            [
              -88.01689910870687,
              35.31781387331165
            ],
            [
              -88.01439666687264,
              35.32781219497684
            ],
            [
              -88.01689910870687,
              35.32991027823681
            ],
            [
              -88.01619720493704,
              35.33441162069977
            ],
            [
              -88.01089477517371,
              35.338710784774946
            ],
            [
              -88.0063934327107,
              35.34611129779819
            ],
            [
              -88.00519561758364,
              35.351211548274364
            ],
            [
              -88.01519775417296,
              35.364013671893474
            ],
            [
              -88.01649475103187,
              35.3667106631666
            ],
            [
              -88.01459503213499,
              35.370513915884544
            ],
            [
              -88.02019500709389,
              35.36831283596865
            ],
            [
              -88.02339935359726,
              35.36931228583336
            ],
            [
              -88.024597167825,
              35.371810912743456
            ],
            [
              -88.02509307918223,
              35.39251327476785
            ],
            [
              -88.01789856037021,
              35.38801193230489
            ],
            [
              -88.01159667984285,
              35.387012482440184
            ],
            [
              -87.98759460540668,
              35.391113281252956
            ],
            [
              -87.97959899929435,
              35.39601135334135
            ],
            [
              -87.97480010983719,
              35.402111052782914
            ],
            [
              -87.97339630139817,
              35.40961074843733
            ],
            [
              -87.97539520292622,
              35.41451263365116
            ],
            [
              -87.97799682559298,
              35.415611267046415
            ],
            [
              -87.98600006155357,
              35.415611267046415
            ],
            [
              -88.00769805941786,
              35.424011229934365
            ],
            [
              -88.01829528819695,
              35.42351150455232
            ],
            [
              -88.02749633838528,
              35.425510406080434
            ],
            [
              -88.0363998415794,
              35.43511199991889
            ],
            [
              -88.04349517776024,
              35.44901275603394
            ],
            [
              -88.04019928027253,
              35.45871353070493
            ],
            [
              -88.03199768084824,
              35.463211060042454
            ],
            [
              -88.02610015889519,
              35.47241210933146
            ],
            [
              -87.99279785343816,
              35.480510712099715
            ],
            [
              -87.98179626518544,
              35.489612578757544
            ],
            [
              -87.9743957521622,
              35.51401138281909
            ],
            [
              -87.97459411742454,
              35.521011353091524
            ],
            [
              -87.98129272487932,
              35.5353126528567
            ],
            [
              -87.99939727826177,
              35.554611206442075
            ],
            [
              -88.02539825422599,
              35.59781265273182
            ],
            [
              -88.03539276096711,
              35.61731338470497
            ],
            [
              -88.03459930441431,
              35.62621307387434
            ],
            [
              -88.01969909843461,
              35.65761184730894
            ],
            [
              -88.0166931153949,
              35.67831039440921
            ],
            [
              -88.01759338442713,
              35.68241119412136
            ],
            [
              -88.02599334731508,
              35.690811157009364
            ],
            [
              -88.02969360427636,
              35.697113036637404
            ],
            [
              -88.03479766787802,
              35.717212676623774
            ],
            [
              -88.03329467770715,
              35.72311401440032
            ],
            [
              -88.02939605728216,
              35.72931289737238
            ],
            [
              -88.01699829133804,
              35.74161148068532
            ],
            [
              -88.00339508131793,
              35.74991226184147
            ],
            [
              -87.98999786371041,
              35.76171112067175
            ],
            [
              -87.98199463044779,
              35.77451324519018
            ],
            [
              -87.97389984080496,
              35.79571151677311
            ],
            [
              -87.97159576423309,
              35.81581115675954
            ],
            [
              -87.96739959681389,
              35.833511353366305
            ],
            [
              -87.9626998899879,
              35.84091186459091
            ],
            [
              -87.94479370096849,
              35.8591117856804
            ],
            [
              -87.93869781555173,
              35.87001037637782
            ],
            [
              -87.92889404332539,
              35.90511321989925
            ],
            [
              -87.9258956910333,
              35.931613922144834
            ],
            [
              -87.92659759480313,
              35.93531036418199
            ],
            [
              -87.93090057380238,
              35.93951034472667
            ],
            [
              -87.97419738779917,
              35.93721389800305
            ],
            [
              -88.00049591075765,
              35.94111251842804
            ],
            [
              -88.01289367760108,
              35.946613311655085
            ],
            [
              -88.0209960943942,
              35.96121215841441
            ],
            [
              -88.02259826719626,
              35.969512938671244
            ],
            [
              -88.02169799816403,
              35.975811005173796
            ],
            [
              -88.01770019510786,
              35.98371124267976
            ],
            [
              -88.0044937129145,
              35.99211120556771
            ],
            [
              -88.001495362421,
              35.99621200617918
            ],
            [
              -87.99919891389874,
              36.007812499747104
            ],
            [
              -88.0013961788905,
              36.02591323910474
            ],
            [
              -87.98809814481348,
              36.04821395900706
            ],
            [
              -87.96109771718585,
              36.07441330023369
            ],
            [
              -87.95339965806772,
              36.0863113398965
            ],
            [
              -87.94139862084961,
              36.10021209691081
            ],
            [
              -87.93739318794525,
              36.10931396536728
            ],
            [
              -87.92109680157608,
              36.1245117192405
            ],
            [
              -87.91889953658432,
              36.13101196323157
            ],
            [
              -87.9156951900809,
              36.16071319615713
            ],
            [
              -87.92059326216929,
              36.17251205408809
            ],
            [
              -87.93519592295343,
              36.186710358096605
            ],
            [
              -87.93949890105341,
              36.19761276191946
            ],
            [
              -87.94079589791232,
              36.20611190833796
            ],
            [
              -87.95089721713282,
              36.220512389834994
            ],
            [
              -87.95089721713282,
              36.237213134778415
            ],
            [
              -87.9483947752986,
              36.24341201775047
            ],
            [
              -87.94490051344792,
              36.265811920283966
            ],
            [
              -87.9468002323448,
              36.28181075965887
            ],
            [
              -87.95719909676086,
              36.31501388518268
            ],
            [
              -87.96229553231291,
              36.32311248795099
            ],
            [
              -87.96859741194095,
              36.32741165202617
            ],
            [
              -87.97119903640635,
              36.339611052707994
            ],
            [
              -87.98079681442141,
              36.35361099235348
            ],
            [
              -88.00069427512068,
              36.36851120013182
            ],
            [
              -88.01469421386685,
              36.39271163893102
            ],
            [
              -88.01759338442713,
              36.396110534873344
            ],
            [
              -88.02479553218802,
              36.39971160920345
            ],
            [
              -88.03279876724929,
              36.408912659391774
            ],
            [
              -88.03789520280134,
              36.42261123711893
            ],
            [
              -88.05619812144613,
              36.43711090124714
            ],
            [
              -88.06159973114262,
              36.44491195702125
            ],
            [
              -88.06060028127791,
              36.452411651776345
            ],
            [
              -88.05359649698073,
              36.4642105097073
            ],
            [
              -88.05209350591053,
              36.47011184658453
            ],
            [
              -88.05669403100467,
              36.486713408896776
            ],
            [
              -88.05629730227867,
              36.49231338475494
            ],
            [
              -88.03779602106948,
              36.51381301915558
            ],
            [
              -88.03730010971225,
              36.52381133992145
            ],
            [
              -88.0340957641082,
              36.53111267121284
            ],
            [
              -88.03249359130615,
              36.54061126659673
            ],
            [
              -88.0356979369102,
              36.56211090099731
            ],
            [
              -88.03959655823456,
              36.572811127331704
            ],
            [
              -88.04509735056223,
              36.60291290300813
            ],
            [
              -88.0549926755715,
              36.62831115693439
            ],
            [
              -88.05659484927281,
              36.63941192601965
            ],
            [
              -88.06439971907173,
              36.65081405612386
            ],
            [
              -88.06789398182178,
              36.65891265889212
            ],
            [
              -88.07049560538786,
              36.67751312273248
            ]
          ]
        ]
      }
    },
    {
      "type": "Feature",
      "properties": {
        "WFO": "SHV",
        "CWA": "SHV",
        "STATE": "Louisiana",
        "ST": "LA",
        "CITYSTATE": "Shreveport LA"
      },
      "geometry": {
        "type": "Polygon",
        "coordinates": [
          [
            [
              -94.46119692190041,
              34.50821211020076
            ],
            [
              -94.47029876697445,
              34.18991088917625
            ],
            [
              -94.24329376219731,
              34.192512511843006
            ],
            [
              -94.24389648423534,
              34.26941299411442
            ],
            [
              -94.25599670408457,
              34.27071380589746
            ],
            [
              -94.25469970722565,
              34.35481262190501
            ],
            [
              -93.93539428701672,
              34.35021209231428
            ],
            [
              -93.93659973109266,
              34.2631111153857
            ],
            [
              -93.92440033041089,
              34.26261138910439
            ],
            [
              -93.92599487336469,
              34.18781280501702
            ],
            [
              -93.91639709534962,
              34.18611144958379
            ],
            [
              -93.82109832942433,
              34.183811187936044
            ],
            [
              -93.82299804742189,
              34.00891113264271
            ],
            [
              -93.74969482455646,
              34.006713866751625
            ],
            [
              -93.74479675336744,
              34.002811432301826
            ],
            [
              -93.73130035402806,
              34.00201034500145
            ],
            [
              -93.72279357956,
              33.99721145644361
            ],
            [
              -93.71309661891382,
              33.9951133731837
            ],
            [
              -93.6986999514416,
              33.994510651145674
            ],
            [
              -93.68219757086115,
              33.984111785830294
            ],
            [
              -93.6636962887527,
              33.98171234065205
            ],
            [
              -93.6462936400394,
              33.982013701671065
            ],
            [
              -93.64439392114252,
              33.977012633826064
            ],
            [
              -93.64099884012433,
              33.97691345209421
            ],
            [
              -93.63999939025962,
              33.97431182942745
            ],
            [
              -93.6284942626001,
              33.97281265328138
            ],
            [
              -93.62879943944256,
              33.96861267093806
            ],
            [
              -93.62629699670902,
              33.969810486065114
            ],
            [
              -93.622200011921,
              33.96531295762696
            ],
            [
              -93.6194992084217,
              33.965110779239126
            ],
            [
              -93.61719512915187,
              33.96001052876295
            ],
            [
              -93.61100006110388,
              33.95961380003689
            ],
            [
              -93.6039962768067,
              33.96321106034219
            ],
            [
              -93.58929443429065,
              33.96431350686288
            ],
            [
              -93.58629608199857,
              33.95960998511276
            ],
            [
              -93.57659912135233,
              33.957511901852854
            ],
            [
              -93.57509613028213,
              33.959712981768746
            ],
            [
              -93.57099914639343,
              33.96061325080092
            ],
            [
              -93.56749725289586,
              33.95981216439992
            ],
            [
              -93.56839752192803,
              33.957710266215884
            ],
            [
              -93.55319976805481,
              33.95571136468777
            ],
            [
              -93.54719543542097,
              33.952110291256986
            ],
            [
              -93.5420989989696,
              33.95111083959364
            ],
            [
              -93.5380935669645,
              33.95181274426278
            ],
            [
              -93.53549957324668,
              33.954513549560716
            ],
            [
              -93.53159332297344,
              33.95441055290473
            ],
            [
              -93.5277938842803,
              33.94371414239379
            ],
            [
              -93.49689483622768,
              33.94781112718181
            ],
            [
              -93.49419403092975,
              33.94911193806553
            ],
            [
              -93.49799346872356,
              33.95351409879669
            ],
            [
              -93.4914932247325,
              33.956012725706785
            ],
            [
              -93.47859954833046,
              33.95591354397493
            ],
            [
              -93.47699737642773,
              33.96071243343209
            ],
            [
              -93.47149658230137,
              33.96161270066568
            ],
            [
              -93.46959686340449,
              33.96361160309306
            ],
            [
              -93.46689605720724,
              33.9635124213612
            ],
            [
              -93.46579742381203,
              33.95961380003689
            ],
            [
              -93.46019744885314,
              33.96191406168464
            ],
            [
              -93.45579528812203,
              33.95981216439992
            ],
            [
              -93.45259857236618,
              33.961013793551786
            ],
            [
              -93.4480972290039,
              33.958110808966694
            ],
            [
              -93.44579315243197,
              33.95931243901788
            ],
            [
              -93.44429779121003,
              33.956611632820625
            ],
            [
              -93.437995911582,
              33.958110808966694
            ],
            [
              -93.43509674102177,
              33.95581054731895
            ],
            [
              -93.42619323692833,
              33.95551300032474
            ],
            [
              -93.42489624006942,
              33.95311355604582
            ],
            [
              -93.42009735241083,
              33.95361328142786
            ],
            [
              -93.41859436044132,
              33.9499130253659
            ],
            [
              -93.41419982955847,
              33.953411102140706
            ],
            [
              -93.39999389660102,
              33.95201110772649
            ],
            [
              -93.39769744897808,
              33.95531082193696
            ],
            [
              -93.39550018308694,
              33.95371246315972
            ],
            [
              -93.39270019515783,
              33.95411300680985
            ],
            [
              -93.39149475108184,
              33.952110291256986
            ],
            [
              -93.38829803532605,
              33.95641326935697
            ],
            [
              -93.39099883972466,
              33.95771408114001
            ],
            [
              -93.38909912082772,
              33.95851135261688
            ],
            [
              -93.37609863284558,
              33.957412720121
            ],
            [
              -93.36729431228264,
              33.95191192599464
            ],
            [
              -93.36759948732646,
              33.94881057704657
            ],
            [
              -93.36329650922647,
              33.94611358577339
            ],
            [
              -93.3613967903296,
              33.9450111392527
            ],
            [
              -93.3592987061703,
              33.94711303743679
            ],
            [
              -93.35609436056626,
              33.9450111392527
            ],
            [
              -93.35579681357206,
              33.941013336196534
            ],
            [
              -93.34999847425013,
              33.93411254855533
            ],
            [
              -93.34339904942658,
              33.936710358096605
            ],
            [
              -93.34019470202384,
              33.933910370167496
            ],
            [
              -93.34179687482589,
              33.931510924989254
            ],
            [
              -93.34109497105601,
              33.92881393371613
            ],
            [
              -93.33659362859305,
              33.92131042493622
            ],
            [
              -93.33809661876393,
              33.917011260861045
            ],
            [
              -93.3296966549766,
              33.91661071811018
            ],
            [
              -93.32619476327767,
              33.91801071162507
            ],
            [
              -93.32089996336259,
              33.91351318408624
            ],
            [
              -93.32299804842114,
              33.91071319615713
            ],
            [
              -93.32229614285268,
              33.907913208228024
            ],
            [
              -93.31849670415954,
              33.90591049177584
            ],
            [
              -93.31389617906535,
              33.906810759908694
            ],
            [
              -93.30089569108321,
              33.89611053537294
            ],
            [
              -93.29839325014837,
              33.89161300693479
            ],
            [
              -93.29929351828122,
              33.88591384934472
            ],
            [
              -93.30379486074418,
              33.88471221929353
            ],
            [
              -93.30619811994723,
              33.881713867001395
            ],
            [
              -93.30429840105035,
              33.878513336321475
            ],
            [
              -93.30389404337535,
              33.86991119414637
            ],
            [
              -93.29889678955516,
              33.863712311174254
            ],
            [
              -93.29719543502125,
              33.859210967811975
            ],
            [
              -93.29809570315416,
              33.85581207276897
            ],
            [
              -93.29069519013086,
              33.845512390084764
            ],
            [
              -93.2882003781449,
              33.843612671187884
            ],
            [
              -93.28389740004496,
              33.843811034651594
            ],
            [
              -93.27469634985664,
              33.84051132223976
            ],
            [
              -93.27689361574772,
              33.8368110661778
            ],
            [
              -93.26459503243478,
              33.838413238979854
            ],
            [
              -93.26079559284227,
              33.8368110661778
            ],
            [
              -93.26449584980361,
              33.83361053459856
            ],
            [
              -93.26039886501559,
              33.83181381235761
            ],
            [
              -93.2585983278505,
              33.82921218879153
            ],
            [
              -93.24689483492864,
              33.830211643152836
            ],
            [
              -93.24379730180402,
              33.829311371422705
            ],
            [
              -93.23989868227835,
              33.82531356836654
            ],
            [
              -93.24139404439961,
              33.829113009757634
            ],
            [
              -93.23559570327905,
              33.8307113649376
            ],
            [
              -93.23489380040854,
              33.827812195276636
            ],
            [
              -93.22889709492495,
              33.82881164604066
            ],
            [
              -93.22889709492495,
              33.82611083984341
            ],
            [
              -93.22589874443145,
              33.82661056522545
            ],
            [
              -93.22579956090095,
              33.82961273244172
            ],
            [
              -93.22079467813188,
              33.8290138244285
            ],
            [
              -93.21829986614586,
              33.826313019130566
            ],
            [
              -93.2197952273678,
              33.82231140115027
            ],
            [
              -93.21779632583974,
              33.82161331230458
            ],
            [
              -93.21469879181575,
              33.82581329284926
            ],
            [
              -93.2126998902877,
              33.82171249403643
            ],
            [
              -93.20909881595753,
              33.819610595852396
            ],
            [
              -93.20899963422568,
              33.822612762169285
            ],
            [
              -93.19919586199939,
              33.820011138603206
            ],
            [
              -93.1996002205737,
              33.817413329961255
            ],
            [
              -93.1955947885686,
              33.81861114508831
            ],
            [
              -93.19409942644734,
              33.81621169991007
            ],
            [
              -93.19099426257515,
              33.81531143177722
            ],
            [
              -93.19109344520632,
              33.81321334761793
            ],
            [
              -93.18739318824498,
              33.81181335410304
            ],
            [
              -93.18429565422105,
              33.80711364727705
            ],
            [
              -93.18539428671693,
              33.804611206342145
            ],
            [
              -93.17929840130012,
              33.800712585017834
            ],
            [
              -93.17109680187588,
              33.80711364727705
            ],
            [
              -93.16829681394677,
              33.80521392838017
            ],
            [
              -93.16589355474372,
              33.80581283639333
            ],
            [
              -93.15699768139785,
              33.81321334761793
            ],
            [
              -93.1553955085958,
              33.81061172495117
            ],
            [
              -93.14709472743971,
              33.809711455919
            ],
            [
              -93.14909362806844,
              33.81251144384811
            ],
            [
              -93.13979339614826,
              33.81541061440839
            ],
            [
              -93.13339996283798,
              33.808311462404106
            ],
            [
              -93.127494811936,
              33.7980117797199
            ],
            [
              -93.12719726584112,
              33.79541397107795
            ],
            [
              -93.128700256012,
              33.79391098000775
            ],
            [
              -93.12709808320994,
              33.79191207937902
            ],
            [
              -93.11739349541347,
              33.787513732672664
            ],
            [
              -93.1108932514224,
              33.78181076015852
            ],
            [
              -93.1119995119679,
              33.779510497611454
            ],
            [
              -93.10489654503948,
              33.77741241525081
            ],
            [
              -93.10429382300151,
              33.77561187718641
            ],
            [
              -93.11899566731614,
              33.38031387268711
            ],
            [
              -92.7965927121839,
              33.372512816913
            ],
            [
              -92.78540039121503,
              33.37701034535121
            ],
            [
              -92.77959442114559,
              33.37461090107229
            ],
            [
              -92.77059936516855,
              33.381313324350515
            ],
            [
              -92.7677001964069,
              33.38091278070033
            ],
            [
              -92.76279449536963,
              33.38381195126061
            ],
            [
              -92.75899505577718,
              33.38791275007338
            ],
            [
              -92.74779510496006,
              33.383911132992466
            ],
            [
              -92.72629547055948,
              33.38381195126061
            ],
            [
              -92.71709442127047,
              33.378211975402394
            ],
            [
              -92.7144927977044,
              33.370910645010326
            ],
            [
              -92.70179748476608,
              33.36691284195416
            ],
            [
              -92.68909454287882,
              33.367412567336146
            ],
            [
              -92.68239593542404,
              33.365211487420254
            ],
            [
              -92.68409728995795,
              33.36301040570572
            ],
            [
              -92.6816940307549,
              33.36041259796309
            ],
            [
              -92.66179657005563,
              33.35621261561977
            ],
            [
              -92.65809631309435,
              33.35751342830213
            ],
            [
              -92.6540985109375,
              33.3614120478278
            ],
            [
              -92.65379333499436,
              33.3640136722932
            ],
            [
              -92.643997191717,
              33.36791229181887
            ],
            [
              -92.63269805916804,
              33.36531066915211
            ],
            [
              -92.62959289619516,
              33.361812592377305
            ],
            [
              -92.622497559115,
              33.359210967911906
            ],
            [
              -92.61329650892674,
              33.36041259796309
            ],
            [
              -92.61079406709251,
              33.363910674737895
            ],
            [
              -92.59949493544286,
              33.36131286609594
            ],
            [
              -92.60249328593636,
              33.36441040011994
            ],
            [
              -92.59909820581748,
              33.36861038156388
            ],
            [
              -92.59589386021344,
              33.36971282988327
            ],
            [
              -92.59679412834629,
              33.372211455894046
            ],
            [
              -92.59389495778606,
              33.373313904213376
            ],
            [
              -92.58709716859943,
              33.37101364076693
            ],
            [
              -92.58559417842855,
              33.36861038156388
            ],
            [
              -92.5778961184111,
              33.36771392835516
            ],
            [
              -92.57589721688299,
              33.3700103759781
            ],
            [
              -92.56799316355364,
              33.36781311008701
            ],
            [
              -92.56129455609886,
              33.362010955841015
            ],
            [
              -92.54729461735269,
              33.36541366580809
            ],
            [
              -92.54689788772731,
              33.360313416231236
            ],
            [
              -92.5426940922585,
              33.35731124901497
            ],
            [
              -92.53269958641675,
              33.35521316485574
            ],
            [
              -92.53499603314037,
              33.347911835362936
            ],
            [
              -92.52879333524419,
              33.342510222968485
            ],
            [
              -92.52890014592498,
              33.338413239079784
            ],
            [
              -92.52579498295205,
              33.3322105411836
            ],
            [
              -92.52199554425891,
              33.33331298770429
            ],
            [
              -92.51949310332401,
              33.33111190778834
            ],
            [
              -92.52330017096608,
              33.32791137710842
            ],
            [
              -92.52589416558322,
              33.322113036887174
            ],
            [
              -92.52649688672193,
              33.31921386722627
            ],
            [
              -92.52349853532911,
              33.31671142629136
            ],
            [
              -92.5103988647158,
              33.322311401250204
            ],
            [
              -92.50459289644499,
              33.32661056532538
            ],
            [
              -92.50019836376345,
              33.327510834357554
            ],
            [
              -92.49709320079057,
              33.32621383659932
            ],
            [
              -92.49099731357512,
              33.31681060802322
            ],
            [
              -92.48749542187619,
              33.315612792896104
            ],
            [
              -92.48499298094129,
              33.31731414832933
            ],
            [
              -92.48579406734228,
              33.32161331240451
            ],
            [
              -92.47979736275806,
              33.32741165172638
            ],
            [
              -92.47709655835945,
              33.32571029719253
            ],
            [
              -92.47159576423309,
              33.315410613609004
            ],
            [
              -92.46799468990298,
              33.31471252386393
            ],
            [
              -92.46069336041023,
              33.32001113870314
            ],
            [
              -92.45889282234583,
              33.31551361116425
            ],
            [
              -92.47059631256974,
              33.30631256097598
            ],
            [
              -92.46479797414713,
              33.303913115797684
            ],
            [
              -92.45889282234583,
              33.30551147457493
            ],
            [
              -92.45899963392594,
              33.30341339131502
            ],
            [
              -92.47309875530328,
              33.29581069900462
            ],
            [
              -92.47279357936014,
              33.29371261574465
            ],
            [
              -92.45959472701503,
              33.283813476710634
            ],
            [
              -92.45589447005369,
              33.2870101933658
            ],
            [
              -92.45299530039279,
              33.28731155438476
            ],
            [
              -92.4452972412746,
              33.2800140380175
            ],
            [
              -92.44519806044212,
              33.27561187728634
            ],
            [
              -92.44259643597672,
              33.27371215838946
            ],
            [
              -92.43389892609451,
              33.27701187080123
            ],
            [
              -92.43190002456646,
              33.27491378844064
            ],
            [
              -92.43139648426029,
              33.27061080944134
            ],
            [
              -92.41919708357852,
              33.27371215838946
            ],
            [
              -92.40449523926384,
              33.27461242742163
            ],
            [
              -92.3947982804163,
              33.27761077881445
            ],
            [
              -92.38059997640772,
              33.27871322623446
            ],
            [
              -92.3746948237071,
              33.28221130390858
            ],
            [
              -92.37079620418143,
              33.28801345815464
            ],
            [
              -92.3612976069989,
              33.291610717560616
            ],
            [
              -92.35959625156573,
              33.29911041321503
            ],
            [
              -92.35649871844106,
              33.30181121761365
            ],
            [
              -92.3504943849079,
              33.29931259160287
            ],
            [
              -92.3501968379137,
              33.29691314732395
            ],
            [
              -92.35209655770996,
              33.2934112547257
            ],
            [
              -92.357192993262,
              33.28981399531966
            ],
            [
              -92.35859680260035,
              33.286411285352585
            ],
            [
              -92.35769653356812,
              33.28181076025845
            ],
            [
              -92.34559631281957,
              33.28131103487641
            ],
            [
              -92.33669281142409,
              33.27581024164937
            ],
            [
              -92.3274993901847,
              33.279113769884646
            ],
            [
              -92.32740020755352,
              33.27201080295623
            ],
            [
              -92.32519531271345,
              33.26661300728449
            ],
            [
              -92.32649993942061,
              33.26361084006828
            ],
            [
              -92.3244934080443,
              33.26221084565407
            ],
            [
              -92.3134002688073,
              33.262413024941225
            ],
            [
              -92.3089981080762,
              33.26591110171603
            ],
            [
              -92.31239318819502,
              33.2718124385932
            ],
            [
              -92.30929565417108,
              33.27371215838946
            ],
            [
              -92.30369567921218,
              33.27291107198846
            ],
            [
              -92.30069732692004,
              33.27891159059749
            ],
            [
              -92.29699706995876,
              33.28081131039369
            ],
            [
              -92.29359435999169,
              33.279312134247675
            ],
            [
              -92.29129791326807,
              33.27361297575828
            ],
            [
              -92.29369354172354,
              33.26581191998417
            ],
            [
              -92.2896957395667,
              33.26351165833643
            ],
            [
              -92.27839660611846,
              33.268211365162415
            ],
            [
              -92.27039337195652,
              33.26601409927133
            ],
            [
              -92.26829528779723,
              33.26291275032321
            ],
            [
              -92.26849365216026,
              33.256111145313184
            ],
            [
              -92.26579284686238,
              33.25451278743526
            ],
            [
              -92.25589752185311,
              33.25691223081486
            ],
            [
              -92.25049591125725,
              33.25231170661999
            ],
            [
              -92.24289703387097,
              33.25041198682379
            ],
            [
              -92.2402954103049,
              33.25161361687498
            ],
            [
              -92.23789978005078,
              33.25771331811518
            ],
            [
              -92.22449493439365,
              33.252811432002034
            ],
            [
              -92.22549438515773,
              33.24261093104968
            ],
            [
              -92.23399352977754,
              33.2348136901997
            ],
            [
              -92.23320007322474,
              33.23211288490177
            ],
            [
              -92.22329711926659,
              33.22771072417066
            ],
            [
              -92.21529388420538,
              33.22691345179442
            ],
            [
              -92.21169280987522,
              33.224910736241554
            ],
            [
              -92.2149963381105,
              33.22261047369443
            ],
            [
              -92.22279357896048,
              33.221412658567374
            ],
            [
              -92.22469329785736,
              33.215412139958346
            ],
            [
              -92.22389984130461,
              33.21071243313236
            ],
            [
              -92.22189331082757,
              33.20931243871814
            ],
            [
              -92.21539306593723,
              33.20921325698629
            ],
            [
              -92.20889282194616,
              33.20201110832602
            ],
            [
              -92.2015991214023,
              33.20491027798698
            ],
            [
              -92.19770050007799,
              33.201911925694844
            ],
            [
              -92.19499969478005,
              33.20181274396299
            ],
            [
              -92.1861953742171,
              33.205810547019155
            ],
            [
              -92.18169403085483,
              33.213611602793264
            ],
            [
              -92.17949676496369,
              33.213211060042454
            ],
            [
              -92.17799377389349,
              33.20691299443922
            ],
            [
              -92.17929840060066,
              33.200012206797965
            ],
            [
              -92.17839813156849,
              33.197113037137
            ],
            [
              -92.17469787640584,
              33.19471359285808
            ],
            [
              -92.17979431195789,
              33.19261169377472
            ],
            [
              -92.18169403085483,
              33.18911361699986
            ],
            [
              -92.17999267632092,
              33.18651199343378
            ],
            [
              -92.17309570270447,
              33.18931198136289
            ],
            [
              -92.17419433609967,
              33.18301391575966
            ],
            [
              -92.17179870584556,
              33.18211364672749
            ],
            [
              -92.1680984497836,
              33.18381118813585
            ],
            [
              -92.16869354197337,
              33.17941284232887
            ],
            [
              -92.16579437321172,
              33.177410125876634
            ],
            [
              -92.16299438528262,
              33.171913146674456
            ],
            [
              -92.16559600794938,
              33.168613434262625
            ],
            [
              -92.17189788757742,
              33.16501235993252
            ],
            [
              -92.17070007334968,
              33.16281127911731
            ],
            [
              -92.16349792558879,
              33.16121292123938
            ],
            [
              -92.15989685125862,
              33.16221237200341
            ],
            [
              -92.16109466638574,
              33.16851043670732
            ],
            [
              -92.15409851103743,
              33.16821289061244
            ],
            [
              -92.15049743670733,
              33.17021179214055
            ],
            [
              -92.14529418957517,
              33.16821289061244
            ],
            [
              -92.14779663140939,
              33.162311553735265
            ],
            [
              -92.13779449482007,
              33.163414001155274
            ],
            [
              -92.13639831532993,
              33.16071319585734
            ],
            [
              -92.13249969490494,
              33.16051101657018
            ],
            [
              -92.12199401890882,
              33.16171264572205
            ],
            [
              -92.11239623999444,
              33.159111023055345
            ],
            [
              -92.11079406719239,
              33.157413483445566
            ],
            [
              -92.10869598393248,
              33.15121078465006
            ],
            [
              -92.10889434829551,
              33.145210266040976
            ],
            [
              -92.11179351795647,
              33.14401245091392
            ],
            [
              -92.11829376194754,
              33.145210266040976
            ],
            [
              -92.11899566841532,
              33.142612457399025
            ],
            [
              -92.11329650902661,
              33.134811400725596
            ],
            [
              -92.11940002429168,
              33.119911193846576
            ],
            [
              -92.1238937378057,
              33.11851120033168
            ],
            [
              -92.12729644777284,
              33.12001037557843
            ],
            [
              -92.12909698493786,
              33.114513397275516
            ],
            [
              -92.13609314028616,
              33.107311248615304
            ],
            [
              -92.13659668059228,
              33.1031112671713
            ],
            [
              -92.14279937758914,
              33.09831237771414
            ],
            [
              -92.13299560536285,
              33.096710204912085
            ],
            [
              -92.13479614342725,
              33.088211060292224
            ],
            [
              -92.13209533723,
              33.08421325723606
            ],
            [
              -92.12819671590569,
              33.07061386124076
            ],
            [
              -92.12059783941874,
              33.07221221911868
            ],
            [
              -92.11419677715952,
              33.06951141382075
            ],
            [
              -92.11429595889138,
              33.06221389835275
            ],
            [
              -92.10919952423859,
              33.051513672018416
            ],
            [
              -92.11499786356052,
              33.04791259768831
            ],
            [
              -92.10969543559582,
              33.041511536328414
            ],
            [
              -92.10899353002736,
              33.03301238990991
            ],
            [
              -92.10559844990848,
              33.030212401980805
            ],
            [
              -92.09669494581505,
              33.03381347721023
            ],
            [
              -92.08229827924214,
              33.03091049172588
            ],
            [
              -92.07779693587986,
              33.01621246323464
            ],
            [
              -92.07009887676173,
              33.01091384929475
            ],
            [
              -92.06679534942577,
              33.0032119752525
            ],
            [
              -92.07189941392676,
              32.99611282324827
            ],
            [
              -92.0718002321949,
              32.98761367772909
            ],
            [
              -92.07749938978498,
              32.98531341608134
            ],
            [
              -92.08149719194182,
              32.98121261636919
            ],
            [
              -92.07529449494496,
              32.97321319623205
            ],
            [
              -92.07539367757613,
              32.97121047977987
            ],
            [
              -92.07719421384184,
              32.96911239562064
            ],
            [
              -92.0834960943692,
              32.96891403215693
            ],
            [
              -92.0852966324336,
              32.96501159680781
            ],
            [
              -92.0834960943692,
              32.96151351913363
            ],
            [
              -92.08429717987093,
              32.9572105410337
            ],
            [
              -92.07979583740791,
              32.956611633020486
            ],
            [
              -92.08039856034526,
              32.950111389029416
            ],
            [
              -92.07779693587986,
              32.94571304322244
            ],
            [
              -92.07669830338398,
              32.93391037036736
            ],
            [
              -92.07309722905381,
              32.92381286607099
            ],
            [
              -92.07789611941035,
              32.92231368992492
            ],
            [
              -92.07899475100692,
              32.91951370199581
            ],
            [
              -92.07429504418093,
              32.917213440348064
            ],
            [
              -92.07499694795075,
              32.91471099941316
            ],
            [
              -92.07979583740791,
              32.91491317690162
            ],
            [
              -92.07799530024289,
              32.90931320194278
            ],
            [
              -92.08129882757879,
              32.90581131024385
            ],
            [
              -92.07799530024289,
              32.90381240781642
            ],
            [
              -92.08149719194182,
              32.90121078514966
            ],
            [
              -92.07740020805312,
              32.89371109039456
            ],
            [
              -92.08399963377605,
              32.88301086406017
            ],
            [
              -92.08399963377605,
              32.87551116930507
            ],
            [
              -92.06900024426585,
              32.85321426432688
            ],
            [
              -92.0570983887796,
              32.844211577602266
            ],
            [
              -92.05569458034057,
              32.83981323179529
            ],
            [
              -92.05659484937274,
              32.837112427396676
            ],
            [
              -92.06449890090352,
              32.835811614714316
            ],
            [
              -92.06699371288948,
              32.83391189581738
            ],
            [
              -92.06689453115763,
              32.830612183405606
            ],
            [
              -92.06109619093644,
              32.82681274381315
            ],
            [
              -92.06199645996861,
              32.823810576596884
            ],
            [
              -92.06569671603057,
              32.82131195058611
            ],
            [
              -92.06099700920458,
              32.80861282272366
            ],
            [
              -92.05489349393957,
              32.8001136781038
            ],
            [
              -92.05269622804843,
              32.79341125482563
            ],
            [
              -92.05459594694537,
              32.779010773328594
            ],
            [
              -92.05939483640253,
              32.76811218263117
            ],
            [
              -92.06179809740422,
              32.765811920084104
            ],
            [
              -92.06309509336381,
              32.75901412999815
            ],
            [
              -92.0606994631097,
              32.74961090142199
            ],
            [
              -92.05259704631658,
              32.743511200181786
            ],
            [
              -92.05239868195355,
              32.73801040605542
            ],
            [
              -92.05459594694537,
              32.73531341568162
            ],
            [
              -92.06359863277066,
              32.73581314106366
            ],
            [
              -92.06909942599765,
              32.733310699229435
            ],
            [
              -92.06199645996861,
              32.731811523083366
            ],
            [
              -92.05989837580938,
              32.727912902658375
            ],
            [
              -92.06459808443401,
              32.722911834813374
            ],
            [
              -92.05889892594462,
              32.721611023030334
            ],
            [
              -92.05629730237854,
              32.71931075958395
            ],
            [
              -92.0649945199811,
              32.709313008088884
            ],
            [
              -92.06099700920458,
              32.712112426747126
            ],
            [
              -92.05529785341315,
              32.713012694880035
            ],
            [
              -92.05759429923751,
              32.705810547119086
            ],
            [
              -92.05500030641895,
              32.702812194827004
            ],
            [
              -92.0555953977094,
              32.698211669732814
            ],
            [
              -92.05179595901626,
              32.69771194525015
            ],
            [
              -92.04339599612825,
              32.70011138862975
            ],
            [
              -92.05019378711353,
              32.69081115670957
            ],
            [
              -92.04979705838753,
              32.6869125371839
            ],
            [
              -92.0465927118841,
              32.687011718915755
            ],
            [
              -92.0321960453112,
              32.69511413570882
            ],
            [
              -92.03099823018414,
              32.69901275613387
            ],
            [
              -92.04189300505811,
              32.70271301309515
            ],
            [
              -92.04419708342863,
              32.706314087425255
            ],
            [
              -92.04119873023717,
              32.71201324501527
            ],
            [
              -92.03819274899615,
              32.71311187661189
            ],
            [
              -92.03260040298619,
              32.71141052207798
            ],
            [
              -92.02759552021706,
              32.70381164559103
            ],
            [
              -92.02409362941745,
              32.70161056477582
            ],
            [
              -92.0164947511318,
              32.70071029664291
            ],
            [
              -92.00869751028182,
              32.70811080876689
            ],
            [
              -91.99489593499936,
              32.704513550260174
            ],
            [
              -91.97449493399398,
              32.71051025394513
            ],
            [
              -91.9711990374056,
              32.70601272640624
            ],
            [
              -91.97129821823813,
              32.699310303128016
            ],
            [
              -91.96749878044432,
              32.68661117616489
            ],
            [
              -91.96219634978166,
              32.67881393441559
            ],
            [
              -91.95269775439783,
              32.67231369042452
            ],
            [
              -91.9466934199653,
              32.66431427028738
            ],
            [
              -91.93549346914824,
              32.65891265879225
            ],
            [
              -91.93029785186434,
              32.6659126281653
            ],
            [
              -91.92209625244004,
              32.66741180431137
            ],
            [
              -91.91069793725995,
              32.660312653206404
            ],
            [
              -91.9095001221329,
              32.655811309844125
            ],
            [
              -91.90939331055279,
              32.653411864665884
            ],
            [
              -91.91239929179386,
              32.64971160860392
            ],
            [
              -91.91739654471473,
              32.6498107912351
            ],
            [
              -91.92379760697395,
              32.64511108440905
            ],
            [
              -91.92419433659933,
              32.63771057138581
            ],
            [
              -91.9213943477709,
              32.625713348192505
            ],
            [
              -91.93259429858796,
              32.60821151684809
            ],
            [
              -91.92869567906229,
              32.5844116207997
            ],
            [
              -91.92299652057295,
              32.58011245672458
            ],
            [
              -91.92269897537739,
              32.5769119260446
            ],
            [
              -91.92669677843355,
              32.57151413037286
            ],
            [
              -91.9264984131712,
              32.566810607723426
            ],
            [
              -91.92229461680307,
              32.55801391610942
            ],
            [
              -91.91880035405308,
              32.54411315909505
            ],
            [
              -91.90759277338776,
              32.535411835188086
            ],
            [
              -91.9082946780569,
              32.5325126646278
            ],
            [
              -91.90359497123092,
              32.52301406924397
            ],
            [
              -91.90429687500074,
              32.516113280703394
            ],
            [
              -91.91149902276163,
              32.50591278065036
            ],
            [
              -91.92109680257533,
              32.49681091309321
            ],
            [
              -91.93329620415648,
              32.49131393389098
            ],
            [
              -91.93579864509138,
              32.48111343383795
            ],
            [
              -91.94109344500646,
              32.473011017044826
            ],
            [
              -91.94019317597423,
              32.470413208402874
            ],
            [
              -91.94519805874336,
              32.46011352481935
            ],
            [
              -91.94179534877628,
              32.454410553204525
            ],
            [
              -91.94479370106842,
              32.44891357400229
            ],
            [
              -91.94789886494061,
              32.44881057734631
            ],
            [
              -91.95149993927072,
              32.44341278077525
            ],
            [
              -91.95949554358441,
              32.43761062562993
            ],
            [
              -91.9751968377638,
              32.41681289679781
            ],
            [
              -91.98189544701722,
              32.41531372065174
            ],
            [
              -91.98829650927644,
              32.40561294598075
            ],
            [
              -91.99359893814045,
              32.401412963637426
            ],
            [
              -91.99829864496644,
              32.388610840018316
            ],
            [
              -92.00449371301443,
              32.37931060809814
            ],
            [
              -92.00499725332054,
              32.37391281062776
            ],
            [
              -92.01020049955338,
              32.362812042441874
            ],
            [
              -92.00759887688662,
              32.35941314739887
            ],
            [
              -92.00639343281063,
              32.35381317064139
            ],
            [
              -92.01109314143531,
              32.34921264644652
            ],
            [
              -92.00969696014658,
              32.33961105260806
            ],
            [
              -92.01239776634378,
              32.3276138312134
            ],
            [
              -92.0177001952078,
              32.32311248785106
            ],
            [
              -92.01829528829688,
              32.320213318190156
            ],
            [
              -92.0156936647308,
              32.316913604879005
            ],
            [
              -92.01989746109894,
              32.29771423302549
            ],
            [
              -92.02749633758589,
              32.28431320229248
            ],
            [
              -92.03439331120234,
              32.27781295830141
            ],
            [
              -91.99319457956614,
              32.27591323940453
            ],
            [
              -91.99160003841098,
              32.267112731967075
            ],
            [
              -91.99289703437063,
              32.26341247590511
            ],
            [
              -92.00049591085758,
              32.258411407160736
            ],
            [
              -92.00109863289555,
              32.25551223839915
            ],
            [
              -91.9994964600935,
              32.25251388520769
            ],
            [
              -91.99539947530553,
              32.25171279880669
            ],
            [
              -91.99049377426826,
              32.25311279322091
            ],
            [
              -91.98649597211141,
              32.25191116316972
            ],
            [
              -91.99769592292847,
              32.245010376427786
            ],
            [
              -91.99849700932947,
              32.236511230009285
            ],
            [
              -92.00109863289555,
              32.233310699329365
            ],
            [
              -92.00699615484865,
              32.23191070581447
            ],
            [
              -92.00589752235271,
              32.229412078904375
            ],
            [
              -91.9962997443377,
              32.2285118098722
            ],
            [
              -91.99099731817165,
              32.22461317865532
            ],
            [
              -91.9934997564086,
              32.21891021693301
            ],
            [
              -92.00039672912573,
              32.21581268290902
            ],
            [
              -92.00069427522061,
              32.212512969597924
            ],
            [
              -91.99029540990523,
              32.2126121522291
            ],
            [
              -91.99759674119662,
              32.20541381759364
            ],
            [
              -92.0070953365805,
              32.20091247603
            ],
            [
              -92.0089950563767,
              32.193511963006756
            ],
            [
              -92.00729370094353,
              32.19101333609666
            ],
            [
              -91.99979400618838,
              32.1908111568095
            ],
            [
              -91.9911956789374,
              32.19701385470569
            ],
            [
              -91.97579956160047,
              32.20431137107295
            ],
            [
              -91.97329711886692,
              32.20271301319508
            ],
            [
              -91.97299957277204,
              32.19921112059677
            ],
            [
              -91.97570037806997,
              32.19571304292265
            ],
            [
              -91.98149871829116,
              32.19371414229386
            ],
            [
              -91.98359680155113,
              32.19121169956031
            ],
            [
              -91.97959899939428,
              32.18711090074754
            ],
            [
              -91.97619628942715,
              32.17921066324158
            ],
            [
              -91.97619628942715,
              32.17581176819857
            ],
            [
              -91.98099517798505,
              32.16911315894521
            ],
            [
              -91.97959899939428,
              32.166412353647274
            ],
            [
              -91.97549438475801,
              32.16611099172894
            ],
            [
              -91.96859741204088,
              32.16961288522651
            ],
            [
              -91.96089935292275,
              32.16951370169602
            ],
            [
              -91.95439910893168,
              32.17371368403934
            ],
            [
              -91.95139312679134,
              32.174213409421384
            ],
            [
              -91.94789886494061,
              32.172012328606115
            ],
            [
              -91.94279480043963,
              32.17521286018541
            ],
            [
              -91.94049835191737,
              32.17371368403934
            ],
            [
              -91.94039917018551,
              32.17041015580412
            ],
            [
              -91.93829345707735,
              32.168113708181124
            ],
            [
              -91.9324951168561,
              32.16521072359609
            ],
            [
              -91.92219543507122,
              32.16801071242452
            ],
            [
              -91.91629791311817,
              32.16621017525944
            ],
            [
              -91.90979766822778,
              32.16781234716217
            ],
            [
              -91.90689849856682,
              32.165710448978075
            ],
            [
              -91.90379333559395,
              32.16651153627845
            ],
            [
              -91.89509582481242,
              32.16371154834934
            ],
            [
              -91.8922958368833,
              32.1613121031711
            ],
            [
              -91.89609527557644,
              32.15951156600602
            ],
            [
              -91.8937988279535,
              32.157112121727096
            ],
            [
              -91.89989471426964,
              32.15291214028309
            ],
            [
              -91.89519500744359,
              32.15221023561395
            ],
            [
              -91.89749908401546,
              32.14241409323586
            ],
            [
              -91.89279937718948,
              32.13781356814172
            ],
            [
              -91.88959503158543,
              32.137611388854566
            ],
            [
              -91.88329315195733,
              32.13101196313164
            ],
            [
              -91.88499450739056,
              32.12041091942842
            ],
            [
              -91.88249969540459,
              32.11991119404644
            ],
            [
              -91.87889862107448,
              32.125713348292436
            ],
            [
              -91.8753967293755,
              32.12671279905646
            ],
            [
              -91.86989593524919,
              32.11841201790037
            ],
            [
              -91.86999511698104,
              32.11501312285736
            ],
            [
              -91.87439727771215,
              32.110511780394404
            ],
            [
              -91.8755950928392,
              32.105812072669096
            ],
            [
              -91.86819457981596,
              32.099311828678026
            ],
            [
              -91.8703994755553,
              32.096012115366875
            ],
            [
              -91.8684997557591,
              32.092113494941884
            ],
            [
              -91.87469482380703,
              32.08851242061178
            ],
            [
              -91.88209533683028,
              32.088211059592766
            ],
            [
              -91.8886947625532,
              32.09011077938902
            ],
            [
              -91.8912963870186,
              32.08751296984775
            ],
            [
              -91.8909988400244,
              32.08411025988062
            ],
            [
              -91.89469909698568,
              32.08651351908367
            ],
            [
              -91.89769744927781,
              32.0859107970457
            ],
            [
              -91.90179443406583,
              32.07551193173032
            ],
            [
              -91.90319824340418,
              32.08211135925188
            ],
            [
              -91.9063949582607,
              32.08011245682445
            ],
            [
              -91.91059875642742,
              32.08461380018679
            ],
            [
              -91.91320037819486,
              32.084510802631485
            ],
            [
              -91.91259765615689,
              32.08071136483767
            ],
            [
              -91.915794372812,
              32.07771301344485
            ],
            [
              -91.9182968137469,
              32.07851028402246
            ],
            [
              -91.92659759490306,
              32.075012207247596
            ],
            [
              -91.93269348121913,
              32.06621169981014
            ],
            [
              -91.9239959722363,
              32.06691360537866
            ],
            [
              -91.92199706980887,
              32.06581115705933
            ],
            [
              -91.91909790014796,
              32.05871200595436
            ],
            [
              -91.91589355544318,
              32.05761337255916
            ],
            [
              -91.91139984102978,
              32.061611175615326
            ],
            [
              -91.90929412792161,
              32.0606117248513
            ],
            [
              -91.91339874255789,
              32.0558128362934
            ],
            [
              -91.91219329758258,
              32.05201339670094
            ],
            [
              -91.9096984855966,
              32.047912597888114
            ],
            [
              -91.90329742423671,
              32.04441070618918
            ],
            [
              -91.89929962207987,
              32.03931045481369
            ],
            [
              -91.90309905987368,
              32.039710999363194
            ],
            [
              -91.90419769326888,
              32.03721237155378
            ],
            [
              -91.90279388393054,
              32.03521347002567
            ],
            [
              -91.89939880381172,
              32.034713744643625
            ],
            [
              -91.8987960817737,
              32.03221130370878
            ],
            [
              -91.90249633783571,
              32.02491378824078
            ],
            [
              -91.89459991525388,
              32.01021194482547
            ],
            [
              -91.89889526440487,
              32.00891113304243
            ],
            [
              -91.89859771741067,
              32.00231170731951
            ],
            [
              -91.89699554370935,
              32.00001144387306
            ],
            [
              -91.9012985227086,
              31.996612548830115
            ],
            [
              -91.90079498330181,
              31.993513107344086
            ],
            [
              -91.89769744927781,
              31.992712020943088
            ],
            [
              -91.89929962207987,
              31.989711761188858
            ],
            [
              -91.89859771741067,
              31.987512588735058
            ],
            [
              -91.8927001945583,
              31.98221206733308
            ],
            [
              -91.8897933959484,
              31.971311569173622
            ],
            [
              -91.90369415296277,
              31.971511840998687
            ],
            [
              -91.9043960567326,
              31.927513123232075
            ],
            [
              -92.00009918213152,
              31.92751121487072
            ],
            [
              -92.00459289744424,
              31.92731285140701
            ],
            [
              -92.00549316377845,
              31.924312591652836
            ],
            [
              -92.00589752235271,
              31.799312591902662
            ],
            [
              -92.00819396997571,
              31.789512633701122
            ],
            [
              -92.00849914591879,
              31.75951194811796
            ],
            [
              -92.00739288357465,
              31.395912169710925
            ],
            [
              -92.00839996328762,
              31.325912475980033
            ],
            [
              -92.02219390872187,
              31.33061218280602
            ],
            [
              -92.02349853542904,
              31.34111213731535
            ],
            [
              -92.02700042712797,
              31.343412398963096
            ],
            [
              -92.03099823018414,
              31.343711853419336
            ],
            [
              -92.03879547103412,
              31.341812133623137
            ],
            [
              -92.04149627723137,
              31.336112976033064
            ],
            [
              -92.05130004855835,
              31.336011886839174
            ],
            [
              -92.06849670395968,
              31.327611923051847
            ],
            [
              -92.07499694795075,
              31.32691192584474
            ],
            [
              -92.08089446990385,
              31.324012756183777
            ],
            [
              -92.08049774207711,
              31.32971191377385
            ],
            [
              -92.08359527610105,
              31.33151245093893
            ],
            [
              -92.0848999019089,
              31.334812164250025
            ],
            [
              -92.08799743683221,
              31.336112976033064
            ],
            [
              -92.08639527032545,
              31.339012134902134
            ],
            [
              -92.08199310329906,
              31.338911057399457
            ],
            [
              -92.07269287137888,
              31.34321212803735
            ],
            [
              -92.07549285930799,
              31.34841156024538
            ],
            [
              -92.07859802228086,
              31.347511292112472
            ],
            [
              -92.07939910958123,
              31.35101318381146
            ],
            [
              -92.07609558134595,
              31.352611541689328
            ],
            [
              -92.07740020805312,
              31.35601234419437
            ],
            [
              -92.080795288172,
              31.35591125500048
            ],
            [
              -92.08249664270585,
              31.35841178937261
            ],
            [
              -92.0836944578329,
              31.365011215095535
            ],
            [
              -92.08580017094113,
              31.36641120861043
            ],
            [
              -92.09099578912435,
              31.36581230239591
            ],
            [
              -92.09369659442228,
              31.367511748568404
            ],
            [
              -92.09609985542397,
              31.37291336096291
            ],
            [
              -92.10289764371123,
              31.376811981387903
            ],
            [
              -92.10959625206533,
              31.373012542694767
            ],
            [
              -92.11489868182866,
              31.375911713254993
            ],
            [
              -92.12049865678756,
              31.379812241142076
            ],
            [
              -92.11649322478246,
              31.386112213308024
            ],
            [
              -92.12729644777284,
              31.388511657587003
            ],
            [
              -92.1353988645659,
              31.397512435950205
            ],
            [
              -92.14929962158021,
              31.406412125119516
            ],
            [
              -92.15089416543333,
              31.41551208521463
            ],
            [
              -92.15749359115625,
              31.423011779969727
            ],
            [
              -92.16119384811753,
              31.433612822773625
            ],
            [
              -92.15999603299048,
              31.439712524013828
            ],
            [
              -92.15519714443263,
              31.446212768904218
            ],
            [
              -92.15529632616449,
              31.44991302496618
            ],
            [
              -92.15699768159772,
              31.452112198319355
            ],
            [
              -92.1672973633826,
              31.455711365187426
            ],
            [
              -92.16879272640318,
              31.458511353116478
            ],
            [
              -92.16049957329665,
              31.46651267981639
            ],
            [
              -92.16399383514732,
              31.47181320211763
            ],
            [
              -92.17079925508153,
              31.469512938671244
            ],
            [
              -92.17509460423258,
              31.470312119408845
            ],
            [
              -92.1791992188688,
              31.474712371778594
            ],
            [
              -92.18269348071954,
              31.47481155440977
            ],
            [
              -92.18399810832602,
              31.470611572066446
            ],
            [
              -92.18719482408181,
              31.46811294605567
            ],
            [
              -92.19049835231709,
              31.46921157765223
            ],
            [
              -92.19619750990711,
              31.477912903357833
            ],
            [
              -92.27959442124552,
              31.461412430239534
            ],
            [
              -92.30339813221798,
              31.45871162404228
            ],
            [
              -92.63179779103518,
              31.39081192013407
            ],
            [
              -92.63719940342969,
              31.393112182681136
            ],
            [
              -92.65249633813545,
              31.388212204030026
            ],
            [
              -92.65789794873132,
              31.38801193220496
            ],
            [
              -92.66549682611759,
              31.39271163903095
            ],
            [
              -92.66919708307887,
              31.405111313336477
            ],
            [
              -92.67179870574563,
              31.403911590747384
            ],
            [
              -92.67589569143297,
              31.397211074931192
            ],
            [
              -92.67959594659561,
              31.39611244243531
            ],
            [
              -92.68969726581611,
              31.398412704083057
            ],
            [
              -92.69539642340618,
              31.402711868158235
            ],
            [
              -92.69519805904315,
              31.40631294338766
            ],
            [
              -92.69269561810825,
              31.408512114942198
            ],
            [
              -92.67739868340249,
              31.415712357039695
            ],
            [
              -92.67879486109393,
              31.41791153039287
            ],
            [
              -92.69049835221716,
              31.4220123292057
            ],
            [
              -92.69419860827912,
              31.426912307856753
            ],
            [
              -92.69349670540856,
              31.43031120289976
            ],
            [
              -92.68319702092572,
              31.439811706645003
            ],
            [
              -92.68039703389599,
              31.445112228046924
            ],
            [
              -92.68179321338607,
              31.447612762419112
            ],
            [
              -92.68429565432098,
              31.447912215976032
            ],
            [
              -92.69649505590206,
              31.44451141437031
            ],
            [
              -92.70509338405242,
              31.448812485008204
            ],
            [
              -92.70669555685441,
              31.45391273458506
            ],
            [
              -92.70709991542873,
              31.469812393127484
            ],
            [
              -92.70529937736433,
              31.471612930292565
            ],
            [
              -92.69319915841442,
              31.471311569273553
            ],
            [
              -92.69069671658019,
              31.473911285377596
            ],
            [
              -92.69809722870411,
              31.479612350429704
            ],
            [
              -92.69919586209932,
              31.48971176128879
            ],
            [
              -92.69329834014627,
              31.49311256379383
            ],
            [
              -92.68459320131512,
              31.492712021042962
            ],
            [
              -92.68259429888775,
              31.494411469014153
            ],
            [
              -92.68280029309904,
              31.497911453250993
            ],
            [
              -92.68659973089285,
              31.500612259448246
            ],
            [
              -92.69019317627402,
              31.49991226224114
            ],
            [
              -92.69449615527333,
              31.49551200897207
            ],
            [
              -92.70079803490137,
              31.494112014557857
            ],
            [
              -92.71039581291637,
              31.502613068438393
            ],
            [
              -92.7184982297095,
              31.51831245425643
            ],
            [
              -92.76159668024258,
              31.486513138070904
            ],
            [
              -92.7630996704134,
              31.476612090675474
            ],
            [
              -92.77849579044835,
              31.47701263432566
            ],
            [
              -92.77919769331885,
              31.47051239033459
            ],
            [
              -92.78759765620686,
              31.4693126677455
            ],
            [
              -92.78759765620686,
              31.46281242375443
            ],
            [
              -92.79599761999413,
              31.462312698372386
            ],
            [
              -92.79599761999413,
              31.455812454381316
            ],
            [
              -92.8135986330704,
              31.455312728999274
            ],
            [
              -92.81319427539546,
              31.441312790253107
            ],
            [
              -92.82969665507653,
              31.441312790253107
            ],
            [
              -92.83039855974567,
              31.43381309459869
            ],
            [
              -92.84549713098778,
              31.43381309459869
            ],
            [
              -92.84700012205798,
              31.41891288771967
            ],
            [
              -92.87159728958324,
              31.41831207314374
            ],
            [
              -92.87159728958324,
              31.404811858880237
            ],
            [
              -92.88849639888969,
              31.402412414601315
            ],
            [
              -92.88839721715783,
              31.389513015813066
            ],
            [
              -92.9134979249892,
              31.38811302229817
            ],
            [
              -92.913200377995,
              31.36821174577551
            ],
            [
              -92.9472961436021,
              31.367811203024644
            ],
            [
              -92.94709777833975,
              31.34671211227419
            ],
            [
              -92.98069763258962,
              31.346612929643015
            ],
            [
              -92.99169921904371,
              31.359912872081452
            ],
            [
              -93.03229522684319,
              31.360511780094612
            ],
            [
              -93.03229522684319,
              31.36431312624984
            ],
            [
              -93.38939666692261,
              31.364112854424718
            ],
            [
              -93.44269561840804,
              31.276712417644035
            ],
            [
              -93.52559661928854,
              31.277112961294165
            ],
            [
              -93.53509521557169,
              31.27561187678674
            ],
            [
              -93.5367965701056,
              31.268411635588564
            ],
            [
              -93.5352935790354,
              31.261611938040573
            ],
            [
              -93.53779602086962,
              31.259412765586717
            ],
            [
              -93.53839874290765,
              31.256311416638596
            ],
            [
              -93.53649902311139,
              31.252912520696327
            ],
            [
              -93.5429000853706,
              31.247612000193726
            ],
            [
              -93.54479980516686,
              31.24381256060127
            ],
            [
              -93.55539703394595,
              31.24071121165315
            ],
            [
              -93.55209350571067,
              31.23611259492037
            ],
            [
              -93.5506973271199,
              31.227912902958167
            ],
            [
              -93.54609680202577,
              31.229412079104236
            ],
            [
              -93.54179382302647,
              31.226812363000192
            ],
            [
              -93.54989623981959,
              31.21971130443319
            ],
            [
              -93.54909515431785,
              31.216812133872907
            ],
            [
              -93.55139923088979,
              31.215011596707882
            ],
            [
              -93.54899597258606,
              31.212812424254025
            ],
            [
              -93.54489898689872,
              31.203111648683716
            ],
            [
              -93.55239868255313,
              31.189611435319534
            ],
            [
              -93.55479431190793,
              31.187812804717225
            ],
            [
              -93.55289459211173,
              31.18591308582029
            ],
            [
              -93.57009887736126,
              31.177112579282152
            ],
            [
              -93.5792999284489,
              31.167512893805053
            ],
            [
              -93.58839416525848,
              31.165712356639972
            ],
            [
              -93.60059356683962,
              31.176912308356407
            ],
            [
              -93.91109466558629,
              31.158111571791665
            ],
            [
              -94.03359985424981,
              31.135313033969396
            ],
            [
              -94.03939819357174,
              31.133512496804315
            ],
            [
              -94.0386962889026,
              31.127511978195287
            ],
            [
              -94.04269409195877,
              31.119611739790003
            ],
            [
              -94.05699920844665,
              31.113012314067078
            ],
            [
              -94.06189727783709,
              31.113412856817945
            ],
            [
              -94.26069641091061,
              31.073411942107498
            ],
            [
              -94.4475936893972,
              31.03551292378245
            ],
            [
              -94.45899963442554,
              31.032112122176727
            ],
            [
              -94.46289825395121,
              31.033012390309636
            ],
            [
              -94.47159576383342,
              31.026512146318566
            ],
            [
              -94.48559570257959,
              31.031711577627277
            ],
            [
              -94.48539733911588,
              31.03751182620988
            ],
            [
              -94.49009704594187,
              31.04001235968269
            ],
            [
              -94.49069976797989,
              31.043712615744653
            ],
            [
              -94.49259948687677,
              31.044912338333802
            ],
            [
              -94.49549865743705,
              31.042612075786735
            ],
            [
              -94.5000991834305,
              31.04281234671248
            ],
            [
              -94.50549316417812,
              31.04531288108467
            ],
            [
              -94.50839996278802,
              31.043811798375827
            ],
            [
              -94.51819610606543,
              31.05131149313098
            ],
            [
              -94.52599334691541,
              31.051612854149937
            ],
            [
              -94.52749633798555,
              31.055212021018008
            ],
            [
              -94.53379821941223,
              31.055212021018008
            ],
            [
              -94.53639984117967,
              31.052812575839766
            ],
            [
              -94.54290008517074,
              31.05401229932818
            ],
            [
              -94.54809570335397,
              31.058212279872862
            ],
            [
              -94.54869842539199,
              31.054712295635966
            ],
            [
              -94.5522994997221,
              31.05461311300479
            ],
            [
              -94.56149292006216,
              31.059911727843996
            ],
            [
              -94.56229400556384,
              31.06291198669885
            ],
            [
              -94.56620025583709,
              31.064311981113065
            ],
            [
              -94.56809997743198,
              31.062112807759945
            ],
            [
              -94.57399749758639,
              31.06741142259915
            ],
            [
              -94.57939910908158,
              31.068811417013308
            ],
            [
              -94.58209991527883,
              31.067913055443228
            ],
            [
              -94.58279418920046,
              31.06571197462796
            ],
            [
              -94.58889770536479,
              31.06621170001
            ],
            [
              -94.59140014629969,
              31.06871223438219
            ],
            [
              -94.59219360375175,
              31.072313308712296
            ],
            [
              -94.59889984105479,
              31.069211959764175
            ],
            [
              -94.60509491000204,
              31.076313019230497
            ],
            [
              -94.61190032993625,
              31.0784130099525
            ],
            [
              -94.61079406759211,
              31.081512451438527
            ],
            [
              -94.61389923056498,
              31.08201217682057
            ],
            [
              -94.61509704659142,
              31.084611892924556
            ],
            [
              -94.62179565404614,
              31.086412430089638
            ],
            [
              -94.62969970737555,
              31.084012984911396
            ],
            [
              -94.6347961429276,
              31.089113235387572
            ],
            [
              -94.64019775442279,
              31.08731269822249
            ],
            [
              -94.6429977423519,
              31.088312148986518
            ],
            [
              -94.64709472713992,
              31.093311310268803
            ],
            [
              -94.64799499527277,
              31.098611831670723
            ],
            [
              -94.65009307943205,
              31.098711014301898
            ],
            [
              -94.65459442099569,
              31.094211578401655
            ],
            [
              -94.65709686282992,
              31.086212158264516
            ],
            [
              -94.66059875542817,
              31.085811614614386
            ],
            [
              -94.67059326216929,
              31.088611603442814
            ],
            [
              -94.67189788797714,
              31.090511322339694
            ],
            [
              -94.67099761984423,
              31.093612671287815
            ],
            [
              -94.67289733874117,
              31.09561157191655
            ],
            [
              -94.67529296899528,
              31.094211578401655
            ],
            [
              -94.68939971932156,
              31.09741210908163
            ],
            [
              -94.69209289656987,
              31.096012114667417
            ],
            [
              -94.69969940200576,
              31.09871292086467
            ],
            [
              -94.70319366475582,
              31.101612091424954
            ],
            [
              -94.70389556942496,
              31.099111557052765
            ],
            [
              -94.70599365178555,
              31.099811554259873
            ],
            [
              -94.70579528832184,
              31.102512359557807
            ],
            [
              -94.70849609541841,
              31.101411818700512
            ],
            [
              -94.7086944579828,
              31.104011535703876
            ],
            [
              -94.71069336041023,
              31.10571098277569
            ],
            [
              -94.71259307930711,
              31.104112624897766
            ],
            [
              -94.72290039094025,
              31.107412338208917
            ],
            [
              -94.73819732744465,
              31.104011535703876
            ],
            [
              -94.74519348099432,
              31.106613159269955
            ],
            [
              -94.7517929094152,
              31.106412888344153
            ],
            [
              -94.76419830340893,
              31.11431121838808
            ],
            [
              -94.77549740987752,
              31.11831282737512
            ],
            [
              -94.78199768084824,
              31.122911453101153
            ],
            [
              -94.7930984499335,
              31.12651252743126
            ],
            [
              -94.79719543472152,
              31.131511687814168
            ],
            [
              -94.80319976825467,
              31.131113051626073
            ],
            [
              -94.81179809640497,
              31.133712768629437
            ],
            [
              -94.81329345672759,
              31.13181304883318
            ],
            [
              -94.81599426292485,
              31.131811142270465
            ],
            [
              -94.81869506822278,
              31.13321113578536
            ],
            [
              -94.82309722895394,
              31.139411926219452
            ],
            [
              -94.82979583730798,
              31.139312743588277
            ],
            [
              -94.8317947388361,
              31.141712188766576
            ],
            [
              -94.84059906029836,
              31.143611907663455
            ],
            [
              -94.84459686335452,
              31.14901161169655
            ],
            [
              -94.85189819284727,
              31.14901161169655
            ],
            [
              -94.85589599590344,
              31.150711059667742
            ],
            [
              -94.8543930048333,
              31.154411315729703
            ],
            [
              -94.85009765658157,
              31.15551185568762
            ],
            [
              -94.84969329800725,
              31.15981292722489
            ],
            [
              -94.8538970952747,
              31.16701316842301
            ],
            [
              -94.8538970952747,
              31.173011779570004
            ],
            [
              -94.85079956125071,
              31.17181205698091
            ],
            [
              -94.85379791444217,
              31.188911438112427
            ],
            [
              -94.85769653306852,
              31.191211699760174
            ],
            [
              -94.85919952413872,
              31.19881248460854
            ],
            [
              -94.86579894986158,
              31.21011161805677
            ],
            [
              -94.86269378688871,
              31.212211608778773
            ],
            [
              -94.86399841359588,
              31.21581268310888
            ],
            [
              -94.86209869379962,
              31.219011307226083
            ],
            [
              -94.85889434819558,
              31.221111297948084
            ],
            [
              -94.86269378688871,
              31.223611832320273
            ],
            [
              -94.86439514232194,
              31.232212067033345
            ],
            [
              -94.86190033033591,
              31.232511519690945
            ],
            [
              -94.86069488536066,
              31.23481178313733
            ],
            [
              -94.86319732719488,
              31.235113144156344
            ],
            [
              -94.86619567858764,
              31.238111496448425
            ],
            [
              -94.86940002419175,
              31.24421310515072
            ],
            [
              -94.87229919385265,
              31.245012283190363
            ],
            [
              -94.875595093139,
              31.250011443573328
            ],
            [
              -94.87989807123898,
              31.24811172467639
            ],
            [
              -94.88259887743618,
              31.24931144726554
            ],
            [
              -94.88369750993212,
              31.25431251511054
            ],
            [
              -94.8891983031591,
              31.255413055068516
            ],
            [
              -94.89199829108821,
              31.25431251511054
            ],
            [
              -94.89719390927144,
              31.257911681978612
            ],
            [
              -94.89809417740435,
              31.26141166711477
            ],
            [
              -94.89649963355123,
              31.26271247889781
            ],
            [
              -94.89689636227729,
              31.26511192317679
            ],
            [
              -94.89099884032419,
              31.27031135628414
            ],
            [
              -94.88779449472014,
              31.27691268856978
            ],
            [
              -94.88430023197009,
              31.27751159658294
            ],
            [
              -94.87699890157802,
              31.283111572441157
            ],
            [
              -94.87759399376779,
              31.28521156316316
            ],
            [
              -94.87949371356399,
              31.288711548299375
            ],
            [
              -94.88339996293792,
              31.287912369360413
            ],
            [
              -94.88430023197009,
              31.29221153343559
            ],
            [
              -94.8871002198992,
              31.29511260965927
            ],
            [
              -94.88839721675811,
              31.292411804361336
            ],
            [
              -94.89039611828622,
              31.294712066908403
            ],
            [
              -94.89319610621527,
              31.292112349905096
            ],
            [
              -94.90089416533345,
              31.313211440655493
            ],
            [
              -94.89749908431526,
              31.31981277473983
            ],
            [
              -94.89809417740435,
              31.324012756183777
            ],
            [
              -94.89939880411146,
              31.327211380301037
            ],
            [
              -94.90989685115869,
              31.336412429589984
            ],
            [
              -94.91790008532064,
              31.339311600150268
            ],
            [
              -94.91699981718779,
              31.33651161222116
            ],
            [
              -94.92630004910797,
              31.339712142901135
            ],
            [
              -94.93280029309904,
              31.339813232095025
            ],
            [
              -94.93959808318493,
              31.342811584387164
            ],
            [
              -94.94459533700518,
              31.338712692137108
            ],
            [
              -94.94609832807532,
              31.340612411033987
            ],
            [
              -94.94739532493423,
              31.33861160294316
            ],
            [
              -94.9577941893503,
              31.344112396170203
            ],
            [
              -94.9558944695541,
              31.345312118759352
            ],
            [
              -94.95599365218527,
              31.35001182558534
            ],
            [
              -94.96019744855334,
              31.34911155655317
            ],
            [
              -94.9597930908784,
              31.353412628090382
            ],
            [
              -94.95179748476608,
              31.358512877667238
            ],
            [
              -94.95489502058871,
              31.36251258908476
            ],
            [
              -94.95789337198147,
              31.36301231356748
            ],
            [
              -94.95869445838252,
              31.36581230239591
            ],
            [
              -94.95669555685441,
              31.367212295910804
            ],
            [
              -94.95689392121744,
              31.378911972109904
            ],
            [
              -94.95489502058871,
              31.38071250927493
            ],
            [
              -94.94989776586914,
              31.380411148255916
            ],
            [
              -94.96009826682155,
              31.389411925719855
            ],
            [
              -94.96609497140577,
              31.391412734710002
            ],
            [
              -94.96509551974242,
              31.394611358827206
            ],
            [
              -94.96629333486948,
              31.397012710568163
            ],
            [
              -94.97769927989782,
              31.40011215205425
            ],
            [
              -94.97609710709577,
              31.402112961044395
            ],
            [
              -94.97659301755368,
              31.405012130705302
            ],
            [
              -94.97929382285162,
              31.405511856087344
            ],
            [
              -94.97659301755368,
              31.408212662284598
            ],
            [
              -94.98579406684269,
              31.41431236262548
            ],
            [
              -94.9936981201721,
              31.414812088007523
            ],
            [
              -94.99389648543439,
              31.417812346862377
            ],
            [
              -94.99669647156486,
              31.41761207593663
            ],
            [
              -94.99909973076791,
              31.420211792040618
            ],
            [
              -94.99989318822003,
              31.41791153039287
            ],
            [
              -95.00519561798336,
              31.421312331998593
            ],
            [
              -95.00339508081828,
              31.426511765105943
            ],
            [
              -95.00729370124327,
              31.43281173727189
            ],
            [
              -95.01149749941004,
              31.436212539776932
            ],
            [
              -95.0110931399364,
              31.438312531398253
            ],
            [
              -95.0047988892573,
              31.441411971984962
            ],
            [
              -95.00629424957992,
              31.44391250635715
            ],
            [
              -95.01629638706856,
              31.446111678811008
            ],
            [
              -95.02369689919249,
              31.442811966399177
            ],
            [
              -95.03029632581473,
              31.444812775389323
            ],
            [
              -95.03529357873566,
              31.44421195991407
            ],
            [
              -95.03839874440649,
              31.446212768904218
            ],
            [
              -95.04509735096195,
              31.445611954328285
            ],
            [
              -95.05130004885814,
              31.452911377258317
            ],
            [
              -95.0524978639852,
              31.4590110775992
            ],
            [
              -95.0591964723393,
              31.466911316004484
            ],
            [
              -95.06529998940294,
              31.471212386642378
            ],
            [
              -95.06759643612656,
              31.469711303933593
            ],
            [
              -95.06739807086421,
              31.46651267981639
            ],
            [
              -95.07279968325872,
              31.46401214634352
            ],
            [
              -95.07399749838578,
              31.466411590622442
            ],
            [
              -95.08129882787858,
              31.4693126677455
            ],
            [
              -95.08849334758986,
              31.466213226259413
            ],
            [
              -95.0921936045512,
              31.468511581344444
            ],
            [
              -95.10029602134426,
              31.46861267143771
            ],
            [
              -95.10109710684594,
              31.471212386642378
            ],
            [
              -95.09929657058024,
              31.473512650088765
            ],
            [
              -95.10309600837405,
              31.475311278892434
            ],
            [
              -95.10359954778085,
              31.479412078604582
            ],
            [
              -95.10989379935933,
              31.48511314365669
            ],
            [
              -95.10929870627024,
              31.48871231142408
            ],
            [
              -95.10459899944425,
              31.494012832826
            ],
            [
              -95.09869384944159,
              31.494411469014153
            ],
            [
              -95.0939941408169,
              31.503711700034955
            ],
            [
              -95.09739685078398,
              31.504713058261075
            ],
            [
              -95.10049438480797,
              31.508712768779333
            ],
            [
              -95.0990982062172,
              31.515611648958497
            ],
            [
              -95.10039520307612,
              31.51901245056422
            ],
            [
              -95.10369873041202,
              31.522912979350565
            ],
            [
              -95.1091995254377,
              31.524112701040394
            ],
            [
              -95.10829925640553,
              31.526311874393514
            ],
            [
              -95.12039947535544,
              31.534111022705588
            ],
            [
              -95.1231002815527,
              31.534311295429973
            ],
            [
              -95.1238937381055,
              31.532112122076796
            ],
            [
              -95.12719726634072,
              31.53811263978656
            ],
            [
              -95.13719940203072,
              31.540611266696658
            ],
            [
              -95.14309692398382,
              31.539812087757696
            ],
            [
              -95.14519500724373,
              31.542312622129884
            ],
            [
              -95.1433944700787,
              31.543912888369164
            ],
            [
              -95.1473999020838,
              31.553911209135038
            ],
            [
              -95.13969421401674,
              31.56131172215828
            ],
            [
              -95.14039611778657,
              31.563312531148426
            ],
            [
              -95.14949798624303,
              31.564712523764
            ],
            [
              -95.15110015904509,
              31.566411971735135
            ],
            [
              -95.15049743700706,
              31.56961250331443
            ],
            [
              -95.15769958476801,
              31.571712494036433
            ],
            [
              -95.1732940673673,
              31.585212708299878
            ],
            [
              -95.17649841297134,
              31.584712982018573
            ],
            [
              -95.18190002356721,
              31.579912185998637
            ],
            [
              -95.18939971922163,
              31.578413009852568
            ],
            [
              -95.19369506837268,
              31.57401275568418
            ],
            [
              -95.20919799818904,
              31.571811675768288
            ],
            [
              -95.22599792486432,
              31.577211379801383
            ],
            [
              -95.23109436041636,
              31.573612212933313
            ],
            [
              -95.23779296877046,
              31.575912476379756
            ],
            [
              -95.25599670388476,
              31.57561302192346
            ],
            [
              -95.266494750932,
              31.58441162099956
            ],
            [
              -95.27019500699396,
              31.591112136815696
            ],
            [
              -95.27239990183398,
              31.59061241143371
            ],
            [
              -95.27419281005012,
              31.592912673980777
            ],
            [
              -95.27519988976309,
              31.59501266470278
            ],
            [
              -95.26999664442957,
              31.59581184364174
            ],
            [
              -95.26699829123811,
              31.60151290869385
            ],
            [
              -95.26249694787583,
              31.60341262759073
            ],
            [
              -95.25989532520907,
              31.609712600656053
            ],
            [
              -95.26529693580488,
              31.624511719240502
            ],
            [
              -95.27959442244463,
              31.625112533816434
            ],
            [
              -95.28739929224349,
              31.63261222767221
            ],
            [
              -95.28339386023845,
              31.632411956746466
            ],
            [
              -95.2818984990165,
              31.635511398232495
            ],
            [
              -95.2861938481675,
              31.64401245121371
            ],
            [
              -95.2857971194415,
              31.647012710967886
            ],
            [
              -95.28279876714936,
              31.646411896391953
            ],
            [
              -95.28389740144388,
              31.6487121580397
            ],
            [
              -95.28229522684319,
              31.651311874143744
            ],
            [
              -95.27969360417643,
              31.65211296144406
            ],
            [
              -95.27939605718228,
              31.654411315629773
            ],
            [
              -95.27629852315829,
              31.656312942888064
            ],
            [
              -95.27649688842064,
              31.65861320543513
            ],
            [
              -95.28519439740347,
              31.667711258068152
            ],
            [
              -95.28569793681032,
              31.670812607016273
            ],
            [
              -95.28299713241171,
              31.672412872356233
            ],
            [
              -95.28329467940591,
              31.675611495574117
            ],
            [
              -95.28979492159834,
              31.682811736772294
            ],
            [
              -95.3032989498866,
              31.688713073649467
            ],
            [
              -95.30429840244926,
              31.69031143242671
            ],
            [
              -95.30249786438492,
              31.693012237724645
            ],
            [
              -95.30799865671258,
              31.69441223123954
            ],
            [
              -95.3118972780369,
              31.697412490993713
            ],
            [
              -95.31159973104269,
              31.70581245388172
            ],
            [
              -95.32489776601903,
              31.704711913923745
            ],
            [
              -95.32789611831117,
              31.707511901852854
            ],
            [
              -95.32499694775089,
              31.71011161795684
            ],
            [
              -95.32759857221629,
              31.716112136565926
            ],
            [
              -95.33209991557862,
              31.71811103809398
            ],
            [
              -95.33349609416939,
              31.715511321989993
            ],
            [
              -95.33189392136734,
              31.71301269507984
            ],
            [
              -95.33469390929645,
              31.713111876811695
            ],
            [
              -95.34219360405154,
              31.71821212818719
            ],
            [
              -95.3414993292306,
              31.722612380556996
            ],
            [
              -95.33769989143678,
              31.723213196032248
            ],
            [
              -95.3359985351043,
              31.72681236290026
            ],
            [
              -95.33309936544333,
              31.72831153904633
            ],
            [
              -95.33439636230224,
              31.73391151400523
            ],
            [
              -95.34329986639568,
              31.734611511212336
            ],
            [
              -95.35329437313675,
              31.731012344344265
            ],
            [
              -95.35449981721274,
              31.72811317378398
            ],
            [
              -95.35999298059153,
              31.729011536253438
            ],
            [
              -95.36589813239289,
              31.727811812765026
            ],
            [
              -95.37129974388802,
              31.737213134778415
            ],
            [
              -95.36759948692674,
              31.73971176078919
            ],
            [
              -95.36509704599183,
              31.739511489863446
            ],
            [
              -95.3640975952278,
              31.736911773759402
            ],
            [
              -95.36169433602475,
              31.73881149265634
            ],
            [
              -95.35939788840182,
              31.74931144716561
            ],
            [
              -95.36259460415761,
              31.752012253362864
            ],
            [
              -95.37329864541613,
              31.752811432301826
            ],
            [
              -95.37719726584112,
              31.755411148405813
            ],
            [
              -95.38099670543357,
              31.75431251501061
            ],
            [
              -95.38499450759042,
              31.75801277197189
            ],
            [
              -95.39019775382326,
              31.75891113264271
            ],
            [
              -95.39429474040992,
              31.763412476004987
            ],
            [
              -95.39830017241496,
              31.761411667014897
            ],
            [
              -95.4017944342657,
              31.762111664222004
            ],
            [
              -95.39889526370541,
              31.766412734859898
            ],
            [
              -95.3967971804455,
              31.76571273765279
            ],
            [
              -95.39799499557256,
              31.773412704232953
            ],
            [
              -95.39449310297431,
              31.784812926875134
            ],
            [
              -95.3957977287821,
              31.793611525951235
            ],
            [
              -95.39909362806844,
              31.7967128748993
            ],
            [
              -95.39899444633659,
              31.800111770841625
            ],
            [
              -95.40359497143078,
              31.80191230800665
            ],
            [
              -95.40289306586226,
              31.8052120213178
            ],
            [
              -95.40459442129549,
              31.810312270894656
            ],
            [
              -95.4006958008705,
              31.814512253237922
            ],
            [
              -95.4011993411766,
              31.817712783917898
            ],
            [
              -95.40549469032766,
              31.822711945200183
            ],
            [
              -95.41199493431873,
              31.826011657611957
            ],
            [
              -95.4117965699557,
              31.832113266314252
            ],
            [
              -95.41339874275775,
              31.835311890431456
            ],
            [
              -95.41959381080568,
              31.83641243038943
            ],
            [
              -95.42499542230087,
              31.841312408141164
            ],
            [
              -95.43369293218302,
              31.84071159356523
            ],
            [
              -95.43769836418812,
              31.843112946205565
            ],
            [
              -95.4402999877542,
              31.84171295179135
            ],
            [
              -95.44639587407028,
              31.844211577802128
            ],
            [
              -95.44419860817919,
              31.845811844041407
            ],
            [
              -95.44479370126828,
              31.854312897022623
            ],
            [
              -95.44309997658263,
              31.860412598262826
            ],
            [
              -95.43499755889019,
              31.866912842253896
            ],
            [
              -95.43909454277889,
              31.87261199984397
            ],
            [
              -95.4372940074125,
              31.87501144412289
            ],
            [
              -95.43419647158987,
              31.874011993358863
            ],
            [
              -95.43159484892311,
              31.880611419981108
            ],
            [
              -95.432693481419,
              31.88981246927011
            ],
            [
              -95.43129730192891,
              31.89201164172391
            ],
            [
              -95.43589782702304,
              31.895111084109317
            ],
            [
              -95.43709564215015,
              31.90131187364409
            ],
            [
              -95.43049621642723,
              31.90221214267632
            ],
            [
              -95.43009948680185,
              31.913412094392697
            ],
            [
              -95.42630004900803,
              31.917011261260768
            ],
            [
              -95.42249298136596,
              31.924612045209756
            ],
            [
              -95.42049407983785,
              31.925411224148718
            ],
            [
              -95.42309570340393,
              31.927412033138864
            ],
            [
              -95.42399597243616,
              31.93101310656965
            ],
            [
              -95.43299865736213,
              31.9343128198808
            ],
            [
              -95.4413986211494,
              31.941911697267074
            ],
            [
              -95.44619750970725,
              31.947212218668994
            ],
            [
              -95.4532928467874,
              31.96091270385824
            ],
            [
              -95.4504928588583,
              31.96371269178735
            ],
            [
              -95.44829559296721,
              31.962312698272456
            ],
            [
              -95.44509887721136,
              31.963512420861605
            ],
            [
              -95.4455947885686,
              31.968011855862528
            ],
            [
              -95.4496002205737,
              31.968711853069635
            ],
            [
              -95.4519958499285,
              31.976612090575543
            ],
            [
              -95.44839477559839,
              31.98531150791979
            ],
            [
              -95.45019531276341,
              31.98661231970283
            ],
            [
              -95.44909668026753,
              31.99201202373598
            ],
            [
              -95.441894530708,
              32.003112792821184
            ],
            [
              -95.43819427644468,
              32.00351333557205
            ],
            [
              -95.43349456781999,
              32.008510590291564
            ],
            [
              -95.43009948680185,
              32.00711059587735
            ],
            [
              -95.42519378756322,
              32.018012999700204
            ],
            [
              -95.42549896170766,
              32.02141189564253
            ],
            [
              -95.43159484892311,
              32.029712676798624
            ],
            [
              -95.43819427644468,
              32.03251266472773
            ],
            [
              -95.43789672855115,
              32.035614013675854
            ],
            [
              -95.43489837625901,
              32.03981399511986
            ],
            [
              -95.42659759510292,
              32.039913176851655
            ],
            [
              -95.42309570340393,
              32.04201126101094
            ],
            [
              -95.42199707000873,
              32.04721069321897
            ],
            [
              -95.42779541022998,
              32.051212311199265
            ],
            [
              -95.43009948680185,
              32.05041122389889
            ],
            [
              -95.43529510498507,
              32.05341339111516
            ],
            [
              -95.43669891432342,
              32.05711364717712
            ],
            [
              -95.43249511705596,
              32.060310363832286
            ],
            [
              -95.43829345727721,
              32.06581115705933
            ],
            [
              -95.43749999982509,
              32.068714141644364
            ],
            [
              -95.43219757096108,
              32.07151412957347
            ],
            [
              -95.42939758303197,
              32.076511383393665
            ],
            [
              -95.42619323742792,
              32.07701110787639
            ],
            [
              -95.42389678980499,
              32.08321380577257
            ],
            [
              -95.4284973139998,
              32.08551406921896
            ],
            [
              -95.43199920659805,
              32.09421157820185
            ],
            [
              -95.44049835211723,
              32.09651184074892
            ],
            [
              -95.4429931641032,
              32.10231018097011
            ],
            [
              -95.44719695957201,
              32.1069107060643
            ],
            [
              -95.45009613013224,
              32.10741043144628
            ],
            [
              -95.45699310284937,
              32.11321258479302
            ],
            [
              -95.45939636205242,
              32.12161254858029
            ],
            [
              -95.46129608184867,
              32.123512268376544
            ],
            [
              -95.46089935312261,
              32.1347122191936
            ],
            [
              -95.46229553171338,
              32.13771057058642
            ],
            [
              -95.47049713113768,
              32.143913269381926
            ],
            [
              -95.47769927979789,
              32.14621353102967
            ],
            [
              -95.47959899959415,
              32.151210784849866
            ],
            [
              -95.4781951902558,
              32.15951156600602
            ],
            [
              -95.47039794940582,
              32.17081069855493
            ],
            [
              -95.47019958504279,
              32.17821121157823
            ],
            [
              -95.46839904787771,
              32.180011748743254
            ],
            [
              -95.46299743728184,
              32.18061065675647
            ],
            [
              -95.46199798741713,
              32.183311462054405
            ],
            [
              -95.46749877884554,
              32.1874122617665
            ],
            [
              -95.46579742431163,
              32.19261169397453
            ],
            [
              -95.46379852278358,
              32.194110870120596
            ],
            [
              -95.46329498337673,
              32.201511383143895
            ],
            [
              -95.46920013427876,
              32.20511245657468
            ],
            [
              -95.47010040331094,
              32.21091079679587
            ],
            [
              -95.47869873056192,
              32.21281051569281
            ],
            [
              -95.48029327441503,
              32.21571350117716
            ],
            [
              -95.47899627755612,
              32.21731185905509
            ],
            [
              -95.48589325027325,
              32.224811553810184
            ],
            [
              -95.48789977985092,
              32.23551178014458
            ],
            [
              -95.48249816925505,
              32.237213134678484
            ],
            [
              -95.48269653271876,
              32.24041366625772
            ],
            [
              -95.48059845035817,
              32.24181365977262
            ],
            [
              -95.46809387193463,
              32.24691391024879
            ],
            [
              -95.4697952273678,
              32.260810852339034
            ],
            [
              -95.4570999153288,
              32.27371215769
            ],
            [
              -95.45189666729732,
              32.28711319022159
            ],
            [
              -95.45179748556546,
              32.29161071776048
            ],
            [
              -95.45029449539459,
              32.29471206670854
            ],
            [
              -95.44709777784016,
              32.29641342214177
            ],
            [
              -95.45379638709358,
              32.307212830208016
            ],
            [
              -95.45469665522643,
              32.31071090698282
            ],
            [
              -95.4513931269912,
              32.31421279868175
            ],
            [
              -95.45539855989557,
              32.31781387301186
            ],
            [
              -95.45389556882543,
              32.31931304915793
            ],
            [
              -95.45759582488739,
              32.32911300735947
            ],
            [
              -95.45359802183123,
              32.333812714185456
            ],
            [
              -95.45439910913154,
              32.3442115777022
            ],
            [
              -95.44849395822956,
              32.34751129191267
            ],
            [
              -95.44849395822956,
              32.35251235975767
            ],
            [
              -95.45039367712644,
              32.3603134164311
            ],
            [
              -95.4572982787925,
              32.36811065728108
            ],
            [
              -95.4639968871466,
              32.36641311587266
            ],
            [
              -95.47119903580682,
              32.369312286432944
            ],
            [
              -95.48519897455299,
              32.38461303696215
            ],
            [
              -95.49299621630229,
              32.38891220103727
            ],
            [
              -95.49689483582796,
              32.397010802906266
            ],
            [
              -95.5016937261845,
              32.40201187075127
            ],
            [
              -95.50109863309541,
              32.40711212212676
            ],
            [
              -95.50609588601628,
              32.41471099861377
            ],
            [
              -95.52469634985664,
              32.42211151073769
            ],
            [
              -95.53069305444086,
              32.42961120639211
            ],
            [
              -95.54019928057232,
              32.43501281698798
            ],
            [
              -95.54199981683803,
              32.43951034542613
            ],
            [
              -95.55199432357915,
              32.44931030272835
            ],
            [
              -95.55329895028626,
              32.45301055879031
            ],
            [
              -95.56099700940445,
              32.45581054671942
            ],
            [
              -95.56359863297052,
              32.458911895667484
            ],
            [
              -95.57289886489065,
              32.462013244615605
            ],
            [
              -95.5942993157608,
              32.47981262205491
            ],
            [
              -95.59449768102314,
              32.67741394000137
            ],
            [
              -95.59339904942658,
              32.68401336662362
            ],
            [
              -95.594596862755,
              32.69311142015596
            ],
            [
              -95.5998992934176,
              32.694812774689865
            ],
            [
              -95.6007995615505,
              32.696910857949774
            ],
            [
              -95.60379791294326,
              32.696712493586745
            ],
            [
              -95.60529327416526,
              32.70461273199203
            ],
            [
              -95.61209869409942,
              32.70511245737407
            ],
            [
              -95.62109375007645,
              32.70941162144925
            ],
            [
              -95.62409973131753,
              32.70851135331634
            ],
            [
              -95.62709808271029,
              32.709712981568885
            ],
            [
              -95.62699890097844,
              32.713611602893195
            ],
            [
              -95.62949371296446,
              32.716712951841316
            ],
            [
              -95.63459777836476,
              32.716911316204346
            ],
            [
              -95.6653976437862,
              32.96041107171362
            ],
            [
              -95.30899810837599,
              32.96261214443496
            ],
            [
              -95.30759429903765,
              33.290813446083746
            ],
            [
              -95.30989837740816,
              33.37461090107229
            ],
            [
              -95.30759429903765,
              33.378711699885116
            ],
            [
              -95.31060028117798,
              33.52841186471585
            ],
            [
              -95.3102951052349,
              33.87961196881736
            ],
            [
              -95.29489898699859,
              33.87251281681307
            ],
            [
              -95.28139495781102,
              33.87641143813744
            ],
            [
              -95.27969360417643,
              33.88281250039665
            ],
            [
              -95.28529357913533,
              33.90091323885497
            ],
            [
              -95.2806930540412,
              33.90801238995988
            ],
            [
              -95.27409362831827,
              33.91231155403506
            ],
            [
              -95.27109527602613,
              33.912513733322214
            ],
            [
              -95.26779937673979,
              33.90751266457784
            ],
            [
              -95.26719665560114,
              33.89961242707193
            ],
            [
              -95.2689971918669,
              33.891010283997446
            ],
            [
              -95.26749420259534,
              33.8870124818406
            ],
            [
              -95.26359558127103,
              33.88641357382744
            ],
            [
              -95.25549316357859,
              33.8920135496856
            ],
            [
              -95.25039672892586,
              33.90131378160578
            ],
            [
              -95.24819946303478,
              33.91231155403506
            ],
            [
              -95.24909973116763,
              33.920112609809166
            ],
            [
              -95.25370025626177,
              33.9308128361435
            ],
            [
              -95.2522964478228,
              33.93461227393732
            ],
            [
              -95.24169921904371,
              33.9439125058575
            ],
            [
              -95.2348937991095,
              33.946910858149636
            ],
            [
              -95.23219299291225,
              33.95121383714894
            ],
            [
              -95.23079680442896,
              33.960411076909736
            ],
            [
              -95.22769928029749,
              33.96161270066568
            ],
            [
              -95.21969604523628,
              33.96161270066568
            ],
            [
              -95.21019744895307,
              33.957511901852854
            ],
            [
              -95.18539428721652,
              33.950813292599435
            ],
            [
              -95.16219329828203,
              33.938011168980324
            ],
            [
              -95.15569305429096,
              33.93681335385327
            ],
            [
              -95.15649414159134,
              34.15011215195432
            ],
            [
              -95.15639495806084,
              34.156112670563346
            ],
            [
              -95.1520996089098,
              34.1570129386962
            ],
            [
              -95.15129852340812,
              34.243213653787166
            ],
            [
              -95.06019592310332,
              34.24361038161385
            ],
            [
              -95.04660034203215,
              34.24491119429621
            ],
            [
              -95.04669952376395,
              34.507213592933
            ],
            [
              -94.46119692190041,
              34.50821211020076
            ]
          ]
        ]
      }
    }
  ],
  "metadata": {
    "schema_version": "0.1.0",
    "wfo": "SHV",
    "layer": "cwa",
    "source": "https://www.weather.gov/source/gis/Shapefiles/WSOM/w_16ap26.zip",
    "public_release_status": "public-source-derived"
  }
}