{
  "type": "FeatureCollection",
  "name": "counties_parishes",
  "crs": {
    "type": "name",
    "properties": {
      "name": "urn:ogc:def:crs:OGC:1.3:CRS84"
    }
  },
  "features": [
    {
      "type": "Feature",
      "properties": {
        "STATE": "HI",
        "CWA": "HFO",
        "COUNTYNAME": "Niihau in Kauai",
        "FIPS": "15007",
        "TIME_ZONE": "H"
      },
      "geometry": {
        "type": "MultiPolygon",
        "coordinates": [
          [
            [
              [
                -160.08877509924417,
                22.002577115591794
              ],
              [
                -160.0856165293274,
                21.996853161291526
              ],
              [
                -160.0751642560647,
                21.99685506866193
              ],
              [
                -160.07173098437318,
                21.998127069097194
              ],
              [
                -160.0703862791758,
                22.000432653713602
              ],
              [
                -160.06488098284098,
                21.996921069042013
              ],
              [
                -160.06098098198424,
                21.99661806910516
              ],
              [
                -160.06103461491222,
                21.994560528595596
              ],
              [
                -160.05811898430073,
                21.995048067819
              ],
              [
                -160.05175833561324,
                21.987414364160387
              ],
              [
                -160.0494279788293,
                21.98053606554563
              ],
              [
                -160.05017035385356,
                21.977175041690124
              ],
              [
                -160.05377197953663,
                21.9747940639755
              ],
              [
                -160.0579832443993,
                21.97358518652849
              ],
              [
                -160.05912726471374,
                21.97522954489377
              ],
              [
                -160.0615076362151,
                21.974886221724933
              ],
              [
                -160.0643915476223,
                21.969539922304172
              ],
              [
                -160.06813898232375,
                21.96683606150477
              ],
              [
                -160.07046454643108,
                21.95708111801628
              ],
              [
                -160.0758356413877,
                21.952007569575144
              ],
              [
                -160.0815729468103,
                21.931816371392664
              ],
              [
                -160.08314498381435,
                21.923525050292454
              ],
              [
                -160.08038698279222,
                21.913025047800353
              ],
              [
                -160.0732659807295,
                21.900128044871025
              ],
              [
                -160.07354682052716,
                21.89362361325719
              ],
              [
                -160.08090698204606,
                21.891810042550695
              ],
              [
                -160.08697455713735,
                21.88634135398851
              ],
              [
                -160.0892159836792,
                21.887750041256893
              ],
              [
                -160.09511198471375,
                21.88179803958165
              ],
              [
                -160.09915107364992,
                21.88334490782073
              ],
              [
                -160.1070725050652,
                21.875981578726307
              ],
              [
                -160.11037898789024,
                21.8787000382799
              ],
              [
                -160.11894063755034,
                21.87397291381281
              ],
              [
                -160.12347088952572,
                21.873869414627595
              ],
              [
                -160.12692599136386,
                21.87611903706023
              ],
              [
                -160.12870735359303,
                21.8722651160475
              ],
              [
                -160.13173699226445,
                21.872670036040446
              ],
              [
                -160.13944561881686,
                21.86984844807315
              ],
              [
                -160.14157499433733,
                21.871334035364157
              ],
              [
                -160.15905709172233,
                21.861603033349233
              ],
              [
                -160.16637583293,
                21.852362235813942
              ],
              [
                -160.16694699887435,
                21.847939028703994
              ],
              [
                -160.172231999848,
                21.84377802749234
              ],
              [
                -160.17380199987477,
                21.83605602553447
              ],
              [
                -160.17626800038212,
                21.835426025292296
              ],
              [
                -160.1872180020958,
                21.819305020934852
              ],
              [
                -160.1872552999808,
                21.816261993183975
              ],
              [
                -160.19403024098182,
                21.804823157127665
              ],
              [
                -160.1922160024441,
                21.80121301630241
              ],
              [
                -160.19889779564707,
                21.79526924460309
              ],
              [
                -160.20125000395322,
                21.790273013289756
              ],
              [
                -160.2026514580796,
                21.78590797516547
              ],
              [
                -160.19786300294155,
                21.78333401170024
              ],
              [
                -160.20261200369444,
                21.776580009869768
              ],
              [
                -160.20559640440362,
                21.778183211159476
              ],
              [
                -160.20722909591075,
                21.7820112610446
              ],
              [
                -160.20867537615007,
                21.780204005548605
              ],
              [
                -160.21548021463585,
                21.780610258408874
              ],
              [
                -160.222946008567,
                21.788508012090432
              ],
              [
                -160.22691700945026,
                21.789149012108208
              ],
              [
                -160.229780296006,
                21.78760250962645
              ],
              [
                -160.2338251709478,
                21.78929733390111
              ],
              [
                -160.23220773971894,
                21.792272798690767
              ],
              [
                -160.2332605960738,
                21.79542564642994
              ],
              [
                -160.23633701192648,
                21.800082014467886
              ],
              [
                -160.243590398603,
                21.80281034388359
              ],
              [
                -160.24136301329068,
                21.806975015987685
              ],
              [
                -160.243710013959,
                21.810965016887227
              ],
              [
                -160.2470392857198,
                21.81200051002461
              ],
              [
                -160.24645945306634,
                21.823641060911363
              ],
              [
                -160.24392101473057,
                21.828878021290674
              ],
              [
                -160.2460322063172,
                21.832102062009973
              ],
              [
                -160.24433848114316,
                21.836828473233744
              ],
              [
                -160.24735972184857,
                21.838133099448143
              ],
              [
                -160.2459650157783,
                21.843825024899193
              ],
              [
                -160.2410990148536,
                21.846934025836962
              ],
              [
                -160.23427901376937,
                21.856513028437384
              ],
              [
                -160.23243662361273,
                21.86245561596624
              ],
              [
                -160.23387095105122,
                21.865623722695847
              ],
              [
                -160.23301666616084,
                21.872863862509423
              ],
              [
                -160.22974701357595,
                21.8758540333617
              ],
              [
                -160.2295527128023,
                21.8824560789949
              ],
              [
                -160.2262350132769,
                21.887163036271918
              ],
              [
                -160.22300601260397,
                21.887772036536287
              ],
              [
                -160.2112574214018,
                21.896049755991665
              ],
              [
                -160.2014450086771,
                21.90578804173856
              ],
              [
                -160.20014902153886,
                21.909277222644196
              ],
              [
                -160.1885500063991,
                21.91831204528141
              ],
              [
                -160.18746896533693,
                21.922529484359067
              ],
              [
                -160.17875800450855,
                21.9238790470002
              ],
              [
                -160.16566415088283,
                21.92892864170835
              ],
              [
                -160.16279549854602,
                21.935900002528353
              ],
              [
                -160.153151941534,
                21.937706263314983
              ],
              [
                -160.135863730073,
                21.944549831613994
              ],
              [
                -160.12473799398387,
                21.95236305593418
              ],
              [
                -160.1199488102244,
                21.959167755781582
              ],
              [
                -160.11828560214914,
                21.966165819566147
              ],
              [
                -160.1138419924589,
                21.972833061367684
              ],
              [
                -160.1148820677897,
                21.97543127197161
              ],
              [
                -160.11356399269218,
                21.98004306315568
              ],
              [
                -160.11480499302544,
                21.981633063503903
              ],
              [
                -160.11017999215093,
                21.984738064433483
              ],
              [
                -160.1115259585694,
                21.987861916156284
              ],
              [
                -160.11018199245115,
                21.992100066249215
              ],
              [
                -160.1070551327775,
                21.992176340378773
              ],
              [
                -160.10410922426325,
                21.99520535223027
              ],
              [
                -160.0998529902861,
                21.993833067042512
              ],
              [
                -160.09388679517832,
                21.998342800366196
              ],
              [
                -160.09240682401858,
                22.00228706039157
              ],
              [
                -160.08877509924417,
                22.002577115591794
              ]
            ]
          ],
          [
            [
              [
                -160.0969690716903,
                22.019075685371643
              ],
              [
                -160.09364265498326,
                22.019396119568608
              ],
              [
                -160.09113984463085,
                22.024043423803818
              ],
              [
                -160.08785957280264,
                22.02114897420598
              ],
              [
                -160.0889734648842,
                22.017233186200436
              ],
              [
                -160.09340661269235,
                22.013513416125676
              ],
              [
                -160.09774726957988,
                22.012234023656227
              ],
              [
                -160.1028579917414,
                22.013587071808875
              ],
              [
                -160.10212199197093,
                22.023123074187446
              ],
              [
                -160.10054599174848,
                22.02603407496147
              ],
              [
                -160.10006660646926,
                22.021732621917295
              ],
              [
                -160.0969690716903,
                22.019075685371643
              ]
            ]
          ]
        ]
      }
    },
    {
      "type": "Feature",
      "properties": {
        "STATE": "HI",
        "CWA": "HFO",
        "COUNTYNAME": "Kauai in Kauai",
        "FIPS": "15007",
        "TIME_ZONE": "H"
      },
      "geometry": {
        "type": "Polygon",
        "coordinates": [
          [
            [
              -159.40229588341893,
              22.23288462367384
            ],
            [
              -159.40132073607145,
              22.22953070187607
            ],
            [
              -159.39721690719324,
              22.229942292121095
            ],
            [
              -159.3948510074639,
              22.224628814885783
            ],
            [
              -159.39170999175715,
              22.224083544859884
            ],
            [
              -159.39094271764887,
              22.22555317225108
            ],
            [
              -159.39111260360744,
              22.2235988467605
            ],
            [
              -159.38749626976605,
              22.22228277655997
            ],
            [
              -159.38245976578276,
              22.225144292444977
            ],
            [
              -159.38337639582906,
              22.22131956546448
            ],
            [
              -159.38554314425704,
              22.220211395114223
            ],
            [
              -159.38341284365816,
              22.21686414735825
            ],
            [
              -159.37608150007617,
              22.217277362715773
            ],
            [
              -159.36213615580036,
              22.211422330748476
            ],
            [
              -159.35727779375148,
              22.211686474982876
            ],
            [
              -159.35366857409167,
              22.21486252589609
            ],
            [
              -159.3479957408048,
              22.213622486785628
            ],
            [
              -159.34828117280998,
              22.212198622422505
            ],
            [
              -159.3433887146614,
              22.210163467087636
            ],
            [
              -159.3313216446163,
              22.199842407946296
            ],
            [
              -159.33402946002076,
              22.195190791698458
            ],
            [
              -159.33259783164436,
              22.193586143350075
            ],
            [
              -159.32671961337618,
              22.19393313964008
            ],
            [
              -159.32154776703962,
              22.188717248525503
            ],
            [
              -159.31521536854245,
              22.185814264024867
            ],
            [
              -159.3130486199843,
              22.183672310568614
            ],
            [
              -159.31140652938734,
              22.17769428114252
            ],
            [
              -159.3141068267483,
              22.171983138632253
            ],
            [
              -159.31158376817132,
              22.17131456755379
            ],
            [
              -159.30909659243292,
              22.166405079422095
            ],
            [
              -159.30914236825538,
              22.161705371254744
            ],
            [
              -159.305205599223,
              22.15734707830989
            ],
            [
              -159.30641482422115,
              22.150687133616017
            ],
            [
              -159.3097268247853,
              22.146721132517722
            ],
            [
              -159.31393782562748,
              22.144813131898847
            ],
            [
              -159.31414882561415,
              22.143325131522438
            ],
            [
              -159.31367422857005,
              22.144813886908132
            ],
            [
              -159.3077843353935,
              22.147518508782742
            ],
            [
              -159.30631842715727,
              22.149611581352595
            ],
            [
              -159.30056882276244,
              22.146074132674016
            ],
            [
              -159.29627962990952,
              22.148144013335738
            ],
            [
              -159.29348696510792,
              22.143310566233353
            ],
            [
              -159.29354788176119,
              22.134268154988266
            ],
            [
              -159.29511043506793,
              22.133414026722402
            ],
            [
              -159.2927086472987,
              22.127245295275277
            ],
            [
              -159.2943754305316,
              22.12396397140382
            ],
            [
              -159.2934604242733,
              22.12248696306908
            ],
            [
              -159.2963578208605,
              22.121366126691036
            ],
            [
              -159.29468143143208,
              22.11978594735703
            ],
            [
              -159.29714895578732,
              22.115190849132155
            ],
            [
              -159.29458547804862,
              22.110668524098994
            ],
            [
              -159.29811025853147,
              22.103483540195445
            ],
            [
              -159.30240031327827,
              22.09874027687104
            ],
            [
              -159.30325247150174,
              22.099689823077124
            ],
            [
              -159.30502748984057,
              22.098478824715578
            ],
            [
              -159.30663170000983,
              22.0939386475343
            ],
            [
              -159.3111838229907,
              22.093651119305886
            ],
            [
              -159.31059982302708,
              22.097769120347202
            ],
            [
              -159.31178582331262,
              22.098450120475118
            ],
            [
              -159.31583382416284,
              22.097640120134496
            ],
            [
              -159.32143282557544,
              22.10247312113958
            ],
            [
              -159.31514182398726,
              22.097018120004183
            ],
            [
              -159.31083982307186,
              22.09758012029208
            ],
            [
              -159.3119688231775,
              22.094046119376763
            ],
            [
              -159.31083982289658,
              22.093170119198508
            ],
            [
              -159.30708682208672,
              22.093377119379355
            ],
            [
              -159.30557382162027,
              22.08993711857852
            ],
            [
              -159.31527687823623,
              22.077376224129193
            ],
            [
              -159.31611563354448,
              22.08053431488329
            ],
            [
              -159.3172978238533,
              22.0818221161618
            ],
            [
              -159.31809927602754,
              22.08181223913167
            ],
            [
              -159.31560582334362,
              22.078274115340438
            ],
            [
              -159.3174638235789,
              22.07400211421712
            ],
            [
              -159.31666494924667,
              22.070019099257166
            ],
            [
              -159.31910635539165,
              22.06026682375513
            ],
            [
              -159.32221058687998,
              22.055525576472707
            ],
            [
              -159.33038385547712,
              22.050894989042973
            ],
            [
              -159.33243064494084,
              22.051343552083615
            ],
            [
              -159.3370812127024,
              22.04500040035089
            ],
            [
              -159.33456565701408,
              22.04146349556092
            ],
            [
              -159.33833467833665,
              22.02889142231482
            ],
            [
              -159.33880545499034,
              22.017563183490935
            ],
            [
              -159.33570791979284,
              22.004358606325045
            ],
            [
              -159.33282864595589,
              21.99905525110983
            ],
            [
              -159.33618682453718,
              21.99526109405399
            ],
            [
              -159.3400414163859,
              21.995495153979395
            ],
            [
              -159.34164582567863,
              21.994063093569295
            ],
            [
              -159.34037710927603,
              21.990869832821655
            ],
            [
              -159.33332754776018,
              21.991360022185617
            ],
            [
              -159.3325340906972,
              21.994137121901083
            ],
            [
              -159.33029104810456,
              21.991503073325458
            ],
            [
              -159.33120657522798,
              21.989582372818013
            ],
            [
              -159.3334706697068,
              21.989222119650872
            ],
            [
              -159.3340966526622,
              21.984645167495138
            ],
            [
              -159.3306596323296,
              21.969860082949488
            ],
            [
              -159.3309319159982,
              21.95996505548826
            ],
            [
              -159.33595205788257,
              21.95467788400578
            ],
            [
              -159.33998037991532,
              21.95862228184471
            ],
            [
              -159.34810882560086,
              21.956492084037663
            ],
            [
              -159.34858082585848,
              21.960413084992886
            ],
            [
              -159.35285880080986,
              21.960920636971586
            ],
            [
              -159.3526756914621,
              21.953125354046644
            ],
            [
              -159.35374380978215,
              21.955341640559027
            ],
            [
              -159.35882498783874,
              21.954088512073902
            ],
            [
              -159.35797049547853,
              21.949676814010388
            ],
            [
              -159.36095482816353,
              21.95057308212981
            ],
            [
              -159.36107482814757,
              21.949507081861636
            ],
            [
              -159.3572380732982,
              21.94914657090418
            ],
            [
              -159.3610478281286,
              21.94917608178055
            ],
            [
              -159.36120382817435,
              21.949475081849233
            ],
            [
              -159.3609908281959,
              21.951194082282438
            ],
            [
              -159.36120882825182,
              21.95140808232793
            ],
            [
              -159.36203282831428,
              21.94844808156637
            ],
            [
              -159.35189482609974,
              21.948252081866155
            ],
            [
              -159.3486928256161,
              21.953658083315467
            ],
            [
              -159.3506462748488,
              21.948780360039912
            ],
            [
              -159.34834219731147,
              21.947874368894645
            ],
            [
              -159.347935825086,
              21.94440308104859
            ],
            [
              -159.35069205159334,
              21.942055046372282
            ],
            [
              -159.34659382450494,
              21.937079079280274
            ],
            [
              -159.35404882610095,
              21.936401078856342
            ],
            [
              -159.3552618261805,
              21.931726077656588
            ],
            [
              -159.36135794651065,
              21.931810674468228
            ],
            [
              -159.36508109225846,
              21.93022566694773
            ],
            [
              -159.36849906080116,
              21.92512732256754
            ],
            [
              -159.37141682943715,
              21.92515307547369
            ],
            [
              -159.37243582957237,
              21.92296057389569
            ],
            [
              -159.37724483060572,
              21.922628074648138
            ],
            [
              -159.38259818563913,
              21.919296556639154
            ],
            [
              -159.3824303385017,
              21.91673880101147
            ],
            [
              -159.3851206479998,
              21.914527141371327
            ],
            [
              -159.38418628376536,
              21.913737626207894
            ],
            [
              -159.38859489065922,
              21.91208105464621
            ],
            [
              -159.38940593157903,
              21.905575264007325
            ],
            [
              -159.38767936209746,
              21.902887631401065
            ],
            [
              -159.39061575567652,
              21.90137163492481
            ],
            [
              -159.3979791403041,
              21.90202465783363
            ],
            [
              -159.40355383539517,
              21.898942067878895
            ],
            [
              -159.4029698580129,
              21.89246921829628
            ],
            [
              -159.40527274962363,
              21.895254419906795
            ],
            [
              -159.40475395043174,
              21.893249796428275
            ],
            [
              -159.41030815061842,
              21.892708109103378
            ],
            [
              -159.41041496252606,
              21.889776513373896
            ],
            [
              -159.41770866503646,
              21.88785199764692
            ],
            [
              -159.4192498031529,
              21.882305426220864
            ],
            [
              -159.4297059773422,
              21.88016378333149
            ],
            [
              -159.43420341908538,
              21.874210636703392
            ],
            [
              -159.4408598424934,
              21.873216060228472
            ],
            [
              -159.44145484251965,
              21.87060105956079
            ],
            [
              -159.444801967158,
              21.86833571388508
            ],
            [
              -159.4518378448706,
              21.872975059791575
            ],
            [
              -159.45536965060364,
              21.87209427545217
            ],
            [
              -159.45991448473373,
              21.875694553186914
            ],
            [
              -159.46786446052317,
              21.877246142297498
            ],
            [
              -159.46939784895636,
              21.879775060870603
            ],
            [
              -159.46937493589516,
              21.878351489519048
            ],
            [
              -159.4712827262994,
              21.878086462387806
            ],
            [
              -159.4737084329384,
              21.880914967004355
            ],
            [
              -159.47958306826862,
              21.882263462135867
            ],
            [
              -159.48275714890428,
              21.880889416686525
            ],
            [
              -159.48482585245569,
              21.883464061252425
            ],
            [
              -159.48822021519203,
              21.883427705126586
            ],
            [
              -159.48834985331212,
              21.885753061697525
            ],
            [
              -159.50016773581314,
              21.884045998868025
            ],
            [
              -159.50302285659205,
              21.888050061760385
            ],
            [
              -159.50942266791716,
              21.886389271128834
            ],
            [
              -159.51301508276504,
              21.888086598425005
            ],
            [
              -159.52590086143218,
              21.884728060149694
            ],
            [
              -159.5267018615234,
              21.8826360596045
            ],
            [
              -159.53218086288086,
              21.88685206045852
            ],
            [
              -159.54229670508292,
              21.886957446135487
            ],
            [
              -159.54380732546332,
              21.888275424409425
            ],
            [
              -159.5518639681715,
              21.887211123868
            ],
            [
              -159.5542901157672,
              21.888942996212617
            ],
            [
              -159.56139686933716,
              21.889601060129934
            ],
            [
              -159.56997287138137,
              21.894169060963517
            ],
            [
              -159.57512980644026,
              21.89262505440335
            ],
            [
              -159.57597082570823,
              21.89477348190568
            ],
            [
              -159.57423287238836,
              21.89622706132528
            ],
            [
              -159.57530147366657,
              21.897386830575222
            ],
            [
              -159.57868481831926,
              21.895315256945842
            ],
            [
              -159.58386887448563,
              21.896332061018082
            ],
            [
              -159.5862878041051,
              21.898700993520347
            ],
            [
              -159.5910904250659,
              21.896627949841513
            ],
            [
              -159.58744487538448,
              21.89940706165495
            ],
            [
              -159.58974459687894,
              21.899280873544164
            ],
            [
              -159.58811885856932,
              21.90037564587116
            ],
            [
              -159.58921749187417,
              21.9020426692455
            ],
            [
              -159.59014287601912,
              21.900632061864574
            ],
            [
              -159.59139949942096,
              21.903875631623315
            ],
            [
              -159.59733516965954,
              21.902601522102767
            ],
            [
              -159.59776241563844,
              21.89973668337947
            ],
            [
              -159.59931881295094,
              21.899093907166627
            ],
            [
              -159.5975230584005,
              21.895055809230133
            ],
            [
              -159.5999748818495,
              21.892954371625585
            ],
            [
              -159.60460975982534,
              21.89218140327407
            ],
            [
              -159.60827572372034,
              21.894670763762758
            ],
            [
              -159.60819942990912,
              21.89983586504271
            ],
            [
              -159.61712582293575,
              21.902054112282183
            ],
            [
              -159.62125588301984,
              21.9067600623028
            ],
            [
              -159.6262811711307,
              21.90725359625069
            ],
            [
              -159.62662688428318,
              21.90919806271954
            ],
            [
              -159.62849362366572,
              21.908624929513127
            ],
            [
              -159.62899716386588,
              21.910906119059785
            ],
            [
              -159.6352837863551,
              21.91402272761246
            ],
            [
              -159.6382897693113,
              21.92164067939194
            ],
            [
              -159.64294370145433,
              21.92496328105209
            ],
            [
              -159.64608388936483,
              21.930697067360896
            ],
            [
              -159.64901670104152,
              21.931696223506165
            ],
            [
              -159.6502831804285,
              21.934501934155936
            ],
            [
              -159.64962705246165,
              21.938904095267333
            ],
            [
              -159.65290769327171,
              21.941351224758456
            ],
            [
              -159.6613258931708,
              21.943132069906326
            ],
            [
              -159.66200089343062,
              21.94596707058389
            ],
            [
              -159.66613189449123,
              21.9500620714528
            ],
            [
              -159.66410764717085,
              21.953045181260848
            ],
            [
              -159.66621223057908,
              21.95182435288579
            ],
            [
              -159.6822168632906,
              21.95773603179074
            ],
            [
              -159.70516359036984,
              21.96016748959281
            ],
            [
              -159.71557589690957,
              21.967141065953953
            ],
            [
              -159.75724391539447,
              21.978127075215372
            ],
            [
              -159.7639119170942,
              21.984414076536286
            ],
            [
              -159.77479392033408,
              22.00625008155287
            ],
            [
              -159.78534692296645,
              22.014742083282336
            ],
            [
              -159.7883679241578,
              22.028032086461472
            ],
            [
              -159.78413331201938,
              22.047386478394223
            ],
            [
              -159.78390294968128,
              22.06501702976094
            ],
            [
              -159.77270447756266,
              22.072761852068908
            ],
            [
              -159.74558960466302,
              22.097244586074957
            ],
            [
              -159.74390297254928,
              22.103494926680092
            ],
            [
              -159.73865894477495,
              22.112521046096795
            ],
            [
              -159.73773791684962,
              22.1193131108092
            ],
            [
              -159.73321472517705,
              22.12698206586517
            ],
            [
              -159.7308929291837,
              22.13961107107101
            ],
            [
              -159.72181391465745,
              22.150647119120574
            ],
            [
              -159.71011291430318,
              22.15531764468746
            ],
            [
              -159.7069554817661,
              22.159004095710607
            ],
            [
              -159.70368896299988,
              22.157617908482383
            ],
            [
              -159.69671090468466,
              22.162603073961225
            ],
            [
              -159.6861378604114,
              22.163235149489058
            ],
            [
              -159.67562804428434,
              22.16714511782581
            ],
            [
              -159.67336570572712,
              22.165533179506266
            ],
            [
              -159.67193077053105,
              22.168398138265804
            ],
            [
              -159.67013369107005,
              22.166663179899405
            ],
            [
              -159.66727590348793,
              22.167637125240795
            ],
            [
              -159.6654665872102,
              22.170497264012287
            ],
            [
              -159.65744790158573,
              22.173451127024975
            ],
            [
              -159.65258726772203,
              22.178234446379673
            ],
            [
              -159.64135679644687,
              22.182381023800335
            ],
            [
              -159.62623567269554,
              22.195692211626827
            ],
            [
              -159.62398489519043,
              22.19531213361171
            ],
            [
              -159.62332131811186,
              22.19693938103792
            ],
            [
              -159.61533527247843,
              22.199519395956987
            ],
            [
              -159.60632261070248,
              22.204103824408463
            ],
            [
              -159.6054833765998,
              22.206079837927277
            ],
            [
              -159.59849485017872,
              22.20855176278463
            ],
            [
              -159.59652298087457,
              22.211642723619367
            ],
            [
              -159.58140107906385,
              22.223535535095557
            ],
            [
              -159.5725701621403,
              22.22351300939962
            ],
            [
              -159.56613853262354,
              22.220634634911995
            ],
            [
              -159.55841294717757,
              22.226476553630068
            ],
            [
              -159.5551141043825,
              22.224579218275554
            ],
            [
              -159.54924028309782,
              22.22443997744683
            ],
            [
              -159.5447228659979,
              22.221565606892888
            ],
            [
              -159.54227287820638,
              22.215177141395795
            ],
            [
              -159.53880245439314,
              22.213753105164432
            ],
            [
              -159.542377878181,
              22.213982141096043
            ],
            [
              -159.547103237099,
              22.2112334972496
            ],
            [
              -159.54191494706393,
              22.21357950601249
            ],
            [
              -159.53906185440766,
              22.212713599897793
            ],
            [
              -159.5322411741332,
              22.217937829430934
            ],
            [
              -159.53459387643252,
              22.212660141040896
            ],
            [
              -159.53233272684997,
              22.210426688566617
            ],
            [
              -159.53411787832567,
              22.21258114203799
            ],
            [
              -159.53224117394112,
              22.213178994251788
            ],
            [
              -159.53229187208956,
              22.216583126093468
            ],
            [
              -159.52181941871254,
              22.214199425869193
            ],
            [
              -159.51994146034744,
              22.2152873242045
            ],
            [
              -159.5176690267986,
              22.213951470952946
            ],
            [
              -159.5168908283488,
              22.207001090257798
            ],
            [
              -159.51379887155449,
              22.204002139622737
            ],
            [
              -159.51699887219615,
              22.202631139171213
            ],
            [
              -159.51602587192394,
              22.20113513883449
            ],
            [
              -159.51669246413306,
              22.202720999204196
            ],
            [
              -159.51407574960686,
              22.203805160564297
            ],
            [
              -159.5058892387788,
              22.20268857457365
            ],
            [
              -159.49979686859075,
              22.20613714064109
            ],
            [
              -159.4976788683224,
              22.210927141902186
            ],
            [
              -159.499114335858,
              22.21645772822272
            ],
            [
              -159.49853450195332,
              22.22195470860534
            ],
            [
              -159.4859917745493,
              22.23010481106379
            ],
            [
              -159.48077326737422,
              22.229162581012645
            ],
            [
              -159.47697848059056,
              22.23023357741073
            ],
            [
              -159.4644424085829,
              22.223384539150718
            ],
            [
              -159.45531535671932,
              22.226498557241342
            ],
            [
              -159.44122247750784,
              22.223019010870456
            ],
            [
              -159.43621909043992,
              22.223581449184387
            ],
            [
              -159.43229608337407,
              22.218340284021725
            ],
            [
              -159.42898885359787,
              22.216964145795796
            ],
            [
              -159.42588739097087,
              22.218183881206336
            ],
            [
              -159.42471713795888,
              22.224229034746035
            ],
            [
              -159.4183495475219,
              22.223011382666083
            ],
            [
              -159.40721708120685,
              22.225794554744123
            ],
            [
              -159.40475396373483,
              22.227411637230944
            ],
            [
              -159.40229588341893,
              22.23288462367384
            ]
          ]
        ]
      }
    },
    {
      "type": "Feature",
      "properties": {
        "STATE": "HI",
        "CWA": "HFO",
        "COUNTYNAME": "Kahoolawe in Maui",
        "FIPS": "15009",
        "TIME_ZONE": "H"
      },
      "geometry": {
        "type": "Polygon",
        "coordinates": [
          [
            [
              -156.5725999641511,
              20.60333447983883
            ],
            [
              -156.56457516733244,
              20.60174983467409
            ],
            [
              -156.5610851664324,
              20.597703833763113
            ],
            [
              -156.55398423675996,
              20.59435849513135
            ],
            [
              -156.55295530445375,
              20.591906968548034
            ],
            [
              -156.54992539773414,
              20.590293934232008
            ],
            [
              -156.55043134374063,
              20.587062110409384
            ],
            [
              -156.54638535778625,
              20.585109760037792
            ],
            [
              -156.53897757884363,
              20.575514135851844
            ],
            [
              -156.53953415978492,
              20.569925353438506
            ],
            [
              -156.53765732831695,
              20.568237350070483
            ],
            [
              -156.5476670964541,
              20.566173597266623
            ],
            [
              -156.54705674390226,
              20.553297084065175
            ],
            [
              -156.55233816683528,
              20.546206825141017
            ],
            [
              -156.552107403653,
              20.54214862813323
            ],
            [
              -156.55450516701498,
              20.53702782278435
            ],
            [
              -156.55065316605288,
              20.53350182201366
            ],
            [
              -156.54406202171612,
              20.537029469084747
            ],
            [
              -156.53999192272818,
              20.534189260491665
            ],
            [
              -156.53347641828495,
              20.533916509610513
            ],
            [
              -156.53326279495639,
              20.525209461440156
            ],
            [
              -156.54044968542743,
              20.521774325375336
            ],
            [
              -156.54130958941371,
              20.51549579178136
            ],
            [
              -156.54435593602105,
              20.513540299205168
            ],
            [
              -156.5444627479887,
              20.51181224077024
            ],
            [
              -156.5494100201121,
              20.512879358894974
            ],
            [
              -156.55290916203546,
              20.51761581397833
            ],
            [
              -156.55743272206766,
              20.518747362131254
            ],
            [
              -156.55921016336336,
              20.51579381334207
            ],
            [
              -156.56808335832443,
              20.5160484621509
            ],
            [
              -156.5737188684713,
              20.513164758268356
            ],
            [
              -156.5743441665283,
              20.510673811627964
            ],
            [
              -156.57990116777464,
              20.51139981164972
            ],
            [
              -156.58491045573888,
              20.50713578944032
            ],
            [
              -156.59074266513963,
              20.510763197179052
            ],
            [
              -156.5948301713454,
              20.52021881342427
            ],
            [
              -156.5995927655081,
              20.52375987417205
            ],
            [
              -156.60449083723907,
              20.51306155235804
            ],
            [
              -156.60548265849548,
              20.514240294624003
            ],
            [
              -156.6082543080759,
              20.513334984318053
            ],
            [
              -156.6104480866676,
              20.516697793095155
            ],
            [
              -156.62076117687354,
              20.514755811313105
            ],
            [
              -156.62276317724078,
              20.51249881069161
            ],
            [
              -156.6314901790959,
              20.51050580994242
            ],
            [
              -156.6399818417807,
              20.50486317728831
            ],
            [
              -156.64472218194248,
              20.508534809068962
            ],
            [
              -156.64366015781212,
              20.511714962893908
            ],
            [
              -156.64576018230642,
              20.512712810082668
            ],
            [
              -156.6460291824515,
              20.515359810736157
            ],
            [
              -156.64958318318045,
              20.513733810227567
            ],
            [
              -156.65675220147594,
              20.50507166585722
            ],
            [
              -156.66211318561795,
              20.503932807418256
            ],
            [
              -156.66345420481332,
              20.500867720614064
            ],
            [
              -156.66469418613033,
              20.502232806919285
            ],
            [
              -156.666293028424,
              20.50044884642762
            ],
            [
              -156.66892871710442,
              20.503553415126987
            ],
            [
              -156.6732311879555,
              20.500628806272495
            ],
            [
              -156.6762211887133,
              20.50371480695704
            ],
            [
              -156.68037300862346,
              20.503630053816092
            ],
            [
              -156.68404519057347,
              20.5080148078052
            ],
            [
              -156.6819541902223,
              20.51135580869992
            ],
            [
              -156.684561190928,
              20.515427809641658
            ],
            [
              -156.69474419329634,
              20.519396810338804
            ],
            [
              -156.69555531057165,
              20.522375136059203
            ],
            [
              -156.70110819484856,
              20.52409181132747
            ],
            [
              -156.69843922256126,
              20.533288987701532
            ],
            [
              -156.69547901696922,
              20.535097154238763
            ],
            [
              -156.69409046677478,
              20.538501772129266
            ],
            [
              -156.6871141923765,
              20.54267481637326
            ],
            [
              -156.68779919259185,
              20.544660816849508
            ],
            [
              -156.68128834028008,
              20.548349415959123
            ],
            [
              -156.67884219086343,
              20.55207581896074
            ],
            [
              -156.6763597513227,
              20.55223850107314
            ],
            [
              -156.67696619056193,
              20.555485819866796
            ],
            [
              -156.66312318759503,
              20.5578888208673
            ],
            [
              -156.65955918687928,
              20.559984821493945
            ],
            [
              -156.65975443596687,
              20.561355454830718
            ],
            [
              -156.65724048437406,
              20.560134927598433
            ],
            [
              -156.65278141946044,
              20.562205304244557
            ],
            [
              -156.6465593300743,
              20.561677973292547
            ],
            [
              -156.64357918349933,
              20.564158822998497
            ],
            [
              -156.64328618350928,
              20.566442823577688
            ],
            [
              -156.63940318267223,
              20.56697582382299
            ],
            [
              -156.63562914799104,
              20.571560601077653
            ],
            [
              -156.63429218166104,
              20.570461824841704
            ],
            [
              -156.63221694528076,
              20.57280764548785
            ],
            [
              -156.63076014794942,
              20.57247601744702
            ],
            [
              -156.62789418043258,
              20.57597382640391
            ],
            [
              -156.62402209363637,
              20.577692076945137
            ],
            [
              -156.6237017186227,
              20.579437195390494
            ],
            [
              -156.61202868320098,
              20.58396534785922
            ],
            [
              -156.6102681768825,
              20.58608582944006
            ],
            [
              -156.6117380702783,
              20.58830559695241
            ],
            [
              -156.60875805161075,
              20.587948080949143
            ],
            [
              -156.6086371766648,
              20.59042683057216
            ],
            [
              -156.60558947294336,
              20.588872957271786
            ],
            [
              -156.6039110056855,
              20.59230046417694
            ],
            [
              -156.58941515267603,
              20.59788327499087
            ],
            [
              -156.58817309746576,
              20.599824852512107
            ],
            [
              -156.5725999641511,
              20.60333447983883
            ]
          ]
        ]
      }
    },
    {
      "type": "Feature",
      "properties": {
        "STATE": "HI",
        "CWA": "HFO",
        "COUNTYNAME": "Lanai in Maui",
        "FIPS": "15009",
        "TIME_ZONE": "H"
      },
      "geometry": {
        "type": "MultiPolygon",
        "coordinates": [
          [
            [
              [
                -156.89033558439132,
                20.734768977424167
              ],
              [
                -156.89076104947895,
                20.7345906063671
              ],
              [
                -156.89068475547342,
                20.734928207453674
              ],
              [
                -156.89033558439132,
                20.734768977424167
              ]
            ]
          ],
          [
            [
              [
                -156.92167536228126,
                20.73474319349483
              ],
              [
                -156.92239125044574,
                20.734955857526842
              ],
              [
                -156.92198384639678,
                20.7361762698436
              ],
              [
                -156.92167536228126,
                20.73474319349483
              ]
            ]
          ],
          [
            [
              [
                -156.9876721943217,
                20.929302576136514
              ],
              [
                -156.9690392670126,
                20.923108903144172
              ],
              [
                -156.94588326188628,
                20.922205903607836
              ],
              [
                -156.93762080711036,
                20.9234696651695
              ],
              [
                -156.92252825666262,
                20.919735903685062
              ],
              [
                -156.91508199202468,
                20.91976971991477
              ],
              [
                -156.89460882826484,
                20.912250975643296
              ],
              [
                -156.88464324781364,
                20.9045929010246
              ],
              [
                -156.8810162469822,
                20.903611900886876
              ],
              [
                -156.87303224489534,
                20.893803898671763
              ],
              [
                -156.86695732745332,
                20.890684212071843
              ],
              [
                -156.8556062405315,
                20.878067895253963
              ],
              [
                -156.83883538241554,
                20.865406146584487
              ],
              [
                -156.82968023409762,
                20.856362890594138
              ],
              [
                -156.8218981230514,
                20.846393691331564
              ],
              [
                -156.81535723017168,
                20.833211885229186
              ],
              [
                -156.80656322787814,
                20.82248288280625
              ],
              [
                -156.80590690755943,
                20.81725130451781
              ],
              [
                -156.80689860840408,
                20.806023432682135
              ],
              [
                -156.8115132281281,
                20.79725387635448
              ],
              [
                -156.82331718820856,
                20.78169259511835
              ],
              [
                -156.8297411391981,
                20.76893433674136
              ],
              [
                -156.83575586027217,
                20.761430264689498
              ],
              [
                -156.8438555219088,
                20.757055365358354
              ],
              [
                -156.85273613889416,
                20.75800713233501
              ],
              [
                -156.85574723646238,
                20.755173864538598
              ],
              [
                -156.86718823885874,
                20.751555863298265
              ],
              [
                -156.87704724074618,
                20.743103860896937
              ],
              [
                -156.87998740935973,
                20.742110011562186
              ],
              [
                -156.8850847785559,
                20.744369585976543
              ],
              [
                -156.88796824315358,
                20.74327386061802
              ],
              [
                -156.88881124330248,
                20.742176860319194
              ],
              [
                -156.886915833772,
                20.73876007152163
              ],
              [
                -156.890181215455,
                20.73770530816208
              ],
              [
                -156.8906050094707,
                20.735375538567716
              ],
              [
                -156.89321024402858,
                20.734922858378017
              ],
              [
                -156.8938433253084,
                20.739151078415347
              ],
              [
                -156.89892224547413,
                20.740619859632673
              ],
              [
                -156.90206764506698,
                20.737652165798863
              ],
              [
                -156.90743858819292,
                20.735998301227685
              ],
              [
                -156.90966038974324,
                20.737854851625883
              ],
              [
                -156.91146841208763,
                20.736260486174462
              ],
              [
                -156.91844049868513,
                20.738199310453183
              ],
              [
                -156.92365900573944,
                20.73540695160214
              ],
              [
                -156.92573420118146,
                20.734979704434295
              ],
              [
                -156.9275332146365,
                20.736767854827757
              ],
              [
                -156.9292437239577,
                20.73512084836609
              ],
              [
                -156.93089825236612,
                20.73646385765264
              ],
              [
                -156.9346904821304,
                20.734380915020783
              ],
              [
                -156.93715825374127,
                20.736432857460336
              ],
              [
                -156.94325037803938,
                20.735201027973098
              ],
              [
                -156.94619624173242,
                20.7365647112267
              ],
              [
                -156.94711280188423,
                20.735074915827695
              ],
              [
                -156.95431587042566,
                20.733820035301832
              ],
              [
                -156.956312820896,
                20.734762266478153
              ],
              [
                -156.9653252597825,
                20.73193485550626
              ],
              [
                -156.96572749600548,
                20.735969617501663
              ],
              [
                -156.96845326075132,
                20.74036585751872
              ],
              [
                -156.98217647520713,
                20.753530580399694
              ],
              [
                -156.9888903445156,
                20.778425301416252
              ],
              [
                -156.9919532672723,
                20.780917866947874
              ],
              [
                -156.99226253142993,
                20.783594214606893
              ],
              [
                -156.9894549198695,
                20.785287943112966
              ],
              [
                -156.9926991836232,
                20.78649805931897
              ],
              [
                -156.99024837713804,
                20.788097467790934
              ],
              [
                -156.9902150342331,
                20.791153871555075
              ],
              [
                -156.9886882699277,
                20.792055857825506
              ],
              [
                -156.9905993303898,
                20.793310253082073
              ],
              [
                -156.9906822674826,
                20.795534870635098
              ],
              [
                -156.9878374888881,
                20.796455471949287
              ],
              [
                -156.99047725961898,
                20.800947278992616
              ],
              [
                -156.98783326709665,
                20.802704872509846
              ],
              [
                -156.98843126736233,
                20.806706873491446
              ],
              [
                -156.9866732670194,
                20.808005873867966
              ],
              [
                -156.9879290413811,
                20.810558411468115
              ],
              [
                -156.9863652670887,
                20.812090874897155
              ],
              [
                -156.9880816295034,
                20.813203905124194
              ],
              [
                -156.98758926858744,
                20.818934821569936
              ],
              [
                -156.98926926810867,
                20.823457877649606
              ],
              [
                -156.99564051277542,
                20.831376167437938
              ],
              [
                -157.00367611704925,
                20.84645662896529
              ],
              [
                -157.006727875747,
                20.847250086072712
              ],
              [
                -157.00614527166934,
                20.84875076346477
              ],
              [
                -157.00834627324014,
                20.851330884043676
              ],
              [
                -157.0118822740974,
                20.85369988453013
              ],
              [
                -157.0138405395081,
                20.853109433324434
              ],
              [
                -157.01517827489536,
                20.855874884975268
              ],
              [
                -157.0297533933406,
                20.863014325324343
              ],
              [
                -157.03235235793096,
                20.86357681438741
              ],
              [
                -157.03468198339428,
                20.862125500955585
              ],
              [
                -157.0362688978043,
                20.86393938936129
              ],
              [
                -157.03710814495318,
                20.862882900072453
              ],
              [
                -157.03690528000155,
                20.865640886767217
              ],
              [
                -157.03927528058378,
                20.867452887149057
              ],
              [
                -157.04253528129132,
                20.867181886984234
              ],
              [
                -157.04545469104013,
                20.870349989688336
              ],
              [
                -157.0497576709824,
                20.87023936353245
              ],
              [
                -157.04972528302562,
                20.871731887906066
              ],
              [
                -157.0522412836202,
                20.872957888137197
              ],
              [
                -157.05274628391726,
                20.878468889498286
              ],
              [
                -157.05709714997587,
                20.88148890812257
              ],
              [
                -157.05625791684267,
                20.88300906552722
              ],
              [
                -157.06169012731618,
                20.891269121427708
              ],
              [
                -157.06005128598156,
                20.89202889266636
              ],
              [
                -157.05848570090188,
                20.899850957666445
              ],
              [
                -157.05987328627825,
                20.90195789515117
              ],
              [
                -157.05787128589833,
                20.903739895655992
              ],
              [
                -157.05876035913616,
                20.904991263941945
              ],
              [
                -157.05656306783138,
                20.91026308732417
              ],
              [
                -157.0511176727613,
                20.914026644426833
              ],
              [
                -157.04879628423413,
                20.91353489837336
              ],
              [
                -157.0332190271601,
                20.923934155436136
              ],
              [
                -157.02305905400806,
                20.926381215350844
              ],
              [
                -157.01157327646393,
                20.925863902564465
              ],
              [
                -156.9876721943217,
                20.929302576136514
              ]
            ]
          ]
        ]
      }
    },
    {
      "type": "Feature",
      "properties": {
        "STATE": "HI",
        "CWA": "HFO",
        "COUNTYNAME": "Maui in Maui",
        "FIPS": "15009",
        "TIME_ZONE": "H"
      },
      "geometry": {
        "type": "MultiPolygon",
        "coordinates": [
          [
            [
              [
                -156.13014076780942,
                20.859472404705688
              ],
              [
                -156.13105508000612,
                20.859299911636207
              ],
              [
                -156.12998107979436,
                20.86009891186745
              ],
              [
                -156.13014076780942,
                20.859472404705688
              ]
            ]
          ],
          [
            [
              [
                -156.17227029465744,
                20.875763071585805
              ],
              [
                -156.1731200898388,
                20.8755599145104
              ],
              [
                -156.1721099416521,
                20.87669042882302
              ],
              [
                -156.17227029465744,
                20.875763071585805
              ]
            ]
          ],
          [
            [
              [
                -156.60479610032485,
                21.0301606607168
              ],
              [
                -156.59353504186305,
                21.030891578231536
              ],
              [
                -156.5920244204671,
                21.02902237580772
              ],
              [
                -156.58901711886838,
                21.030976512385855
              ],
              [
                -156.5881029114058,
                21.023166813456257
              ],
              [
                -156.5848242236363,
                21.021799573210235
              ],
              [
                -156.58496218559623,
                21.019686938676905
              ],
              [
                -156.58119067767106,
                21.01691452409332
              ],
              [
                -156.57255350080476,
                21.01813490965303
              ],
              [
                -156.56624218120473,
                21.011940937286724
              ],
              [
                -156.56041019195544,
                21.013093522746825
              ],
              [
                -156.55760066729772,
                21.011973147548627
              ],
              [
                -156.55781420728812,
                21.01026932011551
              ],
              [
                -156.55482348456638,
                21.008426820741697
              ],
              [
                -156.55577217869748,
                21.00607393612435
              ],
              [
                -156.55259569976573,
                20.999153289483747
              ],
              [
                -156.5495531770625,
                20.998207934336193
              ],
              [
                -156.547248933673,
                21.00179311330201
              ],
              [
                -156.5437303419008,
                21.001936112441083
              ],
              [
                -156.54135617505077,
                20.992140933056596
              ],
              [
                -156.53995017473147,
                20.991874933031227
              ],
              [
                -156.5395381745485,
                20.989108932350312
              ],
              [
                -156.53771837714226,
                20.98897567537026
              ],
              [
                -156.53742845997138,
                20.985759884573056
              ],
              [
                -156.5333848800363,
                20.984487682372833
              ],
              [
                -156.52600317142944,
                20.985184931763847
              ],
              [
                -156.52717455160266,
                20.982612759085033
              ],
              [
                -156.5252691711337,
                20.98115993077687
              ],
              [
                -156.52737291556463,
                20.980148463461827
              ],
              [
                -156.52427717082344,
                20.978413930117924
              ],
              [
                -156.52718981035645,
                20.975095896201307
              ],
              [
                -156.52568117367545,
                20.9646119246189
              ],
              [
                -156.51965196620273,
                20.960344457726208
              ],
              [
                -156.51983507116978,
                20.95813193316654
              ],
              [
                -156.51488440990428,
                20.952928007007614
              ],
              [
                -156.51614227413523,
                20.95151714661742
              ],
              [
                -156.50890977541715,
                20.947857043911856
              ],
              [
                -156.50909742423852,
                20.941210241241208
              ],
              [
                -156.50724656667347,
                20.936485428111617
              ],
              [
                -156.49691636422557,
                20.93143095414694
              ],
              [
                -156.49331832621397,
                20.924860144605805
              ],
              [
                -156.4915652154819,
                20.914415976040562
              ],
              [
                -156.48846299266276,
                20.910349024112165
              ],
              [
                -156.48315293245764,
                20.909355295017956
              ],
              [
                -156.47973496329786,
                20.897071967040443
              ],
              [
                -156.4741701568961,
                20.89181590988577
              ],
              [
                -156.46746689347313,
                20.893543371513616
              ],
              [
                -156.4685667387813,
                20.89552680097849
              ],
              [
                -156.46581894415394,
                20.894897589900836
              ],
              [
                -156.46819931581035,
                20.898868690826408
              ],
              [
                -156.4536017645249,
                20.896973780776356
              ],
              [
                -156.43903976346576,
                20.901722085389462
              ],
              [
                -156.42351670732876,
                20.910569919057778
              ],
              [
                -156.42010360250632,
                20.908485545634623
              ],
              [
                -156.41284041689423,
                20.908247127785902
              ],
              [
                -156.4046922362619,
                20.913339738298816
              ],
              [
                -156.39678589351652,
                20.91337602053748
              ],
              [
                -156.3928621337237,
                20.9156259192153
              ],
              [
                -156.383480137677,
                20.916417918686125
              ],
              [
                -156.38116316428835,
                20.920168060693385
              ],
              [
                -156.3784470996954,
                20.920385498826697
              ],
              [
                -156.37844709974667,
                20.921945710217816
              ],
              [
                -156.37179426634384,
                20.923988480922937
              ],
              [
                -156.37028364608082,
                20.926141878506545
              ],
              [
                -156.37090925631233,
                20.928980014199873
              ],
              [
                -156.36907113494053,
                20.930025922515448
              ],
              [
                -156.35708479042194,
                20.93398871285664
              ],
              [
                -156.3559071322379,
                20.936306924472056
              ],
              [
                -156.35231813143278,
                20.93594492448535
              ],
              [
                -156.35003518001994,
                20.938735867251363
              ],
              [
                -156.34309247847605,
                20.938450003381
              ],
              [
                -156.33979657865365,
                20.9355908867597
              ],
              [
                -156.33970502573433,
                20.93866362653281
              ],
              [
                -156.33416608456457,
                20.940324927109913
              ],
              [
                -156.3335570715189,
                20.943033065806638
              ],
              [
                -156.33076337389434,
                20.942819739834135
              ],
              [
                -156.32943931968063,
                20.94522434147552
              ],
              [
                -156.32560590177692,
                20.94351020015674
              ],
              [
                -156.3230581203196,
                20.946735932039477
              ],
              [
                -156.32131818191945,
                20.94626441297168
              ],
              [
                -156.32194832009154,
                20.94726216620361
              ],
              [
                -156.3193403224291,
                20.944646064623136
              ],
              [
                -156.3191056563072,
                20.94251265709495
              ],
              [
                -156.31512249651567,
                20.945226107890797
              ],
              [
                -156.31150677760039,
                20.94169440510986
              ],
              [
                -156.30479290903446,
                20.93920722168048
              ],
              [
                -156.29646166932224,
                20.94316455391414
              ],
              [
                -156.29315011853325,
                20.941433927575886
              ],
              [
                -156.28204711620955,
                20.945440928902112
              ],
              [
                -156.27693035390243,
                20.94008078870563
              ],
              [
                -156.274219114122,
                20.93455792639877
              ],
              [
                -156.27255108074195,
                20.934215690361146
              ],
              [
                -156.26748211265746,
                20.935328926786823
              ],
              [
                -156.26275697475455,
                20.939667764011677
              ],
              [
                -156.25677348920826,
                20.93285193547485
              ],
              [
                -156.2544694117118,
                20.93325247864187
              ],
              [
                -156.25277144549477,
                20.93809617790594
              ],
              [
                -156.2510514420554,
                20.93629470150367
              ],
              [
                -156.24828960048578,
                20.937553551899207
              ],
              [
                -156.24436809054356,
                20.935264732438238
              ],
              [
                -156.23935110643805,
                20.935390927614694
              ],
              [
                -156.24047709855375,
                20.931312705559137
              ],
              [
                -156.2394852773001,
                20.930263663324556
              ],
              [
                -156.23639247967128,
                20.931953802837782
              ],
              [
                -156.23580790846933,
                20.92972960629668
              ],
              [
                -156.23242710465854,
                20.927800925910358
              ],
              [
                -156.22759867762278,
                20.92878788429719
              ],
              [
                -156.228315840646,
                20.92464079823612
              ],
              [
                -156.22741557233033,
                20.921072148366825
              ],
              [
                -156.22618610305412,
                20.92094192436957
              ],
              [
                -156.22752410314692,
                20.914718922769907
              ],
              [
                -156.22419210237126,
                20.913531922568126
              ],
              [
                -156.22308596719324,
                20.915573027112032
              ],
              [
                -156.21961832941622,
                20.915266178134917
              ],
              [
                -156.21490931331698,
                20.913497524826845
              ],
              [
                -156.2137760997531,
                20.903889920449267
              ],
              [
                -156.2126370995401,
                20.90508492078183
              ],
              [
                -156.21152109921042,
                20.902541920176
              ],
              [
                -156.2081742344617,
                20.902282853207314
              ],
              [
                -156.20427409746455,
                20.898152919283444
              ],
              [
                -156.19985819244383,
                20.89680303907178
              ],
              [
                -156.19609309550088,
                20.89341891833108
              ],
              [
                -156.19448709718418,
                20.894601958674045
              ],
              [
                -156.19633341040353,
                20.888794080163944
              ],
              [
                -156.1920609485529,
                20.891693251014033
              ],
              [
                -156.193159581747,
                20.890192167605885
              ],
              [
                -156.1918100943765,
                20.88797791708916
              ],
              [
                -156.18261509208713,
                20.880118915381658
              ],
              [
                -156.1759629225034,
                20.876661433705213
              ],
              [
                -156.17472696012592,
                20.87345708693676
              ],
              [
                -156.17240762364798,
                20.874536646274148
              ],
              [
                -156.16789308854948,
                20.871459913631746
              ],
              [
                -156.16733408805945,
                20.860171910815907
              ],
              [
                -156.16324210727245,
                20.863810744846063
              ],
              [
                -156.15841516915046,
                20.862136704564474
              ],
              [
                -156.1570267607315,
                20.858688482739108
              ],
              [
                -156.15266274579548,
                20.859590659090482
              ],
              [
                -156.1484482299226,
                20.861421874670683
              ],
              [
                -156.14620742357386,
                20.86595479687214
              ],
              [
                -156.14286660174983,
                20.86333287830999
              ],
              [
                -156.14418308286585,
                20.857927910916164
              ],
              [
                -156.1301102507622,
                20.858223090393082
              ],
              [
                -156.13191808008077,
                20.855710910711007
              ],
              [
                -156.12878307935557,
                20.85473291055528
              ],
              [
                -156.12869118313722,
                20.84861577302306
              ],
              [
                -156.12681607858497,
                20.844367908010895
              ],
              [
                -156.1288742879311,
                20.84099400610556
              ],
              [
                -156.1260971872875,
                20.840089922958096
              ],
              [
                -156.12538002401953,
                20.836708193130118
              ],
              [
                -156.1210007510941,
                20.838049059591718
              ],
              [
                -156.1183530763343,
                20.832662905315956
              ],
              [
                -156.11581276172222,
                20.83111203099943
              ],
              [
                -156.116133195677,
                20.827518585088658
              ],
              [
                -156.11345107497957,
                20.824294903356428
              ],
              [
                -156.11000082124642,
                20.825225817688523
              ],
              [
                -156.1069474025085,
                20.82329189929043
              ],
              [
                -156.10406307294576,
                20.825624903958094
              ],
              [
                -156.09572607110928,
                20.825869904257456
              ],
              [
                -156.09284881156597,
                20.828759893064696
              ],
              [
                -156.09133407017816,
                20.827126904698176
              ],
              [
                -156.08810588952315,
                20.828962078250758
              ],
              [
                -156.0850660688242,
                20.828143905132116
              ],
              [
                -156.07896277728807,
                20.822385909861264
              ],
              [
                -156.07705542788074,
                20.8228398590295
              ],
              [
                -156.07359168199827,
                20.819238784224584
              ],
              [
                -156.06861632088308,
                20.818794538254814
              ],
              [
                -156.0689130339069,
                20.817496886920704
              ],
              [
                -156.06538093109225,
                20.816468564763273
              ],
              [
                -156.06397864265148,
                20.812416196786288
              ],
              [
                -156.05990603170991,
                20.811160593587125
              ],
              [
                -156.05722306199507,
                20.80739490071848
              ],
              [
                -156.05457702644662,
                20.80854591008263
              ],
              [
                -156.05145117369617,
                20.80671894471305
              ],
              [
                -156.04920869626105,
                20.808616562253068
              ],
              [
                -156.04486596820303,
                20.805599883619514
              ],
              [
                -156.04067846626387,
                20.805210231640764
              ],
              [
                -156.03899999895742,
                20.8072320221959
              ],
              [
                -156.03072205605704,
                20.805100900896353
              ],
              [
                -156.01634705264195,
                20.79782189947775
              ],
              [
                -156.0088967989745,
                20.797243978544163
              ],
              [
                -156.00582738418464,
                20.793798563766472
              ],
              [
                -156.0009750880658,
                20.79239856955272
              ],
              [
                -156.00108190002686,
                20.790447351059882
              ],
              [
                -156.00378904957813,
                20.788954897608537
              ],
              [
                -156.0032370004162,
                20.787715136313
              ],
              [
                -156.00154056206213,
                20.78838143452834
              ],
              [
                -156.0008072408323,
                20.78627597902069
              ],
              [
                -155.99701883197423,
                20.785663971974504
              ],
              [
                -155.99671788485054,
                20.783882255535797
              ],
              [
                -155.9939303992003,
                20.78284350535411
              ],
              [
                -155.99209447068276,
                20.779373282535087
              ],
              [
                -155.98524327298182,
                20.77360736628193
              ],
              [
                -155.98432004456396,
                20.76693589263356
              ],
              [
                -155.97981728253257,
                20.765846909487696
              ],
              [
                -155.98033006958943,
                20.764076889028875
              ],
              [
                -155.9855484477055,
                20.7628632685766
              ],
              [
                -155.98723404497827,
                20.75972889074223
              ],
              [
                -155.9842860441884,
                20.75543188974719
              ],
              [
                -155.97932334211035,
                20.756062987045976
              ],
              [
                -155.97958246807366,
                20.753121889300456
              ],
              [
                -155.98177952556142,
                20.753170120250413
              ],
              [
                -155.9814591864531,
                20.751999035965596
              ],
              [
                -155.98384203494263,
                20.750817893601756
              ],
              [
                -155.98266453535066,
                20.740448102032534
              ],
              [
                -155.9844670436115,
                20.73612688489714
              ],
              [
                -155.9837510433924,
                20.73422788444084
              ],
              [
                -155.98634190387358,
                20.731344324644
              ],
              [
                -155.98600621071742,
                20.728780847010164
              ],
              [
                -155.98316807501453,
                20.726432900501177
              ],
              [
                -155.98437404327316,
                20.726175882402593
              ],
              [
                -155.98465104312362,
                20.719571880737597
              ],
              [
                -155.98820347688456,
                20.71878824544061
              ],
              [
                -155.98847821059272,
                20.707735442659455
              ],
              [
                -155.99426121683234,
                20.706491565184077
              ],
              [
                -155.99351406459448,
                20.704216501634342
              ],
              [
                -155.9968704702957,
                20.702922915215023
              ],
              [
                -155.99697904523188,
                20.70016887552096
              ],
              [
                -155.99844704554124,
                20.699686875358598
              ],
              [
                -155.99836583136874,
                20.69484147714525
              ],
              [
                -156.001101045961,
                20.69444287396802
              ],
              [
                -156.0082535282451,
                20.685100644422402
              ],
              [
                -156.0119360479724,
                20.68236787063292
              ],
              [
                -156.01560826679625,
                20.682737438621928
              ],
              [
                -156.0238508875345,
                20.68008641972417
              ],
              [
                -156.0389389594426,
                20.666666114931928
              ],
              [
                -156.0410951598284,
                20.66381473515592
              ],
              [
                -156.0405563916374,
                20.661560140605744
              ],
              [
                -156.0449814415056,
                20.658107838614953
              ],
              [
                -156.04320123509328,
                20.65751929751768
              ],
              [
                -156.04554601662537,
                20.657949529559335
              ],
              [
                -156.0468430138576,
                20.656240544094135
              ],
              [
                -156.04553119047839,
                20.653442775429596
              ],
              [
                -156.04708705476236,
                20.651560861913698
              ],
              [
                -156.06509252955016,
                20.64553650089453
              ],
              [
                -156.0896744439267,
                20.643779831759232
              ],
              [
                -156.09374854177833,
                20.642255859261912
              ],
              [
                -156.09380795674,
                20.640643843856132
              ],
              [
                -156.09887549590934,
                20.64219673110208
              ],
              [
                -156.10590910938558,
                20.639757600291592
              ],
              [
                -156.10791306786783,
                20.64099385754479
              ],
              [
                -156.11103675351458,
                20.639635161115784
              ],
              [
                -156.11229006865156,
                20.63525385598208
              ],
              [
                -156.11842172685564,
                20.63053928562684
              ],
              [
                -156.12463620520234,
                20.629720460245693
              ],
              [
                -156.12820407178202,
                20.623193852508898
              ],
              [
                -156.13464926223142,
                20.62399942752835
              ],
              [
                -156.13592535338077,
                20.619850976452557
              ],
              [
                -156.1377091218339,
                20.621702263866034
              ],
              [
                -156.1397690582805,
                20.621440956742195
              ],
              [
                -156.14019630427325,
                20.618259498932833
              ],
              [
                -156.145520324694,
                20.625921437702115
              ],
              [
                -156.15471037773963,
                20.626417440566023
              ],
              [
                -156.16235442130565,
                20.62259841839232
              ],
              [
                -156.1633791364697,
                20.620651722875525
              ],
              [
                -156.16552589995962,
                20.621147224938802
              ],
              [
                -156.16531043798236,
                20.62334542249571
              ],
              [
                -156.16717385042162,
                20.62421233466009
              ],
              [
                -156.17236613046262,
                20.62091129568575
              ],
              [
                -156.1733404837286,
                20.622500417056294
              ],
              [
                -156.1751691810953,
                20.621340060713674
              ],
              [
                -156.1776108636833,
                20.622865746026672
              ],
              [
                -156.1793935192166,
                20.627228444069253
              ],
              [
                -156.18472266436717,
                20.626410440713055
              ],
              [
                -156.1936216003984,
                20.62847945097878
              ],
              [
                -156.2121720283637,
                20.624412605433022
              ],
              [
                -156.2138051836544,
                20.62223270184051
              ],
              [
                -156.22277688955677,
                20.619794911974893
              ],
              [
                -156.22486702890257,
                20.61619055101262
              ],
              [
                -156.22935464680316,
                20.6133832521819
              ],
              [
                -156.2357337931314,
                20.610896273377687
              ],
              [
                -156.2390640958835,
                20.61142784641613
              ],
              [
                -156.24647379333493,
                20.605694019769395
              ],
              [
                -156.25018809817223,
                20.606242844801187
              ],
              [
                -156.26208276354515,
                20.598391335496633
              ],
              [
                -156.26713419866536,
                20.598566115396714
              ],
              [
                -156.27065897935134,
                20.595706999580507
              ],
              [
                -156.28172310471814,
                20.593391840685975
              ],
              [
                -156.2870682827077,
                20.587483365054467
              ],
              [
                -156.29779310793572,
                20.583191837674782
              ],
              [
                -156.30496074454487,
                20.58406835369008
              ],
              [
                -156.30743062605467,
                20.582978218346856
              ],
              [
                -156.32037911297962,
                20.58512783751609
              ],
              [
                -156.3262645172383,
                20.583904476042072
              ],
              [
                -156.32838299074385,
                20.58509641428002
              ],
              [
                -156.33531111621318,
                20.583276836627014
              ],
              [
                -156.3356658772171,
                20.580965516038393
              ],
              [
                -156.339281262,
                20.580518148823327
              ],
              [
                -156.34210064473186,
                20.583944375600467
              ],
              [
                -156.34786811896655,
                20.582789836146986
              ],
              [
                -156.34915020728258,
                20.583826119369732
              ],
              [
                -156.3506505185099,
                20.58060931952184
              ],
              [
                -156.35430767932436,
                20.580860191480248
              ],
              [
                -156.35725361688787,
                20.578186872727123
              ],
              [
                -156.36511912260326,
                20.577603834356704
              ],
              [
                -156.3713212318797,
                20.57477956147287
              ],
              [
                -156.37826157544305,
                20.575812891533296
              ],
              [
                -156.38429069193285,
                20.58080317160976
              ],
              [
                -156.39097455734588,
                20.578928045949567
              ],
              [
                -156.39703251271433,
                20.579954775033283
              ],
              [
                -156.39845777309006,
                20.581865176470515
              ],
              [
                -156.40125767961288,
                20.578938533658192
              ],
              [
                -156.40336377510047,
                20.579663486779328
              ],
              [
                -156.40424970639572,
                20.58276372452971
              ],
              [
                -156.412747855275,
                20.58295418233425
              ],
              [
                -156.41495790987923,
                20.586583226178977
              ],
              [
                -156.41317610062586,
                20.590900475310182
              ],
              [
                -156.4171281277027,
                20.597271020790988
              ],
              [
                -156.42233137593956,
                20.600055750338694
              ],
              [
                -156.4230028229587,
                20.59606662032137
              ],
              [
                -156.42416243126476,
                20.59762960267921
              ],
              [
                -156.42650294167234,
                20.594278013773604
              ],
              [
                -156.42722944887382,
                20.59555822107307
              ],
              [
                -156.42930518531324,
                20.59499813187349
              ],
              [
                -156.43107296076963,
                20.59706426333976
              ],
              [
                -156.4358199878523,
                20.598192269485907
              ],
              [
                -156.43822200255553,
                20.603567300761856
              ],
              [
                -156.44167702235677,
                20.60479630797021
              ],
              [
                -156.4403190792484,
                20.610696593485372
              ],
              [
                -156.4372481436425,
                20.612889845122215
              ],
              [
                -156.43767714390103,
                20.6179568463777
              ],
              [
                -156.44597614212807,
                20.630235845211836
              ],
              [
                -156.45005514312192,
                20.633158845826056
              ],
              [
                -156.45260482168146,
                20.633083406733924
              ],
              [
                -156.4518691305627,
                20.6344216530899
              ],
              [
                -156.45334702695664,
                20.636523723573376
              ],
              [
                -156.44716914270973,
                20.640066847637495
              ],
              [
                -156.44684514277867,
                20.644394848729785
              ],
              [
                -156.4438004981398,
                20.645391531066682
              ],
              [
                -156.44334205317125,
                20.649476683102147
              ],
              [
                -156.44151167980246,
                20.650547095422603
              ],
              [
                -156.4414201268863,
                20.65375335022756
              ],
              [
                -156.44409637252437,
                20.655234852521417
              ],
              [
                -156.44225936116072,
                20.65650946889319
              ],
              [
                -156.44166414219697,
                20.661668853201455
              ],
              [
                -156.4441972279276,
                20.66696937145513
              ],
              [
                -156.44381414312934,
                20.67578085667138
              ],
              [
                -156.44527814356903,
                20.679377857529502
              ],
              [
                -156.44343428927525,
                20.682848053451078
              ],
              [
                -156.44498914371323,
                20.68577385913862
              ],
              [
                -156.4439921436217,
                20.6897208601552
              ],
              [
                -156.4451127561421,
                20.698122104225714
              ],
              [
                -156.44741314485086,
                20.704311863708746
              ],
              [
                -156.44617714470104,
                20.708081864688072
              ],
              [
                -156.4470964001847,
                20.716709221821127
              ],
              [
                -156.4503301462705,
                20.728141869589756
              ],
              [
                -156.45550399556151,
                20.73273667559061
              ],
              [
                -156.45694514801937,
                20.737028871623476
              ],
              [
                -156.46027999840356,
                20.7568932525001
              ],
              [
                -156.45948654163809,
                20.769424535660377
              ],
              [
                -156.4632171508455,
                20.781175882494697
              ],
              [
                -156.47294479725136,
                20.789110286199644
              ],
              [
                -156.4869311565362,
                20.795193885317534
              ],
              [
                -156.49743515891083,
                20.796946885451803
              ],
              [
                -156.50642258783992,
                20.79532061378391
              ],
              [
                -156.50946516141147,
                20.792285883935936
              ],
              [
                -156.51389939534704,
                20.790992838483568
              ],
              [
                -156.511366435787,
                20.79095087654655
              ],
              [
                -156.5141651623832,
                20.79030788330439
              ],
              [
                -156.51561216255556,
                20.785834882142698
              ],
              [
                -156.5228611639212,
                20.778731880154456
              ],
              [
                -156.52266003082286,
                20.777087478748673
              ],
              [
                -156.52526719543232,
                20.77813921193626
              ],
              [
                -156.5309776415719,
                20.774492298857812
              ],
              [
                -156.53271348599156,
                20.77561769608904
              ],
              [
                -156.53684799585406,
                20.774118760593915
              ],
              [
                -156.54408816865745,
                20.78042387996169
              ],
              [
                -156.54739244440813,
                20.781097510034286
              ],
              [
                -156.56143017279703,
                20.79003488186299
              ],
              [
                -156.56750353321925,
                20.79256449231941
              ],
              [
                -156.5862971784695,
                20.795812882585256
              ],
              [
                -156.60553918314443,
                20.808952885312557
              ],
              [
                -156.61224231366356,
                20.81021128543191
              ],
              [
                -156.6185631859631,
                20.807369884536584
              ],
              [
                -156.6213501866319,
                20.809020884868325
              ],
              [
                -156.62356580708703,
                20.80801416355178
              ],
              [
                -156.62843189238285,
                20.814775571101446
              ],
              [
                -156.6320787445015,
                20.824304687379147
              ],
              [
                -156.64044056260124,
                20.83206378307619
              ],
              [
                -156.64808521739,
                20.8351975576367
              ],
              [
                -156.65522619533456,
                20.846388893227843
              ],
              [
                -156.66939790386994,
                20.85880620891952
              ],
              [
                -156.67938126148107,
                20.87117653572187
              ],
              [
                -156.67765220106003,
                20.86997389847169
              ],
              [
                -156.67844920134243,
                20.873186899252236
              ],
              [
                -156.68791066774082,
                20.882600903329987
              ],
              [
                -156.68523920331734,
                20.887574902652975
              ],
              [
                -156.68511720377032,
                20.90199890626583
              ],
              [
                -156.6887651608175,
                20.909296161984624
              ],
              [
                -156.69618093463723,
                20.914844640154932
              ],
              [
                -156.69732497497736,
                20.917482969781524
              ],
              [
                -156.69521963076477,
                20.925029884732048
              ],
              [
                -156.69717275627107,
                20.927299629242555
              ],
              [
                -156.69332754058183,
                20.93205274354525
              ],
              [
                -156.69214398986736,
                20.948430110678917
              ],
              [
                -156.6867662609199,
                20.955572265624994
              ],
              [
                -156.67943721195715,
                20.975141709739507
              ],
              [
                -156.67390309995412,
                20.981653357532828
              ],
              [
                -156.67484914425236,
                20.9843331831758
              ],
              [
                -156.67306386585992,
                20.98437323823846
              ],
              [
                -156.67301497495575,
                20.98756327003858
              ],
              [
                -156.66995107230485,
                20.988311913316362
              ],
              [
                -156.67010366043343,
                20.991150049022423
              ],
              [
                -156.66836415807018,
                20.991764215227477
              ],
              [
                -156.66967641441633,
                20.99345794161282
              ],
              [
                -156.66636525678453,
                20.996408610449222
              ],
              [
                -156.66860620336215,
                20.99889793100645
              ],
              [
                -156.66683827900178,
                20.9997846182806
              ],
              [
                -156.66859304046986,
                21.002203137834385
              ],
              [
                -156.66662320301876,
                21.001710931769264
              ],
              [
                -156.66719620631403,
                21.006757728016012
              ],
              [
                -156.66294920228168,
                21.003908932427965
              ],
              [
                -156.65804921521791,
                21.004429013702698
              ],
              [
                -156.65655385291763,
                21.005315931968873
              ],
              [
                -156.6569030711048,
                21.008607432782824
              ],
              [
                -156.65400620033245,
                21.00462593287125
              ],
              [
                -156.65240346198354,
                21.004768521954222
              ],
              [
                -156.6467424498725,
                21.008899841155685
              ],
              [
                -156.64536915868104,
                21.012237702032035
              ],
              [
                -156.6424699880094,
                21.01128402687868
              ],
              [
                -156.64190520098148,
                21.014177519619945
              ],
              [
                -156.63880619725404,
                21.01287593538532
              ],
              [
                -156.6380391971385,
                21.01448293581042
              ],
              [
                -156.6416002370811,
                21.01916710087848
              ],
              [
                -156.6414171322044,
                21.024061359109655
              ],
              [
                -156.63935719478727,
                21.025182880451254
              ],
              [
                -156.63753119734915,
                21.024133938242393
              ],
              [
                -156.6307169838892,
                21.025449873772953
              ],
              [
                -156.6261901947828,
                21.02224293810314
              ],
              [
                -156.61689495581734,
                21.024824865023774
              ],
              [
                -156.61035023025153,
                21.02120033630871
              ],
              [
                -156.60949573816072,
                21.024128117067235
              ],
              [
                -156.6048112892613,
                21.02816025321528
              ],
              [
                -156.60479610032485,
                21.0301606607168
              ]
            ]
          ]
        ]
      }
    },
    {
      "type": "Feature",
      "properties": {
        "STATE": "HI",
        "CWA": "HFO",
        "COUNTYNAME": "Molokai in Maui",
        "FIPS": "15009",
        "TIME_ZONE": "H"
      },
      "geometry": {
        "type": "MultiPolygon",
        "coordinates": [
          [
            [
              [
                -156.87449518730628,
                21.044838106396682
              ],
              [
                -156.87498346841707,
                21.044933473405937
              ],
              [
                -156.8743273402751,
                21.045009767444594
              ],
              [
                -156.87449518730628,
                21.044838106396682
              ]
            ]
          ],
          [
            [
              [
                -157.02830441246496,
                21.08240622118474
              ],
              [
                -157.0273275352457,
                21.082284079183573
              ],
              [
                -157.02912972658783,
                21.080682217728928
              ],
              [
                -157.02830441246496,
                21.08240622118474
              ]
            ]
          ],
          [
            [
              [
                -157.1006313020372,
                21.101387943749682
              ],
              [
                -157.10158840222024,
                21.100583387519716
              ],
              [
                -157.10294982853665,
                21.10107056560031
              ],
              [
                -157.10174330226727,
                21.100959943609137
              ],
              [
                -157.1006313020372,
                21.101387943749682
              ]
            ]
          ],
          [
            [
              [
                -156.94850033448773,
                21.187874027965574
              ],
              [
                -156.94872921651856,
                21.187299915815036
              ],
              [
                -156.94878227154933,
                21.187855969952533
              ],
              [
                -156.94850033448773,
                21.187874027965574
              ]
            ]
          ],
          [
            [
              [
                -156.96598691222644,
                21.21364231388664
              ],
              [
                -156.96621013926588,
                21.213357902808685
              ],
              [
                -156.966246276283,
                21.213623975874206
              ],
              [
                -156.96598691222644,
                21.21364231388664
              ]
            ]
          ],
          [
            [
              [
                -156.97601495244078,
                21.213741980608905
              ],
              [
                -156.97592038540893,
                21.213421061531466
              ],
              [
                -156.9761781614701,
                21.213547866555395
              ],
              [
                -156.97601495244078,
                21.213741980608905
              ]
            ]
          ],
          [
            [
              [
                -156.97392527800906,
                21.2145859758832
              ],
              [
                -156.97427243608246,
                21.2144948988499
              ],
              [
                -156.97406224204354,
                21.214712100910575
              ],
              [
                -156.97392527800906,
                21.2145859758832
              ]
            ]
          ],
          [
            [
              [
                -156.97102828339624,
                21.215340316159356
              ],
              [
                -156.97111403042217,
                21.215545203208038
              ],
              [
                -156.97099170239468,
                21.215530059207964
              ],
              [
                -156.97102828339624,
                21.215340316159356
              ]
            ]
          ],
          [
            [
              [
                -156.97136322748426,
                21.21575382225276
              ],
              [
                -156.97155127751853,
                21.215542976194307
              ],
              [
                -156.9714922775127,
                21.215753976248863
              ],
              [
                -156.97136322748426,
                21.21575382225276
              ]
            ]
          ],
          [
            [
              [
                -157.2534253538994,
                21.2240645747637
              ],
              [
                -157.2389693365014,
                21.21782396864597
              ],
              [
                -157.22174233268618,
                21.217131968998924
              ],
              [
                -157.21571230938895,
                21.21799487739852
              ],
              [
                -157.21194745467383,
                21.22126756633123
              ],
              [
                -157.20256332838713,
                21.214891969024023
              ],
              [
                -157.20076052507025,
                21.21719836765543
              ],
              [
                -157.19979738883748,
                21.216598698534924
              ],
              [
                -157.1898639142314,
                21.20449275381198
              ],
              [
                -157.18298832364746,
                21.20245696651251
              ],
              [
                -157.1785418897028,
                21.20344371189446
              ],
              [
                -157.164901319613,
                21.20093096668144
              ],
              [
                -157.15838531822672,
                21.202327967228815
              ],
              [
                -157.15678285174516,
                21.198602860346394
              ],
              [
                -157.15453980921532,
                21.197561448154264
              ],
              [
                -157.15015954829587,
                21.198862240612563
              ],
              [
                -157.14958070211338,
                21.197269624232064
              ],
              [
                -157.1443209619373,
                21.196748459261606
              ],
              [
                -157.14304749775246,
                21.199514827991813
              ],
              [
                -157.13597013319526,
                21.19954826221523
              ],
              [
                -157.13291810047085,
                21.198032563928972
              ],
              [
                -157.12901902766228,
                21.199480870409502
              ],
              [
                -157.11086914548412,
                21.194229310647387
              ],
              [
                -157.10182068154992,
                21.19592875934676
              ],
              [
                -157.0966632093574,
                21.19428653109255
              ],
              [
                -157.09408447382276,
                21.195253557412542
              ],
              [
                -157.0811755348057,
                21.19021243454317
              ],
              [
                -157.06695434061814,
                21.188615983574582
              ],
              [
                -157.06043883608484,
                21.185768311059668
              ],
              [
                -157.05049010388757,
                21.18560809432055
              ],
              [
                -157.0407397348397,
                21.188524431344796
              ],
              [
                -157.0119872852945,
                21.182420966686923
              ],
              [
                -157.01192680139204,
                21.185650409496585
              ],
              [
                -157.0114122851615,
                21.182236966658262
              ],
              [
                -156.99944023947594,
                21.180860611675318
              ],
              [
                -156.99655027177783,
                21.17907542531593
              ],
              [
                -156.9863372797133,
                21.184510967983787
              ],
              [
                -156.98219174936474,
                21.20098895923146
              ],
              [
                -156.97976527890899,
                21.20329497288167
              ],
              [
                -156.9818992795038,
                21.20691797372378
              ],
              [
                -156.98145932748008,
                21.20905323127135
              ],
              [
                -156.9714350904865,
                21.215357072151317
              ],
              [
                -156.96910218590827,
                21.213495995756
              ],
              [
                -156.966502922348,
                21.213868880927738
              ],
              [
                -156.96577328910726,
                21.211542322367563
              ],
              [
                -156.96028194380878,
                21.20898516089328
              ],
              [
                -156.95750626305244,
                21.204774906923404
              ],
              [
                -156.95626706057323,
                21.198764991456844
              ],
              [
                -156.949095427641,
                21.188516805108485
              ],
              [
                -156.94824305614407,
                21.179490723875556
              ],
              [
                -156.94496122332882,
                21.176808745303248
              ],
              [
                -156.94359426989095,
                21.172817966345796
              ],
              [
                -156.9315783331166,
                21.169153396790275
              ],
              [
                -156.92870426653093,
                21.170557966228156
              ],
              [
                -156.928920978659,
                21.172906700809392
              ],
              [
                -156.9265170660256,
                21.169881917124744
              ],
              [
                -156.92001126454454,
                21.1685169659787
              ],
              [
                -156.91487726352597,
                21.171837966964105
              ],
              [
                -156.9134814060109,
                21.165767853486923
              ],
              [
                -156.90778531867818,
                21.163519971095525
              ],
              [
                -156.9048023080876,
                21.165486559677216
              ],
              [
                -156.90090126007652,
                21.16106496468776
              ],
              [
                -156.8984655106018,
                21.162893677218563
              ],
              [
                -156.89746225933305,
                21.161501964900385
              ],
              [
                -156.89385898771457,
                21.166663893300406
              ],
              [
                -156.89285151847494,
                21.166153138202816
              ],
              [
                -156.89449860597261,
                21.170092720139376
              ],
              [
                -156.89036433499166,
                21.168064301755848
              ],
              [
                -156.88539125689707,
                21.16812696692075
              ],
              [
                -156.88346025623437,
                21.16118096524018
              ],
              [
                -156.8792406753025,
                21.16114253235707
              ],
              [
                -156.87681209296656,
                21.16700079689623
              ],
              [
                -156.87544123557421,
                21.164360230276436
              ],
              [
                -156.87371025427092,
                21.166662966904713
              ],
              [
                -156.8675682527412,
                21.16152396580255
              ],
              [
                -156.86538569125463,
                21.16137332183023
              ],
              [
                -156.85577225021908,
                21.163864966742057
              ],
              [
                -156.8530565875978,
                21.163212006659936
              ],
              [
                -156.84415124775842,
                21.166884967846208
              ],
              [
                -156.83357324530854,
                21.163467967307465
              ],
              [
                -156.82720124399566,
                21.166198968181906
              ],
              [
                -156.82746759311902,
                21.168098636649585
              ],
              [
                -156.82296224314047,
                21.168552968898183
              ],
              [
                -156.8188102423369,
                21.171860969850705
              ],
              [
                -156.80755486890104,
                21.173263738538687
              ],
              [
                -156.80417923922775,
                21.17537097116735
              ],
              [
                -156.80046623837666,
                21.174437971044732
              ],
              [
                -156.79710259546044,
                21.169321247864026
              ],
              [
                -156.79428923679018,
                21.16786696958396
              ],
              [
                -156.78884523563252,
                21.169153970068933
              ],
              [
                -156.78531823502146,
                21.174080971408216
              ],
              [
                -156.77247490519318,
                21.174268911838983
              ],
              [
                -156.7709772319361,
                21.17643397242595
              ],
              [
                -156.7684842313985,
                21.1768079725941
              ],
              [
                -156.73828522457782,
                21.172263972357154
              ],
              [
                -156.73577750890934,
                21.168874929582945
              ],
              [
                -156.73595122367888,
                21.160939969590167
              ],
              [
                -156.73758257596918,
                21.158877638024983
              ],
              [
                -156.7397295364468,
                21.15898532498794
              ],
              [
                -156.7405840285893,
                21.15762347762136
              ],
              [
                -156.73621913667608,
                21.15911054012394
              ],
              [
                -156.7348314633209,
                21.157667346803798
              ],
              [
                -156.7317018036858,
                21.159316312310107
              ],
              [
                -156.72799222181206,
                21.15769796901522
              ],
              [
                -156.7168223124498,
                21.160765703116333
              ],
              [
                -156.71191821833088,
                21.159696969994652
              ],
              [
                -156.70993021779844,
                21.156933969361635
              ],
              [
                -156.71198905117953,
                21.154760547755874
              ],
              [
                -156.7112261118121,
                21.14887637530456
              ],
              [
                -156.7136572182649,
                21.14639396661039
              ],
              [
                -156.71322501307733,
                21.14366740494022
              ],
              [
                -156.71750521890695,
                21.14025696495861
              ],
              [
                -156.72307421976623,
                21.129306962050258
              ],
              [
                -156.72943322105704,
                21.12596896102509
              ],
              [
                -156.73619706815688,
                21.11433767291095
              ],
              [
                -156.74033022306844,
                21.11431995778356
              ],
              [
                -156.7397931328602,
                21.1116641861345
              ],
              [
                -156.745146406015,
                21.110880072778905
              ],
              [
                -156.74475279276294,
                21.105987870565535
              ],
              [
                -156.7700945307975,
                21.089508225685556
              ],
              [
                -156.77546562575807,
                21.08286874286362
              ],
              [
                -156.78232297027247,
                21.08292207367295
              ],
              [
                -156.78320514038793,
                21.080580187060445
              ],
              [
                -156.7846272317162,
                21.081011948126225
              ],
              [
                -156.7838274835088,
                21.080093547920136
              ],
              [
                -156.7885010444796,
                21.07831711533634
              ],
              [
                -156.78910922050042,
                21.074962990478667
              ],
              [
                -156.79124319889806,
                21.072801974874242
              ],
              [
                -156.78942742059195,
                21.075596020627675
              ],
              [
                -156.7919362041528,
                21.075818959608842
              ],
              [
                -156.79283623329647,
                21.07419594617578
              ],
              [
                -156.79161516196956,
                21.07249020778517
              ],
              [
                -156.79823174333086,
                21.069591684862765
              ],
              [
                -156.80050530284734,
                21.07003800490678
              ],
              [
                -156.80260383520545,
                21.066941367069283
              ],
              [
                -156.81840823863905,
                21.065421943218496
              ],
              [
                -156.81979241687478,
                21.06336609666282
              ],
              [
                -156.82292046858012,
                21.063829582685646
              ],
              [
                -156.82931024085207,
                21.05978194148242
              ],
              [
                -156.83241143755598,
                21.060379187539468
              ],
              [
                -156.8368212283067,
                21.053829350769163
              ],
              [
                -156.83796924260372,
                21.05513094006062
              ],
              [
                -156.84750924465732,
                21.05366893941053
              ],
              [
                -156.8489111228018,
                21.048805393151916
              ],
              [
                -156.85151544544559,
                21.050867237590133
              ],
              [
                -156.84851621184296,
                21.05259610811211
              ],
              [
                -156.84866205196417,
                21.055229344766616
              ],
              [
                -156.85177484572634,
                21.05747620223599
              ],
              [
                -156.85924224731457,
                21.05576893958621
              ],
              [
                -156.86006517643966,
                21.0541053521454
              ],
              [
                -156.8639513613062,
                21.054401555103613
              ],
              [
                -156.86574168156775,
                21.05046966606658
              ],
              [
                -156.86810175305334,
                21.04944816874063
              ],
              [
                -156.87121324977403,
                21.050482937906693
              ],
              [
                -156.87443600133844,
                21.046173019732375
              ],
              [
                -156.8804613006743,
                21.04641262361256
              ],
              [
                -156.88069025678158,
                21.048090136025383
              ],
              [
                -156.88288389821705,
                21.046674429605737
              ],
              [
                -156.88514189878154,
                21.04864943003241
              ],
              [
                -156.89088433607964,
                21.049615716102707
              ],
              [
                -156.89528890124063,
                21.055235431376943
              ],
              [
                -156.90009944126626,
                21.0542203549793
              ],
              [
                -156.90318171700238,
                21.055900730307567
              ],
              [
                -156.90557590348166,
                21.054476430879763
              ],
              [
                -156.90591304062133,
                21.056404270351912
              ],
              [
                -156.91485037159566,
                21.056554796122402
              ],
              [
                -156.95027035063364,
                21.06346718279135
              ],
              [
                -156.9534899564329,
                21.06611458335696
              ],
              [
                -156.96242827047183,
                21.06817393960413
              ],
              [
                -156.96587827124546,
                21.0685759396012
              ],
              [
                -156.96713131646965,
                21.067052998182835
              ],
              [
                -156.96708027153804,
                21.069392939769504
              ],
              [
                -156.96922227203586,
                21.07015693989633
              ],
              [
                -156.97765527391957,
                21.07092893983646
              ],
              [
                -156.97952072929132,
                21.06978084549339
              ],
              [
                -156.98116940565743,
                21.069868245465827
              ],
              [
                -156.98165292076942,
                21.070030432491883
              ],
              [
                -156.98219174491234,
                21.07074181065359
              ],
              [
                -156.98223527500446,
                21.073164940258152
              ],
              [
                -156.98536557376923,
                21.07537666971725
              ],
              [
                -156.9978402786309,
                21.078727941180674
              ],
              [
                -157.00083798924237,
                21.077299276733434
              ],
              [
                -156.99893063989776,
                21.07951180134393
              ],
              [
                -157.0087573021236,
                21.081321875501267
              ],
              [
                -157.0183550833898,
                21.08579460933103
              ],
              [
                -157.02831994463523,
                21.08729081140539
              ],
              [
                -157.02789182858416,
                21.088556450734675
              ],
              [
                -157.0294787429129,
                21.087949913535336
              ],
              [
                -157.03550596647705,
                21.094885034087728
              ],
              [
                -157.04874475243355,
                21.096098308992392
              ],
              [
                -157.04977293672445,
                21.09798447643293
              ],
              [
                -157.06280394571309,
                21.10147873991371
              ],
              [
                -157.0641768869817,
                21.10049477662634
              ],
              [
                -157.07713129690885,
                21.10268994478439
              ],
              [
                -157.09145933704397,
                21.102136968213806
              ],
              [
                -157.09344360160017,
                21.105619593024294
              ],
              [
                -157.10248627543672,
                21.10113316862996
              ],
              [
                -157.11279430470813,
                21.10120994333781
              ],
              [
                -157.1192303060154,
                21.098028942348453
              ],
              [
                -157.12243530676966,
                21.099454942607917
              ],
              [
                -157.1387203101599,
                21.09382194070811
              ],
              [
                -157.147017220958,
                21.09302155125723
              ],
              [
                -157.14951966344532,
                21.09117905172118
              ],
              [
                -157.1547229116556,
                21.09308640104032
              ],
              [
                -157.1608173149715,
                21.09236093967467
              ],
              [
                -157.16111531499513,
                21.091141939361123
              ],
              [
                -157.16917531682586,
                21.092817939535845
              ],
              [
                -157.1780249637098,
                21.090990775811473
              ],
              [
                -157.19238132188607,
                21.091527938510758
              ],
              [
                -157.19433790730434,
                21.091175906363514
              ],
              [
                -157.19436525425897,
                21.08968368899
              ],
              [
                -157.1953003225162,
                21.091180938335594
              ],
              [
                -157.2431018369259,
                21.088216936145358
              ],
              [
                -157.24883733206318,
                21.08462871907519
              ],
              [
                -157.24688598070847,
                21.086785428672997
              ],
              [
                -157.2509448556093,
                21.087030564610927
              ],
              [
                -157.25004798136018,
                21.085524428262097
              ],
              [
                -157.24973922622024,
                21.083433529749385
              ],
              [
                -157.2514941727447,
                21.087455902700466
              ],
              [
                -157.28439934217147,
                21.093054936098163
              ],
              [
                -157.29859309029408,
                21.09313826768699
              ],
              [
                -157.30500534677313,
                21.095156935995693
              ],
              [
                -157.31118656935874,
                21.101722872446505
              ],
              [
                -157.30060534650144,
                21.115257941147938
              ],
              [
                -157.2990493463529,
                21.120846942590738
              ],
              [
                -157.30079533185148,
                21.124160927364922
              ],
              [
                -157.29640080007516,
                21.129640741867128
              ],
              [
                -157.29662968224756,
                21.133165522740278
              ],
              [
                -157.2896533448753,
                21.137827947117163
              ],
              [
                -157.29106934528755,
                21.140740947801415
              ],
              [
                -157.28878666280545,
                21.14131181101359
              ],
              [
                -157.2912703454008,
                21.14273294829268
              ],
              [
                -157.289022476043,
                21.14667092834462
              ],
              [
                -157.28341034295426,
                21.15086214956245
              ],
              [
                -157.28178134372592,
                21.15460995154812
              ],
              [
                -157.27912434313794,
                21.154502951602435
              ],
              [
                -157.27765942494068,
                21.15810574554687
              ],
              [
                -157.27193940673513,
                21.159616954098777
              ],
              [
                -157.2573463389453,
                21.171729956569365
              ],
              [
                -157.25214433802637,
                21.178230958351985
              ],
              [
                -157.25271487931298,
                21.182876764495138
              ],
              [
                -157.25005533776135,
                21.183840959817132
              ],
              [
                -157.24844233754402,
                21.187806960857124
              ],
              [
                -157.24986933802415,
                21.192597962010517
              ],
              [
                -157.24842773273042,
                21.19327372322335
              ],
              [
                -157.24764896071378,
                21.19773119936073
              ],
              [
                -157.24889333803128,
                21.19899096363749
              ],
              [
                -157.24807620697294,
                21.202490035536666
              ],
              [
                -157.24941898129106,
                21.203144255659122
              ],
              [
                -157.24766421995065,
                21.204460327041463
              ],
              [
                -157.25043896862275,
                21.2062332093997
              ],
              [
                -157.25111270681026,
                21.207363198661447
              ],
              [
                -157.24970889851892,
                21.20786875983064
              ],
              [
                -157.25436282970452,
                21.2125207838508
              ],
              [
                -157.25889234077047,
                21.21451596721086
              ],
              [
                -157.26059824525746,
                21.217727830961234
              ],
              [
                -157.2582843398152,
                21.219652362512775
              ],
              [
                -157.25792866984426,
                21.222739633295
              ],
              [
                -157.2534253538994,
                21.2240645747637
              ]
            ],
            [
              [
                -156.98079392057676,
                21.069927432491866
              ],
              [
                -156.97836178809234,
                21.071434178941605
              ],
              [
                -156.98126927478714,
                21.073031940253866
              ],
              [
                -156.98213070991198,
                21.071127095751763
              ],
              [
                -156.98079392057676,
                21.069927432491866
              ]
            ]
          ]
        ]
      }
    },
    {
      "type": "Feature",
      "properties": {
        "STATE": "HI",
        "CWA": "HFO",
        "COUNTYNAME": "Hawaii in Hawaii",
        "FIPS": "15001",
        "TIME_ZONE": "H"
      },
      "geometry": {
        "type": "MultiPolygon",
        "coordinates": [
          [
            [
              [
                -155.90937650774427,
                19.181220724214718
              ],
              [
                -155.90954734576752,
                19.180729349087866
              ],
              [
                -155.91024197992837,
                19.181025498143452
              ],
              [
                -155.90937650774427,
                19.181220724214718
              ]
            ]
          ],
          [
            [
              [
                -155.25374283814253,
                19.26779653673693
              ],
              [
                -155.25466732833632,
                19.267446760625933
              ],
              [
                -155.25446687530766,
                19.26799643476846
              ],
              [
                -155.25374283814253,
                19.26779653673693
              ]
            ]
          ],
          [
            [
              [
                -156.00678865249316,
                19.635429208848244
              ],
              [
                -156.00587353727295,
                19.63478971971329
              ],
              [
                -156.0070870145534,
                19.635253608796443
              ],
              [
                -156.00678865249316,
                19.635429208848244
              ]
            ]
          ],
          [
            [
              [
                -155.92097218228218,
                19.856965716479852
              ],
              [
                -155.92106200228542,
                19.856417666340437
              ],
              [
                -155.92114105731733,
                19.85689914545865
              ],
              [
                -155.92097218228218,
                19.856965716479852
              ]
            ]
          ],
          [
            [
              [
                -155.85060475032634,
                20.26813069628115
              ],
              [
                -155.84745599854975,
                20.26549577070756
              ],
              [
                -155.83590634606296,
                20.267551404539937
              ],
              [
                -155.8336649594733,
                20.264480776832144
              ],
              [
                -155.83185999505727,
                20.26391377073967
              ],
              [
                -155.83034226176719,
                20.265375816147653
              ],
              [
                -155.82967986753218,
                20.262496936444485
              ],
              [
                -155.82639922673306,
                20.260074602927652
              ],
              [
                -155.81872405504163,
                20.260187137166476
              ],
              [
                -155.81506499116625,
                20.25800076971905
              ],
              [
                -155.81268699666515,
                20.25878129397985
              ],
              [
                -155.8111739902694,
                20.256780769520095
              ],
              [
                -155.80732841741784,
                20.25670498260654
              ],
              [
                -155.803419485433,
                20.252756105724238
              ],
              [
                -155.80058398779855,
                20.252487768734692
              ],
              [
                -155.79820097814712,
                20.24842070078088
              ],
              [
                -155.79076994651828,
                20.248821244084834
              ],
              [
                -155.77828825356227,
                20.242336257801433
              ],
              [
                -155.77378691055605,
                20.241945251826646
              ],
              [
                -155.77101598108797,
                20.246631768076927
              ],
              [
                -155.7692245316375,
                20.24484823667897
              ],
              [
                -155.770170576767,
                20.242261871004914
              ],
              [
                -155.7651709906333,
                20.241303769901577
              ],
              [
                -155.76481474049345,
                20.23931120241195
              ],
              [
                -155.76127470063108,
                20.236690504851982
              ],
              [
                -155.7593978692086,
                20.23643301283875
              ],
              [
                -155.7580528289664,
                20.238222002323834
              ],
              [
                -155.75332736684848,
                20.23580699484777
              ],
              [
                -155.7524703764623,
                20.229387265262286
              ],
              [
                -155.74864397563758,
                20.23005476453411
              ],
              [
                -155.74876249057635,
                20.227203350816243
              ],
              [
                -155.74732816324467,
                20.226718883734012
              ],
              [
                -155.74432797465738,
                20.22917976443268
              ],
              [
                -155.73971402650432,
                20.224811535463836
              ],
              [
                -155.73892056924495,
                20.222066859797646
              ],
              [
                -155.73364297199677,
                20.219375762267173
              ],
              [
                -155.73402249604547,
                20.218229273969524
              ],
              [
                -155.7313369495052,
                20.219957332475847
              ],
              [
                -155.7307169592746,
                20.21689897972627
              ],
              [
                -155.73376309679045,
                20.21176908235752
              ],
              [
                -155.7313069710106,
                20.20401175848045
              ],
              [
                -155.72027432336034,
                20.197032903032074
              ],
              [
                -155.71709846265813,
                20.197009266112662
              ],
              [
                -155.71681096746138,
                20.19264775602741
              ],
              [
                -155.7132400207156,
                20.194055531477446
              ],
              [
                -155.69616543167638,
                20.185291262745448
              ],
              [
                -155.68871914081453,
                20.178176851164782
              ],
              [
                -155.68127035817938,
                20.178517020452357
              ],
              [
                -155.65583644215593,
                20.165229765812175
              ],
              [
                -155.6514009521451,
                20.164214750677985
              ],
              [
                -155.64697695093608,
                20.156592748887398
              ],
              [
                -155.64073594946282,
                20.153484748277407
              ],
              [
                -155.63748394848844,
                20.145054746252388
              ],
              [
                -155.63349756954858,
                20.14310642387193
              ],
              [
                -155.6220076519996,
                20.142764949097096
              ],
              [
                -155.6151029433149,
                20.137515744967935
              ],
              [
                -155.607570506626,
                20.136706653968698
              ],
              [
                -155.59647973872586,
                20.121854741545107
              ],
              [
                -155.5883620608564,
                20.119350392136308
              ],
              [
                -155.57911493484693,
                20.12047174166672
              ],
              [
                -155.5714029332919,
                20.125410743112866
              ],
              [
                -155.55648693009476,
                20.128705744340927
              ],
              [
                -155.54966576353414,
                20.12695308708521
              ],
              [
                -155.547793928049,
                20.124587743542516
              ],
              [
                -155.53930504309017,
                20.121854743085766
              ],
              [
                -155.5368169254664,
                20.11940874253937
              ],
              [
                -155.53257591553265,
                20.1195315916843
              ],
              [
                -155.53195146843308,
                20.12080657802079
              ],
              [
                -155.52790672545422,
                20.117996176424835
              ],
              [
                -155.52157432603354,
                20.11730380842148
              ],
              [
                -155.5140129202011,
                20.111961741285068
              ],
              [
                -155.508455918961,
                20.11157574133755
              ],
              [
                -155.50722892274493,
                20.113408617830185
              ],
              [
                -155.49999839407417,
                20.111009557422697
              ],
              [
                -155.49642948232648,
                20.112384412863296
              ],
              [
                -155.49011091478403,
                20.10754774081986
              ],
              [
                -155.47277670782236,
                20.103254276207917
              ],
              [
                -155.47056418225495,
                20.100650744614256
              ],
              [
                -155.46398729680848,
                20.10091000085549
              ],
              [
                -155.45613444100127,
                20.09855351147474
              ],
              [
                -155.45042257658827,
                20.09355540637403
              ],
              [
                -155.4441729041991,
                20.093315738481145
              ],
              [
                -155.43939046907911,
                20.091236070087458
              ],
              [
                -155.43771906373615,
                20.092125123355146
              ],
              [
                -155.43661336939968,
                20.089055970614837
              ],
              [
                -155.41674889780478,
                20.082316736455237
              ],
              [
                -155.4122518966741,
                20.077765735433687
              ],
              [
                -155.40240689443385,
                20.075665735169594
              ],
              [
                -155.39898518651958,
                20.070394467938556
              ],
              [
                -155.39097432060876,
                20.065738628984143
              ],
              [
                -155.37759235954823,
                20.06236643549468
              ],
              [
                -155.37243488727086,
                20.057786731483077
              ],
              [
                -155.36768656120233,
                20.05717602745625
              ],
              [
                -155.35484149913063,
                20.049444146858118
              ],
              [
                -155.34600665816205,
                20.04896730897334
              ],
              [
                -155.3413878799697,
                20.043231728657034
              ],
              [
                -155.33412005929225,
                20.040889686262414
              ],
              [
                -155.32765033069697,
                20.035371725049647
              ],
              [
                -155.31628887409224,
                20.032300726580495
              ],
              [
                -155.29352086872998,
                20.021346724435194
              ],
              [
                -155.28006403567775,
                20.018823759158202
              ],
              [
                -155.26894975402445,
                20.012269924807462
              ],
              [
                -155.2618544172523,
                20.00543588227997
              ],
              [
                -155.25167672385547,
                20.000539329319928
              ],
              [
                -155.24825883293013,
                19.994817670974232
              ],
              [
                -155.2401023460948,
                19.993787532930895
              ],
              [
                -155.2410719412246,
                19.9909152341845
              ],
              [
                -155.23837113451225,
                19.987028057280224
              ],
              [
                -155.23115260084808,
                19.98476328390209
              ],
              [
                -155.21238541139684,
                19.97464554785708
              ],
              [
                -155.2020857258778,
                19.96650116708401
              ],
              [
                -155.20084976350213,
                19.963027884244788
              ],
              [
                -155.19702022157495,
                19.960318774665566
              ],
              [
                -155.19575332613948,
                19.955039906374
              ],
              [
                -155.1874826842806,
                19.954070350347923
              ],
              [
                -155.17808311704124,
                19.94864955323414
              ],
              [
                -155.17558120237075,
                19.944669649300888
              ],
              [
                -155.15782381907184,
                19.932086598608237
              ],
              [
                -155.1497633250007,
                19.922275464356876
              ],
              [
                -155.13850673329458,
                19.91493247880838
              ],
              [
                -155.1347367833142,
                19.90993753565329
              ],
              [
                -155.13540480139187,
                19.907535471032936
              ],
              [
                -155.12867567378927,
                19.903655923235068
              ],
              [
                -155.12881682871122,
                19.89991169829165
              ],
              [
                -155.12522682793693,
                19.900605698559595
              ],
              [
                -155.12359682751105,
                19.89837469804222
              ],
              [
                -155.1192508192588,
                19.888418628656858
              ],
              [
                -155.11921982608223,
                19.88259669419654
              ],
              [
                -155.11055182406352,
                19.879152693558222
              ],
              [
                -155.1105787449811,
                19.876119524796277
              ],
              [
                -155.1049787675439,
                19.86932173223616
              ],
              [
                -155.10289482209404,
                19.86971169138832
              ],
              [
                -155.10019582142567,
                19.867270690845967
              ],
              [
                -155.09739610985082,
                19.868810094305253
              ],
              [
                -155.096664820665,
                19.867986691117615
              ],
              [
                -155.09826881999368,
                19.86708069184847
              ],
              [
                -155.09615077145466,
                19.864666099297636
              ],
              [
                -155.0924671546415,
                19.864736631411215
              ],
              [
                -155.08816357853357,
                19.859390166181356
              ],
              [
                -155.08927746972307,
                19.85742750365981
              ],
              [
                -155.08775912834662,
                19.856035836350028
              ],
              [
                -155.08816981836085,
                19.853397687677234
              ],
              [
                -155.08338757627274,
                19.85237493554493
              ],
              [
                -155.0843031033766,
                19.848974132667642
              ],
              [
                -155.08179181675163,
                19.846590686134746
              ],
              [
                -155.08486881730744,
                19.842278684972598
              ],
              [
                -155.08259411861584,
                19.835794350404424
              ],
              [
                -155.08536081694604,
                19.82607068089247
              ],
              [
                -155.08698181727917,
                19.825188680629058
              ],
              [
                -155.0864138171048,
                19.82351068022277
              ],
              [
                -155.08921681762266,
                19.81997967926395
              ],
              [
                -155.09196301624354,
                19.82043637530719
              ],
              [
                -155.08857802047658,
                19.819816699239613
              ],
              [
                -155.08798381729602,
                19.81812267882997
              ],
              [
                -155.09185620496848,
                19.811763658133863
              ],
              [
                -155.08933850436833,
                19.810275925825948
              ],
              [
                -155.093872818363,
                19.80998067663418
              ],
              [
                -155.093275272138,
                19.80677784784606
              ],
              [
                -155.09059381752314,
                19.806032675728694
              ],
              [
                -155.09021381737696,
                19.803888675200636
              ],
              [
                -155.08700390866156,
                19.80370892323881
              ],
              [
                -155.0860018163454,
                19.800446674446306
              ],
              [
                -155.09031981713235,
                19.79463267287561
              ],
              [
                -155.0899335958465,
                19.78770817114836
              ],
              [
                -155.0862257098949,
                19.783168681105654
              ],
              [
                -155.08798781623798,
                19.78155266965455
              ],
              [
                -155.0868098159548,
                19.780772669489377
              ],
              [
                -155.08843823424414,
                19.778320198831942
              ],
              [
                -155.08753796495122,
                19.775077706041806
              ],
              [
                -155.08978483438892,
                19.77302651046904
              ],
              [
                -155.09095593452253,
                19.768686178349927
              ],
              [
                -155.0886438158367,
                19.762651664896
              ],
              [
                -155.09022506401664,
                19.756772245380304
              ],
              [
                -155.09413081689064,
                19.757125663367805
              ],
              [
                -155.09094067512825,
                19.755157351956694
              ],
              [
                -155.09002781584277,
                19.752264662254714
              ],
              [
                -155.09134081602883,
                19.748649661314026
              ],
              [
                -155.08963281534645,
                19.73809465871079
              ],
              [
                -155.09084912252084,
                19.734815472856877
              ],
              [
                -155.08787365769462,
                19.72898279947094
              ],
              [
                -155.0905028152033,
                19.726460655770396
              ],
              [
                -155.08701916547764,
                19.72801005224902
              ],
              [
                -155.08339281356766,
                19.724261655402632
              ],
              [
                -155.07124157385965,
                19.72354113353581
              ],
              [
                -155.07079906872784,
                19.722362391251615
              ],
              [
                -155.0713483849528,
                19.725955837138706
              ],
              [
                -155.06620617193101,
                19.729965085277147
              ],
              [
                -155.06395180942818,
                19.729817657298383
              ],
              [
                -155.06248580904287,
                19.72769665680423
              ],
              [
                -155.06302380910088,
                19.725580656259577
              ],
              [
                -155.06229992089249,
                19.723901622857095
              ],
              [
                -155.05987377346028,
                19.727527492829232
              ],
              [
                -155.05554027655296,
                19.729307050387508
              ],
              [
                -155.05659248382042,
                19.73051160266249
              ],
              [
                -155.05447216133567,
                19.7299650855801
              ],
              [
                -155.0544569024354,
                19.733545179478597
              ],
              [
                -155.05211880685562,
                19.73137065799344
              ],
              [
                -155.05164980678245,
                19.73243465827244
              ],
              [
                -155.0545942314862,
                19.734254713652994
              ],
              [
                -155.06347484869679,
                19.742803452568122
              ],
              [
                -155.0752698953031,
                19.742713806240786
              ],
              [
                -155.0669061854836,
                19.74376817272147
              ],
              [
                -155.0633680376795,
                19.743022797625905
              ],
              [
                -155.06054516099638,
                19.74098574818787
              ],
              [
                -155.0544111254504,
                19.73441874569891
              ],
              [
                -155.0470838057479,
                19.73158165817629
              ],
              [
                -155.0447488163253,
                19.734843494054864
              ],
              [
                -155.04282970189294,
                19.73457133403609
              ],
              [
                -155.04299754901382,
                19.73748194876192
              ],
              [
                -155.04034749647118,
                19.73899745521055
              ],
              [
                -155.03272838172293,
                19.736816283859888
              ],
              [
                -155.03208780261585,
                19.73802166017885
              ],
              [
                -155.03157680239542,
                19.73428865925546
              ],
              [
                -155.0302138021109,
                19.734879659438867
              ],
              [
                -155.02862080171218,
                19.733270659076243
              ],
              [
                -155.0261060662209,
                19.73553263870861
              ],
              [
                -155.02232780028362,
                19.732006658921353
              ],
              [
                -155.01402079851903,
                19.73455765977551
              ],
              [
                -155.01385079856323,
                19.737403660493957
              ],
              [
                -155.01011485166677,
                19.734971877980083
              ],
              [
                -155.00308054813533,
                19.735843536379992
              ],
              [
                -154.99281589649758,
                19.723076448440715
              ],
              [
                -154.98979070353698,
                19.712920618970305
              ],
              [
                -154.98223703648168,
                19.699518073801695
              ],
              [
                -154.9820844482417,
                19.692314015998125
              ],
              [
                -154.98054478989422,
                19.69207564997789
              ],
              [
                -154.978366789281,
                19.687484645881945
              ],
              [
                -154.97990288735306,
                19.678121133493452
              ],
              [
                -154.98330567993594,
                19.672179792915678
              ],
              [
                -154.98182990851302,
                19.66880472210686
              ],
              [
                -154.98307626848992,
                19.658346035451327
              ],
              [
                -154.9791117884552,
                19.65282064016692
              ],
              [
                -154.98290842203318,
                19.643648002768895
              ],
              [
                -154.97947778805846,
                19.636078635958206
              ],
              [
                -154.97177665418354,
                19.6300557226446
              ],
              [
                -154.96493578461255,
                19.628020634309184
              ],
              [
                -154.95899789315015,
                19.622785419147835
              ],
              [
                -154.9530927408918,
                19.624463886719795
              ],
              [
                -154.94700448250637,
                19.62310203953375
              ],
              [
                -154.9450837799514,
                19.618527632435352
              ],
              [
                -154.94845406746774,
                19.610469666328125
              ],
              [
                -154.94454781635486,
                19.60171111923099
              ],
              [
                -154.93194337439297,
                19.595579276014536
              ],
              [
                -154.92587054690475,
                19.590468490887396
              ],
              [
                -154.92022530039657,
                19.581313928735007
              ],
              [
                -154.9122144345602,
                19.57903655436769
              ],
              [
                -154.90378176940214,
                19.568690620987223
              ],
              [
                -154.88908210495964,
                19.561931447665337
              ],
              [
                -154.88267676437812,
                19.55610161836566
              ],
              [
                -154.8724347590434,
                19.553651619011053
              ],
              [
                -154.8671247017085,
                19.547971559720935
              ],
              [
                -154.85005288487713,
                19.546025993665502
              ],
              [
                -154.84742475619333,
                19.54239361582083
              ],
              [
                -154.8410347957103,
                19.539929348364428
              ],
              [
                -154.83482183820294,
                19.53520948833764
              ],
              [
                -154.82417120082604,
                19.53447897342376
              ],
              [
                -154.81185735488978,
                19.52694303784433
              ],
              [
                -154.8069096515825,
                19.519374244070452
              ],
              [
                -154.80690370946863,
                19.51536684906527
              ],
              [
                -154.8115979553701,
                19.510482614721465
              ],
              [
                -154.81243691831114,
                19.501768477514343
              ],
              [
                -154.8148315147938,
                19.500092452033513
              ],
              [
                -154.8169757483245,
                19.502100606483136
              ],
              [
                -154.81906774870117,
                19.499032605660798
              ],
              [
                -154.82083561809378,
                19.49908784063003
              ],
              [
                -154.81843774846834,
                19.495701604841162
              ],
              [
                -154.8150628087042,
                19.49507374876882
              ],
              [
                -154.8176426871946,
                19.492211729985844
              ],
              [
                -154.81675874890817,
                19.48897076019523
              ],
              [
                -154.8194562324223,
                19.486028491389195
              ],
              [
                -154.82040275741065,
                19.478144695387986
              ],
              [
                -154.82743658074884,
                19.47038441426446
              ],
              [
                -154.83071722145257,
                19.469608122987044
              ],
              [
                -154.8359815043614,
                19.460496715569462
              ],
              [
                -154.84193475257754,
                19.456919594522425
              ],
              [
                -154.8434277949207,
                19.45738392160124
              ],
              [
                -154.84392275295636,
                19.45475259392895
              ],
              [
                -154.8482992937852,
                19.44979553057568
              ],
              [
                -154.86598028927895,
                19.434980198415577
              ],
              [
                -154.87568488131157,
                19.430965228164425
              ],
              [
                -154.87858875979745,
                19.425397585695546
              ],
              [
                -154.88525214421082,
                19.423280518996876
              ],
              [
                -154.88877781377585,
                19.41563613999194
              ],
              [
                -154.90788093275174,
                19.406877316314986
              ],
              [
                -154.92367576892002,
                19.395408577042637
              ],
              [
                -154.92919746511083,
                19.394374641644227
              ],
              [
                -154.9346438860034,
                19.383292916730337
              ],
              [
                -154.96126165630014,
                19.362523755855857
              ],
              [
                -154.96764962170008,
                19.36214425559962
              ],
              [
                -154.96966577810275,
                19.36062856716906
              ],
              [
                -154.96983377804386,
                19.357202566306757
              ],
              [
                -154.9735107787725,
                19.354231565469853
              ],
              [
                -154.97497384194335,
                19.348800441072747
              ],
              [
                -154.97830025860335,
                19.34614541132391
              ],
              [
                -155.0043775340313,
                19.334419027729187
              ],
              [
                -155.01391427909635,
                19.332996145132057
              ],
              [
                -155.01675172659313,
                19.32837708390395
              ],
              [
                -155.02483878932318,
                19.326428557211774
              ],
              [
                -155.02830332001622,
                19.32387710848553
              ],
              [
                -155.03596323366452,
                19.322379839917087
              ],
              [
                -155.0463410218228,
                19.31768847848043
              ],
              [
                -155.05450266661904,
                19.317527543233744
              ],
              [
                -155.05868357542766,
                19.31347251911303
              ],
              [
                -155.07171458425324,
                19.311721572345157
              ],
              [
                -155.08827037351418,
                19.29779983044227
              ],
              [
                -155.10148980530306,
                19.293292546979806
              ],
              [
                -155.11365351877254,
                19.285713589775618
              ],
              [
                -155.12295360858417,
                19.277206181411845
              ],
              [
                -155.1311346232684,
                19.27295363814086
              ],
              [
                -155.14169167861536,
                19.273652581048236
              ],
              [
                -155.15629351060232,
                19.265405606615403
              ],
              [
                -155.16995068862812,
                19.26596426440881
              ],
              [
                -155.17443677356195,
                19.26401113880657
              ],
              [
                -155.18464490578756,
                19.26315664633382
              ],
              [
                -155.1890852147017,
                19.26086973464926
              ],
              [
                -155.19280685738204,
                19.255903564313037
              ],
              [
                -155.19466993186083,
                19.25832914487225
              ],
              [
                -155.20676819446894,
                19.25628198205317
              ],
              [
                -155.2160758306088,
                19.259444532607333
              ],
              [
                -155.22569452875047,
                19.260243711562616
              ],
              [
                -155.23318312446787,
                19.262641660971628
              ],
              [
                -155.23421890480088,
                19.26635753687425
              ],
              [
                -155.2423689176614,
                19.268661254242748
              ],
              [
                -155.250028831321,
                19.26767706180163
              ],
              [
                -155.2552729205533,
                19.2704065143504
              ],
              [
                -155.25840774520398,
                19.268995719917836
              ],
              [
                -155.2611268398629,
                19.271118537379238
              ],
              [
                -155.26608784088444,
                19.268598536622875
              ],
              [
                -155.27299331437808,
                19.267629377204578
              ],
              [
                -155.27610702699647,
                19.265245306529298
              ],
              [
                -155.27926784373136,
                19.266615535791214
              ],
              [
                -155.28764237448857,
                19.26353255080708
              ],
              [
                -155.29420303492233,
                19.263143291542406
              ],
              [
                -155.30124284834656,
                19.25868953324971
              ],
              [
                -155.31640785122147,
                19.242280528762485
              ],
              [
                -155.33111405329518,
                19.236491901940862
              ],
              [
                -155.33883500183296,
                19.230773669315216
              ],
              [
                -155.34421085667148,
                19.218587522133838
              ],
              [
                -155.349078857561,
                19.21215752040353
              ],
              [
                -155.35806585935853,
                19.205784518582433
              ],
              [
                -155.37172028320828,
                19.200313343867485
              ],
              [
                -155.3895728660544,
                19.19742851569124
              ],
              [
                -155.40161024341296,
                19.187202156830256
              ],
              [
                -155.40700486960094,
                19.187250512704477
              ],
              [
                -155.41235498769848,
                19.184451480868944
              ],
              [
                -155.41480852824546,
                19.184711185871087
              ],
              [
                -155.41813494485064,
                19.180246081671378
              ],
              [
                -155.4245283791479,
                19.176400865548025
              ],
              [
                -155.4299539800884,
                19.167477455181878
              ],
              [
                -155.44319387673187,
                19.158016504482024
              ],
              [
                -155.45029153303602,
                19.148959709040273
              ],
              [
                -155.46397562089254,
                19.14360181635347
              ],
              [
                -155.47172382261184,
                19.144172386297697
              ],
              [
                -155.48567035949293,
                19.13766641831759
              ],
              [
                -155.49093104963464,
                19.137156305055754
              ],
              [
                -155.49539020965707,
                19.138656332315836
              ],
              [
                -155.49767225105882,
                19.13513404037869
              ],
              [
                -155.49932088845816,
                19.136441497662684
              ],
              [
                -155.50062170668633,
                19.134406657121705
              ],
              [
                -155.50477436763882,
                19.135814382366565
              ],
              [
                -155.50526256263163,
                19.13177662834679
              ],
              [
                -155.50987048556465,
                19.12897077552886
              ],
              [
                -155.51238850412656,
                19.12927598954051
              ],
              [
                -155.51048789868446,
                19.128411503373567
              ],
              [
                -155.50950459233025,
                19.123534868182208
              ],
              [
                -155.5109127136224,
                19.122926686994436
              ],
              [
                -155.50957189727748,
                19.121150503585678
              ],
              [
                -155.51530789145122,
                19.118095492676865
              ],
              [
                -155.51708821172298,
                19.11387986657975
              ],
              [
                -155.52525489350765,
                19.11354549128736
              ],
              [
                -155.52765189387463,
                19.107910490820565
              ],
              [
                -155.53445271718843,
                19.10155076206037
              ],
              [
                -155.53666524250238,
                19.095475854488775
              ],
              [
                -155.5417958374797,
                19.090193516040173
              ],
              [
                -155.5426924645535,
                19.085843741932564
              ],
              [
                -155.550111898165,
                19.085210483584806
              ],
              [
                -155.5490790489371,
                19.085171366601514
              ],
              [
                -155.555069899087,
                19.0793174819886
              ],
              [
                -155.5552046740515,
                19.07701843741189
              ],
              [
                -155.55330389759501,
                19.07563748111622
              ],
              [
                -155.55375508828865,
                19.061305695531477
              ],
              [
                -155.5526107179748,
                19.059093458009226
              ],
              [
                -155.55366688315306,
                19.05719444150876
              ],
              [
                -155.55171041055834,
                19.051353147102514
              ],
              [
                -155.55378560596225,
                19.049522092593037
              ],
              [
                -155.55326680678354,
                19.047229459034728
              ],
              [
                -155.5638869256112,
                19.029386207315667
              ],
              [
                -155.57403394269403,
                19.024266315780412
              ],
              [
                -155.57934408271356,
                19.019096058356233
              ],
              [
                -155.58441403641942,
                19.00468231463477
              ],
              [
                -155.59347372315375,
                18.995687163162092
              ],
              [
                -155.59396200474833,
                18.977510125620704
              ],
              [
                -155.59869690569363,
                18.97419045467288
              ],
              [
                -155.5993025816641,
                18.968425422221202
              ],
              [
                -155.6214579103863,
                18.96352845143618
              ],
              [
                -155.6229539106729,
                18.962052451030328
              ],
              [
                -155.62243491041068,
                18.956788684732476
              ],
              [
                -155.6249909109219,
                18.95503544923056
              ],
              [
                -155.62757930429706,
                18.948202782462765
              ],
              [
                -155.63075991196484,
                18.947143447117814
              ],
              [
                -155.6354893497607,
                18.938577726863937
              ],
              [
                -155.64207107910303,
                18.934991187802883
              ],
              [
                -155.64666587213833,
                18.93597568993087
              ],
              [
                -155.64602500291787,
                18.933139462240913
              ],
              [
                -155.64811732727017,
                18.929358499246092
              ],
              [
                -155.65157920292384,
                18.925616877226112
              ],
              [
                -155.65451162654279,
                18.924764464939035
              ],
              [
                -155.65592057376512,
                18.921690577137763
              ],
              [
                -155.6640761535011,
                18.919841423469286
              ],
              [
                -155.6648428625782,
                18.916612539645868
              ],
              [
                -155.66943770358617,
                18.91663547153433
              ],
              [
                -155.67355057036056,
                18.9121182203048
              ],
              [
                -155.67895347650716,
                18.91077960783371
              ],
              [
                -155.68284446839198,
                18.91191257301639
              ],
              [
                -155.6849029230351,
                18.918720438658568
              ],
              [
                -155.68328692296748,
                18.928881441229475
              ],
              [
                -155.68775492423046,
                18.9389264436161
              ],
              [
                -155.6976999266329,
                18.946793445320314
              ],
              [
                -155.70371566899075,
                18.948176787510747
              ],
              [
                -155.70605309256064,
                18.950210234957183
              ],
              [
                -155.70675499680698,
                18.95347943175307
              ],
              [
                -155.71442393067161,
                18.959963448170903
              ],
              [
                -155.71931361776686,
                18.960789582251277
              ],
              [
                -155.72347863383575,
                18.96629300251458
              ],
              [
                -155.7290622730792,
                18.966979547542294
              ],
              [
                -155.73024793439922,
                18.96910145004013
              ],
              [
                -155.73434289433015,
                18.970275547227338
              ],
              [
                -155.74147248488114,
                18.969861360941227
              ],
              [
                -155.7549117470115,
                18.976369527216193
              ],
              [
                -155.75983394111603,
                18.977275451315204
              ],
              [
                -155.76282994193033,
                18.982825452619757
              ],
              [
                -155.77736994533913,
                18.990637454190306
              ],
              [
                -155.78237594658725,
                18.995943455382154
              ],
              [
                -155.79413994935078,
                19.00245245669928
              ],
              [
                -155.79806361243743,
                19.01040998557893
              ],
              [
                -155.8079970866059,
                19.01011243824862
              ],
              [
                -155.81316981681326,
                19.0126988037589
              ],
              [
                -155.81742705573,
                19.012132679508106
              ],
              [
                -155.83190761409512,
                19.01885763380784
              ],
              [
                -155.83656790007046,
                19.017254574288433
              ],
              [
                -155.8426049604869,
                19.020531459947904
              ],
              [
                -155.84477396092268,
                19.019151462548415
              ],
              [
                -155.8505386001888,
                19.01926008342635
              ],
              [
                -155.85268787873875,
                19.02202330005843
              ],
              [
                -155.86137234071344,
                19.024541537460404
              ],
              [
                -155.8632569582151,
                19.027643349183553
              ],
              [
                -155.86934583764406,
                19.03095930485102
              ],
              [
                -155.87466275088326,
                19.033557572359875
              ],
              [
                -155.87898159782785,
                19.033500850233878
              ],
              [
                -155.88151196945722,
                19.036120462820175
              ],
              [
                -155.8813461027097,
                19.04619375933127
              ],
              [
                -155.88371121541206,
                19.052613896867648
              ],
              [
                -155.89003685997548,
                19.05879847824264
              ],
              [
                -155.89576397354978,
                19.069921470862088
              ],
              [
                -155.90070951073136,
                19.073331522582244
              ],
              [
                -155.90024597475252,
                19.07759847265624
              ],
              [
                -155.90247197527773,
                19.078902472922913
              ],
              [
                -155.9057906889787,
                19.077993083610263
              ],
              [
                -155.90725197635447,
                19.079926473053472
              ],
              [
                -155.91115997769126,
                19.0966154771054
              ],
              [
                -155.91839097979167,
                19.1145124813716
              ],
              [
                -155.91811979402405,
                19.124623953895554
              ],
              [
                -155.91712297492563,
                19.128779264955913
              ],
              [
                -155.91531217654332,
                19.12928360812874
              ],
              [
                -155.9182876413528,
                19.134732904407638
              ],
              [
                -155.91418302651934,
                19.137019816084056
              ],
              [
                -155.91489392373992,
                19.13926150162357
              ],
              [
                -155.9108849789465,
                19.14221048846233
              ],
              [
                -155.91045897891152,
                19.144231488976605
              ],
              [
                -155.9116500342082,
                19.145465583252744
              ],
              [
                -155.91022697906442,
                19.15128149073786
              ],
              [
                -155.91481785609776,
                19.15221802985117
              ],
              [
                -155.91637891450995,
                19.154641260413673
              ],
              [
                -155.91183296084978,
                19.166263421426123
              ],
              [
                -155.90705297886365,
                19.168393495081375
              ],
              [
                -155.9068879789255,
                19.171782495929527
              ],
              [
                -155.9094949185417,
                19.17332733424609
              ],
              [
                -155.9079726992364,
                19.1743084915302
              ],
              [
                -155.90880387459265,
                19.18031943700522
              ],
              [
                -155.9070349792756,
                19.18276149865959
              ],
              [
                -155.9085372747246,
                19.18689318064917
              ],
              [
                -155.90569913929926,
                19.193687158415337
              ],
              [
                -155.90695980061787,
                19.19514433274524
              ],
              [
                -155.90540922234408,
                19.197425562353917
              ],
              [
                -155.90656597973677,
                19.202223503518546
              ],
              [
                -155.8987219782792,
                19.211271505977262
              ],
              [
                -155.90141141897737,
                19.21500941383787
              ],
              [
                -155.90060270389012,
                19.218114578632488
              ],
              [
                -155.9027999696021,
                19.226043428549794
              ],
              [
                -155.89742297881938,
                19.239694513091152
              ],
              [
                -155.90115202087887,
                19.248010368064968
              ],
              [
                -155.89988345184813,
                19.2565202392182
              ],
              [
                -155.8925460626802,
                19.271697737192103
              ],
              [
                -155.89151697759948,
                19.27668052146065
              ],
              [
                -155.89269752693284,
                19.279234816066154
              ],
              [
                -155.88885343536046,
                19.288539629485637
              ],
              [
                -155.88973683468998,
                19.293198607623367
              ],
              [
                -155.88827360144356,
                19.295758946299852
              ],
              [
                -155.88982397894156,
                19.301173528608395
              ],
              [
                -155.88728178063485,
                19.309785591821434
              ],
              [
                -155.89112178575814,
                19.319405710118
              ],
              [
                -155.89026985870734,
                19.324069614302797
              ],
              [
                -155.88613485988577,
                19.32700981814443
              ],
              [
                -155.8843826106573,
                19.332355253522866
              ],
              [
                -155.88613597940815,
                19.344885537600017
              ],
              [
                -155.88949081331245,
                19.350631430943917
              ],
              [
                -155.89235498132206,
                19.363653544114566
              ],
              [
                -155.89520109509886,
                19.36885047133503
              ],
              [
                -155.89764250267467,
                19.370212318610115
              ],
              [
                -155.895887741475,
                19.376546625235502
              ],
              [
                -155.89760898292943,
                19.37916154784194
              ],
              [
                -155.90137989880637,
                19.38083849616047
              ],
              [
                -155.90239692819483,
                19.386475382538894
              ],
              [
                -155.90757597645776,
                19.390775448474113
              ],
              [
                -155.91100913538327,
                19.396632973843708
              ],
              [
                -155.9112679485027,
                19.398767448369007
              ],
              [
                -155.90713347176285,
                19.404479751902468
              ],
              [
                -155.905317675572,
                19.411554109714274
              ],
              [
                -155.9066679859633,
                19.414782556483555
              ],
              [
                -155.91140601305355,
                19.416486881783165
              ],
              [
                -155.914588964858,
                19.420083519595682
              ],
              [
                -155.91141598720262,
                19.421483558028715
              ],
              [
                -155.91256560255658,
                19.424937978859646
              ],
              [
                -155.91686705951415,
                19.42538860785812
              ],
              [
                -155.919721966232,
                19.428483739554277
              ],
              [
                -155.9219344949707,
                19.437080164639074
              ],
              [
                -155.92045439880337,
                19.442432184012823
              ],
              [
                -155.92283192350558,
                19.448550594475474
              ],
              [
                -155.9219759904414,
                19.45274956554524
              ],
              [
                -155.92439799110005,
                19.45705356655428
              ],
              [
                -155.9284019800343,
                19.458922645914164
              ],
              [
                -155.92570342447877,
                19.460176253298343
              ],
              [
                -155.9226009909379,
                19.46493556856752
              ],
              [
                -155.9213394097862,
                19.469184662660663
              ],
              [
                -155.92269744213704,
                19.470968034069365
              ],
              [
                -155.91874299030883,
                19.472329570513917
              ],
              [
                -155.91984404865994,
                19.476033953408535
              ],
              [
                -155.92796172561208,
                19.481776981625288
              ],
              [
                -155.93307599375598,
                19.482482572665372
              ],
              [
                -155.9338380268134,
                19.47876030771686
              ],
              [
                -155.9373916615873,
                19.478544052568527
              ],
              [
                -155.94077399545563,
                19.48279657253912
              ],
              [
                -155.94892494226625,
                19.48350373149878
              ],
              [
                -155.95052605067926,
                19.485581619974408
              ],
              [
                -155.94833221450133,
                19.49585321759431
              ],
              [
                -155.95214199858506,
                19.504204577575663
              ],
              [
                -155.9510940564335,
                19.506858622265476
              ],
              [
                -155.95609893968967,
                19.512162959455107
              ],
              [
                -155.95940700045378,
                19.513434579684134
              ],
              [
                -155.96049094884552,
                19.518620636948686
              ],
              [
                -155.9559551510271,
                19.52461432156445
              ],
              [
                -155.95626678734598,
                19.533059876662666
              ],
              [
                -155.9593020012417,
                19.54077958650729
              ],
              [
                -155.95789200101171,
                19.543466587215132
              ],
              [
                -155.96072093473052,
                19.54674764195809
              ],
              [
                -155.95937958147204,
                19.547965809297747
              ],
              [
                -155.96041700174746,
                19.549566588669368
              ],
              [
                -155.96678009624162,
                19.552818105310543
              ],
              [
                -155.96614800330175,
                19.55951259099739
              ],
              [
                -155.96208038848943,
                19.562242317786968
              ],
              [
                -155.96503755314444,
                19.562425836753775
              ],
              [
                -155.96453705408112,
                19.56399326415815
              ],
              [
                -155.96665834655516,
                19.564265438169354
              ],
              [
                -155.96822968201468,
                19.568111231086725
              ],
              [
                -155.96732700391442,
                19.57140759393319
              ],
              [
                -155.9688705514463,
                19.57788639450823
              ],
              [
                -155.9665969910259,
                19.580543332231848
              ],
              [
                -155.9719450054161,
                19.58777659789335
              ],
              [
                -155.97179400558355,
                19.59451059957744
              ],
              [
                -155.97663200680742,
                19.599914600796186
              ],
              [
                -155.97466889348095,
                19.603427706725284
              ],
              [
                -155.98660900951364,
                19.617154604830226
              ],
              [
                -155.98608247059798,
                19.623851600515277
              ],
              [
                -155.99124901096232,
                19.631522608290712
              ],
              [
                -155.99044648588,
                19.634668177097172
              ],
              [
                -155.99391023170358,
                19.63676053952627
              ],
              [
                -155.9953292991069,
                19.63982183425204
              ],
              [
                -156.00135642734443,
                19.6369244113672
              ],
              [
                -156.01621701691582,
                19.64716661152341
              ],
              [
                -156.026411459149,
                19.646953412196087
              ],
              [
                -156.02994502002116,
                19.650154611899687
              ],
              [
                -156.03170502057404,
                19.65569861323551
              ],
              [
                -156.03316968190785,
                19.656100665296417
              ],
              [
                -156.03137056759158,
                19.658733200001635
              ],
              [
                -156.03121102075144,
                19.66522961562679
              ],
              [
                -156.02764503102858,
                19.667248712226627
              ],
              [
                -156.02715286897615,
                19.669104676702993
              ],
              [
                -156.02120821167327,
                19.669212175889836
              ],
              [
                -156.0279208251708,
                19.66996889689793
              ],
              [
                -156.02604524880402,
                19.671478106325026
              ],
              [
                -156.02671602008,
                19.675762618376037
              ],
              [
                -156.03477327907214,
                19.683151083002535
              ],
              [
                -156.03351402191436,
                19.687106621023542
              ],
              [
                -156.03771822595886,
                19.691123801912607
              ],
              [
                -156.04522612266803,
                19.693105176204515
              ],
              [
                -156.04539339878562,
                19.695792992870686
              ],
              [
                -156.04926568377599,
                19.700430762923432
              ],
              [
                -156.0482010167337,
                19.706798396541114
              ],
              [
                -156.0499200233741,
                19.715521604671547
              ],
              [
                -156.05666953401837,
                19.720868172823394
              ],
              [
                -156.06179660134856,
                19.727620926369916
              ],
              [
                -156.0603622751208,
                19.730520097132192
              ],
              [
                -156.05666964735084,
                19.73189338857479
              ],
              [
                -156.05326693672677,
                19.735992282689764
              ],
              [
                -156.05525002847918,
                19.746483635254542
              ],
              [
                -156.05103915366692,
                19.750232550304226
              ],
              [
                -156.04974215648625,
                19.75369057420246
              ],
              [
                -156.04940646358364,
                19.759357308625997
              ],
              [
                -156.05099300800583,
                19.76179076219043
              ],
              [
                -156.04889602765556,
                19.765452640161293
              ],
              [
                -156.0504530282105,
                19.77248964187568
              ],
              [
                -156.04749902760926,
                19.774080642352892
              ],
              [
                -156.04585116539732,
                19.779052595638728
              ],
              [
                -156.0371230255826,
                19.782491644733767
              ],
              [
                -156.03855402606408,
                19.788011646073095
              ],
              [
                -156.0340103421437,
                19.79060922484476
              ],
              [
                -156.02941202413945,
                19.790832647025105
              ],
              [
                -156.02639620554177,
                19.792997225647277
              ],
              [
                -156.02607202354392,
                19.79542464826214
              ],
              [
                -156.02194063764912,
                19.795875415486634
              ],
              [
                -156.01756072385996,
                19.801627602041616
              ],
              [
                -156.01521151035115,
                19.801885473169616
              ],
              [
                -156.01319735005825,
                19.806846488463027
              ],
              [
                -156.00731901986288,
                19.81006665242641
              ],
              [
                -156.00677339884982,
                19.813602318324183
              ],
              [
                -156.00146001872102,
                19.81491765379664
              ],
              [
                -156.00190201891792,
                19.818214654608067
              ],
              [
                -155.99807201821812,
                19.822928655889218
              ],
              [
                -155.99785899425473,
                19.825687555584018
              ],
              [
                -155.98643342891444,
                19.83140742332232
              ],
              [
                -155.98701425515193,
                19.835033032212227
              ],
              [
                -155.9822900151867,
                19.837480659951616
              ],
              [
                -155.98036042992175,
                19.842754243321302
              ],
              [
                -155.97248689335748,
                19.848308443922168
              ],
              [
                -155.95854060042794,
                19.852910664449787
              ],
              [
                -155.9527060091209,
                19.8521466644169
              ],
              [
                -155.94668562184862,
                19.85388736501485
              ],
              [
                -155.94273224786997,
                19.850295902224484
              ],
              [
                -155.9377460057383,
                19.849159664075472
              ],
              [
                -155.92900900390902,
                19.85226066508672
              ],
              [
                -155.92388715489022,
                19.855853860123133
              ],
              [
                -155.9215820023628,
                19.855190666019773
              ],
              [
                -155.92055698017762,
                19.856528568381822
              ],
              [
                -155.92053070520578,
                19.857652548663424
              ],
              [
                -155.92220700265386,
                19.86027066727236
              ],
              [
                -155.92197800251546,
                19.857358668550816
              ],
              [
                -155.92431401526966,
                19.86530003647227
              ],
              [
                -155.92292497916202,
                19.871854406147943
              ],
              [
                -155.9154190106311,
                19.875869640354576
              ],
              [
                -155.91309692036515,
                19.883980755444817
              ],
              [
                -155.9085067774011,
                19.885520826953968
              ],
              [
                -155.90620269997035,
                19.888051879648994
              ],
              [
                -155.90627899412254,
                19.892528427765967
              ],
              [
                -155.90478363282008,
                19.89341343802766
              ],
              [
                -155.90737493150414,
                19.89716339189492
              ],
              [
                -155.90136566327823,
                19.900379076861512
              ],
              [
                -155.90174713350672,
                19.905153171044645
              ],
              [
                -155.8991799990671,
                19.909304680152058
              ],
              [
                -155.8907608032892,
                19.911825079010192
              ],
              [
                -155.88767699669478,
                19.914624681793693
              ],
              [
                -155.88805599684935,
                19.916973682370728
              ],
              [
                -155.89153388670667,
                19.919989490030567
              ],
              [
                -155.89182089489375,
                19.924079772045488
              ],
              [
                -155.8869129968825,
                19.926382684754284
              ],
              [
                -155.88996681863497,
                19.929017083330248
              ],
              [
                -155.88503884769526,
                19.9338273386666
              ],
              [
                -155.87789764112847,
                19.93403615991231
              ],
              [
                -155.87694799508856,
                19.9396236883353
              ],
              [
                -155.87881316953388,
                19.940759565568772
              ],
              [
                -155.87806266842594,
                19.94265377506281
              ],
              [
                -155.87416768461046,
                19.9440588705198
              ],
              [
                -155.87225188913496,
                19.942294981130573
              ],
              [
                -155.8695619975842,
                19.943677686549215
              ],
              [
                -155.86841799343344,
                19.94701969041602
              ],
              [
                -155.86386024856444,
                19.9514801286551
              ],
              [
                -155.8618859921289,
                19.951462691704236
              ],
              [
                -155.8616317691853,
                19.955173402639225
              ],
              [
                -155.85868682261048,
                19.957616717330147
              ],
              [
                -155.85848845865917,
                19.960664661097834
              ],
              [
                -155.8542714258873,
                19.965857609511055
              ],
              [
                -155.84624798919523,
                19.968366696356153
              ],
              [
                -155.83814460657416,
                19.97380567893632
              ],
              [
                -155.83612698708635,
                19.972381697634727
              ],
              [
                -155.83155669012984,
                19.97405997417839
              ],
              [
                -155.83260292245959,
                19.977331543968518
              ],
              [
                -155.8313413962414,
                19.979306574496803
              ],
              [
                -155.82998503492982,
                19.978891290429655
              ],
              [
                -155.82868803774159,
                19.98211280227077
              ],
              [
                -155.83140410243567,
                19.985259928984558
              ],
              [
                -155.82639921854883,
                19.99239532190549
              ],
              [
                -155.82836760320524,
                19.999729078687114
              ],
              [
                -155.82518698563712,
                20.00411470587071
              ],
              [
                -155.82725198620338,
                20.007771706729823
              ],
              [
                -155.8253921388691,
                20.010267183404693
              ],
              [
                -155.82555998607262,
                20.01575081177233
              ],
              [
                -155.8230999855951,
                20.017887709373834
              ],
              [
                -155.8236042930339,
                20.02866953405834
              ],
              [
                -155.82593742650891,
                20.0273729196705
              ],
              [
                -155.8293899433197,
                20.02900307298472
              ],
              [
                -155.83415783854176,
                20.034618487260488
              ],
              [
                -155.83432924666184,
                20.037323573932785
              ],
              [
                -155.83396758149712,
                20.03453057124367
              ],
              [
                -155.8310569877556,
                20.031250712501954
              ],
              [
                -155.8255549865696,
                20.032143712874802
              ],
              [
                -155.8369583044478,
                20.044101648557636
              ],
              [
                -155.83935393515728,
                20.050054484982304
              ],
              [
                -155.84391631423492,
                20.05240624644678
              ],
              [
                -155.84431199144643,
                20.056484718456677
              ],
              [
                -155.85178499327841,
                20.062524719764944
              ],
              [
                -155.85975494140004,
                20.07446283153558
              ],
              [
                -155.86480560156053,
                20.075996339781742
              ],
              [
                -155.8678408754716,
                20.08390947767942
              ],
              [
                -155.87109222523915,
                20.08556551000517
              ],
              [
                -155.8746475231893,
                20.09100336226912
              ],
              [
                -155.879200885552,
                20.102724538078387
              ],
              [
                -155.88390961067546,
                20.105504937645613
              ],
              [
                -155.88326874176755,
                20.11312670457075
              ],
              [
                -155.8856185682742,
                20.112749659412163
              ],
              [
                -155.88407400198895,
                20.114556731906696
              ],
              [
                -155.88473358618174,
                20.11610216927548
              ],
              [
                -155.88780092990635,
                20.117674926585238
              ],
              [
                -155.88711395782218,
                20.119871090153715
              ],
              [
                -155.89187470100399,
                20.12417407010052
              ],
              [
                -155.8927291933702,
                20.12997050352799
              ],
              [
                -155.89161530217615,
                20.131652785979536
              ],
              [
                -155.89356500471777,
                20.135291736837065
              ],
              [
                -155.89344200480753,
                20.13909973479358
              ],
              [
                -155.89658400560742,
                20.142582738579367
              ],
              [
                -155.89561310662887,
                20.15025325452607
              ],
              [
                -155.89797821923545,
                20.15301891015355
              ],
              [
                -155.89930573479435,
                20.16167636828442
              ],
              [
                -155.90108500726302,
                20.16415574385631
              ],
              [
                -155.90041962628698,
                20.16970630726408
              ],
              [
                -155.90228119876417,
                20.17187114875494
              ],
              [
                -155.90051117943915,
                20.173995936335437
              ],
              [
                -155.90276497112495,
                20.180125975808245
              ],
              [
                -155.900874007821,
                20.183803748780896
              ],
              [
                -155.90414266564335,
                20.1870918945144
              ],
              [
                -155.90236906130585,
                20.18883780500021
              ],
              [
                -155.90490571208818,
                20.196067779740705
              ],
              [
                -155.9018844717905,
                20.208036395820436
              ],
              [
                -155.9037155273492,
                20.213052724026188
              ],
              [
                -155.8993660117382,
                20.224355840976095
              ],
              [
                -155.9001602290981,
                20.23033712145205
              ],
              [
                -155.89420500801853,
                20.237935762518813
              ],
              [
                -155.89327500792808,
                20.24165376347553
              ],
              [
                -155.88967743921003,
                20.24411390419061
              ],
              [
                -155.88837486312127,
                20.250547698837828
              ],
              [
                -155.8777758041171,
                20.261401768848177
              ],
              [
                -155.87135162979772,
                20.264598833825797
              ],
              [
                -155.85060475032634,
                20.26813069628115
              ]
            ]
          ]
        ]
      }
    },
    {
      "type": "Feature",
      "properties": {
        "STATE": "HI",
        "CWA": "HFO",
        "COUNTYNAME": "Oahu in Honolulu",
        "FIPS": "15003",
        "TIME_ZONE": "H"
      },
      "geometry": {
        "type": "MultiPolygon",
        "coordinates": [
          [
            [
              [
                -157.7138550631864,
                21.284263515558944
              ],
              [
                -157.71023544242743,
                21.28525497091917
              ],
              [
                -157.70893751706444,
                21.283054540411182
              ],
              [
                -157.71293544287403,
                21.281154969812693
              ],
              [
                -157.71873366223863,
                21.28375453727958
              ],
              [
                -157.71793608813482,
                21.28575416580302
              ],
              [
                -157.7138550631864,
                21.284263515558944
              ]
            ]
          ],
          [
            [
              [
                -157.71673525908489,
                21.291755046336572
              ],
              [
                -157.71543776272904,
                21.289755056878516
              ],
              [
                -157.71732985316197,
                21.290254782943933
              ],
              [
                -157.71673525908489,
                21.291755046336572
              ]
            ]
          ],
          [
            [
              [
                -157.70983762444334,
                21.2881549716546
              ],
              [
                -157.71102797178284,
                21.290355872166106
              ],
              [
                -157.70933457650014,
                21.292854452841965
              ],
              [
                -157.70843544221748,
                21.29045497227183
              ],
              [
                -157.70983762444334,
                21.2881549716546
              ]
            ]
          ],
          [
            [
              [
                -157.8877354823667,
                21.313654972426775
              ],
              [
                -157.87983620261377,
                21.31305332252578
              ],
              [
                -157.8800343575747,
                21.31075305894655
              ],
              [
                -157.87913408844196,
                21.312553596423424
              ],
              [
                -157.87313738298414,
                21.30855388561593
              ],
              [
                -157.86933794390407,
                21.301656911017496
              ],
              [
                -157.87083401412804,
                21.298756139247846
              ],
              [
                -157.87592974232368,
                21.30095500663518
              ],
              [
                -157.88622899255935,
                21.300354457161294
              ],
              [
                -157.8843355151839,
                21.301455047495022
              ],
              [
                -157.8895352157217,
                21.31255513509608
              ],
              [
                -157.8877354823667,
                21.313654972426775
              ]
            ]
          ],
          [
            [
              [
                -158.0119355334106,
                21.36445482914918
              ],
              [
                -158.01343510368844,
                21.363054980753038
              ],
              [
                -158.0139297568727,
                21.36515280725965
              ],
              [
                -158.0119355334106,
                21.36445482914918
              ]
            ]
          ],
          [
            [
              [
                -157.95733540169374,
                21.371254169574105
              ],
              [
                -157.9505354980881,
                21.36805498399268
              ],
              [
                -157.9513386961453,
                21.36476346114745
              ],
              [
                -157.9540372026354,
                21.361957538363157
              ],
              [
                -157.9579354994787,
                21.361654982164332
              ],
              [
                -157.96124065201172,
                21.356357556740363
              ],
              [
                -157.9665355011429,
                21.35555498037278
              ],
              [
                -157.96903550189288,
                21.361154981688173
              ],
              [
                -157.96653550149313,
                21.365254982788453
              ],
              [
                -157.95733540169374,
                21.371254169574105
              ]
            ]
          ],
          [
            [
              [
                -157.9836419459167,
                21.71244962877702
              ],
              [
                -157.98342794980383,
                21.710663128338254
              ],
              [
                -157.97881979374324,
                21.70934705715836
              ],
              [
                -157.9660638169495,
                21.709558628621622
              ],
              [
                -157.96328634314844,
                21.704372691417323
              ],
              [
                -157.9584648150013,
                21.701978626975166
              ],
              [
                -157.95605367532121,
                21.69788961203265
              ],
              [
                -157.9449757915197,
                21.68787602989057
              ],
              [
                -157.94488460639747,
                21.685095374199854
              ],
              [
                -157.9401546850847,
                21.677641496492267
              ],
              [
                -157.933073933396,
                21.674005786812472
              ],
              [
                -157.9373356841943,
                21.670255369740183
              ],
              [
                -157.9364356098351,
                21.665855304671485
              ],
              [
                -157.92416655585083,
                21.657960367095402
              ],
              [
                -157.9200325547857,
                21.653672366158215
              ],
              [
                -157.91792195114016,
                21.64870670898708
              ],
              [
                -157.91253656894082,
                21.64825473304681
              ],
              [
                -157.91824238614268,
                21.646854673514813
              ],
              [
                -157.9188374788449,
                21.63515499357739
              ],
              [
                -157.92123500827253,
                21.63245550782732
              ],
              [
                -157.9202431830729,
                21.632951316982705
              ],
              [
                -157.92123552404203,
                21.62615507925578
              ],
              [
                -157.91273554893775,
                21.61965510890641
              ],
              [
                -157.91274921975545,
                21.614588048642137
              ],
              [
                -157.9082326165243,
                21.60803821215286
              ],
              [
                -157.8980093250859,
                21.60273967015785
              ],
              [
                -157.8954154222477,
                21.595380976405263
              ],
              [
                -157.88848773850964,
                21.58943774414396
              ],
              [
                -157.88571029457415,
                21.580506848004998
              ],
              [
                -157.88339130196832,
                21.577854412417356
              ],
              [
                -157.87725729252728,
                21.575269846968222
              ],
              [
                -157.8722676412678,
                21.570770519005
              ],
              [
                -157.86468431222204,
                21.560312095637883
              ],
              [
                -157.8513174431242,
                21.55583800294722
              ],
              [
                -157.84664844088326,
                21.549902002615
              ],
              [
                -157.84603777658404,
                21.54535509250027
              ],
              [
                -157.84207025959148,
                21.54201292579274
              ],
              [
                -157.8345020313936,
                21.52723858634795
              ],
              [
                -157.83578386730858,
                21.51712823378557
              ],
              [
                -157.83473503078582,
                21.509055456805424
              ],
              [
                -157.84762415850776,
                21.506083455655325
              ],
              [
                -157.85143938738412,
                21.5071547048014
              ],
              [
                -157.8525991595285,
                21.50411445500645
              ],
              [
                -157.85104265891206,
                21.49652886216423
              ],
              [
                -157.84738054797086,
                21.492735145334343
              ],
              [
                -157.84982195534712,
                21.488327261157774
              ],
              [
                -157.84912015811858,
                21.486269325666886
              ],
              [
                -157.8420399704596,
                21.483370061168355
              ],
              [
                -157.84234503224016,
                21.475451324184135
              ],
              [
                -157.84457292957217,
                21.471109621030923
              ],
              [
                -157.84088030136846,
                21.460228194434713
              ],
              [
                -157.83823502975275,
                21.45925519427586
              ],
              [
                -157.83273502864677,
                21.46205519514809
              ],
              [
                -157.831267028158,
                21.45744219404435
              ],
              [
                -157.8269337651478,
                21.45580505277323
              ],
              [
                -157.82488908659798,
                21.45300506413969
              ],
              [
                -157.820952318709,
                21.45231460409203
              ],
              [
                -157.81600885569347,
                21.454241141728758
              ],
              [
                -157.81213273644923,
                21.443330990130697
              ],
              [
                -157.80993576800756,
                21.44445488948036
              ],
              [
                -157.8111866912009,
                21.442201838879043
              ],
              [
                -157.80763584743787,
                21.442655046104253
              ],
              [
                -157.81133927905253,
                21.43715499361579
              ],
              [
                -157.80816468543895,
                21.439464010291854
              ],
              [
                -157.80573930181612,
                21.436952814742263
              ],
              [
                -157.8050373975793,
                21.43465445919133
              ],
              [
                -157.8065357837893,
                21.431355144321323
              ],
              [
                -157.7999409600863,
                21.42425559175921
              ],
              [
                -157.79502762905113,
                21.42545722221383
              ],
              [
                -157.79523268421121,
                21.428655004004792
              ],
              [
                -157.79213572552788,
                21.428555043077537
              ],
              [
                -157.7917354662781,
                21.424055012968044
              ],
              [
                -157.7895344638201,
                21.424753410211625
              ],
              [
                -157.78834427749416,
                21.422954779800655
              ],
              [
                -157.7913350009743,
                21.418052892483985
              ],
              [
                -157.78773546414837,
                21.417055001348658
              ],
              [
                -157.7870354638689,
                21.41355500049801
              ],
              [
                -157.78383546310903,
                21.411955000199903
              ],
              [
                -157.78373546299005,
                21.409254999529796
              ],
              [
                -157.78053197537676,
                21.411754473254003
              ],
              [
                -157.77313126177032,
                21.412254551611902
              ],
              [
                -157.77152964449772,
                21.41445385721078
              ],
              [
                -157.76663101646912,
                21.41575453768944
              ],
              [
                -157.7644337504144,
                21.42765448872645
              ],
              [
                -157.76043545856896,
                21.42855500507703
              ],
              [
                -157.76083267578917,
                21.432255014987337
              ],
              [
                -157.75733545813637,
                21.43545500689572
              ],
              [
                -157.76253545937158,
                21.438055007380274
              ],
              [
                -157.76243484941782,
                21.43995498385735
              ],
              [
                -157.7639346056788,
                21.43805624033652
              ],
              [
                -157.77233548368872,
                21.442655004218572
              ],
              [
                -157.77693144971934,
                21.443256021223487
              ],
              [
                -157.77873123922967,
                21.44645522896456
              ],
              [
                -157.7768356339251,
                21.449555058797507
              ],
              [
                -157.77783097121932,
                21.451656569290233
              ],
              [
                -157.772933353342,
                21.457154650816143
              ],
              [
                -157.7683400023046,
                21.456354370761535
              ],
              [
                -157.76343925645892,
                21.4627527815122
              ],
              [
                -157.7635334823752,
                21.4598543567862
              ],
              [
                -157.76093948775164,
                21.458355180494117
              ],
              [
                -157.7469354565072,
                21.453655011763317
              ],
              [
                -157.7398213189668,
                21.45426582413993
              ],
              [
                -157.72973545296344,
                21.460155013927043
              ],
              [
                -157.72224319025298,
                21.45835327371356
              ],
              [
                -157.72353840638675,
                21.454160450626677
              ],
              [
                -157.72533314876648,
                21.453756821469444
              ],
              [
                -157.72563550468905,
                21.449755087461547
              ],
              [
                -157.73004043253792,
                21.446455230499566
              ],
              [
                -157.7355354516872,
                21.444855011927327
              ],
              [
                -157.73673904275026,
                21.43925307949196
              ],
              [
                -157.73564040928997,
                21.43315528500541
              ],
              [
                -157.7384390406315,
                21.425552443020838
              ],
              [
                -157.73953439382552,
                21.42425715266329
              ],
              [
                -157.74223548545802,
                21.425354973852073
              ],
              [
                -157.74473546291,
                21.422654963099966
              ],
              [
                -157.74183547778162,
                21.408954838774164
              ],
              [
                -157.73603713722883,
                21.401153781010837
              ],
              [
                -157.72073478568646,
                21.396054531219857
              ],
              [
                -157.71633803561005,
                21.392954088584606
              ],
              [
                -157.70893752057376,
                21.381456587949142
              ],
              [
                -157.70634352595764,
                21.380153868705563
              ],
              [
                -157.7061374047699,
                21.37616837571793
              ],
              [
                -157.71003615325364,
                21.36575528999856
              ],
              [
                -157.70893751969098,
                21.35675641678867
              ],
              [
                -157.706236713866,
                21.350256171252205
              ],
              [
                -157.69123731984226,
                21.329755983609225
              ],
              [
                -157.67784009770196,
                21.324156016631555
              ],
              [
                -157.6668354339907,
                21.315854979905097
              ],
              [
                -157.6617422268583,
                21.31545384796405
              ],
              [
                -157.65933543213447,
                21.3099549786677
              ],
              [
                -157.64839317375106,
                21.310486265141677
              ],
              [
                -157.65113721194064,
                21.298862651157
              ],
              [
                -157.65814099736426,
                21.295656397138952
              ],
              [
                -157.65884082839722,
                21.29225740826945
              ],
              [
                -157.66464124359575,
                21.290155602564404
              ],
              [
                -157.66923517746204,
                21.286155741423652
              ],
              [
                -157.67463575160116,
                21.284855078930907
              ],
              [
                -157.67773523911453,
                21.280156146662545
              ],
              [
                -157.68643528886744,
                21.275755056293796
              ],
              [
                -157.68943652727035,
                21.26855529940508
              ],
              [
                -157.69383131236603,
                21.272255130190405
              ],
              [
                -157.69603543883903,
                21.271954968046817
              ],
              [
                -157.69723543896737,
                21.268154967061996
              ],
              [
                -157.69493611045928,
                21.26805362410849
              ],
              [
                -157.69183543761213,
                21.263354969033777
              ],
              [
                -157.7041352431616,
                21.2591550236031
              ],
              [
                -157.70963536937887,
                21.259455023506245
              ],
              [
                -157.71183544194324,
                21.261754965010947
              ],
              [
                -157.70883070553623,
                21.26885432587446
              ],
              [
                -157.7096241630426,
                21.27820415118051
              ],
              [
                -157.7113331475012,
                21.28055591271341
              ],
              [
                -157.7107358124021,
                21.281454414956055
              ],
              [
                -157.70543544111828,
                21.27805496927415
              ],
              [
                -157.70432936195377,
                21.280254551857055
              ],
              [
                -157.7068318035493,
                21.281561086104613
              ],
              [
                -157.70633606449712,
                21.283152976516956
              ],
              [
                -157.70403544091064,
                21.280854970015916
              ],
              [
                -157.69943129006396,
                21.285455893306775
              ],
              [
                -157.70362745792067,
                21.283655355726815
              ],
              [
                -157.69962965419276,
                21.287855337898808
              ],
              [
                -157.69937082518217,
                21.289154972230943
              ],
              [
                -157.68972669831118,
                21.296056939253052
              ],
              [
                -157.69393543919568,
                21.294954973846803
              ],
              [
                -157.69593543970214,
                21.296854974258103
              ],
              [
                -157.70024000533024,
                21.287954519904456
              ],
              [
                -157.70793186386516,
                21.283656401592655
              ],
              [
                -157.71082960762897,
                21.287254522399145
              ],
              [
                -157.70763544198857,
                21.288954971922884
              ],
              [
                -157.7088307064003,
                21.293155860932895
              ],
              [
                -157.71053969076104,
                21.29275531777961
              ],
              [
                -157.71243178090938,
                21.285255620850712
              ],
              [
                -157.71223544296234,
                21.287954971529807
              ],
              [
                -157.71423231831864,
                21.28565425689383
              ],
              [
                -157.7123402280209,
                21.288955877776065
              ],
              [
                -157.71563436862652,
                21.285661704851897
              ],
              [
                -157.71743544403927,
                21.286155886918824
              ],
              [
                -157.7147354435251,
                21.288354971551414
              ],
              [
                -157.71653501390574,
                21.287955500395608
              ],
              [
                -157.7152354436775,
                21.289554971834935
              ],
              [
                -157.7155293158167,
                21.29165477734924
              ],
              [
                -157.7166432080789,
                21.292154502438997
              ],
              [
                -157.71794020528523,
                21.28995532885025
              ],
              [
                -157.7159354438133,
                21.289054971688415
              ],
              [
                -157.7181385692931,
                21.288953970594417
              ],
              [
                -157.7168053449704,
                21.28810546742451
              ],
              [
                -157.7183369333082,
                21.28815479138897
              ],
              [
                -157.71743666508573,
                21.287454794242574
              ],
              [
                -157.71913544435174,
                21.284454970441654
              ],
              [
                -157.72613417583742,
                21.28305644687423
              ],
              [
                -157.72633537392426,
                21.28425515416677
              ],
              [
                -157.72823988927092,
                21.282255360608744
              ],
              [
                -157.72534071859562,
                21.28115291242457
              ],
              [
                -157.72533492363712,
                21.28235485372435
              ],
              [
                -157.72193930689923,
                21.28255303887987
              ],
              [
                -157.72303577908647,
                21.281054908472186
              ],
              [
                -157.72773634910706,
                21.280756184250787
              ],
              [
                -157.7329395972805,
                21.281654545312055
              ],
              [
                -157.73383951140673,
                21.279654426785342
              ],
              [
                -157.7427357423583,
                21.279655642507432
              ],
              [
                -157.75463759982642,
                21.2756559311382
              ],
              [
                -157.7564377901322,
                21.273155582458763
              ],
              [
                -157.76073563117455,
                21.275955151022007
              ],
              [
                -157.77273563365304,
                21.271655149574784
              ],
              [
                -157.77714431853065,
                21.26915377781338
              ],
              [
                -157.78003576001154,
                21.264855022651677
              ],
              [
                -157.78993576198982,
                21.25945502099619
              ],
              [
                -157.79153576218383,
                21.25505501984983
              ],
              [
                -157.7960355682416,
                21.257054918207213
              ],
              [
                -157.80703584256403,
                21.25455502923987
              ],
              [
                -157.8155354404879,
                21.25625628139736
              ],
              [
                -157.81853546518823,
                21.257454960601972
              ],
              [
                -157.82153214598785,
                21.2614557155047
              ],
              [
                -157.82333268362163,
                21.268154325116978
              ],
              [
                -157.82253546652538,
                21.270354963690266
              ],
              [
                -157.82443131707663,
                21.27415293857693
              ],
              [
                -157.83343400417166,
                21.27755564914214
              ],
              [
                -157.83683502303512,
                21.280855149857306
              ],
              [
                -157.84163736009864,
                21.28115816778199
              ],
              [
                -157.84403502473492,
                21.284255150478174
              ],
              [
                -157.84153642308706,
                21.28145426985892
              ],
              [
                -157.84343921064342,
                21.28534887276937
              ],
              [
                -157.84063502393244,
                21.282655150186386
              ],
              [
                -157.84303178457228,
                21.285856431908634
              ],
              [
                -157.83943070969704,
                21.28345507942348
              ],
              [
                -157.84123124722402,
                21.287153429288306
              ],
              [
                -157.83383546965288,
                21.28855496786977
              ],
              [
                -157.81743546557163,
                21.274954964996247
              ],
              [
                -157.83373546964523,
                21.28895496797258
              ],
              [
                -157.84413506387847,
                21.287655033322
              ],
              [
                -157.84623590111366,
                21.281355775686777
              ],
              [
                -157.8484333976919,
                21.284055894290372
              ],
              [
                -157.84632768433053,
                21.28685588305404
              ],
              [
                -157.84693515051015,
                21.28815515135859
              ],
              [
                -157.85523515243682,
                21.2911552768451
              ],
              [
                -157.859535164365,
                21.29075527561026
              ],
              [
                -157.85813660310853,
                21.292153840002623
              ],
              [
                -157.85603227661153,
                21.29115504681997
              ],
              [
                -157.8551320074822,
                21.2930547673215
              ],
              [
                -157.8574360850303,
                21.29425639654842
              ],
              [
                -157.86113323669747,
                21.290258148436155
              ],
              [
                -157.86903276762578,
                21.295755572557074
              ],
              [
                -157.86363115571763,
                21.303453633644665
              ],
              [
                -157.8651354771585,
                21.30655497136988
              ],
              [
                -157.8662359923604,
                21.305458060062
              ],
              [
                -157.86653032648925,
                21.30725307349989
              ],
              [
                -157.8644369290914,
                21.308954806989714
              ],
              [
                -157.86533547744608,
                21.313354973057645
              ],
              [
                -157.86663713774936,
                21.313854408141076
              ],
              [
                -157.8674341217952,
                21.31026107422079
              ],
              [
                -157.86913600615733,
                21.309956425091336
              ],
              [
                -157.87054338854466,
                21.312154960594697
              ],
              [
                -157.86963789526035,
                21.309761417026966
              ],
              [
                -157.8716420217209,
                21.31035442311155
              ],
              [
                -157.8702372673521,
                21.30865616473276
              ],
              [
                -157.8777302801738,
                21.313656043742267
              ],
              [
                -157.8762349179644,
                21.31695575761135
              ],
              [
                -157.87743814318517,
                21.315757636275023
              ],
              [
                -157.87753191625583,
                21.31715412261992
              ],
              [
                -157.87913231958535,
                21.316560899421713
              ],
              [
                -157.87723548029854,
                21.320154974376834
              ],
              [
                -157.88043085888077,
                21.316861737455724
              ],
              [
                -157.88033548096013,
                21.31965497415455
              ],
              [
                -157.88123961906857,
                21.317155564503448
              ],
              [
                -157.88243548142398,
                21.319754974113312
              ],
              [
                -157.88532915892932,
                21.316162822127282
              ],
              [
                -157.8859395100987,
                21.31715412235499
              ],
              [
                -157.89033405696497,
                21.314455272544212
              ],
              [
                -157.89123431134175,
                21.31945438476108
              ],
              [
                -157.89453021126528,
                21.32505436205206
              ],
              [
                -157.89073077153307,
                21.327854349869366
              ],
              [
                -157.89333548433402,
                21.334254977381654
              ],
              [
                -157.89443865844646,
                21.330656246450374
              ],
              [
                -157.89913836645135,
                21.32995434112728
              ],
              [
                -157.89894000233602,
                21.327955439635595
              ],
              [
                -157.90203753992142,
                21.325353821889852
              ],
              [
                -157.91053668362235,
                21.32085437850098
              ],
              [
                -157.9190358312154,
                21.313358496365876
              ],
              [
                -157.91793552384124,
                21.309655029478275
              ],
              [
                -157.9091333989012,
                21.3093406106776
              ],
              [
                -157.90673724428183,
                21.30671519909928
              ],
              [
                -157.9067372441363,
                21.302661242089627
              ],
              [
                -157.95123188290233,
                21.30315523480873
              ],
              [
                -157.95123188305337,
                21.307354159854203
              ],
              [
                -157.947035715138,
                21.307460972013352
              ],
              [
                -157.9482358246813,
                21.31525522191628
              ],
              [
                -157.95033004919748,
                21.3168508062474
              ],
              [
                -157.95633549750605,
                21.316654971008834
              ],
              [
                -157.961302686703,
                21.319677542604445
              ],
              [
                -157.96393549949144,
                21.325554972984605
              ],
              [
                -157.9659326389218,
                21.32535651387202
              ],
              [
                -157.9645354997166,
                21.328154973613053
              ],
              [
                -157.96633577210386,
                21.32795714650681
              ],
              [
                -157.96563549999718,
                21.32925497385216
              ],
              [
                -157.9689320107914,
                21.33125426524568
              ],
              [
                -157.96843380093114,
                21.33815689598019
              ],
              [
                -157.96533100837758,
                21.341655925949713
              ],
              [
                -157.96653550077846,
                21.3454549778576
              ],
              [
                -157.96383550028432,
                21.348154978615455
              ],
              [
                -157.96683713386986,
                21.346156714022793
              ],
              [
                -157.9682301793049,
                21.34975452987465
              ],
              [
                -157.96433735154937,
                21.35245371267005
              ],
              [
                -157.95993668459596,
                21.352752700883862
              ],
              [
                -157.96123549979043,
                21.35025497922072
              ],
              [
                -157.9584354992923,
                21.35345311710585
              ],
              [
                -157.95983549948005,
                21.350154979240166
              ],
              [
                -157.95463459559292,
                21.357153138147662
              ],
              [
                -157.95453549851354,
                21.355554980752792
              ],
              [
                -157.9530365392283,
                21.356753130098653
              ],
              [
                -157.9533375982258,
                21.354854782616332
              ],
              [
                -157.95193549796545,
                21.356154980984556
              ],
              [
                -157.953841138282,
                21.353353698226563
              ],
              [
                -157.95114033176233,
                21.355354507810343
              ],
              [
                -157.95283405803605,
                21.352653701084087
              ],
              [
                -157.95073762263792,
                21.35435171157331
              ],
              [
                -157.94323627684273,
                21.350153166765068
              ],
              [
                -157.9438313610561,
                21.3524553173196
              ],
              [
                -157.9403354953297,
                21.35355498070409
              ],
              [
                -157.9446354963261,
                21.35505498094164
              ],
              [
                -157.94083549563396,
                21.358954982033246
              ],
              [
                -157.94202682187355,
                21.35835931884717
              ],
              [
                -157.94203549592942,
                21.35985498221943
              ],
              [
                -157.94703571687378,
                21.35565586901534
              ],
              [
                -157.9489354973658,
                21.357754981478017
              ],
              [
                -157.94083549585397,
                21.36505498355261
              ],
              [
                -157.94413549654476,
                21.36415498322398
              ],
              [
                -157.9405354958207,
                21.365954983786285
              ],
              [
                -157.93842975833033,
                21.36515446765352
              ],
              [
                -157.93993549573975,
                21.367354984153977
              ],
              [
                -157.9356354949741,
                21.37225498551067
              ],
              [
                -157.93662922124602,
                21.373754704852757
              ],
              [
                -157.9340352257461,
                21.375656332408575
              ],
              [
                -157.93723957251333,
                21.37745496275515
              ],
              [
                -157.94083901721575,
                21.37505754704396
              ],
              [
                -157.94303549675485,
                21.376654986372312
              ],
              [
                -157.94373549702382,
                21.379854987147226
              ],
              [
                -157.96153550121412,
                21.387854988575672
              ],
              [
                -157.96983550298248,
                21.386454987963727
              ],
              [
                -157.9702355029906,
                21.38425498740314
              ],
              [
                -157.9667355020681,
                21.37995498644318
              ],
              [
                -157.96643550181804,
                21.37485498518247
              ],
              [
                -157.97013720544135,
                21.36965581077027
              ],
              [
                -157.9745320615091,
                21.37255498135293
              ],
              [
                -157.97593550400822,
                21.377854985628353
              ],
              [
                -157.98093550517612,
                21.379854985967825
              ],
              [
                -157.9831355057595,
                21.382654986595366
              ],
              [
                -157.98513550636778,
                21.387354987702345
              ],
              [
                -157.98423550620674,
                21.388354987979987
              ],
              [
                -157.99133550773718,
                21.387654987580248
              ],
              [
                -157.99273580096119,
                21.38536664496587
              ],
              [
                -157.99083550722597,
                21.376554984831895
              ],
              [
                -157.9855355057682,
                21.368354982958028
              ],
              [
                -157.98184102284665,
                21.365253648302957
              ],
              [
                -157.97813550408182,
                21.366554982744457
              ],
              [
                -157.97514241238625,
                21.365453920565173
              ],
              [
                -157.97593586939396,
                21.360855301394857
              ],
              [
                -157.9712368970756,
                21.35285654255188
              ],
              [
                -157.97313550237598,
                21.34965497869449
              ],
              [
                -157.9718355518134,
                21.341955648818434
              ],
              [
                -157.97343342716707,
                21.342056468792947
              ],
              [
                -157.9822355044599,
                21.35215497902869
              ],
              [
                -157.98902791292988,
                21.3516561566892
              ],
              [
                -157.98992818223545,
                21.3546545094072
              ],
              [
                -157.99323528404665,
                21.3570548179
              ],
              [
                -157.98882954910317,
                21.35765476918913
              ],
              [
                -157.987837728063,
                21.362556656441146
              ],
              [
                -157.99943440938662,
                21.35655613657927
              ],
              [
                -158.00202840520424,
                21.3634550182147
              ],
              [
                -158.00463557482604,
                21.36485580048071
              ],
              [
                -158.00483551096025,
                21.36735498409664
              ],
              [
                -158.0022355094992,
                21.370354982926163
              ],
              [
                -158.00523275130783,
                21.37455578987703
              ],
              [
                -158.0083327098821,
                21.37165938005739
              ],
              [
                -158.00973409524684,
                21.37325497741018
              ],
              [
                -158.00863506414,
                21.376954668366306
              ],
              [
                -158.0107351266761,
                21.37905466582245
              ],
              [
                -158.0161427878245,
                21.378053867401455
              ],
              [
                -158.02143758877793,
                21.372354707814285
              ],
              [
                -158.01643551144332,
                21.36575498232999
              ],
              [
                -158.019735513177,
                21.366054981299875
              ],
              [
                -158.0219411286022,
                21.36445446783138
              ],
              [
                -158.02113551338954,
                21.36345498060813
              ],
              [
                -158.02293551374038,
                21.36225498025217
              ],
              [
                -158.02174276434164,
                21.358455855344268
              ],
              [
                -158.01663506516863,
                21.35695453813264
              ],
              [
                -158.014634365763,
                21.357854062420067
              ],
              [
                -158.00953506356288,
                21.355554538009432
              ],
              [
                -158.0086350634164,
                21.35695453838654
              ],
              [
                -158.0022420278388,
                21.35205288436897
              ],
              [
                -157.9939412440675,
                21.35335369695611
              ],
              [
                -157.99233907054315,
                21.34855289981152
              ],
              [
                -157.98274112244792,
                21.348754899166025
              ],
              [
                -157.97993580672502,
                21.345754536507837
              ],
              [
                -157.97354023797763,
                21.336155131320098
              ],
              [
                -157.9709355010465,
                21.326154972912573
              ],
              [
                -157.972335501191,
                21.321654971747833
              ],
              [
                -157.97663777295682,
                21.316755483391894
              ],
              [
                -158.02193840849498,
                21.306155275319117
              ],
              [
                -158.08003545191934,
                21.298055271461184
              ],
              [
                -158.08573813708057,
                21.295656383683347
              ],
              [
                -158.1007355813296,
                21.294755269982932
              ],
              [
                -158.10653558265284,
                21.296255270171777
              ],
              [
                -158.1129355842847,
                21.30265527156048
              ],
              [
                -158.12133547781087,
                21.321655000019717
              ],
              [
                -158.11883445926728,
                21.321754640124134
              ],
              [
                -158.12263389817474,
                21.32385463152558
              ],
              [
                -158.12403563385143,
                21.33405511601861
              ],
              [
                -158.12753197182695,
                21.339853476349745
              ],
              [
                -158.13055321291353,
                21.35156841416805
              ],
              [
                -158.13021753699167,
                21.35574197521709
              ],
              [
                -158.13586327269877,
                21.36871166726387
              ],
              [
                -158.14100876894466,
                21.37200512691908
              ],
              [
                -158.1411425400798,
                21.374913979638567
              ],
              [
                -158.14626954135366,
                21.379083980512338
              ],
              [
                -158.14715454165582,
                21.382062981225243
              ],
              [
                -158.15917854469083,
                21.39313698359619
              ],
              [
                -158.16396954584852,
                21.396131984188106
              ],
              [
                -158.1721348516983,
                21.39785541535564
              ],
              [
                -158.17663476780348,
                21.401155675032687
              ],
              [
                -158.17870954945192,
                21.406480986291136
              ],
              [
                -158.1774585493653,
                21.411603987605755
              ],
              [
                -158.1810263367692,
                21.4286529927334
              ],
              [
                -158.17973230348233,
                21.42855283674993
              ],
              [
                -158.18304355125952,
                21.429986992000636
              ],
              [
                -158.18878010587068,
                21.43970705323518
              ],
              [
                -158.1920308905986,
                21.440155241242334
              ],
              [
                -158.18948267211218,
                21.44210264480868
              ],
              [
                -158.18978755328115,
                21.444894995493694
              ],
              [
                -158.20260510941887,
                21.453966270339276
              ],
              [
                -158.2028181095638,
                21.456648181999704
              ],
              [
                -158.20522974618353,
                21.45915434554582
              ],
              [
                -158.20950223617615,
                21.460722182798598
              ],
              [
                -158.21435423719737,
                21.459612182366467
              ],
              [
                -158.2132552370954,
                21.463389183341565
              ],
              [
                -158.2175283331673,
                21.467113713130825
              ],
              [
                -158.22073268022265,
                21.47675536242675
              ],
              [
                -158.21923731886227,
                21.475855094250857
              ],
              [
                -158.21873377876307,
                21.47615454734159
              ],
              [
                -158.22193812453062,
                21.47795699268697
              ],
              [
                -158.22631724049063,
                21.477999311556538
              ],
              [
                -158.23080336664322,
                21.482645312568064
              ],
              [
                -158.22913565479706,
                21.49675502813256
              ],
              [
                -158.23055931622704,
                21.49997167488709
              ],
              [
                -158.2286977010054,
                21.505022095203866
              ],
              [
                -158.2302231467469,
                21.516092694909524
              ],
              [
                -158.22848414853107,
                21.52056907907958
              ],
              [
                -158.23023516507965,
                21.525054877139464
              ],
              [
                -158.2283315608324,
                21.529653782345378
              ],
              [
                -158.23174953084836,
                21.536913153041734
              ],
              [
                -158.2405996310569,
                21.544256446583532
              ],
              [
                -158.2411483772739,
                21.54688070021888
              ],
              [
                -158.2483354201641,
                21.5554547051205
              ],
              [
                -158.256436091056,
                21.55865709465551
              ],
              [
                -158.26620388550396,
                21.56702637942232
              ],
              [
                -158.27917385856412,
                21.572990659486603
              ],
              [
                -158.27968608174035,
                21.57472087390055
              ],
              [
                -158.25656050078658,
                21.577676835385088
              ],
              [
                -158.25164670579008,
                21.57982462707874
              ],
              [
                -158.22381496068655,
                21.579597718922525
              ],
              [
                -158.219237242638,
                21.578355836761357
              ],
              [
                -158.2104482578272,
                21.58144975581563
              ],
              [
                -158.20053114969934,
                21.582654838436092
              ],
              [
                -158.1950063604447,
                21.581453570315453
              ],
              [
                -158.18856711108563,
                21.58285383887203
              ],
              [
                -158.17901598390523,
                21.580472838587465
              ],
              [
                -158.17394998284058,
                21.581700839056754
              ],
              [
                -158.16743598131944,
                21.579154838632917
              ],
              [
                -158.13775537099926,
                21.58415056383392
              ],
              [
                -158.12860072292185,
                21.582223840648957
              ],
              [
                -158.1219349285613,
                21.584954389543757
              ],
              [
                -158.11993310196425,
                21.580654393537134
              ],
              [
                -158.1213349584631,
                21.585858734788374
              ],
              [
                -158.1074819280645,
                21.603193538552816
              ],
              [
                -158.07418724367028,
                21.627821231761594
              ],
              [
                -158.07156273123576,
                21.63165309580102
              ],
              [
                -158.07217346242825,
                21.633242230177416
              ],
              [
                -158.06976219392743,
                21.634004857445102
              ],
              [
                -158.06771033671524,
                21.64046223312058
              ],
              [
                -158.06333533597268,
                21.64635523473023
              ],
              [
                -158.0637803362308,
                21.650709235801155
              ],
              [
                -158.061827335814,
                21.651026235943085
              ],
              [
                -158.06318114524427,
                21.654640611800353
              ],
              [
                -158.04623313711298,
                21.67057064731753
              ],
              [
                -158.04061734000882,
                21.674048298365456
              ],
              [
                -158.03808464869596,
                21.68063587108947
              ],
              [
                -158.03304954163164,
                21.6817419915275
              ],
              [
                -158.02969220508416,
                21.686877495916164
              ],
              [
                -158.02480910309063,
                21.68900148960313
              ],
              [
                -158.00927719712143,
                21.700943960081645
              ],
              [
                -158.00092978425212,
                21.6999533621035
              ],
              [
                -157.99863594886654,
                21.70315462597576
              ],
              [
                -157.9996327422342,
                21.707189635950026
              ],
              [
                -157.9977406967644,
                21.705715463643266
              ],
              [
                -157.9967336695926,
                21.707054094009596
              ],
              [
                -157.9897298309736,
                21.704855249686698
              ],
              [
                -157.98446554698316,
                21.709347056976604
              ],
              [
                -157.9836419459167,
                21.71244962877702
              ]
            ],
            [
              [
                -157.97723550234002,
                21.32375497211564
              ],
              [
                -157.97363179059752,
                21.32505626655371
              ],
              [
                -157.97273152250477,
                21.327953530303592
              ],
              [
                -157.97463887089015,
                21.32705516801951
              ],
              [
                -157.97723550234002,
                21.32375497211564
              ]
            ],
            [
              [
                -157.9464406221009,
                21.310054966678045
              ],
              [
                -157.9299354914741,
                21.30975497012453
              ],
              [
                -157.92963549142272,
                21.310154970233565
              ],
              [
                -157.9329365912683,
                21.313556859976554
              ],
              [
                -157.94663549537384,
                21.316454971265557
              ],
              [
                -157.9464406221009,
                21.310054966678045
              ]
            ]
          ]
        ]
      }
    }
  ],
  "metadata": {
    "schema_version": "0.1.0",
    "wfo": "HFO",
    "layer": "counties",
    "source": "https://www.weather.gov/source/gis/Shapefiles/County/c_16ap26.zip",
    "public_release_status": "public-source-derived"
  }
}